dataset,model,seed,mode,c1,c2,cost_ratio,n_test,method,cost,err_0,err_1
Costcla Direct Marketing,Linear,0,naive,1.0,8.683044449225276,8.683044449225276,986,Baseline,1492.40463815,0.008443908323281062,0.9171974522292994
Costcla Direct Marketing,Linear,0,naive,1.0,8.683044449225276,8.683044449225276,986,Threshold (cost),912.2062017425,0.44752714113389624,0.2802547770700637
Costcla Direct Marketing,Linear,0,naive,1.0,8.683044449225276,8.683044449225276,986,CP sum (uncosted),1025.1961118025,0.3848009650180941,0.3248407643312102
Costcla Direct Marketing,Linear,0,naive,1.0,8.683044449225276,8.683044449225276,986,DKW sum (uncosted),1025.1961118025,0.3848009650180941,0.3248407643312102
Costcla Direct Marketing,Linear,0,naive,1.0,8.683044449225276,8.683044449225276,986,CP minimax (uncosted),1031.29431904,0.3835946924004825,0.33121019108280253
Costcla Direct Marketing,Linear,0,naive,1.0,8.683044449225276,8.683044449225276,986,DKW minimax (uncosted),1031.332401015,0.3751507840772014,0.3503184713375796
Costcla Direct Marketing,Linear,0,naive,1.0,8.683044449225276,8.683044449225276,986,CP sum (costed),971.7691393975,0.9650180940892642,0.01910828025477707
Costcla Direct Marketing,Linear,0,naive,1.0,8.683044449225276,8.683044449225276,986,DKW sum (costed),971.7691393975,0.9650180940892642,0.01910828025477707
Costcla Direct Marketing,Linear,0,naive,1.0,8.683044449225276,8.683044449225276,986,CP minimax (costed),971.7691393975,0.9650180940892642,0.01910828025477707
Costcla Direct Marketing,Linear,0,naive,1.0,8.683044449225276,8.683044449225276,986,DKW minimax (costed),988.7691393975,0.985524728588661,0.01910828025477707
Costcla Direct Marketing,Linear,0,naive,1.0,8.683044449225276,8.683044449225276,986,CP sum (prior-costed),1025.1961118025,0.3848009650180941,0.3248407643312102
Costcla Direct Marketing,Linear,0,naive,1.0,8.683044449225276,8.683044449225276,986,DKW sum (prior-costed),1025.1961118025,0.3848009650180941,0.3248407643312102
Costcla Direct Marketing,Linear,0,naive,1.0,8.683044449225276,8.683044449225276,986,CP minimax (prior-costed),933.4529286825,0.4221954161640531,0.31210191082802546
Costcla Direct Marketing,Linear,0,naive,1.0,8.683044449225276,8.683044449225276,986,DKW minimax (prior-costed),928.4529286825,0.4161640530759952,0.31210191082802546
Costcla Direct Marketing,Linear,0,naive,1.0,8.683044449225276,8.683044449225276,986,Oracle (test),904.2062017425,0.4378769601930036,0.2802547770700637
Costcla Direct Marketing,Linear,0,split,1.0,8.683044449225276,8.683044449225276,986,Baseline,1486.854522505,0.009650180940892641,0.9044585987261147
Costcla Direct Marketing,Linear,0,split,1.0,8.683044449225276,8.683044449225276,986,Threshold (cost),956.07665547,0.5983112183353438,0.21656050955414013
Costcla Direct Marketing,Linear,0,split,1.0,8.683044449225276,8.683044449225276,986,CP sum (uncosted),1525.2513995599998,0.006031363088057901,0.9490445859872612
Costcla Direct Marketing,Linear,0,split,1.0,8.683044449225276,8.683044449225276,986,DKW sum (uncosted),1525.2513995599998,0.006031363088057901,0.9490445859872612
Costcla Direct Marketing,Linear,0,split,1.0,8.683044449225276,8.683044449225276,986,CP minimax (uncosted),956.07665547,0.5983112183353438,0.21656050955414013
Costcla Direct Marketing,Linear,0,split,1.0,8.683044449225276,8.683044449225276,986,DKW minimax (uncosted),953.07665547,0.594692400482509,0.21656050955414013
Costcla Direct Marketing,Linear,0,split,1.0,8.683044449225276,8.683044449225276,986,CP sum (costed),984.0,0.9975874547647768,0.0
Costcla Direct Marketing,Linear,0,split,1.0,8.683044449225276,8.683044449225276,986,DKW sum (costed),984.0,0.9975874547647768,0.0
Costcla Direct Marketing,Linear,0,split,1.0,8.683044449225276,8.683044449225276,986,CP minimax (costed),984.0,0.9975874547647768,0.0
Costcla Direct Marketing,Linear,0,split,1.0,8.683044449225276,8.683044449225276,986,DKW minimax (costed),984.0,0.9975874547647768,0.0
Costcla Direct Marketing,Linear,0,split,1.0,8.683044449225276,8.683044449225276,986,CP sum (prior-costed),1525.2513995599998,0.006031363088057901,0.9490445859872612
Costcla Direct Marketing,Linear,0,split,1.0,8.683044449225276,8.683044449225276,986,DKW sum (prior-costed),966.165799955,0.29674306393244876,0.45222929936305734
Costcla Direct Marketing,Linear,0,split,1.0,8.683044449225276,8.683044449225276,986,CP minimax (prior-costed),1007.6271833725,0.6791314837153196,0.16560509554140126
Costcla Direct Marketing,Linear,0,split,1.0,8.683044449225276,8.683044449225276,986,DKW minimax (prior-costed),1010.5145492425,0.6767189384800965,0.17197452229299362
Costcla Direct Marketing,Linear,0,split,1.0,8.683044449225276,8.683044449225276,986,Oracle (test),876.5012357124999,0.4149577804583836,0.3248407643312102
Costcla Direct Marketing,Linear,1,naive,1.0,8.828238358892856,8.828238358892856,986,Baseline,1391.883068825,0.006031363088057901,0.8853503184713376
Costcla Direct Marketing,Linear,1,naive,1.0,8.828238358892856,8.828238358892856,986,Threshold (cost),1185.688070385,0.29794933655006034,0.40764331210191085
Costcla Direct Marketing,Linear,1,naive,1.0,8.828238358892856,8.828238358892856,986,CP sum (uncosted),1287.0902440225,0.1399276236429433,0.6178343949044586
Costcla Direct Marketing,Linear,1,naive,1.0,8.828238358892856,8.828238358892856,986,DKW sum (uncosted),1287.0902440225,0.1399276236429433,0.6178343949044586
Costcla Direct Marketing,Linear,1,naive,1.0,8.828238358892856,8.828238358892856,986,CP minimax (uncosted),1096.2890341625,0.38118214716525933,0.36942675159235666
Costcla Direct Marketing,Linear,1,naive,1.0,8.828238358892856,8.828238358892856,986,DKW minimax (uncosted),1199.9595354475,0.3715319662243667,0.3821656050955414
Costcla Direct Marketing,Linear,1,naive,1.0,8.828238358892856,8.828238358892856,986,CP sum (costed),985.744745975,0.9686369119420989,0.025477707006369428
Costcla Direct Marketing,Linear,1,naive,1.0,8.828238358892856,8.828238358892856,986,DKW sum (costed),985.744745975,0.9686369119420989,0.025477707006369428
Costcla Direct Marketing,Linear,1,naive,1.0,8.828238358892856,8.828238358892856,986,CP minimax (costed),995.7063379175,0.9819059107358263,0.01910828025477707
Costcla Direct Marketing,Linear,1,naive,1.0,8.828238358892856,8.828238358892856,986,DKW minimax (costed),992.93719852,0.9963811821471653,0.006369426751592357
Costcla Direct Marketing,Linear,1,naive,1.0,8.828238358892856,8.828238358892856,986,CP sum (prior-costed),1185.688070385,0.29794933655006034,0.40764331210191085
Costcla Direct Marketing,Linear,1,naive,1.0,8.828238358892856,8.828238358892856,986,DKW sum (prior-costed),1185.688070385,0.29794933655006034,0.40764331210191085
Costcla Direct Marketing,Linear,1,naive,1.0,8.828238358892856,8.828238358892856,986,CP minimax (prior-costed),975.0039364,0.4644149577804584,0.28662420382165604
Costcla Direct Marketing,Linear,1,naive,1.0,8.828238358892856,8.828238358892856,986,DKW minimax (prior-costed),970.6294100975,0.451145958986731,0.3057324840764331
Costcla Direct Marketing,Linear,1,naive,1.0,8.828238358892856,8.828238358892856,986,Oracle (test),899.2026706875,0.5910735826296744,0.20382165605095542
Costcla Direct Marketing,Linear,1,split,1.0,8.828238358892856,8.828238358892856,986,Baseline,1424.9330552074998,0.007237635705669481,0.9426751592356688
Costcla Direct Marketing,Linear,1,split,1.0,8.828238358892856,8.828238358892856,986,Threshold (cost),1085.4762087425001,0.7092882991556092,0.1910828025477707
Costcla Direct Marketing,Linear,1,split,1.0,8.828238358892856,8.828238358892856,986,CP sum (uncosted),1532.4032476450002,0.0012062726176115801,0.9808917197452229
Costcla Direct Marketing,Linear,1,split,1.0,8.828238358892856,8.828238358892856,986,DKW sum (uncosted),1352.412107725,0.2569360675512666,0.5286624203821656
Costcla Direct Marketing,Linear,1,split,1.0,8.828238358892856,8.828238358892856,986,CP minimax (uncosted),1179.2840939849998,0.49095295536791317,0.33121019108280253
Costcla Direct Marketing,Linear,1,split,1.0,8.828238358892856,8.828238358892856,986,DKW minimax (uncosted),1166.2840939849998,0.4752714113389626,0.33121019108280253
Costcla Direct Marketing,Linear,1,split,1.0,8.828238358892856,8.828238358892856,986,CP sum (costed),1086.517435045,0.9891435464414958,0.006369426751592357
Costcla Direct Marketing,Linear,1,split,1.0,8.828238358892856,8.828238358892856,986,DKW sum (costed),1086.517435045,0.9891435464414958,0.006369426751592357
Costcla Direct Marketing,Linear,1,split,1.0,8.828238358892856,8.828238358892856,986,CP minimax (costed),983.0,0.9963811821471653,0.0
Costcla Direct Marketing,Linear,1,split,1.0,8.828238358892856,8.828238358892856,986,DKW minimax (costed),983.0,0.9963811821471653,0.0
Costcla Direct Marketing,Linear,1,split,1.0,8.828238358892856,8.828238358892856,986,CP sum (prior-costed),1086.517435045,0.9891435464414958,0.006369426751592357
Costcla Direct Marketing,Linear,1,split,1.0,8.828238358892856,8.828238358892856,986,DKW sum (prior-costed),1228.6268993175,0.3884197828709288,0.42038216560509556
Costcla Direct Marketing,Linear,1,split,1.0,8.828238358892856,8.828238358892856,986,CP minimax (prior-costed),1041.625294435,0.6103739445114595,0.2356687898089172
Costcla Direct Marketing,Linear,1,split,1.0,8.828238358892856,8.828238358892856,986,DKW minimax (prior-costed),1030.51200814,0.5741857659831122,0.25477707006369427
Costcla Direct Marketing,Linear,1,split,1.0,8.828238358892856,8.828238358892856,986,Oracle (test),978.0,0.9903498190591074,0.0
Costcla Direct Marketing,Linear,2,naive,1.0,9.396140350601648,9.396140350601648,986,Baseline,1434.714597445,0.013268998793727383,0.8343949044585988
Costcla Direct Marketing,Linear,2,naive,1.0,9.396140350601648,9.396140350601648,986,Threshold (cost),1185.7446645925,0.4559710494571773,0.3248407643312102
Costcla Direct Marketing,Linear,2,naive,1.0,9.396140350601648,9.396140350601648,986,CP sum (uncosted),1290.17678676,0.14957780458383596,0.5668789808917197
Costcla Direct Marketing,Linear,2,naive,1.0,9.396140350601648,9.396140350601648,986,DKW sum (uncosted),1290.17678676,0.14957780458383596,0.5668789808917197
Costcla Direct Marketing,Linear,2,naive,1.0,9.396140350601648,9.396140350601648,986,CP minimax (uncosted),1185.7446645925,0.4559710494571773,0.3248407643312102
Costcla Direct Marketing,Linear,2,naive,1.0,9.396140350601648,9.396140350601648,986,DKW minimax (uncosted),1308.778335145,0.4234016887816647,0.36942675159235666
Costcla Direct Marketing,Linear,2,naive,1.0,9.396140350601648,9.396140350601648,986,CP sum (costed),985.6338959899999,0.9686369119420989,0.03184713375796178
Costcla Direct Marketing,Linear,2,naive,1.0,9.396140350601648,9.396140350601648,986,DKW sum (costed),985.6338959899999,0.9686369119420989,0.03184713375796178
Costcla Direct Marketing,Linear,2,naive,1.0,9.396140350601648,9.396140350601648,986,CP minimax (costed),994.19349835,0.9963811821471653,0.006369426751592357
Costcla Direct Marketing,Linear,2,naive,1.0,9.396140350601648,9.396140350601648,986,DKW minimax (costed),994.19349835,0.9963811821471653,0.006369426751592357
Costcla Direct Marketing,Linear,2,naive,1.0,9.396140350601648,9.396140350601648,986,CP sum (prior-costed),1308.778335145,0.4234016887816647,0.36942675159235666
Costcla Direct Marketing,Linear,2,naive,1.0,9.396140350601648,9.396140350601648,986,DKW sum (prior-costed),1308.778335145,0.4234016887816647,0.36942675159235666
Costcla Direct Marketing,Linear,2,naive,1.0,9.396140350601648,9.396140350601648,986,CP minimax (prior-costed),1074.8565300599998,0.5295536791314838,0.29936305732484075
Costcla Direct Marketing,Linear,2,naive,1.0,9.396140350601648,9.396140350601648,986,DKW minimax (prior-costed),1061.8565300599998,0.5138721351025332,0.29936305732484075
Costcla Direct Marketing,Linear,2,naive,1.0,9.396140350601648,9.396140350601648,986,Oracle (test),870.9424089275,0.6043425814234017,0.22929936305732485
Costcla Direct Marketing,Linear,2,split,1.0,9.396140350601648,9.396140350601648,986,Baseline,1545.486548175,0.010856453558504222,0.8789808917197452
Costcla Direct Marketing,Linear,2,split,1.0,9.396140350601648,9.396140350601648,986,Threshold (cost),1407.7520458724998,0.031363088057901084,0.7579617834394905
Costcla Direct Marketing,Linear,2,split,1.0,9.396140350601648,9.396140350601648,986,CP sum (uncosted),1407.7520458724998,0.031363088057901084,0.7579617834394905
Costcla Direct Marketing,Linear,2,split,1.0,9.396140350601648,9.396140350601648,986,DKW sum (uncosted),1215.4572959575,0.3353437876960193,0.39490445859872614
Costcla Direct Marketing,Linear,2,split,1.0,9.396140350601648,9.396140350601648,986,CP minimax (uncosted),1039.6415544125,0.4837153196622437,0.31210191082802546
Costcla Direct Marketing,Linear,2,split,1.0,9.396140350601648,9.396140350601648,986,DKW minimax (uncosted),1038.6415544125,0.4825090470446321,0.31210191082802546
Costcla Direct Marketing,Linear,2,split,1.0,9.396140350601648,9.396140350601648,986,CP sum (costed),989.7245730075,0.9891435464414958,0.012738853503184714
Costcla Direct Marketing,Linear,2,split,1.0,9.396140350601648,9.396140350601648,986,DKW sum (costed),989.7245730075,0.9891435464414958,0.012738853503184714
Costcla Direct Marketing,Linear,2,split,1.0,9.396140350601648,9.396140350601648,986,CP minimax (costed),981.0,0.9939686369119421,0.0
Costcla Direct Marketing,Linear,2,split,1.0,9.396140350601648,9.396140350601648,986,DKW minimax (costed),981.0,0.9939686369119421,0.0
Costcla Direct Marketing,Linear,2,split,1.0,9.396140350601648,9.396140350601648,986,CP sum (prior-costed),1215.4572959575,0.3353437876960193,0.39490445859872614
Costcla Direct Marketing,Linear,2,split,1.0,9.396140350601648,9.396140350601648,986,DKW sum (prior-costed),1215.4572959575,0.3353437876960193,0.39490445859872614
Costcla Direct Marketing,Linear,2,split,1.0,9.396140350601648,9.396140350601648,986,CP minimax (prior-costed),977.7769887874999,0.5585042219541616,0.267515923566879
Costcla Direct Marketing,Linear,2,split,1.0,9.396140350601648,9.396140350601648,986,DKW minimax (prior-costed),987.1915349425,0.5379975874547648,0.2802547770700637
Costcla Direct Marketing,Linear,2,split,1.0,9.396140350601648,9.396140350601648,986,Oracle (test),917.149633065,0.7852834740651388,0.12738853503184713
Costcla Direct Marketing,Linear,3,naive,1.0,9.274169305876374,9.274169305876374,986,Baseline,1352.1087493425,0.009650180940892641,0.8598726114649682
Costcla Direct Marketing,Linear,3,naive,1.0,9.274169305876374,9.274169305876374,986,Threshold (cost),907.9344105975,0.3835946924004825,0.3248407643312102
Costcla Direct Marketing,Linear,3,naive,1.0,9.274169305876374,9.274169305876374,986,CP sum (uncosted),902.187554395,0.3944511459589867,0.3184713375796178
Costcla Direct Marketing,Linear,3,naive,1.0,9.274169305876374,9.274169305876374,986,DKW sum (uncosted),902.187554395,0.3944511459589867,0.3184713375796178
Costcla Direct Marketing,Linear,3,naive,1.0,9.274169305876374,9.274169305876374,986,CP minimax (uncosted),968.2343661275,0.3618817852834741,0.3503184713375796
Costcla Direct Marketing,Linear,3,naive,1.0,9.274169305876374,9.274169305876374,986,DKW minimax (uncosted),972.55248919,0.35223160434258144,0.3630573248407643
Costcla Direct Marketing,Linear,3,naive,1.0,9.274169305876374,9.274169305876374,986,CP sum (costed),1018.6859926,0.9806996381182147,0.03821656050955414
Costcla Direct Marketing,Linear,3,naive,1.0,9.274169305876374,9.274169305876374,986,DKW sum (costed),1018.6859926,0.9806996381182147,0.03821656050955414
Costcla Direct Marketing,Linear,3,naive,1.0,9.274169305876374,9.274169305876374,986,CP minimax (costed),984.0,0.9975874547647768,0.0
Costcla Direct Marketing,Linear,3,naive,1.0,9.274169305876374,9.274169305876374,986,DKW minimax (costed),984.0,0.9975874547647768,0.0
Costcla Direct Marketing,Linear,3,naive,1.0,9.274169305876374,9.274169305876374,986,CP sum (prior-costed),902.187554395,0.3944511459589867,0.3184713375796178
Costcla Direct Marketing,Linear,3,naive,1.0,9.274169305876374,9.274169305876374,986,DKW sum (prior-costed),902.187554395,0.3944511459589867,0.3184713375796178
Costcla Direct Marketing,Linear,3,naive,1.0,9.274169305876374,9.274169305876374,986,CP minimax (prior-costed),925.7993395400001,0.43425814234016885,0.2929936305732484
Costcla Direct Marketing,Linear,3,naive,1.0,9.274169305876374,9.274169305876374,986,DKW minimax (prior-costed),923.9178059200001,0.43063932448733416,0.29936305732484075
Costcla Direct Marketing,Linear,3,naive,1.0,9.274169305876374,9.274169305876374,986,Oracle (test),881.8994053925001,0.7201447527141134,0.1337579617834395
Costcla Direct Marketing,Linear,3,split,1.0,9.274169305876374,9.274169305876374,986,Baseline,1401.24665035,0.009650180940892641,0.8980891719745223
Costcla Direct Marketing,Linear,3,split,1.0,9.274169305876374,9.274169305876374,986,Threshold (cost),982.393246,0.2882991556091677,0.4394904458598726
Costcla Direct Marketing,Linear,3,split,1.0,9.274169305876374,9.274169305876374,986,CP sum (uncosted),1341.7976766850002,0.014475271411338963,0.8343949044585988
Costcla Direct Marketing,Linear,3,split,1.0,9.274169305876374,9.274169305876374,986,DKW sum (uncosted),1221.85355117,0.06996381182147166,0.7261146496815286
Costcla Direct Marketing,Linear,3,split,1.0,9.274169305876374,9.274169305876374,986,CP minimax (uncosted),926.9177383624999,0.4945717732207479,0.2611464968152866
Costcla Direct Marketing,Linear,3,split,1.0,9.274169305876374,9.274169305876374,986,DKW minimax (uncosted),937.9375852475,0.4825090470446321,0.27388535031847133
Costcla Direct Marketing,Linear,3,split,1.0,9.274169305876374,9.274169305876374,986,CP sum (costed),984.0,0.9975874547647768,0.0
Costcla Direct Marketing,Linear,3,split,1.0,9.274169305876374,9.274169305876374,986,DKW sum (costed),984.0,0.9975874547647768,0.0
Costcla Direct Marketing,Linear,3,split,1.0,9.274169305876374,9.274169305876374,986,CP minimax (costed),985.0,0.9987937273823885,0.0
Costcla Direct Marketing,Linear,3,split,1.0,9.274169305876374,9.274169305876374,986,DKW minimax (costed),985.0,0.9987937273823885,0.0
Costcla Direct Marketing,Linear,3,split,1.0,9.274169305876374,9.274169305876374,986,CP sum (prior-costed),984.0,0.9975874547647768,0.0
Costcla Direct Marketing,Linear,3,split,1.0,9.274169305876374,9.274169305876374,986,DKW sum (prior-costed),962.959407245,0.6188178528347407,0.17834394904458598
Costcla Direct Marketing,Linear,3,split,1.0,9.274169305876374,9.274169305876374,986,CP minimax (prior-costed),949.3707111924999,0.5657418576598311,0.19745222929936307
Costcla Direct Marketing,Linear,3,split,1.0,9.274169305876374,9.274169305876374,986,DKW minimax (prior-costed),930.3707111924999,0.5428226779252111,0.20382165605095542
Costcla Direct Marketing,Linear,3,split,1.0,9.274169305876374,9.274169305876374,986,Oracle (test),918.3707111924999,0.5283474065138721,0.20382165605095542
Costcla Direct Marketing,Linear,4,naive,1.0,8.822456776467034,8.822456776467034,986,Baseline,1609.5152971674997,0.010856453558504222,0.8789808917197452
Costcla Direct Marketing,Linear,4,naive,1.0,8.822456776467034,8.822456776467034,986,Threshold (cost),1052.282396015,0.3618817852834741,0.3885350318471338
Costcla Direct Marketing,Linear,4,naive,1.0,8.822456776467034,8.822456776467034,986,CP sum (uncosted),1052.282396015,0.3618817852834741,0.3885350318471338
Costcla Direct Marketing,Linear,4,naive,1.0,8.822456776467034,8.822456776467034,986,DKW sum (uncosted),1052.282396015,0.3618817852834741,0.3885350318471338
Costcla Direct Marketing,Linear,4,naive,1.0,8.822456776467034,8.822456776467034,986,CP minimax (uncosted),1005.45508785,0.37876960193003617,0.37579617834394907
Costcla Direct Marketing,Linear,4,naive,1.0,8.822456776467034,8.822456776467034,986,DKW minimax (uncosted),1003.45508785,0.376357056694813,0.37579617834394907
Costcla Direct Marketing,Linear,4,naive,1.0,8.822456776467034,8.822456776467034,986,CP sum (costed),952.1601842025,0.902291917973462,0.06369426751592357
Costcla Direct Marketing,Linear,4,naive,1.0,8.822456776467034,8.822456776467034,986,DKW sum (costed),952.1601842025,0.902291917973462,0.06369426751592357
Costcla Direct Marketing,Linear,4,naive,1.0,8.822456776467034,8.822456776467034,986,CP minimax (costed),964.3386221124999,0.9529553679131484,0.03184713375796178
Costcla Direct Marketing,Linear,4,naive,1.0,8.822456776467034,8.822456776467034,986,DKW minimax (costed),994.7691393975,0.9927623642943305,0.012738853503184714
Costcla Direct Marketing,Linear,4,naive,1.0,8.822456776467034,8.822456776467034,986,CP sum (prior-costed),1052.282396015,0.3618817852834741,0.3885350318471338
Costcla Direct Marketing,Linear,4,naive,1.0,8.822456776467034,8.822456776467034,986,DKW sum (prior-costed),1052.282396015,0.3618817852834741,0.3885350318471338
Costcla Direct Marketing,Linear,4,naive,1.0,8.822456776467034,8.822456776467034,986,CP minimax (prior-costed),935.5691311024999,0.4451145958986731,0.31210191082802546
Costcla Direct Marketing,Linear,4,naive,1.0,8.822456776467034,8.822456776467034,986,DKW minimax (prior-costed),946.8722612825,0.4330518697225573,0.3248407643312102
Costcla Direct Marketing,Linear,4,naive,1.0,8.822456776467034,8.822456776467034,986,Oracle (test),866.63015535,0.7683956574185766,0.11464968152866242
Costcla Direct Marketing,Linear,4,split,1.0,8.822456776467034,8.822456776467034,986,Baseline,1635.9905345749999,0.008443908323281062,0.8980891719745223
Costcla Direct Marketing,Linear,4,split,1.0,8.822456776467034,8.822456776467034,986,Threshold (cost),1556.5572059575,0.015681544028950542,0.8089171974522293
Costcla Direct Marketing,Linear,4,split,1.0,8.822456776467034,8.822456776467034,986,CP sum (uncosted),1556.5572059575,0.015681544028950542,0.8089171974522293
Costcla Direct Marketing,Linear,4,split,1.0,8.822456776467034,8.822456776467034,986,DKW sum (uncosted),1250.4958205125,0.18094089264173704,0.5605095541401274
Costcla Direct Marketing,Linear,4,split,1.0,8.822456776467034,8.822456776467034,986,CP minimax (uncosted),991.962679775,0.43425814234016885,0.3503184713375796
Costcla Direct Marketing,Linear,4,split,1.0,8.822456776467034,8.822456776467034,986,DKW minimax (uncosted),991.962679775,0.43425814234016885,0.3503184713375796
Costcla Direct Marketing,Linear,4,split,1.0,8.822456776467034,8.822456776467034,986,CP sum (costed),1062.07377658,0.893848009650181,0.08280254777070063
Costcla Direct Marketing,Linear,4,split,1.0,8.822456776467034,8.822456776467034,986,DKW sum (costed),1062.07377658,0.893848009650181,0.08280254777070063
Costcla Direct Marketing,Linear,4,split,1.0,8.822456776467034,8.822456776467034,986,CP minimax (costed),975.2277721275,0.9662243667068757,0.03184713375796178
Costcla Direct Marketing,Linear,4,split,1.0,8.822456776467034,8.822456776467034,986,DKW minimax (costed),975.2277721275,0.9662243667068757,0.03184713375796178
Costcla Direct Marketing,Linear,4,split,1.0,8.822456776467034,8.822456776467034,986,CP sum (prior-costed),1062.07377658,0.893848009650181,0.08280254777070063
Costcla Direct Marketing,Linear,4,split,1.0,8.822456776467034,8.822456776467034,986,DKW sum (prior-costed),987.5786178175,0.5331724969843185,0.2802547770700637
Costcla Direct Marketing,Linear,4,split,1.0,8.822456776467034,8.822456776467034,986,CP minimax (prior-costed),987.5786178175,0.5331724969843185,0.2802547770700637
Costcla Direct Marketing,Linear,4,split,1.0,8.822456776467034,8.822456776467034,986,DKW minimax (prior-costed),974.3439490174999,0.5006031363088058,0.29936305732484075
Costcla Direct Marketing,Linear,4,split,1.0,8.822456776467034,8.822456776467034,986,Oracle (test),957.2277721275,0.9445114595898673,0.03184713375796178
Costcla Direct Marketing,Linear,5,naive,1.0,8.59244510265934,8.59244510265934,986,Baseline,1691.675961185,0.012062726176115802,0.8662420382165605
Costcla Direct Marketing,Linear,5,naive,1.0,8.59244510265934,8.59244510265934,986,Threshold (cost),1255.2596260925,0.23281061519903498,0.5222929936305732
Costcla Direct Marketing,Linear,5,naive,1.0,8.59244510265934,8.59244510265934,986,CP sum (uncosted),1272.047480395,0.218335343787696,0.5414012738853503
Costcla Direct Marketing,Linear,5,naive,1.0,8.59244510265934,8.59244510265934,986,DKW sum (uncosted),1272.047480395,0.218335343787696,0.5414012738853503
Costcla Direct Marketing,Linear,5,naive,1.0,8.59244510265934,8.59244510265934,986,CP minimax (uncosted),1049.2305393125,0.376357056694813,0.39490445859872614
Costcla Direct Marketing,Linear,5,naive,1.0,8.59244510265934,8.59244510265934,986,DKW minimax (uncosted),1042.2305393125,0.36791314837153194,0.39490445859872614
Costcla Direct Marketing,Linear,5,naive,1.0,8.59244510265934,8.59244510265934,986,CP sum (costed),989.217134815,0.8781664656212304,0.06369426751592357
Costcla Direct Marketing,Linear,5,naive,1.0,8.59244510265934,8.59244510265934,986,DKW sum (costed),989.217134815,0.8781664656212304,0.06369426751592357
Costcla Direct Marketing,Linear,5,naive,1.0,8.59244510265934,8.59244510265934,986,CP minimax (costed),994.9254292275,0.9059107358262968,0.044585987261146494
Costcla Direct Marketing,Linear,5,naive,1.0,8.59244510265934,8.59244510265934,986,DKW minimax (costed),980.5128395675,0.97708082026538,0.012738853503184714
Costcla Direct Marketing,Linear,5,naive,1.0,8.59244510265934,8.59244510265934,986,CP sum (prior-costed),1027.7970197275,0.330518697225573,0.4267515923566879
Costcla Direct Marketing,Linear,5,naive,1.0,8.59244510265934,8.59244510265934,986,DKW sum (prior-costed),1027.7970197275,0.330518697225573,0.4267515923566879
Costcla Direct Marketing,Linear,5,naive,1.0,8.59244510265934,8.59244510265934,986,CP minimax (prior-costed),1075.8475907175,0.4161640530759952,0.3630573248407643
Costcla Direct Marketing,Linear,5,naive,1.0,8.59244510265934,8.59244510265934,986,DKW minimax (prior-costed),1069.8475907175,0.4089264173703257,0.3630573248407643
Costcla Direct Marketing,Linear,5,naive,1.0,8.59244510265934,8.59244510265934,986,Oracle (test),941.762906595,0.5983112183353438,0.24203821656050956
Costcla Direct Marketing,Linear,5,split,1.0,8.59244510265934,8.59244510265934,986,Baseline,1630.7732949675,0.012062726176115802,0.8407643312101911
Costcla Direct Marketing,Linear,5,split,1.0,8.59244510265934,8.59244510265934,986,Threshold (cost),1474.55878743,0.10132689987937274,0.6687898089171974
Costcla Direct Marketing,Linear,5,split,1.0,8.59244510265934,8.59244510265934,986,CP sum (uncosted),1489.80398875,0.1278648974668275,0.6496815286624203
Costcla Direct Marketing,Linear,5,split,1.0,8.59244510265934,8.59244510265934,986,DKW sum (uncosted),1489.80398875,0.1278648974668275,0.6496815286624203
Costcla Direct Marketing,Linear,5,split,1.0,8.59244510265934,8.59244510265934,986,CP minimax (uncosted),1005.8891920425,0.48492159227985526,0.3248407643312102
Costcla Direct Marketing,Linear,5,split,1.0,8.59244510265934,8.59244510265934,986,DKW minimax (uncosted),1073.6829461524999,0.45958986731001206,0.3503184713375796
Costcla Direct Marketing,Linear,5,split,1.0,8.59244510265934,8.59244510265934,986,CP sum (costed),955.9144168925,0.8998793727382388,0.05732484076433121
Costcla Direct Marketing,Linear,5,split,1.0,8.59244510265934,8.59244510265934,986,DKW sum (costed),955.9144168925,0.8998793727382388,0.05732484076433121
Costcla Direct Marketing,Linear,5,split,1.0,8.59244510265934,8.59244510265934,986,CP minimax (costed),967.26496203,0.9384800965018094,0.01910828025477707
Costcla Direct Marketing,Linear,5,split,1.0,8.59244510265934,8.59244510265934,986,DKW minimax (costed),967.26496203,0.9384800965018094,0.01910828025477707
Costcla Direct Marketing,Linear,5,split,1.0,8.59244510265934,8.59244510265934,986,CP sum (prior-costed),1489.80398875,0.1278648974668275,0.6496815286624203
Costcla Direct Marketing,Linear,5,split,1.0,8.59244510265934,8.59244510265934,986,DKW sum (prior-costed),1219.9253292275,0.35102533172496986,0.4267515923566879
Costcla Direct Marketing,Linear,5,split,1.0,8.59244510265934,8.59244510265934,986,CP minimax (prior-costed),908.1085791125,0.5428226779252111,0.28662420382165604
Costcla Direct Marketing,Linear,5,split,1.0,8.59244510265934,8.59244510265934,986,DKW minimax (prior-costed),905.1085791125,0.5392038600723763,0.28662420382165604
Costcla Direct Marketing,Linear,5,split,1.0,8.59244510265934,8.59244510265934,986,Oracle (test),898.0278010675,0.571773220747889,0.2484076433121019
Costcla Direct Marketing,Linear,6,naive,1.0,9.159163157989012,9.159163157989012,986,Baseline,1166.738566905,0.014475271411338963,0.8471337579617835
Costcla Direct Marketing,Linear,6,naive,1.0,9.159163157989012,9.159163157989012,986,Threshold (cost),809.6320070525001,0.6489746682750301,0.1592356687898089
Costcla Direct Marketing,Linear,6,naive,1.0,9.159163157989012,9.159163157989012,986,CP sum (uncosted),921.2899820875,0.428226779252111,0.2611464968152866
Costcla Direct Marketing,Linear,6,naive,1.0,9.159163157989012,9.159163157989012,986,DKW sum (uncosted),921.2899820875,0.428226779252111,0.2611464968152866
Costcla Direct Marketing,Linear,6,naive,1.0,9.159163157989012,9.159163157989012,986,CP minimax (uncosted),908.9485114075001,0.3823884197828709,0.28662420382165604
Costcla Direct Marketing,Linear,6,naive,1.0,9.159163157989012,9.159163157989012,986,DKW minimax (uncosted),905.9485114075001,0.37876960193003617,0.28662420382165604
Costcla Direct Marketing,Linear,6,naive,1.0,9.159163157989012,9.159163157989012,986,CP sum (costed),967.3293077475,0.9734620024125452,0.006369426751592357
Costcla Direct Marketing,Linear,6,naive,1.0,9.159163157989012,9.159163157989012,986,DKW sum (costed),967.3293077475,0.9734620024125452,0.006369426751592357
Costcla Direct Marketing,Linear,6,naive,1.0,9.159163157989012,9.159163157989012,986,CP minimax (costed),986.0,1.0,0.0
Costcla Direct Marketing,Linear,6,naive,1.0,9.159163157989012,9.159163157989012,986,DKW minimax (costed),986.0,1.0,0.0
Costcla Direct Marketing,Linear,6,naive,1.0,9.159163157989012,9.159163157989012,986,CP sum (prior-costed),921.2899820875,0.428226779252111,0.2611464968152866
Costcla Direct Marketing,Linear,6,naive,1.0,9.159163157989012,9.159163157989012,986,DKW sum (prior-costed),921.2899820875,0.428226779252111,0.2611464968152866
Costcla Direct Marketing,Linear,6,naive,1.0,9.159163157989012,9.159163157989012,986,CP minimax (prior-costed),922.2899820875,0.4294330518697226,0.2611464968152866
Costcla Direct Marketing,Linear,6,naive,1.0,9.159163157989012,9.159163157989012,986,DKW minimax (prior-costed),921.2899820875,0.428226779252111,0.2611464968152866
Costcla Direct Marketing,Linear,6,naive,1.0,9.159163157989012,9.159163157989012,986,Oracle (test),776.72608001,0.5934861278648975,0.17834394904458598
Costcla Direct Marketing,Linear,6,split,1.0,9.159163157989012,9.159163157989012,986,Baseline,1324.8739268099998,0.008443908323281062,0.9426751592356688
Costcla Direct Marketing,Linear,6,split,1.0,9.159163157989012,9.159163157989012,986,Threshold (cost),911.352285135,0.3775633293124246,0.3057324840764331
Costcla Direct Marketing,Linear,6,split,1.0,9.159163157989012,9.159163157989012,986,CP sum (uncosted),1091.4993888024999,0.030156815440289506,0.7515923566878981
Costcla Direct Marketing,Linear,6,split,1.0,9.159163157989012,9.159163157989012,986,DKW sum (uncosted),944.0034007325,0.20868516284680338,0.46496815286624205
Costcla Direct Marketing,Linear,6,split,1.0,9.159163157989012,9.159163157989012,986,CP minimax (uncosted),921.93830497,0.4149577804583836,0.28662420382165604
Costcla Direct Marketing,Linear,6,split,1.0,9.159163157989012,9.159163157989012,986,DKW minimax (uncosted),919.4030960324999,0.4077201447527141,0.2929936305732484
Costcla Direct Marketing,Linear,6,split,1.0,9.159163157989012,9.159163157989012,986,CP sum (costed),974.83622889,0.9517490952955368,0.025477707006369428
Costcla Direct Marketing,Linear,6,split,1.0,9.159163157989012,9.159163157989012,986,DKW sum (costed),974.83622889,0.9517490952955368,0.025477707006369428
Costcla Direct Marketing,Linear,6,split,1.0,9.159163157989012,9.159163157989012,986,CP minimax (costed),976.0,0.9879372738238842,0.0
Costcla Direct Marketing,Linear,6,split,1.0,9.159163157989012,9.159163157989012,986,DKW minimax (costed),976.0,0.9879372738238842,0.0
Costcla Direct Marketing,Linear,6,split,1.0,9.159163157989012,9.159163157989012,986,CP sum (prior-costed),921.93830497,0.4149577804583836,0.28662420382165604
Costcla Direct Marketing,Linear,6,split,1.0,9.159163157989012,9.159163157989012,986,DKW sum (prior-costed),921.93830497,0.4149577804583836,0.28662420382165604
Costcla Direct Marketing,Linear,6,split,1.0,9.159163157989012,9.159163157989012,986,CP minimax (prior-costed),884.29065287,0.49336550060313633,0.2484076433121019
Costcla Direct Marketing,Linear,6,split,1.0,9.159163157989012,9.159163157989012,986,DKW minimax (prior-costed),874.3495599775001,0.47285886610373945,0.2611464968152866
Costcla Direct Marketing,Linear,6,split,1.0,9.159163157989012,9.159163157989012,986,Oracle (test),800.7553460525,0.6899879372738239,0.1592356687898089
Costcla Direct Marketing,Linear,7,naive,1.0,8.864959242648352,8.864959242648352,986,Baseline,1537.4349313799999,0.006031363088057901,0.9044585987261147
Costcla Direct Marketing,Linear,7,naive,1.0,8.864959242648352,8.864959242648352,986,Threshold (cost),1136.689596005,0.18697225572979492,0.5159235668789809
Costcla Direct Marketing,Linear,7,naive,1.0,8.864959242648352,8.864959242648352,986,CP sum (uncosted),1174.321966375,0.2569360675512666,0.4585987261146497
Costcla Direct Marketing,Linear,7,naive,1.0,8.864959242648352,8.864959242648352,986,DKW sum (uncosted),1174.321966375,0.2569360675512666,0.4585987261146497
Costcla Direct Marketing,Linear,7,naive,1.0,8.864959242648352,8.864959242648352,986,CP minimax (uncosted),820.628690375,0.3293124246079614,0.39490445859872614
Costcla Direct Marketing,Linear,7,naive,1.0,8.864959242648352,8.864959242648352,986,DKW minimax (uncosted),856.1704512849999,0.3232810615199035,0.40764331210191085
Costcla Direct Marketing,Linear,7,naive,1.0,8.864959242648352,8.864959242648352,986,CP sum (costed),970.0,0.9806996381182147,0.0
Costcla Direct Marketing,Linear,7,naive,1.0,8.864959242648352,8.864959242648352,986,DKW sum (costed),970.0,0.9806996381182147,0.0
Costcla Direct Marketing,Linear,7,naive,1.0,8.864959242648352,8.864959242648352,986,CP minimax (costed),986.0,1.0,0.0
Costcla Direct Marketing,Linear,7,naive,1.0,8.864959242648352,8.864959242648352,986,DKW minimax (costed),986.0,1.0,0.0
Costcla Direct Marketing,Linear,7,naive,1.0,8.864959242648352,8.864959242648352,986,CP sum (prior-costed),1024.990757985,0.2943305186972256,0.43312101910828027
Costcla Direct Marketing,Linear,7,naive,1.0,8.864959242648352,8.864959242648352,986,DKW sum (prior-costed),1024.990757985,0.2943305186972256,0.43312101910828027
Costcla Direct Marketing,Linear,7,naive,1.0,8.864959242648352,8.864959242648352,986,CP minimax (prior-costed),870.1429204475,0.4221954161640531,0.3184713375796178
Costcla Direct Marketing,Linear,7,naive,1.0,8.864959242648352,8.864959242648352,986,DKW minimax (prior-costed),864.585428315,0.413751507840772,0.33121019108280253
Costcla Direct Marketing,Linear,7,naive,1.0,8.864959242648352,8.864959242648352,986,Oracle (test),817.5771597549999,0.34499396863691195,0.35668789808917195
Costcla Direct Marketing,Linear,7,split,1.0,8.864959242648352,8.864959242648352,986,Baseline,1508.3875350399999,0.0036188178528347406,0.910828025477707
Costcla Direct Marketing,Linear,7,split,1.0,8.864959242648352,8.864959242648352,986,Threshold (cost),956.91192473,0.6188178528347407,0.18471337579617833
Costcla Direct Marketing,Linear,7,split,1.0,8.864959242648352,8.864959242648352,986,CP sum (uncosted),1374.440407225,0.020506634499396863,0.7834394904458599
Costcla Direct Marketing,Linear,7,split,1.0,8.864959242648352,8.864959242648352,986,DKW sum (uncosted),872.66246572,0.3208685162846803,0.3885350318471338
Costcla Direct Marketing,Linear,7,split,1.0,8.864959242648352,8.864959242648352,986,CP minimax (uncosted),878.154086515,0.3594692400482509,0.3630573248407643
Costcla Direct Marketing,Linear,7,split,1.0,8.864959242648352,8.864959242648352,986,DKW minimax (uncosted),879.3150090575,0.3425814234016888,0.3821656050955414
Costcla Direct Marketing,Linear,7,split,1.0,8.864959242648352,8.864959242648352,986,CP sum (costed),986.0,1.0,0.0
Costcla Direct Marketing,Linear,7,split,1.0,8.864959242648352,8.864959242648352,986,DKW sum (costed),986.0,1.0,0.0
Costcla Direct Marketing,Linear,7,split,1.0,8.864959242648352,8.864959242648352,986,CP minimax (costed),986.0,1.0,0.0
Costcla Direct Marketing,Linear,7,split,1.0,8.864959242648352,8.864959242648352,986,DKW minimax (costed),986.0,1.0,0.0
Costcla Direct Marketing,Linear,7,split,1.0,8.864959242648352,8.864959242648352,986,CP sum (prior-costed),872.66246572,0.3208685162846803,0.3885350318471338
Costcla Direct Marketing,Linear,7,split,1.0,8.864959242648352,8.864959242648352,986,DKW sum (prior-costed),872.66246572,0.3208685162846803,0.3885350318471338
Costcla Direct Marketing,Linear,7,split,1.0,8.864959242648352,8.864959242648352,986,CP minimax (prior-costed),922.7048053850001,0.5585042219541616,0.21019108280254778
Costcla Direct Marketing,Linear,7,split,1.0,8.864959242648352,8.864959242648352,986,DKW minimax (prior-costed),891.4688136375,0.390832328106152,0.34394904458598724
Costcla Direct Marketing,Linear,7,split,1.0,8.864959242648352,8.864959242648352,986,Oracle (test),864.66246572,0.3112183353437877,0.3885350318471338
Costcla Direct Marketing,Linear,8,naive,1.0,9.14349734746978,9.14349734746978,986,Baseline,1453.8012939149999,0.010856453558504222,0.8789808917197452
Costcla Direct Marketing,Linear,8,naive,1.0,9.14349734746978,9.14349734746978,986,Threshold (cost),1393.1795119175,0.1471652593486128,0.6942675159235668
Costcla Direct Marketing,Linear,8,naive,1.0,9.14349734746978,9.14349734746978,986,CP sum (uncosted),1228.7758802175,0.24125452352231605,0.5668789808917197
Costcla Direct Marketing,Linear,8,naive,1.0,9.14349734746978,9.14349734746978,986,DKW sum (uncosted),1228.7758802175,0.24125452352231605,0.5668789808917197
Costcla Direct Marketing,Linear,8,naive,1.0,9.14349734746978,9.14349734746978,986,CP minimax (uncosted),1234.1859356875,0.4209891435464415,0.4140127388535032
Costcla Direct Marketing,Linear,8,naive,1.0,9.14349734746978,9.14349734746978,986,DKW minimax (uncosted),1222.0626828625,0.38721351025331724,0.445859872611465
Costcla Direct Marketing,Linear,8,naive,1.0,9.14349734746978,9.14349734746978,986,CP sum (costed),983.307178285,0.9589867310012062,0.03821656050955414
Costcla Direct Marketing,Linear,8,naive,1.0,9.14349734746978,9.14349734746978,986,DKW sum (costed),983.307178285,0.9589867310012062,0.03821656050955414
Costcla Direct Marketing,Linear,8,naive,1.0,9.14349734746978,9.14349734746978,986,CP minimax (costed),993.2348225325,0.9891435464414958,0.012738853503184714
Costcla Direct Marketing,Linear,8,naive,1.0,9.14349734746978,9.14349734746978,986,DKW minimax (costed),993.2348225325,0.9891435464414958,0.012738853503184714
Costcla Direct Marketing,Linear,8,naive,1.0,9.14349734746978,9.14349734746978,986,CP sum (prior-costed),1228.7758802175,0.24125452352231605,0.5668789808917197
Costcla Direct Marketing,Linear,8,naive,1.0,9.14349734746978,9.14349734746978,986,DKW sum (prior-costed),1199.2038260775,0.3088057901085645,0.5095541401273885
Costcla Direct Marketing,Linear,8,naive,1.0,9.14349734746978,9.14349734746978,986,CP minimax (prior-costed),1196.4250834675,0.49215922798552475,0.3375796178343949
Costcla Direct Marketing,Linear,8,naive,1.0,9.14349734746978,9.14349734746978,986,DKW minimax (prior-costed),1195.26934101,0.48492159227985526,0.3503184713375796
Costcla Direct Marketing,Linear,8,naive,1.0,9.14349734746978,9.14349734746978,986,Oracle (test),929.04439404,0.887816646562123,0.05732484076433121
Costcla Direct Marketing,Linear,8,split,1.0,9.14349734746978,9.14349734746978,986,Baseline,1519.7106844549999,0.010856453558504222,0.8980891719745223
Costcla Direct Marketing,Linear,8,split,1.0,9.14349734746978,9.14349734746978,986,Threshold (cost),1199.5406709575,0.6646562123039808,0.2229299363057325
Costcla Direct Marketing,Linear,8,split,1.0,9.14349734746978,9.14349734746978,986,CP sum (uncosted),1608.8501110825,0.0012062726176115801,1.0
Costcla Direct Marketing,Linear,8,split,1.0,9.14349734746978,9.14349734746978,986,DKW sum (uncosted),1241.89206402,0.19662243667068757,0.6178343949044586
Costcla Direct Marketing,Linear,8,split,1.0,9.14349734746978,9.14349734746978,986,CP minimax (uncosted),1235.9943076575,0.47406513872135103,0.4267515923566879
Costcla Direct Marketing,Linear,8,split,1.0,9.14349734746978,9.14349734746978,986,DKW minimax (uncosted),1226.5220539325,0.43425814234016885,0.4840764331210191
Costcla Direct Marketing,Linear,8,split,1.0,9.14349734746978,9.14349734746978,986,CP sum (costed),1031.3026317475,0.9698431845597105,0.025477707006369428
Costcla Direct Marketing,Linear,8,split,1.0,9.14349734746978,9.14349734746978,986,DKW sum (costed),1031.3026317475,0.9698431845597105,0.025477707006369428
Costcla Direct Marketing,Linear,8,split,1.0,9.14349734746978,9.14349734746978,986,CP minimax (costed),980.0,0.9927623642943305,0.0
Costcla Direct Marketing,Linear,8,split,1.0,9.14349734746978,9.14349734746978,986,DKW minimax (costed),980.0,0.9927623642943305,0.0
Costcla Direct Marketing,Linear,8,split,1.0,9.14349734746978,9.14349734746978,986,CP sum (prior-costed),1031.3026317475,0.9698431845597105,0.025477707006369428
Costcla Direct Marketing,Linear,8,split,1.0,9.14349734746978,9.14349734746978,986,DKW sum (prior-costed),1294.61317353,0.33172496984318456,0.5477707006369427
Costcla Direct Marketing,Linear,8,split,1.0,9.14349734746978,9.14349734746978,986,CP minimax (prior-costed),1202.6957426325,0.5802171290711701,0.3184713375796178
Costcla Direct Marketing,Linear,8,split,1.0,9.14349734746978,9.14349734746978,986,DKW minimax (prior-costed),1199.806266535,0.5693606755126659,0.3375796178343949
Costcla Direct Marketing,Linear,8,split,1.0,9.14349734746978,9.14349734746978,986,Oracle (test),964.0,0.9734620024125452,0.006369426751592357
Costcla Direct Marketing,Linear,9,naive,1.0,9.517139567228023,9.517139567228023,986,Baseline,1419.42078163,0.007237635705669481,0.8726114649681529
Costcla Direct Marketing,Linear,9,naive,1.0,9.517139567228023,9.517139567228023,986,Threshold (cost),1050.7563966500002,0.2316043425814234,0.4840764331210191
Costcla Direct Marketing,Linear,9,naive,1.0,9.517139567228023,9.517139567228023,986,CP sum (uncosted),890.6236454049999,0.3148371531966224,0.4267515923566879
Costcla Direct Marketing,Linear,9,naive,1.0,9.517139567228023,9.517139567228023,986,DKW sum (uncosted),890.6236454049999,0.3148371531966224,0.4267515923566879
Costcla Direct Marketing,Linear,9,naive,1.0,9.517139567228023,9.517139567228023,986,CP minimax (uncosted),878.049548595,0.32448733413751507,0.40764331210191085
Costcla Direct Marketing,Linear,9,naive,1.0,9.517139567228023,9.517139567228023,986,DKW minimax (uncosted),890.81779592,0.31845597104945716,0.42038216560509556
Costcla Direct Marketing,Linear,9,naive,1.0,9.517139567228023,9.517139567228023,986,CP sum (costed),983.4138753725,0.8661037394451147,0.09554140127388536
Costcla Direct Marketing,Linear,9,naive,1.0,9.517139567228023,9.517139567228023,986,DKW sum (costed),983.4138753725,0.8661037394451147,0.09554140127388536
Costcla Direct Marketing,Linear,9,naive,1.0,9.517139567228023,9.517139567228023,986,CP minimax (costed),983.7691393975,0.9794933655006032,0.01910828025477707
Costcla Direct Marketing,Linear,9,naive,1.0,9.517139567228023,9.517139567228023,986,DKW minimax (costed),983.7691393975,0.9794933655006032,0.01910828025477707
Costcla Direct Marketing,Linear,9,naive,1.0,9.517139567228023,9.517139567228023,986,CP sum (prior-costed),890.6236454049999,0.3148371531966224,0.4267515923566879
Costcla Direct Marketing,Linear,9,naive,1.0,9.517139567228023,9.517139567228023,986,DKW sum (prior-costed),890.6236454049999,0.3148371531966224,0.4267515923566879
Costcla Direct Marketing,Linear,9,naive,1.0,9.517139567228023,9.517139567228023,986,CP minimax (prior-costed),914.0712844175,0.44752714113389624,0.29936305732484075
Costcla Direct Marketing,Linear,9,naive,1.0,9.517139567228023,9.517139567228023,986,DKW minimax (prior-costed),901.65454186,0.42581423401688784,0.3057324840764331
Costcla Direct Marketing,Linear,9,naive,1.0,9.517139567228023,9.517139567228023,986,Oracle (test),865.2968601425,0.3353437876960193,0.39490445859872614
Costcla Direct Marketing,Linear,9,split,1.0,9.517139567228023,9.517139567228023,986,Baseline,1461.601790965,0.0024125452352231603,0.9299363057324841
Costcla Direct Marketing,Linear,9,split,1.0,9.517139567228023,9.517139567228023,986,Threshold (cost),1174.84823597,0.158021712907117,0.5987261146496815
Costcla Direct Marketing,Linear,9,split,1.0,9.517139567228023,9.517139567228023,986,CP sum (uncosted),1356.46869502,0.04221954161640531,0.8152866242038217
Costcla Direct Marketing,Linear,9,split,1.0,9.517139567228023,9.517139567228023,986,DKW sum (uncosted),1356.46869502,0.04221954161640531,0.8152866242038217
Costcla Direct Marketing,Linear,9,split,1.0,9.517139567228023,9.517139567228023,986,CP minimax (uncosted),1062.80052046,0.4439083232810615,0.3885350318471338
Costcla Direct Marketing,Linear,9,split,1.0,9.517139567228023,9.517139567228023,986,DKW minimax (uncosted),1053.80052046,0.4330518697225573,0.3885350318471338
Costcla Direct Marketing,Linear,9,split,1.0,9.517139567228023,9.517139567228023,986,CP sum (costed),972.0515981775,0.9047044632086851,0.07643312101910828
Costcla Direct Marketing,Linear,9,split,1.0,9.517139567228023,9.517139567228023,986,DKW sum (costed),972.0515981775,0.9047044632086851,0.07643312101910828
Costcla Direct Marketing,Linear,9,split,1.0,9.517139567228023,9.517139567228023,986,CP minimax (costed),993.7691393975,0.991556091676719,0.012738853503184714
Costcla Direct Marketing,Linear,9,split,1.0,9.517139567228023,9.517139567228023,986,DKW minimax (costed),993.7691393975,0.991556091676719,0.012738853503184714
Costcla Direct Marketing,Linear,9,split,1.0,9.517139567228023,9.517139567228023,986,CP sum (prior-costed),972.0515981775,0.9047044632086851,0.07643312101910828
Costcla Direct Marketing,Linear,9,split,1.0,9.517139567228023,9.517139567228023,986,DKW sum (prior-costed),1062.80052046,0.4439083232810615,0.3885350318471338
Costcla Direct Marketing,Linear,9,split,1.0,9.517139567228023,9.517139567228023,986,CP minimax (prior-costed),946.8369603175,0.5705669481302774,0.3057324840764331
Costcla Direct Marketing,Linear,9,split,1.0,9.517139567228023,9.517139567228023,986,DKW minimax (prior-costed),1039.0775103075,0.5379975874547648,0.33121019108280253
Costcla Direct Marketing,Linear,9,split,1.0,9.517139567228023,9.517139567228023,986,Oracle (test),885.75036864,0.638118214716526,0.25477707006369427
Costcla Direct Marketing,LDA,0,naive,1.0,8.683044449225276,8.683044449225276,986,Baseline,1339.5402448749999,0.012062726176115802,0.7834394904458599
Costcla Direct Marketing,LDA,0,naive,1.0,8.683044449225276,8.683044449225276,986,Threshold (cost),973.9016810575,0.48492159227985526,0.27388535031847133
Costcla Direct Marketing,LDA,0,naive,1.0,8.683044449225276,8.683044449225276,986,CP sum (uncosted),1157.1671835475,0.17611580217129072,0.554140127388535
Costcla Direct Marketing,LDA,0,naive,1.0,8.683044449225276,8.683044449225276,986,DKW sum (uncosted),1157.1671835475,0.17611580217129072,0.554140127388535
Costcla Direct Marketing,LDA,0,naive,1.0,8.683044449225276,8.683044449225276,986,CP minimax (uncosted),1031.660902865,0.3884197828709288,0.34394904458598724
Costcla Direct Marketing,LDA,0,naive,1.0,8.683044449225276,8.683044449225276,986,DKW minimax (uncosted),1025.660902865,0.38118214716525933,0.34394904458598724
Costcla Direct Marketing,LDA,0,naive,1.0,8.683044449225276,8.683044449225276,986,CP sum (costed),959.807547455,0.9493365500603136,0.025477707006369428
Costcla Direct Marketing,LDA,0,naive,1.0,8.683044449225276,8.683044449225276,986,DKW sum (costed),959.807547455,0.9493365500603136,0.025477707006369428
Costcla Direct Marketing,LDA,0,naive,1.0,8.683044449225276,8.683044449225276,986,CP minimax (costed),962.807547455,0.9529553679131484,0.025477707006369428
Costcla Direct Marketing,LDA,0,naive,1.0,8.683044449225276,8.683044449225276,986,DKW minimax (costed),987.614049105,0.9963811821471653,0.01910828025477707
Costcla Direct Marketing,LDA,0,naive,1.0,8.683044449225276,8.683044449225276,986,CP sum (prior-costed),1036.4316726749998,0.41857659831121835,0.3248407643312102
Costcla Direct Marketing,LDA,0,naive,1.0,8.683044449225276,8.683044449225276,986,DKW sum (prior-costed),1102.9520052275,0.2870928829915561,0.4394904458598726
Costcla Direct Marketing,LDA,0,naive,1.0,8.683044449225276,8.683044449225276,986,CP minimax (prior-costed),1060.5656979275,0.4487334137515078,0.31210191082802546
Costcla Direct Marketing,LDA,0,naive,1.0,8.683044449225276,8.683044449225276,986,DKW minimax (prior-costed),1058.4316726749998,0.4451145958986731,0.3184713375796178
Costcla Direct Marketing,LDA,0,naive,1.0,8.683044449225276,8.683044449225276,986,Oracle (test),907.4158318675,0.8287092882991556,0.08917197452229299
Costcla Direct Marketing,LDA,0,split,1.0,8.683044449225276,8.683044449225276,986,Baseline,1346.5402448749999,0.020506634499396863,0.7770700636942676
Costcla Direct Marketing,LDA,0,split,1.0,8.683044449225276,8.683044449225276,986,Threshold (cost),1040.52938148,0.36308805790108567,0.4012738853503185
Costcla Direct Marketing,LDA,0,split,1.0,8.683044449225276,8.683044449225276,986,CP sum (uncosted),1507.9781689699998,0.006031363088057901,0.9299363057324841
Costcla Direct Marketing,LDA,0,split,1.0,8.683044449225276,8.683044449225276,986,DKW sum (uncosted),1507.9781689699998,0.006031363088057901,0.9299363057324841
Costcla Direct Marketing,LDA,0,split,1.0,8.683044449225276,8.683044449225276,986,CP minimax (uncosted),964.810302935,0.5886610373944512,0.2356687898089172
Costcla Direct Marketing,LDA,0,split,1.0,8.683044449225276,8.683044449225276,986,DKW minimax (uncosted),960.810302935,0.5838359469240049,0.2356687898089172
Costcla Direct Marketing,LDA,0,split,1.0,8.683044449225276,8.683044449225276,986,CP sum (costed),980.7691393975,0.9758745476477684,0.025477707006369428
Costcla Direct Marketing,LDA,0,split,1.0,8.683044449225276,8.683044449225276,986,DKW sum (costed),980.7691393975,0.9758745476477684,0.025477707006369428
Costcla Direct Marketing,LDA,0,split,1.0,8.683044449225276,8.683044449225276,986,CP minimax (costed),987.5756410475,0.9975874547647768,0.006369426751592357
Costcla Direct Marketing,LDA,0,split,1.0,8.683044449225276,8.683044449225276,986,DKW minimax (costed),987.5756410475,0.9975874547647768,0.006369426751592357
Costcla Direct Marketing,LDA,0,split,1.0,8.683044449225276,8.683044449225276,986,CP sum (prior-costed),980.7691393975,0.9758745476477684,0.025477707006369428
Costcla Direct Marketing,LDA,0,split,1.0,8.683044449225276,8.683044449225276,986,DKW sum (prior-costed),1040.52938148,0.36308805790108567,0.4012738853503185
Costcla Direct Marketing,LDA,0,split,1.0,8.683044449225276,8.683044449225276,986,CP minimax (prior-costed),1013.40985759,0.6815440289505428,0.18471337579617833
Costcla Direct Marketing,LDA,0,split,1.0,8.683044449225276,8.683044449225276,986,DKW minimax (prior-costed),987.40985759,0.6501809408926418,0.18471337579617833
Costcla Direct Marketing,LDA,0,split,1.0,8.683044449225276,8.683044449225276,986,Oracle (test),880.0540158700001,0.7322074788902292,0.12101910828025478
Costcla Direct Marketing,LDA,1,naive,1.0,8.828238358892856,8.828238358892856,986,Baseline,1308.9541574825,0.014475271411338963,0.7898089171974523
Costcla Direct Marketing,LDA,1,naive,1.0,8.828238358892856,8.828238358892856,986,Threshold (cost),1198.4458038075,0.3835946924004825,0.36942675159235666
Costcla Direct Marketing,LDA,1,naive,1.0,8.828238358892856,8.828238358892856,986,CP sum (uncosted),1290.6478898874998,0.11338962605548854,0.6496815286624203
Costcla Direct Marketing,LDA,1,naive,1.0,8.828238358892856,8.828238358892856,986,DKW sum (uncosted),1309.6478898874998,0.13630880579010857,0.6496815286624203
Costcla Direct Marketing,LDA,1,naive,1.0,8.828238358892856,8.828238358892856,986,CP minimax (uncosted),1201.4458038075,0.38721351025331724,0.36942675159235666
Costcla Direct Marketing,LDA,1,naive,1.0,8.828238358892856,8.828238358892856,986,DKW minimax (uncosted),1198.4458038075,0.3835946924004825,0.36942675159235666
Costcla Direct Marketing,LDA,1,naive,1.0,8.828238358892856,8.828238358892856,986,CP sum (costed),1006.2006163125,0.9541616405307599,0.03821656050955414
Costcla Direct Marketing,LDA,1,naive,1.0,8.828238358892856,8.828238358892856,986,DKW sum (costed),1006.2006163125,0.9541616405307599,0.03821656050955414
Costcla Direct Marketing,LDA,1,naive,1.0,8.828238358892856,8.828238358892856,986,CP minimax (costed),1023.4663166825001,0.97708082026538,0.03184713375796178
Costcla Direct Marketing,LDA,1,naive,1.0,8.828238358892856,8.828238358892856,986,DKW minimax (costed),1013.7215707075,0.9963811821471653,0.006369426751592357
Costcla Direct Marketing,LDA,1,naive,1.0,8.828238358892856,8.828238358892856,986,CP sum (prior-costed),1063.4203714925,0.6501809408926418,0.21019108280254778
Costcla Direct Marketing,LDA,1,naive,1.0,8.828238358892856,8.828238358892856,986,DKW sum (prior-costed),1191.96778539,0.293124246079614,0.42038216560509556
Costcla Direct Marketing,LDA,1,naive,1.0,8.828238358892856,8.828238358892856,986,CP minimax (prior-costed),1006.2129074475,0.4692400482509047,0.2929936305732484
Costcla Direct Marketing,LDA,1,naive,1.0,8.828238358892856,8.828238358892856,986,DKW minimax (prior-costed),1190.7116765275,0.42460796139927626,0.3503184713375796
Costcla Direct Marketing,LDA,1,naive,1.0,8.828238358892856,8.828238358892856,986,Oracle (test),952.6994715675,0.6634499396863691,0.19745222929936307
Costcla Direct Marketing,LDA,1,split,1.0,8.828238358892856,8.828238358892856,986,Baseline,1308.9541574825,0.014475271411338963,0.7834394904458599
Costcla Direct Marketing,LDA,1,split,1.0,8.828238358892856,8.828238358892856,986,Threshold (cost),1116.9658730424999,0.729794933655006,0.21019108280254778
Costcla Direct Marketing,LDA,1,split,1.0,8.828238358892856,8.828238358892856,986,CP sum (uncosted),1536.5132055575,0.0036188178528347406,0.9936305732484076
Costcla Direct Marketing,LDA,1,split,1.0,8.828238358892856,8.828238358892856,986,DKW sum (uncosted),1155.035718015,0.39324487334137515,0.43312101910828027
Costcla Direct Marketing,LDA,1,split,1.0,8.828238358892856,8.828238358892856,986,CP minimax (uncosted),1186.67740275,0.44149577804583834,0.42038216560509556
Costcla Direct Marketing,LDA,1,split,1.0,8.828238358892856,8.828238358892856,986,DKW minimax (uncosted),1181.67740275,0.43546441495778043,0.42038216560509556
Costcla Direct Marketing,LDA,1,split,1.0,8.828238358892856,8.828238358892856,986,CP sum (costed),1116.5873544874999,0.9806996381182147,0.03184713375796178
Costcla Direct Marketing,LDA,1,split,1.0,8.828238358892856,8.828238358892856,986,DKW sum (costed),1116.5873544874999,0.9806996381182147,0.03184713375796178
Costcla Direct Marketing,LDA,1,split,1.0,8.828238358892856,8.828238358892856,986,CP minimax (costed),984.0,0.9975874547647768,0.0
Costcla Direct Marketing,LDA,1,split,1.0,8.828238358892856,8.828238358892856,986,DKW minimax (costed),984.0,0.9975874547647768,0.0
Costcla Direct Marketing,LDA,1,split,1.0,8.828238358892856,8.828238358892856,986,CP sum (prior-costed),1155.035718015,0.39324487334137515,0.43312101910828027
Costcla Direct Marketing,LDA,1,split,1.0,8.828238358892856,8.828238358892856,986,DKW sum (prior-costed),1155.035718015,0.39324487334137515,0.43312101910828027
Costcla Direct Marketing,LDA,1,split,1.0,8.828238358892856,8.828238358892856,986,CP minimax (prior-costed),1071.3848609425,0.5790108564535585,0.2802547770700637
Costcla Direct Marketing,LDA,1,split,1.0,8.828238358892856,8.828238358892856,986,DKW minimax (prior-costed),1069.3848609425,0.5765983112183354,0.2802547770700637
Costcla Direct Marketing,LDA,1,split,1.0,8.828238358892856,8.828238358892856,986,Oracle (test),975.0384080575,0.985524728588661,0.006369426751592357
Costcla Direct Marketing,LDA,2,naive,1.0,9.396140350601648,9.396140350601648,986,Baseline,1378.8864833825,0.033775633293124246,0.7515923566878981
Costcla Direct Marketing,LDA,2,naive,1.0,9.396140350601648,9.396140350601648,986,Threshold (cost),1270.2255619,0.4680337756332931,0.3821656050955414
Costcla Direct Marketing,LDA,2,naive,1.0,9.396140350601648,9.396140350601648,986,CP sum (uncosted),1295.4778067125003,0.12062726176115803,0.643312101910828
Costcla Direct Marketing,LDA,2,naive,1.0,9.396140350601648,9.396140350601648,986,DKW sum (uncosted),1329.8641884825001,0.2762364294330519,0.4968152866242038
Costcla Direct Marketing,LDA,2,naive,1.0,9.396140350601648,9.396140350601648,986,CP minimax (uncosted),1270.2255619,0.4680337756332931,0.3821656050955414
Costcla Direct Marketing,LDA,2,naive,1.0,9.396140350601648,9.396140350601648,986,DKW minimax (uncosted),1270.2255619,0.4680337756332931,0.3821656050955414
Costcla Direct Marketing,LDA,2,naive,1.0,9.396140350601648,9.396140350601648,986,CP sum (costed),962.2840030175,0.9300361881785284,0.03821656050955414
Costcla Direct Marketing,LDA,2,naive,1.0,9.396140350601648,9.396140350601648,986,DKW sum (costed),962.2840030175,0.9300361881785284,0.03821656050955414
Costcla Direct Marketing,LDA,2,naive,1.0,9.396140350601648,9.396140350601648,986,CP minimax (costed),984.0,0.9975874547647768,0.0
Costcla Direct Marketing,LDA,2,naive,1.0,9.396140350601648,9.396140350601648,986,DKW minimax (costed),984.0,0.9975874547647768,0.0
Costcla Direct Marketing,LDA,2,naive,1.0,9.396140350601648,9.396140350601648,986,CP sum (prior-costed),1073.9494710375,0.5235223160434258,0.3057324840764331
Costcla Direct Marketing,LDA,2,naive,1.0,9.396140350601648,9.396140350601648,986,DKW sum (prior-costed),1073.9494710375,0.5235223160434258,0.3057324840764331
Costcla Direct Marketing,LDA,2,naive,1.0,9.396140350601648,9.396140350601648,986,CP minimax (prior-costed),1074.9494710375,0.5247285886610374,0.3057324840764331
Costcla Direct Marketing,LDA,2,naive,1.0,9.396140350601648,9.396140350601648,986,DKW minimax (prior-costed),1073.9494710375,0.5235223160434258,0.3057324840764331
Costcla Direct Marketing,LDA,2,naive,1.0,9.396140350601648,9.396140350601648,986,Oracle (test),900.8339090775,0.6405307599517491,0.21019108280254778
Costcla Direct Marketing,LDA,2,split,1.0,9.396140350601648,9.396140350601648,986,Baseline,1376.4947002375002,0.031363088057901084,0.7452229299363057
Costcla Direct Marketing,LDA,2,split,1.0,9.396140350601648,9.396140350601648,986,Threshold (cost),1381.8598259999999,0.04221954161640531,0.732484076433121
Costcla Direct Marketing,LDA,2,split,1.0,9.396140350601648,9.396140350601648,986,CP sum (uncosted),1381.8598259999999,0.04221954161640531,0.732484076433121
Costcla Direct Marketing,LDA,2,split,1.0,9.396140350601648,9.396140350601648,986,DKW sum (uncosted),1277.6589766925001,0.39324487334137515,0.42038216560509556
Costcla Direct Marketing,LDA,2,split,1.0,9.396140350601648,9.396140350601648,986,CP minimax (uncosted),1076.6502166125001,0.49095295536791317,0.33121019108280253
Costcla Direct Marketing,LDA,2,split,1.0,9.396140350601648,9.396140350601648,986,DKW minimax (uncosted),1187.7203573450001,0.47285886610373945,0.35668789808917195
Costcla Direct Marketing,LDA,2,split,1.0,9.396140350601648,9.396140350601648,986,CP sum (costed),1005.6338959899999,0.9927623642943305,0.025477707006369428
Costcla Direct Marketing,LDA,2,split,1.0,9.396140350601648,9.396140350601648,986,DKW sum (costed),1005.6338959899999,0.9927623642943305,0.025477707006369428
Costcla Direct Marketing,LDA,2,split,1.0,9.396140350601648,9.396140350601648,986,CP minimax (costed),985.5756410475,0.9951749095295537,0.006369426751592357
Costcla Direct Marketing,LDA,2,split,1.0,9.396140350601648,9.396140350601648,986,DKW minimax (costed),985.5756410475,0.9951749095295537,0.006369426751592357
Costcla Direct Marketing,LDA,2,split,1.0,9.396140350601648,9.396140350601648,986,CP sum (prior-costed),1187.7203573450001,0.47285886610373945,0.35668789808917195
Costcla Direct Marketing,LDA,2,split,1.0,9.396140350601648,9.396140350601648,986,DKW sum (prior-costed),1187.7203573450001,0.47285886610373945,0.35668789808917195
Costcla Direct Marketing,LDA,2,split,1.0,9.396140350601648,9.396140350601648,986,CP minimax (prior-costed),1007.7021291675,0.6513872135102533,0.2229299363057325
Costcla Direct Marketing,LDA,2,split,1.0,9.396140350601648,9.396140350601648,986,DKW minimax (prior-costed),981.9687029925,0.5464414957780458,0.2929936305732484
Costcla Direct Marketing,LDA,2,split,1.0,9.396140350601648,9.396140350601648,986,Oracle (test),938.283332235,0.804583835946924,0.12101910828025478
Costcla Direct Marketing,LDA,3,naive,1.0,9.274169305876374,9.274169305876374,986,Baseline,1311.030647515,0.013268998793727383,0.8280254777070064
Costcla Direct Marketing,LDA,3,naive,1.0,9.274169305876374,9.274169305876374,986,Threshold (cost),938.6434061150001,0.31845597104945716,0.4012738853503185
Costcla Direct Marketing,LDA,3,naive,1.0,9.274169305876374,9.274169305876374,986,CP sum (uncosted),927.009116485,0.3896260554885404,0.35668789808917195
Costcla Direct Marketing,LDA,3,naive,1.0,9.274169305876374,9.274169305876374,986,DKW sum (uncosted),927.009116485,0.3896260554885404,0.35668789808917195
Costcla Direct Marketing,LDA,3,naive,1.0,9.274169305876374,9.274169305876374,986,CP minimax (uncosted),923.1073237225,0.376357056694813,0.3630573248407643
Costcla Direct Marketing,LDA,3,naive,1.0,9.274169305876374,9.274169305876374,986,DKW minimax (uncosted),915.1073237225,0.36670687575392036,0.3630573248407643
Costcla Direct Marketing,LDA,3,naive,1.0,9.274169305876374,9.274169305876374,986,CP sum (costed),974.9997414750001,0.9203860072376358,0.050955414012738856
Costcla Direct Marketing,LDA,3,naive,1.0,9.274169305876374,9.274169305876374,986,DKW sum (costed),974.9997414750001,0.9203860072376358,0.050955414012738856
Costcla Direct Marketing,LDA,3,naive,1.0,9.274169305876374,9.274169305876374,986,CP minimax (costed),1007.759978765,0.9879372738238842,0.012738853503184714
Costcla Direct Marketing,LDA,3,naive,1.0,9.274169305876374,9.274169305876374,986,DKW minimax (costed),1007.759978765,0.9879372738238842,0.012738853503184714
Costcla Direct Marketing,LDA,3,naive,1.0,9.274169305876374,9.274169305876374,986,CP sum (prior-costed),927.009116485,0.3896260554885404,0.35668789808917195
Costcla Direct Marketing,LDA,3,naive,1.0,9.274169305876374,9.274169305876374,986,DKW sum (prior-costed),927.009116485,0.3896260554885404,0.35668789808917195
Costcla Direct Marketing,LDA,3,naive,1.0,9.274169305876374,9.274169305876374,986,CP minimax (prior-costed),940.9297103275001,0.4221954161640531,0.3375796178343949
Costcla Direct Marketing,LDA,3,naive,1.0,9.274169305876374,9.274169305876374,986,DKW minimax (prior-costed),932.5678267725,0.41133896260554886,0.34394904458598724
Costcla Direct Marketing,LDA,3,naive,1.0,9.274169305876374,9.274169305876374,986,Oracle (test),884.211696205,0.7177322074788902,0.15286624203821655
Costcla Direct Marketing,LDA,3,split,1.0,9.274169305876374,9.274169305876374,986,Baseline,1311.030647515,0.013268998793727383,0.8280254777070064
Costcla Direct Marketing,LDA,3,split,1.0,9.274169305876374,9.274169305876374,986,Threshold (cost),1050.2999603224998,0.28347406513872137,0.5031847133757962
Costcla Direct Marketing,LDA,3,split,1.0,9.274169305876374,9.274169305876374,986,CP sum (uncosted),1311.030647515,0.013268998793727383,0.8280254777070064
Costcla Direct Marketing,LDA,3,split,1.0,9.274169305876374,9.274169305876374,986,DKW sum (uncosted),1311.030647515,0.013268998793727383,0.8280254777070064
Costcla Direct Marketing,LDA,3,split,1.0,9.274169305876374,9.274169305876374,986,CP minimax (uncosted),884.6442678650001,0.4813027744270205,0.25477707006369427
Costcla Direct Marketing,LDA,3,split,1.0,9.274169305876374,9.274169305876374,986,DKW minimax (uncosted),894.25531467,0.46682750301568154,0.267515923566879
Costcla Direct Marketing,LDA,3,split,1.0,9.274169305876374,9.274169305876374,986,CP sum (costed),1004.760544755,0.9806996381182147,0.025477707006369428
Costcla Direct Marketing,LDA,3,split,1.0,9.274169305876374,9.274169305876374,986,DKW sum (costed),1004.760544755,0.9806996381182147,0.025477707006369428
Costcla Direct Marketing,LDA,3,split,1.0,9.274169305876374,9.274169305876374,986,CP minimax (costed),1013.0262451250001,0.9927623642943305,0.01910828025477707
Costcla Direct Marketing,LDA,3,split,1.0,9.274169305876374,9.274169305876374,986,DKW minimax (costed),1013.0262451250001,0.9927623642943305,0.01910828025477707
Costcla Direct Marketing,LDA,3,split,1.0,9.274169305876374,9.274169305876374,986,CP sum (prior-costed),1004.760544755,0.9806996381182147,0.025477707006369428
Costcla Direct Marketing,LDA,3,split,1.0,9.274169305876374,9.274169305876374,986,DKW sum (prior-costed),944.4399970874999,0.5850422195416164,0.21019108280254778
Costcla Direct Marketing,LDA,3,split,1.0,9.274169305876374,9.274169305876374,986,CP minimax (prior-costed),944.4399970874999,0.5850422195416164,0.21019108280254778
Costcla Direct Marketing,LDA,3,split,1.0,9.274169305876374,9.274169305876374,986,DKW minimax (prior-costed),902.8962796825,0.5295536791314838,0.2229299363057325
Costcla Direct Marketing,LDA,3,split,1.0,9.274169305876374,9.274169305876374,986,Oracle (test),876.6703592575,0.4704463208685163,0.2611464968152866
Costcla Direct Marketing,LDA,4,naive,1.0,8.822456776467034,8.822456776467034,986,Baseline,1536.6543673899998,0.015681544028950542,0.7898089171974523
Costcla Direct Marketing,LDA,4,naive,1.0,8.822456776467034,8.822456776467034,986,Threshold (cost),1049.8185832,0.39324487334137515,0.3885350318471338
Costcla Direct Marketing,LDA,4,naive,1.0,8.822456776467034,8.822456776467034,986,CP sum (uncosted),911.9542760999999,0.4499396863691194,0.33121019108280253
Costcla Direct Marketing,LDA,4,naive,1.0,8.822456776467034,8.822456776467034,986,DKW sum (uncosted),911.9542760999999,0.4499396863691194,0.33121019108280253
Costcla Direct Marketing,LDA,4,naive,1.0,8.822456776467034,8.822456776467034,986,CP minimax (uncosted),1053.8185832,0.39806996381182147,0.3885350318471338
Costcla Direct Marketing,LDA,4,naive,1.0,8.822456776467034,8.822456776467034,986,DKW minimax (uncosted),1054.7208557775002,0.37997587454764775,0.4012738853503185
Costcla Direct Marketing,LDA,4,naive,1.0,8.822456776467034,8.822456776467034,986,CP sum (costed),942.182707305,0.8757539203860072,0.08280254777070063
Costcla Direct Marketing,LDA,4,naive,1.0,8.822456776467034,8.822456776467034,986,DKW sum (costed),942.182707305,0.8757539203860072,0.08280254777070063
Costcla Direct Marketing,LDA,4,naive,1.0,8.822456776467034,8.822456776467034,986,CP minimax (costed),968.203378705,0.9445114595898673,0.044585987261146494
Costcla Direct Marketing,LDA,4,naive,1.0,8.822456776467034,8.822456776467034,986,DKW minimax (costed),985.807547455,0.9806996381182147,0.01910828025477707
Costcla Direct Marketing,LDA,4,naive,1.0,8.822456776467034,8.822456776467034,986,CP sum (prior-costed),911.9542760999999,0.4499396863691194,0.33121019108280253
Costcla Direct Marketing,LDA,4,naive,1.0,8.822456776467034,8.822456776467034,986,DKW sum (prior-costed),911.9542760999999,0.4499396863691194,0.33121019108280253
Costcla Direct Marketing,LDA,4,naive,1.0,8.822456776467034,8.822456776467034,986,CP minimax (prior-costed),989.0979231824999,0.4439083232810615,0.3375796178343949
Costcla Direct Marketing,LDA,4,naive,1.0,8.822456776467034,8.822456776467034,986,DKW minimax (prior-costed),989.0979231824999,0.4439083232810615,0.3375796178343949
Costcla Direct Marketing,LDA,4,naive,1.0,8.822456776467034,8.822456776467034,986,Oracle (test),839.4812909475,0.6887816646562123,0.16560509554140126
Costcla Direct Marketing,LDA,4,split,1.0,8.822456776467034,8.822456776467034,986,Baseline,1535.6543673899998,0.014475271411338963,0.7898089171974523
Costcla Direct Marketing,LDA,4,split,1.0,8.822456776467034,8.822456776467034,986,Threshold (cost),1605.4285145224999,0.008443908323281062,0.8598726114649682
Costcla Direct Marketing,LDA,4,split,1.0,8.822456776467034,8.822456776467034,986,CP sum (uncosted),1535.6543673899998,0.014475271411338963,0.7898089171974523
Costcla Direct Marketing,LDA,4,split,1.0,8.822456776467034,8.822456776467034,986,DKW sum (uncosted),1219.65338435,0.31845597104945716,0.4267515923566879
Costcla Direct Marketing,LDA,4,split,1.0,8.822456776467034,8.822456776467034,986,CP minimax (uncosted),971.422050845,0.451145958986731,0.35668789808917195
Costcla Direct Marketing,LDA,4,split,1.0,8.822456776467034,8.822456776467034,986,DKW minimax (uncosted),973.7510325099998,0.44028950542822676,0.3630573248407643
Costcla Direct Marketing,LDA,4,split,1.0,8.822456776467034,8.822456776467034,986,CP sum (costed),1075.092491485,0.893848009650181,0.08280254777070063
Costcla Direct Marketing,LDA,4,split,1.0,8.822456776467034,8.822456776467034,986,DKW sum (costed),1075.092491485,0.893848009650181,0.08280254777070063
Costcla Direct Marketing,LDA,4,split,1.0,8.822456776467034,8.822456776467034,986,CP minimax (costed),1024.5291181625,0.9903498190591074,0.025477707006369428
Costcla Direct Marketing,LDA,4,split,1.0,8.822456776467034,8.822456776467034,986,DKW minimax (costed),1024.5291181625,0.9903498190591074,0.025477707006369428
Costcla Direct Marketing,LDA,4,split,1.0,8.822456776467034,8.822456776467034,986,CP sum (prior-costed),1075.092491485,0.893848009650181,0.08280254777070063
Costcla Direct Marketing,LDA,4,split,1.0,8.822456776467034,8.822456776467034,986,DKW sum (prior-costed),1159.8709011,0.390832328106152,0.39490445859872614
Costcla Direct Marketing,LDA,4,split,1.0,8.822456776467034,8.822456776467034,986,CP minimax (prior-costed),966.5030198574999,0.5271411338962606,0.28662420382165604
Costcla Direct Marketing,LDA,4,split,1.0,8.822456776467034,8.822456776467034,986,DKW minimax (prior-costed),958.5030198574999,0.517490952955368,0.28662420382165604
Costcla Direct Marketing,LDA,4,split,1.0,8.822456776467034,8.822456776467034,986,Oracle (test),902.3825480425,0.548854041013269,0.267515923566879
Costcla Direct Marketing,LDA,5,naive,1.0,8.59244510265934,8.59244510265934,986,Baseline,1597.77962565,0.019300361881785282,0.8152866242038217
Costcla Direct Marketing,LDA,5,naive,1.0,8.59244510265934,8.59244510265934,986,Threshold (cost),1227.4304476075001,0.24246079613992763,0.5414012738853503
Costcla Direct Marketing,LDA,5,naive,1.0,8.59244510265934,8.59244510265934,986,CP sum (uncosted),1227.4304476075001,0.24246079613992763,0.5414012738853503
Costcla Direct Marketing,LDA,5,naive,1.0,8.59244510265934,8.59244510265934,986,DKW sum (uncosted),1227.4304476075001,0.24246079613992763,0.5414012738853503
Costcla Direct Marketing,LDA,5,naive,1.0,8.59244510265934,8.59244510265934,986,CP minimax (uncosted),1085.90171138,0.3956574185765983,0.39490445859872614
Costcla Direct Marketing,LDA,5,naive,1.0,8.59244510265934,8.59244510265934,986,DKW minimax (uncosted),1094.5582166475,0.3823884197828709,0.4140127388535032
Costcla Direct Marketing,LDA,5,naive,1.0,8.59244510265934,8.59244510265934,986,CP sum (costed),1029.9703030824999,0.8685162846803377,0.07006369426751592
Costcla Direct Marketing,LDA,5,naive,1.0,8.59244510265934,8.59244510265934,986,DKW sum (costed),1029.9703030824999,0.8685162846803377,0.07006369426751592
Costcla Direct Marketing,LDA,5,naive,1.0,8.59244510265934,8.59244510265934,986,CP minimax (costed),1001.157335635,0.8986731001206273,0.050955414012738856
Costcla Direct Marketing,LDA,5,naive,1.0,8.59244510265934,8.59244510265934,986,DKW minimax (costed),977.0384080575,0.9879372738238842,0.006369426751592357
Costcla Direct Marketing,LDA,5,naive,1.0,8.59244510265934,8.59244510265934,986,CP sum (prior-costed),1227.4304476075001,0.24246079613992763,0.5414012738853503
Costcla Direct Marketing,LDA,5,naive,1.0,8.59244510265934,8.59244510265934,986,DKW sum (prior-costed),1227.4304476075001,0.24246079613992763,0.5414012738853503
Costcla Direct Marketing,LDA,5,naive,1.0,8.59244510265934,8.59244510265934,986,CP minimax (prior-costed),1088.41148109,0.4209891435464415,0.3630573248407643
Costcla Direct Marketing,LDA,5,naive,1.0,8.59244510265934,8.59244510265934,986,DKW minimax (prior-costed),1087.41148109,0.41978287092882993,0.3630573248407643
Costcla Direct Marketing,LDA,5,naive,1.0,8.59244510265934,8.59244510265934,986,Oracle (test),909.682042375,0.5802171290711701,0.2356687898089172
Costcla Direct Marketing,LDA,5,split,1.0,8.59244510265934,8.59244510265934,986,Baseline,1592.77962565,0.013268998793727383,0.8152866242038217
Costcla Direct Marketing,LDA,5,split,1.0,8.59244510265934,8.59244510265934,986,Threshold (cost),1475.541204505,0.10494571773220748,0.6624203821656051
Costcla Direct Marketing,LDA,5,split,1.0,8.59244510265934,8.59244510265934,986,CP sum (uncosted),1488.541204505,0.12062726176115803,0.6624203821656051
Costcla Direct Marketing,LDA,5,split,1.0,8.59244510265934,8.59244510265934,986,DKW sum (uncosted),1151.2553939324998,0.3968636911942099,0.42038216560509556
Costcla Direct Marketing,LDA,5,split,1.0,8.59244510265934,8.59244510265934,986,CP minimax (uncosted),1032.102777185,0.46079613992762364,0.3375796178343949
Costcla Direct Marketing,LDA,5,split,1.0,8.59244510265934,8.59244510265934,986,DKW minimax (uncosted),1148.3247660025,0.43425814234016885,0.37579617834394907
Costcla Direct Marketing,LDA,5,split,1.0,8.59244510265934,8.59244510265934,986,CP sum (costed),985.8790111349999,0.9553679131483716,0.03184713375796178
Costcla Direct Marketing,LDA,5,split,1.0,8.59244510265934,8.59244510265934,986,DKW sum (costed),985.8790111349999,0.9553679131483716,0.03184713375796178
Costcla Direct Marketing,LDA,5,split,1.0,8.59244510265934,8.59244510265934,986,CP minimax (costed),977.0384080575,0.9879372738238842,0.006369426751592357
Costcla Direct Marketing,LDA,5,split,1.0,8.59244510265934,8.59244510265934,986,DKW minimax (costed),977.0384080575,0.9879372738238842,0.006369426751592357
Costcla Direct Marketing,LDA,5,split,1.0,8.59244510265934,8.59244510265934,986,CP sum (prior-costed),1151.2553939324998,0.3968636911942099,0.42038216560509556
Costcla Direct Marketing,LDA,5,split,1.0,8.59244510265934,8.59244510265934,986,DKW sum (prior-costed),1151.2553939324998,0.3968636911942099,0.42038216560509556
Costcla Direct Marketing,LDA,5,split,1.0,8.59244510265934,8.59244510265934,986,CP minimax (prior-costed),872.2489350475,0.5464414957780458,0.2484076433121019
Costcla Direct Marketing,LDA,5,split,1.0,8.59244510265934,8.59244510265934,986,DKW minimax (prior-costed),906.95518679,0.5331724969843185,0.267515923566879
Costcla Direct Marketing,LDA,5,split,1.0,8.59244510265934,8.59244510265934,986,Oracle (test),865.2489350475,0.5379975874547648,0.2484076433121019
Costcla Direct Marketing,LDA,6,naive,1.0,9.159163157989012,9.159163157989012,986,Baseline,1104.498976545,0.016887816646562123,0.7834394904458599
Costcla Direct Marketing,LDA,6,naive,1.0,9.159163157989012,9.159163157989012,986,Threshold (cost),878.0437721975,0.5753920386007237,0.1910828025477707
Costcla Direct Marketing,LDA,6,naive,1.0,9.159163157989012,9.159163157989012,986,CP sum (uncosted),885.2914587675,0.4692400482509047,0.22929936305732485
Costcla Direct Marketing,LDA,6,naive,1.0,9.159163157989012,9.159163157989012,986,DKW sum (uncosted),888.8645400949999,0.26417370325693607,0.4140127388535032
Costcla Direct Marketing,LDA,6,naive,1.0,9.159163157989012,9.159163157989012,986,CP minimax (uncosted),929.8393593925,0.390832328106152,0.2929936305732484
Costcla Direct Marketing,LDA,6,naive,1.0,9.159163157989012,9.159163157989012,986,DKW minimax (uncosted),936.4867902025001,0.3775633293124246,0.29936305732484075
Costcla Direct Marketing,LDA,6,naive,1.0,9.159163157989012,9.159163157989012,986,CP sum (costed),980.053880755,0.9734620024125452,0.01910828025477707
Costcla Direct Marketing,LDA,6,naive,1.0,9.159163157989012,9.159163157989012,986,DKW sum (costed),980.053880755,0.9734620024125452,0.01910828025477707
Costcla Direct Marketing,LDA,6,naive,1.0,9.159163157989012,9.159163157989012,986,CP minimax (costed),986.0,1.0,0.0
Costcla Direct Marketing,LDA,6,naive,1.0,9.159163157989012,9.159163157989012,986,DKW minimax (costed),986.0,1.0,0.0
Costcla Direct Marketing,LDA,6,naive,1.0,9.159163157989012,9.159163157989012,986,CP sum (prior-costed),816.7206414,0.5958986731001207,0.17834394904458598
Costcla Direct Marketing,LDA,6,naive,1.0,9.159163157989012,9.159163157989012,986,DKW sum (prior-costed),885.2914587675,0.4692400482509047,0.22929936305732485
Costcla Direct Marketing,LDA,6,naive,1.0,9.159163157989012,9.159163157989012,986,CP minimax (prior-costed),888.0840995149999,0.46562123039806996,0.2356687898089172
Costcla Direct Marketing,LDA,6,naive,1.0,9.159163157989012,9.159163157989012,986,DKW minimax (prior-costed),879.261799085,0.45355850422195415,0.2484076433121019
Costcla Direct Marketing,LDA,6,naive,1.0,9.159163157989012,9.159163157989012,986,Oracle (test),780.72608001,0.5983112183353438,0.17197452229299362
Costcla Direct Marketing,LDA,6,split,1.0,9.159163157989012,9.159163157989012,986,Baseline,1104.498976545,0.016887816646562123,0.7834394904458599
Costcla Direct Marketing,LDA,6,split,1.0,9.159163157989012,9.159163157989012,986,Threshold (cost),876.85008288,0.45958986731001206,0.27388535031847133
Costcla Direct Marketing,LDA,6,split,1.0,9.159163157989012,9.159163157989012,986,CP sum (uncosted),1104.498976545,0.016887816646562123,0.7834394904458599
Costcla Direct Marketing,LDA,6,split,1.0,9.159163157989012,9.159163157989012,986,DKW sum (uncosted),948.42801821,0.28950542822677927,0.40764331210191085
Costcla Direct Marketing,LDA,6,split,1.0,9.159163157989012,9.159163157989012,986,CP minimax (uncosted),865.7957898675,0.436670687575392,0.28662420382165604
Costcla Direct Marketing,LDA,6,split,1.0,9.159163157989012,9.159163157989012,986,DKW minimax (uncosted),864.7957898675,0.43546441495778043,0.28662420382165604
Costcla Direct Marketing,LDA,6,split,1.0,9.159163157989012,9.159163157989012,986,CP sum (costed),964.8978122149999,0.9396863691194209,0.025477707006369428
Costcla Direct Marketing,LDA,6,split,1.0,9.159163157989012,9.159163157989012,986,DKW sum (costed),964.8978122149999,0.9396863691194209,0.025477707006369428
Costcla Direct Marketing,LDA,6,split,1.0,9.159163157989012,9.159163157989012,986,CP minimax (costed),984.19349835,0.9843184559710495,0.006369426751592357
Costcla Direct Marketing,LDA,6,split,1.0,9.159163157989012,9.159163157989012,986,DKW minimax (costed),984.19349835,0.9843184559710495,0.006369426751592357
Costcla Direct Marketing,LDA,6,split,1.0,9.159163157989012,9.159163157989012,986,CP sum (prior-costed),948.42801821,0.28950542822677927,0.40764331210191085
Costcla Direct Marketing,LDA,6,split,1.0,9.159163157989012,9.159163157989012,986,DKW sum (prior-costed),948.42801821,0.28950542822677927,0.40764331210191085
Costcla Direct Marketing,LDA,6,split,1.0,9.159163157989012,9.159163157989012,986,CP minimax (prior-costed),861.0970007875001,0.5223160434258143,0.25477707006369427
Costcla Direct Marketing,LDA,6,split,1.0,9.159163157989012,9.159163157989012,986,DKW minimax (prior-costed),896.3941263675,0.49819059107358266,0.267515923566879
Costcla Direct Marketing,LDA,6,split,1.0,9.159163157989012,9.159163157989012,986,Oracle (test),830.5583655875,0.7454764776839565,0.11464968152866242
Costcla Direct Marketing,LDA,7,naive,1.0,8.864959242648352,8.864959242648352,986,Baseline,1380.6368217,0.010856453558504222,0.7961783439490446
Costcla Direct Marketing,LDA,7,naive,1.0,8.864959242648352,8.864959242648352,986,Threshold (cost),1204.5635807874999,0.20868516284680338,0.5222929936305732
Costcla Direct Marketing,LDA,7,naive,1.0,8.864959242648352,8.864959242648352,986,CP sum (uncosted),1204.5635807874999,0.20868516284680338,0.5222929936305732
Costcla Direct Marketing,LDA,7,naive,1.0,8.864959242648352,8.864959242648352,986,DKW sum (uncosted),1204.5635807874999,0.20868516284680338,0.5222929936305732
Costcla Direct Marketing,LDA,7,naive,1.0,8.864959242648352,8.864959242648352,986,CP minimax (uncosted),838.199391245,0.3546441495778046,0.37579617834394907
Costcla Direct Marketing,LDA,7,naive,1.0,8.864959242648352,8.864959242648352,986,DKW minimax (uncosted),826.199391245,0.3401688781664656,0.37579617834394907
Costcla Direct Marketing,LDA,7,naive,1.0,8.864959242648352,8.864959242648352,986,CP sum (costed),975.0384080575,0.985524728588661,0.006369426751592357
Costcla Direct Marketing,LDA,7,naive,1.0,8.864959242648352,8.864959242648352,986,DKW sum (costed),975.0384080575,0.985524728588661,0.006369426751592357
Costcla Direct Marketing,LDA,7,naive,1.0,8.864959242648352,8.864959242648352,986,CP minimax (costed),983.0384080575,0.9951749095295537,0.006369426751592357
Costcla Direct Marketing,LDA,7,naive,1.0,8.864959242648352,8.864959242648352,986,DKW minimax (costed),983.0384080575,0.9951749095295537,0.006369426751592357
Costcla Direct Marketing,LDA,7,naive,1.0,8.864959242648352,8.864959242648352,986,CP sum (prior-costed),1152.3422255175,0.24246079613992763,0.49044585987261147
Costcla Direct Marketing,LDA,7,naive,1.0,8.864959242648352,8.864959242648352,986,DKW sum (prior-costed),1152.3422255175,0.24246079613992763,0.49044585987261147
Costcla Direct Marketing,LDA,7,naive,1.0,8.864959242648352,8.864959242648352,986,CP minimax (prior-costed),873.741496855,0.436670687575392,0.3057324840764331
Costcla Direct Marketing,LDA,7,naive,1.0,8.864959242648352,8.864959242648352,986,DKW minimax (prior-costed),860.7675882475,0.41978287092882993,0.31210191082802546
Costcla Direct Marketing,LDA,7,naive,1.0,8.864959242648352,8.864959242648352,986,Oracle (test),792.76003941,0.28950542822677927,0.40764331210191085
Costcla Direct Marketing,LDA,7,split,1.0,8.864959242648352,8.864959242648352,986,Baseline,1374.6286393149999,0.010856453558504222,0.7898089171974523
Costcla Direct Marketing,LDA,7,split,1.0,8.864959242648352,8.864959242648352,986,Threshold (cost),994.5746931225001,0.7478890229191797,0.14012738853503184
Costcla Direct Marketing,LDA,7,split,1.0,8.864959242648352,8.864959242648352,986,CP sum (uncosted),1362.41642606,0.021712907117008445,0.7579617834394905
Costcla Direct Marketing,LDA,7,split,1.0,8.864959242648352,8.864959242648352,986,DKW sum (uncosted),1362.41642606,0.021712907117008445,0.7579617834394905
Costcla Direct Marketing,LDA,7,split,1.0,8.864959242648352,8.864959242648352,986,CP minimax (uncosted),907.59287236,0.41133896260554886,0.3248407643312102
Costcla Direct Marketing,LDA,7,split,1.0,8.864959242648352,8.864959242648352,986,DKW minimax (uncosted),912.7678957125,0.4041013268998794,0.33121019108280253
Costcla Direct Marketing,LDA,7,split,1.0,8.864959242648352,8.864959242648352,986,CP sum (costed),984.0,0.9975874547647768,0.0
Costcla Direct Marketing,LDA,7,split,1.0,8.864959242648352,8.864959242648352,986,DKW sum (costed),984.0,0.9975874547647768,0.0
Costcla Direct Marketing,LDA,7,split,1.0,8.864959242648352,8.864959242648352,986,CP minimax (costed),984.0,0.9975874547647768,0.0
Costcla Direct Marketing,LDA,7,split,1.0,8.864959242648352,8.864959242648352,986,DKW minimax (costed),984.0,0.9975874547647768,0.0
Costcla Direct Marketing,LDA,7,split,1.0,8.864959242648352,8.864959242648352,986,CP sum (prior-costed),1362.41642606,0.021712907117008445,0.7579617834394905
Costcla Direct Marketing,LDA,7,split,1.0,8.864959242648352,8.864959242648352,986,DKW sum (prior-costed),890.0627573325,0.33896260554885405,0.37579617834394907
Costcla Direct Marketing,LDA,7,split,1.0,8.864959242648352,8.864959242648352,986,CP minimax (prior-costed),929.6223969275001,0.5669481302774427,0.21656050955414013
Costcla Direct Marketing,LDA,7,split,1.0,8.864959242648352,8.864959242648352,986,DKW minimax (prior-costed),925.135457785,0.44752714113389624,0.3057324840764331
Costcla Direct Marketing,LDA,7,split,1.0,8.864959242648352,8.864959242648352,986,Oracle (test),843.48346182,0.25814234016887816,0.4394904458598726
Costcla Direct Marketing,LDA,8,naive,1.0,9.14349734746978,9.14349734746978,986,Baseline,1344.1050273199999,0.015681544028950542,0.7834394904458599
Costcla Direct Marketing,LDA,8,naive,1.0,9.14349734746978,9.14349734746978,986,Threshold (cost),1375.6583362325,0.1881785283474065,0.6560509554140127
Costcla Direct Marketing,LDA,8,naive,1.0,9.14349734746978,9.14349734746978,986,CP sum (uncosted),1364.7654641949998,0.19903498190591074,0.643312101910828
Costcla Direct Marketing,LDA,8,naive,1.0,9.14349734746978,9.14349734746978,986,DKW sum (uncosted),1364.7654641949998,0.19903498190591074,0.643312101910828
Costcla Direct Marketing,LDA,8,naive,1.0,9.14349734746978,9.14349734746978,986,CP minimax (uncosted),1256.242972475,0.4077201447527141,0.4267515923566879
Costcla Direct Marketing,LDA,8,naive,1.0,9.14349734746978,9.14349734746978,986,DKW minimax (uncosted),1253.242972475,0.4041013268998794,0.4267515923566879
Costcla Direct Marketing,LDA,8,naive,1.0,9.14349734746978,9.14349734746978,986,CP sum (costed),1026.0287489925,0.9734620024125452,0.044585987261146494
Costcla Direct Marketing,LDA,8,naive,1.0,9.14349734746978,9.14349734746978,986,DKW sum (costed),1026.0287489925,0.9734620024125452,0.044585987261146494
Costcla Direct Marketing,LDA,8,naive,1.0,9.14349734746978,9.14349734746978,986,CP minimax (costed),986.0,1.0,0.0
Costcla Direct Marketing,LDA,8,naive,1.0,9.14349734746978,9.14349734746978,986,DKW minimax (costed),986.0,1.0,0.0
Costcla Direct Marketing,LDA,8,naive,1.0,9.14349734746978,9.14349734746978,986,CP sum (prior-costed),1215.70791727,0.32448733413751507,0.5095541401273885
Costcla Direct Marketing,LDA,8,naive,1.0,9.14349734746978,9.14349734746978,986,DKW sum (prior-costed),1215.70791727,0.32448733413751507,0.5095541401273885
Costcla Direct Marketing,LDA,8,naive,1.0,9.14349734746978,9.14349734746978,986,CP minimax (prior-costed),1207.7974995425,0.5018094089264173,0.3503184713375796
Costcla Direct Marketing,LDA,8,naive,1.0,9.14349734746978,9.14349734746978,986,DKW minimax (prior-costed),1233.5448355600001,0.48492159227985526,0.3630573248407643
Costcla Direct Marketing,LDA,8,naive,1.0,9.14349734746978,9.14349734746978,986,Oracle (test),944.06885502,0.8612786489746683,0.09554140127388536
Costcla Direct Marketing,LDA,8,split,1.0,9.14349734746978,9.14349734746978,986,Baseline,1348.1050273199999,0.020506634499396863,0.7834394904458599
Costcla Direct Marketing,LDA,8,split,1.0,9.14349734746978,9.14349734746978,986,Threshold (cost),994.8518553199999,0.9191797346200241,0.06369426751592357
Costcla Direct Marketing,LDA,8,split,1.0,9.14349734746978,9.14349734746978,986,CP sum (uncosted),1608.8501110825,0.0012062726176115801,1.0
Costcla Direct Marketing,LDA,8,split,1.0,9.14349734746978,9.14349734746978,986,DKW sum (uncosted),1608.8501110825,0.0012062726176115801,1.0
Costcla Direct Marketing,LDA,8,split,1.0,9.14349734746978,9.14349734746978,986,CP minimax (uncosted),1249.0540206625,0.46079613992762364,0.4585987261146497
Costcla Direct Marketing,LDA,8,split,1.0,9.14349734746978,9.14349734746978,986,DKW minimax (uncosted),1242.671877965,0.44632086851628466,0.47770700636942676
Costcla Direct Marketing,LDA,8,split,1.0,9.14349734746978,9.14349734746978,986,CP sum (costed),1016.1014308275,0.9469240048250904,0.044585987261146494
Costcla Direct Marketing,LDA,8,split,1.0,9.14349734746978,9.14349734746978,986,DKW sum (costed),1016.1014308275,0.9469240048250904,0.044585987261146494
Costcla Direct Marketing,LDA,8,split,1.0,9.14349734746978,9.14349734746978,986,CP minimax (costed),979.0,0.991556091676719,0.0
Costcla Direct Marketing,LDA,8,split,1.0,9.14349734746978,9.14349734746978,986,DKW minimax (costed),979.0,0.991556091676719,0.0
Costcla Direct Marketing,LDA,8,split,1.0,9.14349734746978,9.14349734746978,986,CP sum (prior-costed),1016.1014308275,0.9469240048250904,0.044585987261146494
Costcla Direct Marketing,LDA,8,split,1.0,9.14349734746978,9.14349734746978,986,DKW sum (prior-costed),1238.4029353875,0.43546441495778043,0.49044585987261147
Costcla Direct Marketing,LDA,8,split,1.0,9.14349734746978,9.14349734746978,986,CP minimax (prior-costed),1248.9594865075,0.5850422195416164,0.34394904458598724
Costcla Direct Marketing,LDA,8,split,1.0,9.14349734746978,9.14349734746978,986,DKW minimax (prior-costed),1218.76444392,0.5428226779252111,0.35668789808917195
Costcla Direct Marketing,LDA,8,split,1.0,9.14349734746978,9.14349734746978,986,Oracle (test),958.1691911025,0.9638118214716526,0.01910828025477707
Costcla Direct Marketing,LDA,9,naive,1.0,9.517139567228023,9.517139567228023,986,Baseline,1329.544379155,0.014475271411338963,0.802547770700637
Costcla Direct Marketing,LDA,9,naive,1.0,9.517139567228023,9.517139567228023,986,Threshold (cost),1013.1176466575,0.255729794933655,0.4585987261146497
Costcla Direct Marketing,LDA,9,naive,1.0,9.517139567228023,9.517139567228023,986,CP sum (uncosted),1031.485122555,0.28347406513872137,0.4394904458598726
Costcla Direct Marketing,LDA,9,naive,1.0,9.517139567228023,9.517139567228023,986,DKW sum (uncosted),1031.485122555,0.28347406513872137,0.4394904458598726
Costcla Direct Marketing,LDA,9,naive,1.0,9.517139567228023,9.517139567228023,986,CP minimax (uncosted),929.678744315,0.3486127864897467,0.40764331210191085
Costcla Direct Marketing,LDA,9,naive,1.0,9.517139567228023,9.517139567228023,986,DKW minimax (uncosted),923.678744315,0.3413751507840772,0.40764331210191085
Costcla Direct Marketing,LDA,9,naive,1.0,9.517139567228023,9.517139567228023,986,CP sum (costed),1010.5309512475001,0.8347406513872135,0.11464968152866242
Costcla Direct Marketing,LDA,9,naive,1.0,9.517139567228023,9.517139567228023,986,DKW sum (costed),1010.5309512475001,0.8347406513872135,0.11464968152866242
Costcla Direct Marketing,LDA,9,naive,1.0,9.517139567228023,9.517139567228023,986,CP minimax (costed),981.7691393975,0.97708082026538,0.01910828025477707
Costcla Direct Marketing,LDA,9,naive,1.0,9.517139567228023,9.517139567228023,986,DKW minimax (costed),981.7691393975,0.97708082026538,0.01910828025477707
Costcla Direct Marketing,LDA,9,naive,1.0,9.517139567228023,9.517139567228023,986,CP sum (prior-costed),894.3837289625001,0.3835946924004825,0.35668789808917195
Costcla Direct Marketing,LDA,9,naive,1.0,9.517139567228023,9.517139567228023,986,DKW sum (prior-costed),894.3837289625001,0.3835946924004825,0.35668789808917195
Costcla Direct Marketing,LDA,9,naive,1.0,9.517139567228023,9.517139567228023,986,CP minimax (prior-costed),917.6407671325001,0.4451145958986731,0.2929936305732484
Costcla Direct Marketing,LDA,9,naive,1.0,9.517139567228023,9.517139567228023,986,DKW minimax (prior-costed),885.6811992425,0.4016887816646562,0.3248407643312102
Costcla Direct Marketing,LDA,9,naive,1.0,9.517139567228023,9.517139567228023,986,Oracle (test),881.1337294924999,0.6417370325693607,0.18471337579617833
Costcla Direct Marketing,LDA,9,split,1.0,9.517139567228023,9.517139567228023,986,Baseline,1331.544379155,0.016887816646562123,0.7961783439490446
Costcla Direct Marketing,LDA,9,split,1.0,9.517139567228023,9.517139567228023,986,Threshold (cost),1335.9865795575,0.09047044632086852,0.7197452229299363
Costcla Direct Marketing,LDA,9,split,1.0,9.517139567228023,9.517139567228023,986,CP sum (uncosted),1323.6633439675,0.06031363088057901,0.7579617834394905
Costcla Direct Marketing,LDA,9,split,1.0,9.517139567228023,9.517139567228023,986,DKW sum (uncosted),1323.6633439675,0.06031363088057901,0.7579617834394905
Costcla Direct Marketing,LDA,9,split,1.0,9.517139567228023,9.517139567228023,986,CP minimax (uncosted),1024.417744215,0.4559710494571773,0.35668789808917195
Costcla Direct Marketing,LDA,9,split,1.0,9.517139567228023,9.517139567228023,986,DKW minimax (uncosted),1033.065175025,0.4451145958986731,0.3630573248407643
Costcla Direct Marketing,LDA,9,split,1.0,9.517139567228023,9.517139567228023,986,CP sum (costed),961.27889049,0.8962605548854041,0.07006369426751592
Costcla Direct Marketing,LDA,9,split,1.0,9.517139567228023,9.517139567228023,986,DKW sum (costed),961.27889049,0.8962605548854041,0.07006369426751592
Costcla Direct Marketing,LDA,9,split,1.0,9.517139567228023,9.517139567228023,986,CP minimax (costed),985.7691393975,0.9819059107358263,0.01910828025477707
Costcla Direct Marketing,LDA,9,split,1.0,9.517139567228023,9.517139567228023,986,DKW minimax (costed),985.7691393975,0.9819059107358263,0.01910828025477707
Costcla Direct Marketing,LDA,9,split,1.0,9.517139567228023,9.517139567228023,986,CP sum (prior-costed),961.27889049,0.8962605548854041,0.07006369426751592
Costcla Direct Marketing,LDA,9,split,1.0,9.517139567228023,9.517139567228023,986,DKW sum (prior-costed),1047.417744215,0.4837153196622437,0.35668789808917195
Costcla Direct Marketing,LDA,9,split,1.0,9.517139567228023,9.517139567228023,986,CP minimax (prior-costed),922.425004205,0.5585042219541616,0.2929936305732484
Costcla Direct Marketing,LDA,9,split,1.0,9.517139567228023,9.517139567228023,986,DKW minimax (prior-costed),1050.5753569925,0.5235223160434258,0.3375796178343949
Costcla Direct Marketing,LDA,9,split,1.0,9.517139567228023,9.517139567228023,986,Oracle (test),859.593820285,0.6188178528347407,0.24203821656050956
Costcla Direct Marketing,RandomForest,0,naive,1.0,8.683044449225276,8.683044449225276,986,Baseline,1546.30649847,0.016887816646562123,0.9171974522292994
Costcla Direct Marketing,RandomForest,0,naive,1.0,8.683044449225276,8.683044449225276,986,Threshold (cost),1492.0232337925,0.031363088057901084,0.8471337579617835
Costcla Direct Marketing,RandomForest,0,naive,1.0,8.683044449225276,8.683044449225276,986,CP sum (uncosted),1492.0232337925,0.031363088057901084,0.8471337579617835
Costcla Direct Marketing,RandomForest,0,naive,1.0,8.683044449225276,8.683044449225276,986,DKW sum (uncosted),1492.0232337925,0.031363088057901084,0.8471337579617835
Costcla Direct Marketing,RandomForest,0,naive,1.0,8.683044449225276,8.683044449225276,986,CP minimax (uncosted),1256.5118405825,0.07720144752714113,0.6687898089171974
Costcla Direct Marketing,RandomForest,0,naive,1.0,8.683044449225276,8.683044449225276,986,DKW minimax (uncosted),1238.3488939875,0.08323281061519903,0.6560509554140127
Costcla Direct Marketing,RandomForest,0,naive,1.0,8.683044449225276,8.683044449225276,986,CP sum (costed),1492.0232337925,0.031363088057901084,0.8471337579617835
Costcla Direct Marketing,RandomForest,0,naive,1.0,8.683044449225276,8.683044449225276,986,DKW sum (costed),1492.0232337925,0.031363088057901084,0.8471337579617835
Costcla Direct Marketing,RandomForest,0,naive,1.0,8.683044449225276,8.683044449225276,986,CP minimax (costed),1203.9550192325,0.11338962605548854,0.6114649681528662
Costcla Direct Marketing,RandomForest,0,naive,1.0,8.683044449225276,8.683044449225276,986,DKW minimax (costed),1193.4577385374998,0.12062726176115803,0.5923566878980892
Costcla Direct Marketing,RandomForest,0,naive,1.0,8.683044449225276,8.683044449225276,986,CP sum (prior-costed),1492.0232337925,0.031363088057901084,0.8471337579617835
Costcla Direct Marketing,RandomForest,0,naive,1.0,8.683044449225276,8.683044449225276,986,DKW sum (prior-costed),1492.0232337925,0.031363088057901084,0.8471337579617835
Costcla Direct Marketing,RandomForest,0,naive,1.0,8.683044449225276,8.683044449225276,986,CP minimax (prior-costed),1237.3488939875,0.08202653799758745,0.6560509554140127
Costcla Direct Marketing,RandomForest,0,naive,1.0,8.683044449225276,8.683044449225276,986,DKW minimax (prior-costed),1241.3488939875,0.08685162846803378,0.6560509554140127
Costcla Direct Marketing,RandomForest,0,naive,1.0,8.683044449225276,8.683044449225276,986,Oracle (test),934.1308064550001,0.31242460796139926,0.42038216560509556
Costcla Direct Marketing,RandomForest,0,split,1.0,8.683044449225276,8.683044449225276,986,Baseline,1504.50843773,0.016887816646562123,0.8980891719745223
Costcla Direct Marketing,RandomForest,0,split,1.0,8.683044449225276,8.683044449225276,986,Threshold (cost),1061.2185487299998,0.3944511459589867,0.37579617834394907
Costcla Direct Marketing,RandomForest,0,split,1.0,8.683044449225276,8.683044449225276,986,CP sum (uncosted),1555.81609583,0.009650180940892641,0.9490445859872612
Costcla Direct Marketing,RandomForest,0,split,1.0,8.683044449225276,8.683044449225276,986,DKW sum (uncosted),1555.81609583,0.009650180940892641,0.9490445859872612
Costcla Direct Marketing,RandomForest,0,split,1.0,8.683044449225276,8.683044449225276,986,CP minimax (uncosted),1001.2045037725,0.5681544028950543,0.2484076433121019
Costcla Direct Marketing,RandomForest,0,split,1.0,8.683044449225276,8.683044449225276,986,DKW minimax (uncosted),1001.2045037725,0.5681544028950543,0.2484076433121019
Costcla Direct Marketing,RandomForest,0,split,1.0,8.683044449225276,8.683044449225276,986,CP sum (costed),986.0,1.0,0.0
Costcla Direct Marketing,RandomForest,0,split,1.0,8.683044449225276,8.683044449225276,986,DKW sum (costed),986.0,1.0,0.0
Costcla Direct Marketing,RandomForest,0,split,1.0,8.683044449225276,8.683044449225276,986,CP minimax (costed),986.0,1.0,0.0
Costcla Direct Marketing,RandomForest,0,split,1.0,8.683044449225276,8.683044449225276,986,DKW minimax (costed),986.0,1.0,0.0
Costcla Direct Marketing,RandomForest,0,split,1.0,8.683044449225276,8.683044449225276,986,CP sum (prior-costed),1555.81609583,0.009650180940892641,0.9490445859872612
Costcla Direct Marketing,RandomForest,0,split,1.0,8.683044449225276,8.683044449225276,986,DKW sum (prior-costed),986.0,1.0,0.0
Costcla Direct Marketing,RandomForest,0,split,1.0,8.683044449225276,8.683044449225276,986,CP minimax (prior-costed),1027.6376297175,0.6718938480096501,0.17834394904458598
Costcla Direct Marketing,RandomForest,0,split,1.0,8.683044449225276,8.683044449225276,986,DKW minimax (prior-costed),1027.6376297175,0.6718938480096501,0.17834394904458598
Costcla Direct Marketing,RandomForest,0,split,1.0,8.683044449225276,8.683044449225276,986,Oracle (test),1001.2045037725,0.5681544028950543,0.2484076433121019
Costcla Direct Marketing,RandomForest,1,naive,1.0,8.828238358892856,8.828238358892856,986,Baseline,1450.705762895,0.026537997587454766,0.8598726114649682
Costcla Direct Marketing,RandomForest,1,naive,1.0,8.828238358892856,8.828238358892856,986,Threshold (cost),1392.6166487324997,0.04221954161640531,0.7961783439490446
Costcla Direct Marketing,RandomForest,1,naive,1.0,8.828238358892856,8.828238358892856,986,CP sum (uncosted),1392.6166487324997,0.04221954161640531,0.7961783439490446
Costcla Direct Marketing,RandomForest,1,naive,1.0,8.828238358892856,8.828238358892856,986,DKW sum (uncosted),1392.6166487324997,0.04221954161640531,0.7961783439490446
Costcla Direct Marketing,RandomForest,1,naive,1.0,8.828238358892856,8.828238358892856,986,CP minimax (uncosted),1265.5886566975,0.0856453558504222,0.6560509554140127
Costcla Direct Marketing,RandomForest,1,naive,1.0,8.828238358892856,8.828238358892856,986,DKW minimax (uncosted),1266.2162406225,0.09047044632086852,0.6496815286624203
Costcla Direct Marketing,RandomForest,1,naive,1.0,8.828238358892856,8.828238358892856,986,CP sum (costed),1392.6166487324997,0.04221954161640531,0.7961783439490446
Costcla Direct Marketing,RandomForest,1,naive,1.0,8.828238358892856,8.828238358892856,986,DKW sum (costed),1392.6166487324997,0.04221954161640531,0.7961783439490446
Costcla Direct Marketing,RandomForest,1,naive,1.0,8.828238358892856,8.828238358892856,986,CP minimax (costed),1277.6186424625,0.11700844390832328,0.6242038216560509
Costcla Direct Marketing,RandomForest,1,naive,1.0,8.828238358892856,8.828238358892856,986,DKW minimax (costed),1279.0344929475,0.1218335343787696,0.6178343949044586
Costcla Direct Marketing,RandomForest,1,naive,1.0,8.828238358892856,8.828238358892856,986,CP sum (prior-costed),1392.6166487324997,0.04221954161640531,0.7961783439490446
Costcla Direct Marketing,RandomForest,1,naive,1.0,8.828238358892856,8.828238358892856,986,DKW sum (prior-costed),1392.6166487324997,0.04221954161640531,0.7961783439490446
Costcla Direct Marketing,RandomForest,1,naive,1.0,8.828238358892856,8.828238358892856,986,CP minimax (prior-costed),1267.5886566975,0.08805790108564536,0.6560509554140127
Costcla Direct Marketing,RandomForest,1,naive,1.0,8.828238358892856,8.828238358892856,986,DKW minimax (prior-costed),1276.1754824299999,0.10253317249698432,0.643312101910828
Costcla Direct Marketing,RandomForest,1,naive,1.0,8.828238358892856,8.828238358892856,986,Oracle (test),971.8074916025,0.7117008443908324,0.18471337579617833
Costcla Direct Marketing,RandomForest,1,split,1.0,8.828238358892856,8.828238358892856,986,Baseline,1464.1646355325,0.024125452352231604,0.8980891719745223
Costcla Direct Marketing,RandomForest,1,split,1.0,8.828238358892856,8.828238358892856,986,Threshold (cost),979.81769804,0.7080820265379976,0.1910828025477707
Costcla Direct Marketing,RandomForest,1,split,1.0,8.828238358892856,8.828238358892856,986,CP sum (uncosted),1156.3222062824998,0.2255729794933655,0.5222929936305732
Costcla Direct Marketing,RandomForest,1,split,1.0,8.828238358892856,8.828238358892856,986,DKW sum (uncosted),1156.3222062824998,0.2255729794933655,0.5222929936305732
Costcla Direct Marketing,RandomForest,1,split,1.0,8.828238358892856,8.828238358892856,986,CP minimax (uncosted),976.718216795,0.4499396863691194,0.35668789808917195
Costcla Direct Marketing,RandomForest,1,split,1.0,8.828238358892856,8.828238358892856,986,DKW minimax (uncosted),1007.080801455,0.3594692400482509,0.4140127388535032
Costcla Direct Marketing,RandomForest,1,split,1.0,8.828238358892856,8.828238358892856,986,CP sum (costed),986.0,1.0,0.0
Costcla Direct Marketing,RandomForest,1,split,1.0,8.828238358892856,8.828238358892856,986,DKW sum (costed),986.0,1.0,0.0
Costcla Direct Marketing,RandomForest,1,split,1.0,8.828238358892856,8.828238358892856,986,CP minimax (costed),986.0,1.0,0.0
Costcla Direct Marketing,RandomForest,1,split,1.0,8.828238358892856,8.828238358892856,986,DKW minimax (costed),986.0,1.0,0.0
Costcla Direct Marketing,RandomForest,1,split,1.0,8.828238358892856,8.828238358892856,986,CP sum (prior-costed),1156.3222062824998,0.2255729794933655,0.5222929936305732
Costcla Direct Marketing,RandomForest,1,split,1.0,8.828238358892856,8.828238358892856,986,DKW sum (prior-costed),1156.3222062824998,0.2255729794933655,0.5222929936305732
Costcla Direct Marketing,RandomForest,1,split,1.0,8.828238358892856,8.828238358892856,986,CP minimax (prior-costed),986.91458233,0.5850422195416164,0.25477707006369427
Costcla Direct Marketing,RandomForest,1,split,1.0,8.828238358892856,8.828238358892856,986,DKW minimax (prior-costed),1000.017951035,0.4837153196622437,0.33121019108280253
Costcla Direct Marketing,RandomForest,1,split,1.0,8.828238358892856,8.828238358892856,986,Oracle (test),943.849947765,0.6634499396863691,0.21019108280254778
Costcla Direct Marketing,RandomForest,2,naive,1.0,9.396140350601648,9.396140350601648,986,Baseline,1521.75176873,0.019300361881785282,0.89171974522293
Costcla Direct Marketing,RandomForest,2,naive,1.0,9.396140350601648,9.396140350601648,986,Threshold (cost),1417.3572604275,0.030156815440289506,0.8152866242038217
Costcla Direct Marketing,RandomForest,2,naive,1.0,9.396140350601648,9.396140350601648,986,CP sum (uncosted),1417.3572604275,0.030156815440289506,0.8152866242038217
Costcla Direct Marketing,RandomForest,2,naive,1.0,9.396140350601648,9.396140350601648,986,DKW sum (uncosted),1417.3572604275,0.030156815440289506,0.8152866242038217
Costcla Direct Marketing,RandomForest,2,naive,1.0,9.396140350601648,9.396140350601648,986,CP minimax (uncosted),1305.9447755600002,0.07840772014475271,0.643312101910828
Costcla Direct Marketing,RandomForest,2,naive,1.0,9.396140350601648,9.396140350601648,986,DKW minimax (uncosted),1303.7518432,0.08202653799758745,0.6242038216560509
Costcla Direct Marketing,RandomForest,2,naive,1.0,9.396140350601648,9.396140350601648,986,CP sum (costed),1417.3572604275,0.030156815440289506,0.8152866242038217
Costcla Direct Marketing,RandomForest,2,naive,1.0,9.396140350601648,9.396140350601648,986,DKW sum (costed),1417.3572604275,0.030156815440289506,0.8152866242038217
Costcla Direct Marketing,RandomForest,2,naive,1.0,9.396140350601648,9.396140350601648,986,CP minimax (costed),1316.5821722824999,0.1278648974668275,0.5923566878980892
Costcla Direct Marketing,RandomForest,2,naive,1.0,9.396140350601648,9.396140350601648,986,DKW minimax (costed),1316.5821722824999,0.1278648974668275,0.5923566878980892
Costcla Direct Marketing,RandomForest,2,naive,1.0,9.396140350601648,9.396140350601648,986,CP sum (prior-costed),1417.3572604275,0.030156815440289506,0.8152866242038217
Costcla Direct Marketing,RandomForest,2,naive,1.0,9.396140350601648,9.396140350601648,986,DKW sum (prior-costed),1417.3572604275,0.030156815440289506,0.8152866242038217
Costcla Direct Marketing,RandomForest,2,naive,1.0,9.396140350601648,9.396140350601648,986,CP minimax (prior-costed),1303.7518432,0.08202653799758745,0.6242038216560509
Costcla Direct Marketing,RandomForest,2,naive,1.0,9.396140350601648,9.396140350601648,986,DKW minimax (prior-costed),1293.6965043825,0.09167671893848009,0.6050955414012739
Costcla Direct Marketing,RandomForest,2,naive,1.0,9.396140350601648,9.396140350601648,986,Oracle (test),892.0662277425,0.6441495778045838,0.18471337579617833
Costcla Direct Marketing,RandomForest,2,split,1.0,9.396140350601648,9.396140350601648,986,Baseline,1597.1487995174998,0.016887816646562123,0.910828025477707
Costcla Direct Marketing,RandomForest,2,split,1.0,9.396140350601648,9.396140350601648,986,Threshold (cost),1320.3158197475,0.11459589867310012,0.6178343949044586
Costcla Direct Marketing,RandomForest,2,split,1.0,9.396140350601648,9.396140350601648,986,CP sum (uncosted),1695.6773330724998,0.0012062726176115801,0.9936305732484076
Costcla Direct Marketing,RandomForest,2,split,1.0,9.396140350601648,9.396140350601648,986,DKW sum (uncosted),1053.5952224950001,0.571773220747889,0.20382165605095542
Costcla Direct Marketing,RandomForest,2,split,1.0,9.396140350601648,9.396140350601648,986,CP minimax (uncosted),1250.1048501774999,0.5404101326899879,0.2484076433121019
Costcla Direct Marketing,RandomForest,2,split,1.0,9.396140350601648,9.396140350601648,986,DKW minimax (uncosted),1248.4736117875,0.4969843184559711,0.267515923566879
Costcla Direct Marketing,RandomForest,2,split,1.0,9.396140350601648,9.396140350601648,986,CP sum (costed),986.0,1.0,0.0
Costcla Direct Marketing,RandomForest,2,split,1.0,9.396140350601648,9.396140350601648,986,DKW sum (costed),986.0,1.0,0.0
Costcla Direct Marketing,RandomForest,2,split,1.0,9.396140350601648,9.396140350601648,986,CP minimax (costed),986.0,1.0,0.0
Costcla Direct Marketing,RandomForest,2,split,1.0,9.396140350601648,9.396140350601648,986,DKW minimax (costed),986.0,1.0,0.0
Costcla Direct Marketing,RandomForest,2,split,1.0,9.396140350601648,9.396140350601648,986,CP sum (prior-costed),1053.5952224950001,0.571773220747889,0.20382165605095542
Costcla Direct Marketing,RandomForest,2,split,1.0,9.396140350601648,9.396140350601648,986,DKW sum (prior-costed),1053.5952224950001,0.571773220747889,0.20382165605095542
Costcla Direct Marketing,RandomForest,2,split,1.0,9.396140350601648,9.396140350601648,986,CP minimax (prior-costed),1053.5952224950001,0.571773220747889,0.20382165605095542
Costcla Direct Marketing,RandomForest,2,split,1.0,9.396140350601648,9.396140350601648,986,DKW minimax (prior-costed),1053.5952224950001,0.571773220747889,0.20382165605095542
Costcla Direct Marketing,RandomForest,2,split,1.0,9.396140350601648,9.396140350601648,986,Oracle (test),944.6391739549999,0.5995174909529554,0.18471337579617833
Costcla Direct Marketing,RandomForest,3,naive,1.0,9.274169305876374,9.274169305876374,986,Baseline,1385.335869305,0.013268998793727383,0.910828025477707
Costcla Direct Marketing,RandomForest,3,naive,1.0,9.274169305876374,9.274169305876374,986,Threshold (cost),1295.8767753775,0.024125452352231604,0.8471337579617835
Costcla Direct Marketing,RandomForest,3,naive,1.0,9.274169305876374,9.274169305876374,986,CP sum (uncosted),1295.8767753775,0.024125452352231604,0.8471337579617835
Costcla Direct Marketing,RandomForest,3,naive,1.0,9.274169305876374,9.274169305876374,986,DKW sum (uncosted),1295.8767753775,0.024125452352231604,0.8471337579617835
Costcla Direct Marketing,RandomForest,3,naive,1.0,9.274169305876374,9.274169305876374,986,CP minimax (uncosted),1127.3521548125,0.06031363088057901,0.7133757961783439
Costcla Direct Marketing,RandomForest,3,naive,1.0,9.274169305876374,9.274169305876374,986,DKW minimax (uncosted),1134.3521548125,0.06875753920386007,0.7133757961783439
Costcla Direct Marketing,RandomForest,3,naive,1.0,9.274169305876374,9.274169305876374,986,CP sum (costed),1295.8767753775,0.024125452352231604,0.8471337579617835
Costcla Direct Marketing,RandomForest,3,naive,1.0,9.274169305876374,9.274169305876374,986,DKW sum (costed),1295.8767753775,0.024125452352231604,0.8471337579617835
Costcla Direct Marketing,RandomForest,3,naive,1.0,9.274169305876374,9.274169305876374,986,CP minimax (costed),1107.7585371999999,0.09650180940892641,0.6815286624203821
Costcla Direct Marketing,RandomForest,3,naive,1.0,9.274169305876374,9.274169305876374,986,DKW minimax (costed),1107.7585371999999,0.09650180940892641,0.6815286624203821
Costcla Direct Marketing,RandomForest,3,naive,1.0,9.274169305876374,9.274169305876374,986,CP sum (prior-costed),1295.8767753775,0.024125452352231604,0.8471337579617835
Costcla Direct Marketing,RandomForest,3,naive,1.0,9.274169305876374,9.274169305876374,986,DKW sum (prior-costed),1295.8767753775,0.024125452352231604,0.8471337579617835
Costcla Direct Marketing,RandomForest,3,naive,1.0,9.274169305876374,9.274169305876374,986,CP minimax (prior-costed),1134.3521548125,0.06875753920386007,0.7133757961783439
Costcla Direct Marketing,RandomForest,3,naive,1.0,9.274169305876374,9.274169305876374,986,DKW minimax (prior-costed),1136.7680052975,0.07478890229191798,0.7070063694267515
Costcla Direct Marketing,RandomForest,3,naive,1.0,9.274169305876374,9.274169305876374,986,Oracle (test),907.9425323375,0.8335343787696019,0.08917197452229299
Costcla Direct Marketing,RandomForest,3,split,1.0,9.274169305876374,9.274169305876374,986,Baseline,1429.9430217375,0.015681544028950542,0.9044585987261147
Costcla Direct Marketing,RandomForest,3,split,1.0,9.274169305876374,9.274169305876374,986,Threshold (cost),1073.0867012625,0.3691194209891435,0.4585987261146497
Costcla Direct Marketing,RandomForest,3,split,1.0,9.274169305876374,9.274169305876374,986,CP sum (uncosted),1165.0803636675,0.04101326899879373,0.7388535031847133
Costcla Direct Marketing,RandomForest,3,split,1.0,9.274169305876374,9.274169305876374,986,DKW sum (uncosted),1139.8081299424998,0.13630880579010857,0.6242038216560509
Costcla Direct Marketing,RandomForest,3,split,1.0,9.274169305876374,9.274169305876374,986,CP minimax (uncosted),1024.618723845,0.5621230398069964,0.31210191082802546
Costcla Direct Marketing,RandomForest,3,split,1.0,9.274169305876374,9.274169305876374,986,DKW minimax (uncosted),1014.8341793075,0.5295536791314838,0.3375796178343949
Costcla Direct Marketing,RandomForest,3,split,1.0,9.274169305876374,9.274169305876374,986,CP sum (costed),986.0,1.0,0.0
Costcla Direct Marketing,RandomForest,3,split,1.0,9.274169305876374,9.274169305876374,986,DKW sum (costed),986.0,1.0,0.0
Costcla Direct Marketing,RandomForest,3,split,1.0,9.274169305876374,9.274169305876374,986,CP minimax (costed),986.0,1.0,0.0
Costcla Direct Marketing,RandomForest,3,split,1.0,9.274169305876374,9.274169305876374,986,DKW minimax (costed),986.0,1.0,0.0
Costcla Direct Marketing,RandomForest,3,split,1.0,9.274169305876374,9.274169305876374,986,CP sum (prior-costed),1111.8462119175,0.09408926417370325,0.6496815286624203
Costcla Direct Marketing,RandomForest,3,split,1.0,9.274169305876374,9.274169305876374,986,DKW sum (prior-costed),1139.8081299424998,0.13630880579010857,0.6242038216560509
Costcla Direct Marketing,RandomForest,3,split,1.0,9.274169305876374,9.274169305876374,986,CP minimax (prior-costed),980.9093346875,0.6706875753920386,0.24203821656050956
Costcla Direct Marketing,RandomForest,3,split,1.0,9.274169305876374,9.274169305876374,986,DKW minimax (prior-costed),1027.8038860775,0.5983112183353438,0.2929936305732484
Costcla Direct Marketing,RandomForest,3,split,1.0,9.274169305876374,9.274169305876374,986,Oracle (test),942.2533278525,0.7080820265379976,0.2229299363057325
Costcla Direct Marketing,RandomForest,4,naive,1.0,8.822456776467034,8.822456776467034,986,Baseline,1622.7463115024996,0.009650180940892641,0.8980891719745223
Costcla Direct Marketing,RandomForest,4,naive,1.0,8.822456776467034,8.822456776467034,986,Threshold (cost),1530.596352355,0.025331724969843185,0.8152866242038217
Costcla Direct Marketing,RandomForest,4,naive,1.0,8.822456776467034,8.822456776467034,986,CP sum (uncosted),1530.596352355,0.025331724969843185,0.8152866242038217
Costcla Direct Marketing,RandomForest,4,naive,1.0,8.822456776467034,8.822456776467034,986,DKW sum (uncosted),1530.596352355,0.025331724969843185,0.8152866242038217
Costcla Direct Marketing,RandomForest,4,naive,1.0,8.822456776467034,8.822456776467034,986,CP minimax (uncosted),1432.1559057749998,0.07237635705669482,0.732484076433121
Costcla Direct Marketing,RandomForest,4,naive,1.0,8.822456776467034,8.822456776467034,986,DKW minimax (uncosted),1430.8436149625,0.07478890229191798,0.7133757961783439
Costcla Direct Marketing,RandomForest,4,naive,1.0,8.822456776467034,8.822456776467034,986,CP sum (costed),1530.596352355,0.025331724969843185,0.8152866242038217
Costcla Direct Marketing,RandomForest,4,naive,1.0,8.822456776467034,8.822456776467034,986,DKW sum (costed),1530.596352355,0.025331724969843185,0.8152866242038217
Costcla Direct Marketing,RandomForest,4,naive,1.0,8.822456776467034,8.822456776467034,986,CP minimax (costed),1398.6955075175,0.11097708082026538,0.6687898089171974
Costcla Direct Marketing,RandomForest,4,naive,1.0,8.822456776467034,8.822456776467034,986,DKW minimax (costed),1398.6955075175,0.11097708082026538,0.6687898089171974
Costcla Direct Marketing,RandomForest,4,naive,1.0,8.822456776467034,8.822456776467034,986,CP sum (prior-costed),1530.596352355,0.025331724969843185,0.8152866242038217
Costcla Direct Marketing,RandomForest,4,naive,1.0,8.822456776467034,8.822456776467034,986,DKW sum (prior-costed),1530.596352355,0.025331724969843185,0.8152866242038217
Costcla Direct Marketing,RandomForest,4,naive,1.0,8.822456776467034,8.822456776467034,986,CP minimax (prior-costed),1431.2353981075,0.07478890229191798,0.7197452229299363
Costcla Direct Marketing,RandomForest,4,naive,1.0,8.822456776467034,8.822456776467034,986,DKW minimax (prior-costed),1431.6175408049999,0.08082026537997587,0.7006369426751592
Costcla Direct Marketing,RandomForest,4,naive,1.0,8.822456776467034,8.822456776467034,986,Oracle (test),958.8247670625,0.7635705669481303,0.10191082802547771
Costcla Direct Marketing,RandomForest,4,split,1.0,8.822456776467034,8.822456776467034,986,Baseline,1651.8136409024999,0.009650180940892641,0.9044585987261147
Costcla Direct Marketing,RandomForest,4,split,1.0,8.822456776467034,8.822456776467034,986,Threshold (cost),1338.1482101175,0.3220747889022919,0.43312101910828027
Costcla Direct Marketing,RandomForest,4,split,1.0,8.822456776467034,8.822456776467034,986,CP sum (uncosted),1195.55367011,0.4427020506634499,0.3248407643312102
Costcla Direct Marketing,RandomForest,4,split,1.0,8.822456776467034,8.822456776467034,986,DKW sum (uncosted),1195.55367011,0.4427020506634499,0.3248407643312102
Costcla Direct Marketing,RandomForest,4,split,1.0,8.822456776467034,8.822456776467034,986,CP minimax (uncosted),1329.1278834175,0.36308805790108567,0.39490445859872614
Costcla Direct Marketing,RandomForest,4,split,1.0,8.822456776467034,8.822456776467034,986,DKW minimax (uncosted),1329.1278834175,0.36308805790108567,0.39490445859872614
Costcla Direct Marketing,RandomForest,4,split,1.0,8.822456776467034,8.822456776467034,986,CP sum (costed),938.8688536375,0.767189384800965,0.10191082802547771
Costcla Direct Marketing,RandomForest,4,split,1.0,8.822456776467034,8.822456776467034,986,DKW sum (costed),938.8688536375,0.767189384800965,0.10191082802547771
Costcla Direct Marketing,RandomForest,4,split,1.0,8.822456776467034,8.822456776467034,986,CP minimax (costed),923.09009241,0.8661037394451147,0.05732484076433121
Costcla Direct Marketing,RandomForest,4,split,1.0,8.822456776467034,8.822456776467034,986,DKW minimax (costed),923.09009241,0.8661037394451147,0.05732484076433121
Costcla Direct Marketing,RandomForest,4,split,1.0,8.822456776467034,8.822456776467034,986,CP sum (prior-costed),1195.55367011,0.4427020506634499,0.3248407643312102
Costcla Direct Marketing,RandomForest,4,split,1.0,8.822456776467034,8.822456776467034,986,DKW sum (prior-costed),1195.55367011,0.4427020506634499,0.3248407643312102
Costcla Direct Marketing,RandomForest,4,split,1.0,8.822456776467034,8.822456776467034,986,CP minimax (prior-costed),1195.55367011,0.4427020506634499,0.3248407643312102
Costcla Direct Marketing,RandomForest,4,split,1.0,8.822456776467034,8.822456776467034,986,DKW minimax (prior-costed),1195.55367011,0.4427020506634499,0.3248407643312102
Costcla Direct Marketing,RandomForest,4,split,1.0,8.822456776467034,8.822456776467034,986,Oracle (test),891.8724708674999,0.5826296743063932,0.20382165605095542
Costcla Direct Marketing,RandomForest,5,naive,1.0,8.59244510265934,8.59244510265934,986,Baseline,1734.923254115,0.013268998793727383,0.9426751592356688
Costcla Direct Marketing,RandomForest,5,naive,1.0,8.59244510265934,8.59244510265934,986,Threshold (cost),1705.6504357825,0.024125452352231604,0.8598726114649682
Costcla Direct Marketing,RandomForest,5,naive,1.0,8.59244510265934,8.59244510265934,986,CP sum (uncosted),1705.6504357825,0.024125452352231604,0.8598726114649682
Costcla Direct Marketing,RandomForest,5,naive,1.0,8.59244510265934,8.59244510265934,986,DKW sum (uncosted),1705.6504357825,0.024125452352231604,0.8598726114649682
Costcla Direct Marketing,RandomForest,5,naive,1.0,8.59244510265934,8.59244510265934,986,CP minimax (uncosted),1597.04436639,0.06996381182147166,0.7133757961783439
Costcla Direct Marketing,RandomForest,5,naive,1.0,8.59244510265934,8.59244510265934,986,DKW minimax (uncosted),1587.4878525049999,0.08082026537997587,0.7006369426751592
Costcla Direct Marketing,RandomForest,5,naive,1.0,8.59244510265934,8.59244510265934,986,CP sum (costed),1705.6504357825,0.024125452352231604,0.8598726114649682
Costcla Direct Marketing,RandomForest,5,naive,1.0,8.59244510265934,8.59244510265934,986,DKW sum (costed),1705.6504357825,0.024125452352231604,0.8598726114649682
Costcla Direct Marketing,RandomForest,5,naive,1.0,8.59244510265934,8.59244510265934,986,CP minimax (costed),1491.100634515,0.09288299155609167,0.6560509554140127
Costcla Direct Marketing,RandomForest,5,naive,1.0,8.59244510265934,8.59244510265934,986,DKW minimax (costed),1495.100634515,0.097708082026538,0.6496815286624203
Costcla Direct Marketing,RandomForest,5,naive,1.0,8.59244510265934,8.59244510265934,986,CP sum (prior-costed),1705.6504357825,0.024125452352231604,0.8598726114649682
Costcla Direct Marketing,RandomForest,5,naive,1.0,8.59244510265934,8.59244510265934,986,DKW sum (prior-costed),1705.6504357825,0.024125452352231604,0.8598726114649682
Costcla Direct Marketing,RandomForest,5,naive,1.0,8.59244510265934,8.59244510265934,986,CP minimax (prior-costed),1580.4878525049999,0.07237635705669482,0.7006369426751592
Costcla Direct Marketing,RandomForest,5,naive,1.0,8.59244510265934,8.59244510265934,986,DKW minimax (prior-costed),1588.4878525049999,0.08202653799758745,0.7006369426751592
Costcla Direct Marketing,RandomForest,5,naive,1.0,8.59244510265934,8.59244510265934,986,Oracle (test),918.4891286325001,0.6815440289505428,0.17197452229299362
Costcla Direct Marketing,RandomForest,5,split,1.0,8.59244510265934,8.59244510265934,986,Baseline,1677.8253054025,0.018094089264173704,0.8598726114649682
Costcla Direct Marketing,RandomForest,5,split,1.0,8.59244510265934,8.59244510265934,986,Threshold (cost),1678.8253054025,0.019300361881785282,0.8598726114649682
Costcla Direct Marketing,RandomForest,5,split,1.0,8.59244510265934,8.59244510265934,986,CP sum (uncosted),1814.8955998674996,0.0012062726176115801,0.9681528662420382
Costcla Direct Marketing,RandomForest,5,split,1.0,8.59244510265934,8.59244510265934,986,DKW sum (uncosted),1287.1192212175,0.3606755126658625,0.40764331210191085
Costcla Direct Marketing,RandomForest,5,split,1.0,8.59244510265934,8.59244510265934,986,CP minimax (uncosted),1313.3110215975,0.3944511459589867,0.4012738853503185
Costcla Direct Marketing,RandomForest,5,split,1.0,8.59244510265934,8.59244510265934,986,DKW minimax (uncosted),1313.3110215975,0.3944511459589867,0.4012738853503185
Costcla Direct Marketing,RandomForest,5,split,1.0,8.59244510265934,8.59244510265934,986,CP sum (costed),986.0,1.0,0.0
Costcla Direct Marketing,RandomForest,5,split,1.0,8.59244510265934,8.59244510265934,986,DKW sum (costed),986.0,1.0,0.0
Costcla Direct Marketing,RandomForest,5,split,1.0,8.59244510265934,8.59244510265934,986,CP minimax (costed),986.0,1.0,0.0
Costcla Direct Marketing,RandomForest,5,split,1.0,8.59244510265934,8.59244510265934,986,DKW minimax (costed),986.0,1.0,0.0
Costcla Direct Marketing,RandomForest,5,split,1.0,8.59244510265934,8.59244510265934,986,CP sum (prior-costed),1287.1192212175,0.3606755126658625,0.40764331210191085
Costcla Direct Marketing,RandomForest,5,split,1.0,8.59244510265934,8.59244510265934,986,DKW sum (prior-costed),1287.1192212175,0.3606755126658625,0.40764331210191085
Costcla Direct Marketing,RandomForest,5,split,1.0,8.59244510265934,8.59244510265934,986,CP minimax (prior-costed),1072.6796363875,0.51145958986731,0.2802547770700637
Costcla Direct Marketing,RandomForest,5,split,1.0,8.59244510265934,8.59244510265934,986,DKW minimax (prior-costed),1072.6796363875,0.51145958986731,0.2802547770700637
Costcla Direct Marketing,RandomForest,5,split,1.0,8.59244510265934,8.59244510265934,986,Oracle (test),1006.80694423,0.8407720144752714,0.09554140127388536
Costcla Direct Marketing,RandomForest,6,naive,1.0,9.159163157989012,9.159163157989012,986,Baseline,1240.5362153875,0.016887816646562123,0.8662420382165605
Costcla Direct Marketing,RandomForest,6,naive,1.0,9.159163157989012,9.159163157989012,986,Threshold (cost),1210.1480867075,0.018094089264173704,0.8471337579617835
Costcla Direct Marketing,RandomForest,6,naive,1.0,9.159163157989012,9.159163157989012,986,CP sum (uncosted),1210.1480867075,0.018094089264173704,0.8471337579617835
Costcla Direct Marketing,RandomForest,6,naive,1.0,9.159163157989012,9.159163157989012,986,DKW sum (uncosted),1210.1480867075,0.018094089264173704,0.8471337579617835
Costcla Direct Marketing,RandomForest,6,naive,1.0,9.159163157989012,9.159163157989012,986,CP minimax (uncosted),1089.526784525,0.05910735826296743,0.732484076433121
Costcla Direct Marketing,RandomForest,6,naive,1.0,9.159163157989012,9.159163157989012,986,DKW minimax (uncosted),1085.51860214,0.061519903498190594,0.7261146496815286
Costcla Direct Marketing,RandomForest,6,naive,1.0,9.159163157989012,9.159163157989012,986,CP sum (costed),1210.1480867075,0.018094089264173704,0.8471337579617835
Costcla Direct Marketing,RandomForest,6,naive,1.0,9.159163157989012,9.159163157989012,986,DKW sum (costed),1210.1480867075,0.018094089264173704,0.8471337579617835
Costcla Direct Marketing,RandomForest,6,naive,1.0,9.159163157989012,9.159163157989012,986,CP minimax (costed),1024.7022387524999,0.08323281061519903,0.6815286624203821
Costcla Direct Marketing,RandomForest,6,naive,1.0,9.159163157989012,9.159163157989012,986,DKW minimax (costed),1024.7022387524999,0.08323281061519903,0.6815286624203821
Costcla Direct Marketing,RandomForest,6,naive,1.0,9.159163157989012,9.159163157989012,986,CP sum (prior-costed),1210.1480867075,0.018094089264173704,0.8471337579617835
Costcla Direct Marketing,RandomForest,6,naive,1.0,9.159163157989012,9.159163157989012,986,DKW sum (prior-costed),1210.1480867075,0.018094089264173704,0.8471337579617835
Costcla Direct Marketing,RandomForest,6,naive,1.0,9.159163157989012,9.159163157989012,986,CP minimax (prior-costed),1091.526784525,0.061519903498190594,0.732484076433121
Costcla Direct Marketing,RandomForest,6,naive,1.0,9.159163157989012,9.159163157989012,986,DKW minimax (prior-costed),1080.0371202249999,0.06513872135102533,0.7133757961783439
Costcla Direct Marketing,RandomForest,6,naive,1.0,9.159163157989012,9.159163157989012,986,Oracle (test),907.2360896275,0.7539203860072377,0.12101910828025478
Costcla Direct Marketing,RandomForest,6,split,1.0,9.159163157989012,9.159163157989012,986,Baseline,1144.4591779825,0.013268998793727383,0.8598726114649682
Costcla Direct Marketing,RandomForest,6,split,1.0,9.159163157989012,9.159163157989012,986,Threshold (cost),1022.164372215,0.14354644149577805,0.5987261146496815
Costcla Direct Marketing,RandomForest,6,split,1.0,9.159163157989012,9.159163157989012,986,CP sum (uncosted),1022.164372215,0.14354644149577805,0.5987261146496815
Costcla Direct Marketing,RandomForest,6,split,1.0,9.159163157989012,9.159163157989012,986,DKW sum (uncosted),1022.164372215,0.14354644149577805,0.5987261146496815
Costcla Direct Marketing,RandomForest,6,split,1.0,9.159163157989012,9.159163157989012,986,CP minimax (uncosted),1101.447471455,0.4873341375150784,0.3057324840764331
Costcla Direct Marketing,RandomForest,6,split,1.0,9.159163157989012,9.159163157989012,986,DKW minimax (uncosted),1101.447471455,0.4873341375150784,0.3057324840764331
Costcla Direct Marketing,RandomForest,6,split,1.0,9.159163157989012,9.159163157989012,986,CP sum (costed),1023.5792582775,0.9010856453558505,0.044585987261146494
Costcla Direct Marketing,RandomForest,6,split,1.0,9.159163157989012,9.159163157989012,986,DKW sum (costed),1023.5792582775,0.9010856453558505,0.044585987261146494
Costcla Direct Marketing,RandomForest,6,split,1.0,9.159163157989012,9.159163157989012,986,CP minimax (costed),966.6429704474999,0.9384800965018094,0.012738853503184714
Costcla Direct Marketing,RandomForest,6,split,1.0,9.159163157989012,9.159163157989012,986,DKW minimax (costed),966.6429704474999,0.9384800965018094,0.012738853503184714
Costcla Direct Marketing,RandomForest,6,split,1.0,9.159163157989012,9.159163157989012,986,CP sum (prior-costed),1082.30022576,0.7708082026537998,0.12101910828025478
Costcla Direct Marketing,RandomForest,6,split,1.0,9.159163157989012,9.159163157989012,986,DKW sum (prior-costed),1067.7351778774998,0.3027744270205066,0.4713375796178344
Costcla Direct Marketing,RandomForest,6,split,1.0,9.159163157989012,9.159163157989012,986,CP minimax (prior-costed),1096.8259107475,0.5971049457177322,0.2356687898089172
Costcla Direct Marketing,RandomForest,6,split,1.0,9.159163157989012,9.159163157989012,986,DKW minimax (prior-costed),1070.5585799649998,0.5211097708082026,0.2802547770700637
Costcla Direct Marketing,RandomForest,6,split,1.0,9.159163157989012,9.159163157989012,986,Oracle (test),966.6429704474999,0.9384800965018094,0.012738853503184714
Costcla Direct Marketing,RandomForest,7,naive,1.0,8.864959242648352,8.864959242648352,986,Baseline,1477.7316819374998,0.009650180940892641,0.8789808917197452
Costcla Direct Marketing,RandomForest,7,naive,1.0,8.864959242648352,8.864959242648352,986,Threshold (cost),1394.6843042149999,0.024125452352231604,0.8152866242038217
Costcla Direct Marketing,RandomForest,7,naive,1.0,8.864959242648352,8.864959242648352,986,CP sum (uncosted),1394.6843042149999,0.024125452352231604,0.8152866242038217
Costcla Direct Marketing,RandomForest,7,naive,1.0,8.864959242648352,8.864959242648352,986,DKW sum (uncosted),1394.6843042149999,0.024125452352231604,0.8152866242038217
Costcla Direct Marketing,RandomForest,7,naive,1.0,8.864959242648352,8.864959242648352,986,CP minimax (uncosted),1307.6951138775,0.06031363088057901,0.7006369426751592
Costcla Direct Marketing,RandomForest,7,naive,1.0,8.864959242648352,8.864959242648352,986,DKW minimax (uncosted),1308.870789395,0.06513872135102533,0.6942675159235668
Costcla Direct Marketing,RandomForest,7,naive,1.0,8.864959242648352,8.864959242648352,986,CP sum (costed),1394.6843042149999,0.024125452352231604,0.8152866242038217
Costcla Direct Marketing,RandomForest,7,naive,1.0,8.864959242648352,8.864959242648352,986,DKW sum (costed),1394.6843042149999,0.024125452352231604,0.8152866242038217
Costcla Direct Marketing,RandomForest,7,naive,1.0,8.864959242648352,8.864959242648352,986,CP minimax (costed),1186.27436045,0.09529553679131483,0.6242038216560509
Costcla Direct Marketing,RandomForest,7,naive,1.0,8.864959242648352,8.864959242648352,986,DKW minimax (costed),1186.27436045,0.09529553679131483,0.6242038216560509
Costcla Direct Marketing,RandomForest,7,naive,1.0,8.864959242648352,8.864959242648352,986,CP sum (prior-costed),1394.6843042149999,0.024125452352231604,0.8152866242038217
Costcla Direct Marketing,RandomForest,7,naive,1.0,8.864959242648352,8.864959242648352,986,DKW sum (prior-costed),1394.6843042149999,0.024125452352231604,0.8152866242038217
Costcla Direct Marketing,RandomForest,7,naive,1.0,8.864959242648352,8.864959242648352,986,CP minimax (prior-costed),1309.6951138775,0.06272617611580217,0.7006369426751592
Costcla Direct Marketing,RandomForest,7,naive,1.0,8.864959242648352,8.864959242648352,986,DKW minimax (prior-costed),1310.870789395,0.06755126658624849,0.6878980891719745
Costcla Direct Marketing,RandomForest,7,naive,1.0,8.864959242648352,8.864959242648352,986,Oracle (test),932.357723745,0.45235223160434257,0.3057324840764331
Costcla Direct Marketing,RandomForest,7,split,1.0,8.864959242648352,8.864959242648352,986,Baseline,1506.389885175,0.0048250904704463205,0.9235668789808917
Costcla Direct Marketing,RandomForest,7,split,1.0,8.864959242648352,8.864959242648352,986,Threshold (cost),946.6686123475,0.715319662243667,0.15286624203821655
Costcla Direct Marketing,RandomForest,7,split,1.0,8.864959242648352,8.864959242648352,986,CP sum (uncosted),1618.8829267975,0.0012062726176115801,0.9936305732484076
Costcla Direct Marketing,RandomForest,7,split,1.0,8.864959242648352,8.864959242648352,986,DKW sum (uncosted),966.4595971525002,0.2135102533172497,0.49044585987261147
Costcla Direct Marketing,RandomForest,7,split,1.0,8.864959242648352,8.864959242648352,986,CP minimax (uncosted),936.496689175,0.44632086851628466,0.3184713375796178
Costcla Direct Marketing,RandomForest,7,split,1.0,8.864959242648352,8.864959242648352,986,DKW minimax (uncosted),936.496689175,0.44632086851628466,0.3184713375796178
Costcla Direct Marketing,RandomForest,7,split,1.0,8.864959242648352,8.864959242648352,986,CP sum (costed),986.0,1.0,0.0
Costcla Direct Marketing,RandomForest,7,split,1.0,8.864959242648352,8.864959242648352,986,DKW sum (costed),986.0,1.0,0.0
Costcla Direct Marketing,RandomForest,7,split,1.0,8.864959242648352,8.864959242648352,986,CP minimax (costed),986.0,1.0,0.0
Costcla Direct Marketing,RandomForest,7,split,1.0,8.864959242648352,8.864959242648352,986,DKW minimax (costed),986.0,1.0,0.0
Costcla Direct Marketing,RandomForest,7,split,1.0,8.864959242648352,8.864959242648352,986,CP sum (prior-costed),966.4595971525002,0.2135102533172497,0.49044585987261147
Costcla Direct Marketing,RandomForest,7,split,1.0,8.864959242648352,8.864959242648352,986,DKW sum (prior-costed),966.4595971525002,0.2135102533172497,0.49044585987261147
Costcla Direct Marketing,RandomForest,7,split,1.0,8.864959242648352,8.864959242648352,986,CP minimax (prior-costed),946.3038616075,0.5729794933655006,0.24203821656050956
Costcla Direct Marketing,RandomForest,7,split,1.0,8.864959242648352,8.864959242648352,986,DKW minimax (prior-costed),946.3038616075,0.5729794933655006,0.24203821656050956
Costcla Direct Marketing,RandomForest,7,split,1.0,8.864959242648352,8.864959242648352,986,Oracle (test),900.2855031075001,0.3208685162846803,0.40764331210191085
Costcla Direct Marketing,RandomForest,8,naive,1.0,9.14349734746978,9.14349734746978,986,Baseline,1394.1268120825,0.024125452352231604,0.8535031847133758
Costcla Direct Marketing,RandomForest,8,naive,1.0,9.14349734746978,9.14349734746978,986,Threshold (cost),1381.1216319975001,0.033775633293124246,0.821656050955414
Costcla Direct Marketing,RandomForest,8,naive,1.0,9.14349734746978,9.14349734746978,986,CP sum (uncosted),1381.1216319975001,0.033775633293124246,0.821656050955414
Costcla Direct Marketing,RandomForest,8,naive,1.0,9.14349734746978,9.14349734746978,986,DKW sum (uncosted),1381.1216319975001,0.033775633293124246,0.821656050955414
Costcla Direct Marketing,RandomForest,8,naive,1.0,9.14349734746978,9.14349734746978,986,CP minimax (uncosted),1325.45080463,0.0735826296743064,0.7133757961783439
Costcla Direct Marketing,RandomForest,8,naive,1.0,9.14349734746978,9.14349734746978,986,DKW minimax (uncosted),1326.45080463,0.07478890229191798,0.7133757961783439
Costcla Direct Marketing,RandomForest,8,naive,1.0,9.14349734746978,9.14349734746978,986,CP sum (costed),1381.1216319975001,0.033775633293124246,0.821656050955414
Costcla Direct Marketing,RandomForest,8,naive,1.0,9.14349734746978,9.14349734746978,986,DKW sum (costed),1381.1216319975001,0.033775633293124246,0.821656050955414
Costcla Direct Marketing,RandomForest,8,naive,1.0,9.14349734746978,9.14349734746978,986,CP minimax (costed),1308.68207749,0.10253317249698432,0.6687898089171974
Costcla Direct Marketing,RandomForest,8,naive,1.0,9.14349734746978,9.14349734746978,986,DKW minimax (costed),1308.68207749,0.10253317249698432,0.6687898089171974
Costcla Direct Marketing,RandomForest,8,naive,1.0,9.14349734746978,9.14349734746978,986,CP sum (prior-costed),1381.1216319975001,0.033775633293124246,0.821656050955414
Costcla Direct Marketing,RandomForest,8,naive,1.0,9.14349734746978,9.14349734746978,986,DKW sum (prior-costed),1381.1216319975001,0.033775633293124246,0.821656050955414
Costcla Direct Marketing,RandomForest,8,naive,1.0,9.14349734746978,9.14349734746978,986,CP minimax (prior-costed),1326.45080463,0.07478890229191798,0.7133757961783439
Costcla Direct Marketing,RandomForest,8,naive,1.0,9.14349734746978,9.14349734746978,986,DKW minimax (prior-costed),1327.098321615,0.07720144752714113,0.7006369426751592
Costcla Direct Marketing,RandomForest,8,naive,1.0,9.14349734746978,9.14349734746978,986,Oracle (test),943.981678735,0.9155609167671894,0.044585987261146494
Costcla Direct Marketing,RandomForest,8,split,1.0,9.14349734746978,9.14349734746978,986,Baseline,1431.2063719725002,0.015681544028950542,0.8853503184713376
Costcla Direct Marketing,RandomForest,8,split,1.0,9.14349734746978,9.14349734746978,986,Threshold (cost),1293.003135295,0.14957780458383596,0.6178343949044586
Costcla Direct Marketing,RandomForest,8,split,1.0,9.14349734746978,9.14349734746978,986,CP sum (uncosted),1481.6500793774999,0.0024125452352231603,0.9426751592356688
Costcla Direct Marketing,RandomForest,8,split,1.0,9.14349734746978,9.14349734746978,986,DKW sum (uncosted),1191.9111422424999,0.29191797346200243,0.49044585987261147
Costcla Direct Marketing,RandomForest,8,split,1.0,9.14349734746978,9.14349734746978,986,CP minimax (uncosted),960.40764257,0.5042219541616405,0.28662420382165604
Costcla Direct Marketing,RandomForest,8,split,1.0,9.14349734746978,9.14349734746978,986,DKW minimax (uncosted),960.40764257,0.5042219541616405,0.28662420382165604
Costcla Direct Marketing,RandomForest,8,split,1.0,9.14349734746978,9.14349734746978,986,CP sum (costed),986.0,1.0,0.0
Costcla Direct Marketing,RandomForest,8,split,1.0,9.14349734746978,9.14349734746978,986,DKW sum (costed),986.0,1.0,0.0
Costcla Direct Marketing,RandomForest,8,split,1.0,9.14349734746978,9.14349734746978,986,CP minimax (costed),986.0,1.0,0.0
Costcla Direct Marketing,RandomForest,8,split,1.0,9.14349734746978,9.14349734746978,986,DKW minimax (costed),986.0,1.0,0.0
Costcla Direct Marketing,RandomForest,8,split,1.0,9.14349734746978,9.14349734746978,986,CP sum (prior-costed),986.0,1.0,0.0
Costcla Direct Marketing,RandomForest,8,split,1.0,9.14349734746978,9.14349734746978,986,DKW sum (prior-costed),1191.9111422424999,0.29191797346200243,0.49044585987261147
Costcla Direct Marketing,RandomForest,8,split,1.0,9.14349734746978,9.14349734746978,986,CP minimax (prior-costed),999.1295579775,0.6067551266586249,0.22929936305732485
Costcla Direct Marketing,RandomForest,8,split,1.0,9.14349734746978,9.14349734746978,986,DKW minimax (prior-costed),999.1295579775,0.6067551266586249,0.22929936305732485
Costcla Direct Marketing,RandomForest,8,split,1.0,9.14349734746978,9.14349734746978,986,Oracle (test),939.6139443125,0.8395657418576599,0.11464968152866242
Costcla Direct Marketing,RandomForest,9,naive,1.0,9.517139567228023,9.517139567228023,986,Baseline,1381.4051551999999,0.020506634499396863,0.8471337579617835
Costcla Direct Marketing,RandomForest,9,naive,1.0,9.517139567228023,9.517139567228023,986,Threshold (cost),1315.0820244025,0.028950542822677925,0.802547770700637
Costcla Direct Marketing,RandomForest,9,naive,1.0,9.517139567228023,9.517139567228023,986,CP sum (uncosted),1315.0820244025,0.028950542822677925,0.802547770700637
Costcla Direct Marketing,RandomForest,9,naive,1.0,9.517139567228023,9.517139567228023,986,DKW sum (uncosted),1315.0820244025,0.028950542822677925,0.802547770700637
Costcla Direct Marketing,RandomForest,9,naive,1.0,9.517139567228023,9.517139567228023,986,CP minimax (uncosted),1268.9788956050002,0.06755126658624849,0.6624203821656051
Costcla Direct Marketing,RandomForest,9,naive,1.0,9.517139567228023,9.517139567228023,986,DKW minimax (uncosted),1266.1534391425,0.07840772014475271,0.643312101910828
Costcla Direct Marketing,RandomForest,9,naive,1.0,9.517139567228023,9.517139567228023,986,CP sum (costed),1315.0820244025,0.028950542822677925,0.802547770700637
Costcla Direct Marketing,RandomForest,9,naive,1.0,9.517139567228023,9.517139567228023,986,DKW sum (costed),1315.0820244025,0.028950542822677925,0.802547770700637
Costcla Direct Marketing,RandomForest,9,naive,1.0,9.517139567228023,9.517139567228023,986,CP minimax (costed),1260.5729440925,0.11097708082026538,0.6114649681528662
Costcla Direct Marketing,RandomForest,9,naive,1.0,9.517139567228023,9.517139567228023,986,DKW minimax (costed),1260.5729440925,0.11097708082026538,0.6114649681528662
Costcla Direct Marketing,RandomForest,9,naive,1.0,9.517139567228023,9.517139567228023,986,CP sum (prior-costed),1315.0820244025,0.028950542822677925,0.802547770700637
Costcla Direct Marketing,RandomForest,9,naive,1.0,9.517139567228023,9.517139567228023,986,DKW sum (prior-costed),1315.0820244025,0.028950542822677925,0.802547770700637
Costcla Direct Marketing,RandomForest,9,naive,1.0,9.517139567228023,9.517139567228023,986,CP minimax (prior-costed),1266.1534391425,0.07840772014475271,0.643312101910828
Costcla Direct Marketing,RandomForest,9,naive,1.0,9.517139567228023,9.517139567228023,986,DKW minimax (prior-costed),1258.97314953,0.08685162846803378,0.6369426751592356
Costcla Direct Marketing,RandomForest,9,naive,1.0,9.517139567228023,9.517139567228023,986,Oracle (test),1024.1165402074998,0.7599517490952955,0.1464968152866242
Costcla Direct Marketing,RandomForest,9,split,1.0,9.517139567228023,9.517139567228023,986,Baseline,1483.0307640125,0.014475271411338963,0.9554140127388535
Costcla Direct Marketing,RandomForest,9,split,1.0,9.517139567228023,9.517139567228023,986,Threshold (cost),1251.544453625,0.25331724969843183,0.554140127388535
Costcla Direct Marketing,RandomForest,9,split,1.0,9.517139567228023,9.517139567228023,986,CP sum (uncosted),1179.9411769475,0.15681544028950542,0.6050955414012739
Costcla Direct Marketing,RandomForest,9,split,1.0,9.517139567228023,9.517139567228023,986,DKW sum (uncosted),1209.6200702024998,0.2689987937273824,0.5159235668789809
Costcla Direct Marketing,RandomForest,9,split,1.0,9.517139567228023,9.517139567228023,986,CP minimax (uncosted),1102.7344767725,0.46682750301568154,0.3248407643312102
Costcla Direct Marketing,RandomForest,9,split,1.0,9.517139567228023,9.517139567228023,986,DKW minimax (uncosted),1128.9371171375,0.4234016887816647,0.3885350318471338
Costcla Direct Marketing,RandomForest,9,split,1.0,9.517139567228023,9.517139567228023,986,CP sum (costed),986.0,1.0,0.0
Costcla Direct Marketing,RandomForest,9,split,1.0,9.517139567228023,9.517139567228023,986,DKW sum (costed),986.0,1.0,0.0
Costcla Direct Marketing,RandomForest,9,split,1.0,9.517139567228023,9.517139567228023,986,CP minimax (costed),986.0,1.0,0.0
Costcla Direct Marketing,RandomForest,9,split,1.0,9.517139567228023,9.517139567228023,986,DKW minimax (costed),986.0,1.0,0.0
Costcla Direct Marketing,RandomForest,9,split,1.0,9.517139567228023,9.517139567228023,986,CP sum (prior-costed),1209.6200702024998,0.2689987937273824,0.5159235668789809
Costcla Direct Marketing,RandomForest,9,split,1.0,9.517139567228023,9.517139567228023,986,DKW sum (prior-costed),1209.6200702024998,0.2689987937273824,0.5159235668789809
Costcla Direct Marketing,RandomForest,9,split,1.0,9.517139567228023,9.517139567228023,986,CP minimax (prior-costed),1126.2024424850001,0.5524728588661038,0.2802547770700637
Costcla Direct Marketing,RandomForest,9,split,1.0,9.517139567228023,9.517139567228023,986,DKW minimax (prior-costed),1093.7709469525,0.4837153196622437,0.3057324840764331
Costcla Direct Marketing,RandomForest,9,split,1.0,9.517139567228023,9.517139567228023,986,Oracle (test),1004.04387699,0.8335343787696019,0.11464968152866242
Costcla Direct Marketing,GradientBoosting,0,naive,1.0,8.683044449225276,8.683044449225276,986,Baseline,1506.4838043999998,0.015681544028950542,0.8853503184713376
Costcla Direct Marketing,GradientBoosting,0,naive,1.0,8.683044449225276,8.683044449225276,986,Threshold (cost),1298.1646238274998,0.12665862484921592,0.6305732484076433
Costcla Direct Marketing,GradientBoosting,0,naive,1.0,8.683044449225276,8.683044449225276,986,CP sum (uncosted),1183.205419255,0.16043425814234016,0.5796178343949044
Costcla Direct Marketing,GradientBoosting,0,naive,1.0,8.683044449225276,8.683044449225276,986,DKW sum (uncosted),1183.205419255,0.16043425814234016,0.5796178343949044
Costcla Direct Marketing,GradientBoosting,0,naive,1.0,8.683044449225276,8.683044449225276,986,CP minimax (uncosted),1103.1962958575,0.21592279855247287,0.5222929936305732
Costcla Direct Marketing,GradientBoosting,0,naive,1.0,8.683044449225276,8.683044449225276,986,DKW minimax (uncosted),1108.731504795,0.22677925211097708,0.5095541401273885
Costcla Direct Marketing,GradientBoosting,0,naive,1.0,8.683044449225276,8.683044449225276,986,CP sum (costed),1100.472966535,0.7177322074788902,0.17834394904458598
Costcla Direct Marketing,GradientBoosting,0,naive,1.0,8.683044449225276,8.683044449225276,986,DKW sum (costed),1088.8558220425,0.2762364294330519,0.4713375796178344
Costcla Direct Marketing,GradientBoosting,0,naive,1.0,8.683044449225276,8.683044449225276,986,CP minimax (costed),906.567612395,0.8757539203860072,0.06369426751592357
Costcla Direct Marketing,GradientBoosting,0,naive,1.0,8.683044449225276,8.683044449225276,986,DKW minimax (costed),971.097881155,0.9698431845597105,0.03821656050955414
Costcla Direct Marketing,GradientBoosting,0,naive,1.0,8.683044449225276,8.683044449225276,986,CP sum (prior-costed),1183.205419255,0.16043425814234016,0.5796178343949044
Costcla Direct Marketing,GradientBoosting,0,naive,1.0,8.683044449225276,8.683044449225276,986,DKW sum (prior-costed),1183.205419255,0.16043425814234016,0.5796178343949044
Costcla Direct Marketing,GradientBoosting,0,naive,1.0,8.683044449225276,8.683044449225276,986,CP minimax (prior-costed),1088.8558220425,0.2762364294330519,0.4713375796178344
Costcla Direct Marketing,GradientBoosting,0,naive,1.0,8.683044449225276,8.683044449225276,986,DKW minimax (prior-costed),1066.2835093775,0.2810615199034982,0.45222929936305734
Costcla Direct Marketing,GradientBoosting,0,naive,1.0,8.683044449225276,8.683044449225276,986,Oracle (test),873.8597977975,0.7864897466827503,0.12101910828025478
Costcla Direct Marketing,GradientBoosting,0,split,1.0,8.683044449225276,8.683044449225276,986,Baseline,1484.1851345824998,0.028950542822677925,0.8471337579617835
Costcla Direct Marketing,GradientBoosting,0,split,1.0,8.683044449225276,8.683044449225276,986,Threshold (cost),1000.97969671,0.44632086851628466,0.3375796178343949
Costcla Direct Marketing,GradientBoosting,0,split,1.0,8.683044449225276,8.683044449225276,986,CP sum (uncosted),1555.4158042175,0.009650180940892641,0.9554140127388535
Costcla Direct Marketing,GradientBoosting,0,split,1.0,8.683044449225276,8.683044449225276,986,DKW sum (uncosted),1555.4158042175,0.009650180940892641,0.9554140127388535
Costcla Direct Marketing,GradientBoosting,0,split,1.0,8.683044449225276,8.683044449225276,986,CP minimax (uncosted),959.9625632775,0.5995174909529554,0.2229299363057325
Costcla Direct Marketing,GradientBoosting,0,split,1.0,8.683044449225276,8.683044449225276,986,DKW minimax (uncosted),982.684133985,0.5898673100120627,0.2356687898089172
Costcla Direct Marketing,GradientBoosting,0,split,1.0,8.683044449225276,8.683044449225276,986,CP sum (costed),976.5580581225,0.9879372738238842,0.006369426751592357
Costcla Direct Marketing,GradientBoosting,0,split,1.0,8.683044449225276,8.683044449225276,986,DKW sum (costed),976.5580581225,0.9879372738238842,0.006369426751592357
Costcla Direct Marketing,GradientBoosting,0,split,1.0,8.683044449225276,8.683044449225276,986,CP minimax (costed),986.0,1.0,0.0
Costcla Direct Marketing,GradientBoosting,0,split,1.0,8.683044449225276,8.683044449225276,986,DKW minimax (costed),986.0,1.0,0.0
Costcla Direct Marketing,GradientBoosting,0,split,1.0,8.683044449225276,8.683044449225276,986,CP sum (prior-costed),976.5580581225,0.9879372738238842,0.006369426751592357
Costcla Direct Marketing,GradientBoosting,0,split,1.0,8.683044449225276,8.683044449225276,986,DKW sum (prior-costed),976.5580581225,0.9879372738238842,0.006369426751592357
Costcla Direct Marketing,GradientBoosting,0,split,1.0,8.683044449225276,8.683044449225276,986,CP minimax (prior-costed),996.02756116,0.6899879372738239,0.16560509554140126
Costcla Direct Marketing,GradientBoosting,0,split,1.0,8.683044449225276,8.683044449225276,986,DKW minimax (prior-costed),980.33839391,0.6682750301568154,0.18471337579617833
Costcla Direct Marketing,GradientBoosting,0,split,1.0,8.683044449225276,8.683044449225276,986,Oracle (test),942.2040798099999,0.7828709288299156,0.10828025477707007
Costcla Direct Marketing,GradientBoosting,1,naive,1.0,8.828238358892856,8.828238358892856,986,Baseline,1464.3057111899998,0.026537997587454766,0.8598726114649682
Costcla Direct Marketing,GradientBoosting,1,naive,1.0,8.828238358892856,8.828238358892856,986,Threshold (cost),1168.74913666,0.15681544028950542,0.6178343949044586
Costcla Direct Marketing,GradientBoosting,1,naive,1.0,8.828238358892856,8.828238358892856,986,CP sum (uncosted),1197.73803815,0.20024125452352232,0.5732484076433121
Costcla Direct Marketing,GradientBoosting,1,naive,1.0,8.828238358892856,8.828238358892856,986,DKW sum (uncosted),1202.849109425,0.11218335343787696,0.6624203821656051
Costcla Direct Marketing,GradientBoosting,1,naive,1.0,8.828238358892856,8.828238358892856,986,CP minimax (uncosted),1115.2989634575,0.24246079613992763,0.5222929936305732
Costcla Direct Marketing,GradientBoosting,1,naive,1.0,8.828238358892856,8.828238358892856,986,DKW minimax (uncosted),1116.2989634575,0.2436670687575392,0.5222929936305732
Costcla Direct Marketing,GradientBoosting,1,naive,1.0,8.828238358892856,8.828238358892856,986,CP sum (costed),1224.336535295,0.6055488540410132,0.2484076433121019
Costcla Direct Marketing,GradientBoosting,1,naive,1.0,8.828238358892856,8.828238358892856,986,DKW sum (costed),1143.494129455,0.46562123039806996,0.3248407643312102
Costcla Direct Marketing,GradientBoosting,1,naive,1.0,8.828238358892856,8.828238358892856,986,CP minimax (costed),993.9647293575,0.9083232810615199,0.044585987261146494
Costcla Direct Marketing,GradientBoosting,1,naive,1.0,8.828238358892856,8.828238358892856,986,DKW minimax (costed),1010.17452492,0.9613992762364294,0.03821656050955414
Costcla Direct Marketing,GradientBoosting,1,naive,1.0,8.828238358892856,8.828238358892856,986,CP sum (prior-costed),1197.73803815,0.20024125452352232,0.5732484076433121
Costcla Direct Marketing,GradientBoosting,1,naive,1.0,8.828238358892856,8.828238358892856,986,DKW sum (prior-costed),1197.73803815,0.20024125452352232,0.5732484076433121
Costcla Direct Marketing,GradientBoosting,1,naive,1.0,8.828238358892856,8.828238358892856,986,CP minimax (prior-costed),1142.3190688675,0.31363088057901084,0.4585987261146497
Costcla Direct Marketing,GradientBoosting,1,naive,1.0,8.828238358892856,8.828238358892856,986,DKW minimax (prior-costed),1146.3190688675,0.31845597104945716,0.45222929936305734
Costcla Direct Marketing,GradientBoosting,1,naive,1.0,8.828238358892856,8.828238358892856,986,Oracle (test),980.2418729375,0.9782870928829915,0.01910828025477707
Costcla Direct Marketing,GradientBoosting,1,split,1.0,8.828238358892856,8.828238358892856,986,Baseline,1412.5202931974998,0.025331724969843185,0.8535031847133758
Costcla Direct Marketing,GradientBoosting,1,split,1.0,8.828238358892856,8.828238358892856,986,Threshold (cost),1048.6929126825,0.4330518697225573,0.39490445859872614
Costcla Direct Marketing,GradientBoosting,1,split,1.0,8.828238358892856,8.828238358892856,986,CP sum (uncosted),1550.1970203725,0.0048250904704463205,1.0
Costcla Direct Marketing,GradientBoosting,1,split,1.0,8.828238358892856,8.828238358892856,986,DKW sum (uncosted),1281.959528535,0.09288299155609167,0.7452229299363057
Costcla Direct Marketing,GradientBoosting,1,split,1.0,8.828238358892856,8.828238358892856,986,CP minimax (uncosted),1065.957979505,0.5235223160434258,0.35668789808917195
Costcla Direct Marketing,GradientBoosting,1,split,1.0,8.828238358892856,8.828238358892856,986,DKW minimax (uncosted),1102.1867974375,0.5066344993968637,0.36942675159235666
Costcla Direct Marketing,GradientBoosting,1,split,1.0,8.828238358892856,8.828238358892856,986,CP sum (costed),987.26291936,0.8902291917973462,0.07643312101910828
Costcla Direct Marketing,GradientBoosting,1,split,1.0,8.828238358892856,8.828238358892856,986,DKW sum (costed),987.26291936,0.8902291917973462,0.07643312101910828
Costcla Direct Marketing,GradientBoosting,1,split,1.0,8.828238358892856,8.828238358892856,986,CP minimax (costed),1009.68129233,0.9650180940892642,0.025477707006369428
Costcla Direct Marketing,GradientBoosting,1,split,1.0,8.828238358892856,8.828238358892856,986,DKW minimax (costed),1009.68129233,0.9650180940892642,0.025477707006369428
Costcla Direct Marketing,GradientBoosting,1,split,1.0,8.828238358892856,8.828238358892856,986,CP sum (prior-costed),987.26291936,0.8902291917973462,0.07643312101910828
Costcla Direct Marketing,GradientBoosting,1,split,1.0,8.828238358892856,8.828238358892856,986,DKW sum (prior-costed),987.26291936,0.8902291917973462,0.07643312101910828
Costcla Direct Marketing,GradientBoosting,1,split,1.0,8.828238358892856,8.828238358892856,986,CP minimax (prior-costed),1102.957979505,0.5681544028950543,0.34394904458598724
Costcla Direct Marketing,GradientBoosting,1,split,1.0,8.828238358892856,8.828238358892856,986,DKW minimax (prior-costed),1093.957979505,0.5572979493365501,0.34394904458598724
Costcla Direct Marketing,GradientBoosting,1,split,1.0,8.828238358892856,8.828238358892856,986,Oracle (test),961.26461733,0.8468033775633294,0.10828025477707007
Costcla Direct Marketing,GradientBoosting,2,naive,1.0,9.396140350601648,9.396140350601648,986,Baseline,1493.7809485975,0.019300361881785282,0.8280254777070064
Costcla Direct Marketing,GradientBoosting,2,naive,1.0,9.396140350601648,9.396140350601648,986,Threshold (cost),1321.8339441925,0.17490952955367914,0.5477707006369427
Costcla Direct Marketing,GradientBoosting,2,naive,1.0,9.396140350601648,9.396140350601648,986,CP sum (uncosted),1321.8339441925,0.17490952955367914,0.5477707006369427
Costcla Direct Marketing,GradientBoosting,2,naive,1.0,9.396140350601648,9.396140350601648,986,DKW sum (uncosted),1321.8339441925,0.17490952955367914,0.5477707006369427
Costcla Direct Marketing,GradientBoosting,2,naive,1.0,9.396140350601648,9.396140350601648,986,CP minimax (uncosted),1228.564731385,0.30156815440289503,0.4140127388535032
Costcla Direct Marketing,GradientBoosting,2,naive,1.0,9.396140350601648,9.396140350601648,986,DKW minimax (uncosted),1229.564731385,0.3027744270205066,0.4140127388535032
Costcla Direct Marketing,GradientBoosting,2,naive,1.0,9.396140350601648,9.396140350601648,986,CP sum (costed),1125.9003091700001,0.6851628468033776,0.17197452229299362
Costcla Direct Marketing,GradientBoosting,2,naive,1.0,9.396140350601648,9.396140350601648,986,DKW sum (costed),1125.9003091700001,0.6851628468033776,0.17197452229299362
Costcla Direct Marketing,GradientBoosting,2,naive,1.0,9.396140350601648,9.396140350601648,986,CP minimax (costed),983.996345535,0.9638118214716526,0.03184713375796178
Costcla Direct Marketing,GradientBoosting,2,naive,1.0,9.396140350601648,9.396140350601648,986,DKW minimax (costed),983.996345535,0.9638118214716526,0.03184713375796178
Costcla Direct Marketing,GradientBoosting,2,naive,1.0,9.396140350601648,9.396140350601648,986,CP sum (prior-costed),1321.8339441925,0.17490952955367914,0.5477707006369427
Costcla Direct Marketing,GradientBoosting,2,naive,1.0,9.396140350601648,9.396140350601648,986,DKW sum (prior-costed),1321.8339441925,0.17490952955367914,0.5477707006369427
Costcla Direct Marketing,GradientBoosting,2,naive,1.0,9.396140350601648,9.396140350601648,986,CP minimax (prior-costed),1238.2587712549998,0.3606755126658625,0.34394904458598724
Costcla Direct Marketing,GradientBoosting,2,naive,1.0,9.396140350601648,9.396140350601648,986,DKW minimax (prior-costed),1237.1605640174998,0.36791314837153194,0.33121019108280253
Costcla Direct Marketing,GradientBoosting,2,naive,1.0,9.396140350601648,9.396140350601648,986,Oracle (test),889.5096649175,0.8082026537997588,0.07643312101910828
Costcla Direct Marketing,GradientBoosting,2,split,1.0,9.396140350601648,9.396140350601648,986,Baseline,1537.05676923,0.038600723763570564,0.8471337579617835
Costcla Direct Marketing,GradientBoosting,2,split,1.0,9.396140350601648,9.396140350601648,986,Threshold (cost),1462.9779173575002,0.25934861278648974,0.5732484076433121
Costcla Direct Marketing,GradientBoosting,2,split,1.0,9.396140350601648,9.396140350601648,986,CP sum (uncosted),1613.1269961375,0.009650180940892641,0.9299363057324841
Costcla Direct Marketing,GradientBoosting,2,split,1.0,9.396140350601648,9.396140350601648,986,DKW sum (uncosted),1180.9451271725002,0.4221954161640531,0.39490445859872614
Costcla Direct Marketing,GradientBoosting,2,split,1.0,9.396140350601648,9.396140350601648,986,CP minimax (uncosted),1096.440334875,0.4583835946924005,0.36942675159235666
Costcla Direct Marketing,GradientBoosting,2,split,1.0,9.396140350601648,9.396140350601648,986,DKW minimax (uncosted),1176.2806794275,0.43425814234016885,0.3821656050955414
Costcla Direct Marketing,GradientBoosting,2,split,1.0,9.396140350601648,9.396140350601648,986,CP sum (costed),988.93719852,0.991556091676719,0.006369426751592357
Costcla Direct Marketing,GradientBoosting,2,split,1.0,9.396140350601648,9.396140350601648,986,DKW sum (costed),988.93719852,0.991556091676719,0.006369426751592357
Costcla Direct Marketing,GradientBoosting,2,split,1.0,9.396140350601648,9.396140350601648,986,CP minimax (costed),995.93719852,1.0,0.006369426751592357
Costcla Direct Marketing,GradientBoosting,2,split,1.0,9.396140350601648,9.396140350601648,986,DKW minimax (costed),995.93719852,1.0,0.006369426751592357
Costcla Direct Marketing,GradientBoosting,2,split,1.0,9.396140350601648,9.396140350601648,986,CP sum (prior-costed),1180.9451271725002,0.4221954161640531,0.39490445859872614
Costcla Direct Marketing,GradientBoosting,2,split,1.0,9.396140350601648,9.396140350601648,986,DKW sum (prior-costed),1180.9451271725002,0.4221954161640531,0.39490445859872614
Costcla Direct Marketing,GradientBoosting,2,split,1.0,9.396140350601648,9.396140350601648,986,CP minimax (prior-costed),1108.528459085,0.6731001206272618,0.2611464968152866
Costcla Direct Marketing,GradientBoosting,2,split,1.0,9.396140350601648,9.396140350601648,986,DKW minimax (prior-costed),1159.42705858,0.5874547647768396,0.3057324840764331
Costcla Direct Marketing,GradientBoosting,2,split,1.0,9.396140350601648,9.396140350601648,986,Oracle (test),969.53423069,0.9601930036188179,0.01910828025477707
Costcla Direct Marketing,GradientBoosting,3,naive,1.0,9.274169305876374,9.274169305876374,986,Baseline,1389.1174115425001,0.020506634499396863,0.8853503184713376
Costcla Direct Marketing,GradientBoosting,3,naive,1.0,9.274169305876374,9.274169305876374,986,Threshold (cost),1177.4165191475,0.2316043425814234,0.5987261146496815
Costcla Direct Marketing,GradientBoosting,3,naive,1.0,9.274169305876374,9.274169305876374,986,CP sum (uncosted),1161.4870045799998,0.1652593486127865,0.6496815286624203
Costcla Direct Marketing,GradientBoosting,3,naive,1.0,9.274169305876374,9.274169305876374,986,DKW sum (uncosted),1161.4870045799998,0.1652593486127865,0.6496815286624203
Costcla Direct Marketing,GradientBoosting,3,naive,1.0,9.274169305876374,9.274169305876374,986,CP minimax (uncosted),1183.4165191475,0.2388419782870929,0.5987261146496815
Costcla Direct Marketing,GradientBoosting,3,naive,1.0,9.274169305876374,9.274169305876374,986,DKW minimax (uncosted),1190.0359206875,0.25814234016887816,0.5859872611464968
Costcla Direct Marketing,GradientBoosting,3,naive,1.0,9.274169305876374,9.274169305876374,986,CP sum (costed),993.22354476,0.5633293124246079,0.3057324840764331
Costcla Direct Marketing,GradientBoosting,3,naive,1.0,9.274169305876374,9.274169305876374,986,DKW sum (costed),993.22354476,0.5633293124246079,0.3057324840764331
Costcla Direct Marketing,GradientBoosting,3,naive,1.0,9.274169305876374,9.274169305876374,986,CP minimax (costed),985.85372564,0.9384800965018094,0.044585987261146494
Costcla Direct Marketing,GradientBoosting,3,naive,1.0,9.274169305876374,9.274169305876374,986,DKW minimax (costed),985.85372564,0.9384800965018094,0.044585987261146494
Costcla Direct Marketing,GradientBoosting,3,naive,1.0,9.274169305876374,9.274169305876374,986,CP sum (prior-costed),1191.5511965649998,0.26658624849215923,0.5796178343949044
Costcla Direct Marketing,GradientBoosting,3,naive,1.0,9.274169305876374,9.274169305876374,986,DKW sum (prior-costed),1161.4870045799998,0.1652593486127865,0.6496815286624203
Costcla Direct Marketing,GradientBoosting,3,naive,1.0,9.274169305876374,9.274169305876374,986,CP minimax (prior-costed),1191.09491397,0.27141133896260555,0.5732484076433121
Costcla Direct Marketing,GradientBoosting,3,naive,1.0,9.274169305876374,9.274169305876374,986,DKW minimax (prior-costed),1198.3521058725,0.2810615199034982,0.5668789808917197
Costcla Direct Marketing,GradientBoosting,3,naive,1.0,9.274169305876374,9.274169305876374,986,Oracle (test),975.22354476,0.5416164053075995,0.3057324840764331
Costcla Direct Marketing,GradientBoosting,3,split,1.0,9.274169305876374,9.274169305876374,986,Baseline,1427.9606908375,0.033775633293124246,0.8853503184713376
Costcla Direct Marketing,GradientBoosting,3,split,1.0,9.274169305876374,9.274169305876374,986,Threshold (cost),1035.691566325,0.9143546441495778,0.03821656050955414
Costcla Direct Marketing,GradientBoosting,3,split,1.0,9.274169305876374,9.274169305876374,986,CP sum (uncosted),1338.6930036499998,0.09288299155609167,0.7579617834394905
Costcla Direct Marketing,GradientBoosting,3,split,1.0,9.274169305876374,9.274169305876374,986,DKW sum (uncosted),1223.42868208,0.3172496984318456,0.5286624203821656
Costcla Direct Marketing,GradientBoosting,3,split,1.0,9.274169305876374,9.274169305876374,986,CP minimax (uncosted),1256.607550865,0.5006031363088058,0.36942675159235666
Costcla Direct Marketing,GradientBoosting,3,split,1.0,9.274169305876374,9.274169305876374,986,DKW minimax (uncosted),1232.5511476249999,0.4499396863691194,0.40764331210191085
Costcla Direct Marketing,GradientBoosting,3,split,1.0,9.274169305876374,9.274169305876374,986,CP sum (costed),980.9756065775,0.9806996381182147,0.012738853503184714
Costcla Direct Marketing,GradientBoosting,3,split,1.0,9.274169305876374,9.274169305876374,986,DKW sum (costed),980.9756065775,0.9806996381182147,0.012738853503184714
Costcla Direct Marketing,GradientBoosting,3,split,1.0,9.274169305876374,9.274169305876374,986,CP minimax (costed),981.0,0.9939686369119421,0.0
Costcla Direct Marketing,GradientBoosting,3,split,1.0,9.274169305876374,9.274169305876374,986,DKW minimax (costed),981.0,0.9939686369119421,0.0
Costcla Direct Marketing,GradientBoosting,3,split,1.0,9.274169305876374,9.274169305876374,986,CP sum (prior-costed),1223.42868208,0.3172496984318456,0.5286624203821656
Costcla Direct Marketing,GradientBoosting,3,split,1.0,9.274169305876374,9.274169305876374,986,DKW sum (prior-costed),1223.42868208,0.3172496984318456,0.5286624203821656
Costcla Direct Marketing,GradientBoosting,3,split,1.0,9.274169305876374,9.274169305876374,986,CP minimax (prior-costed),1266.9337211974998,0.6079613992762364,0.2929936305732484
Costcla Direct Marketing,GradientBoosting,3,split,1.0,9.274169305876374,9.274169305876374,986,DKW minimax (prior-costed),1250.53164544,0.5838359469240049,0.3057324840764331
Costcla Direct Marketing,GradientBoosting,3,split,1.0,9.274169305876374,9.274169305876374,986,Oracle (test),966.9756065775,0.9638118214716526,0.01910828025477707
Costcla Direct Marketing,GradientBoosting,4,naive,1.0,8.822456776467034,8.822456776467034,986,Baseline,1680.3199960549998,0.012062726176115802,0.8853503184713376
Costcla Direct Marketing,GradientBoosting,4,naive,1.0,8.822456776467034,8.822456776467034,986,Threshold (cost),1353.88123574,0.09408926417370325,0.7197452229299363
Costcla Direct Marketing,GradientBoosting,4,naive,1.0,8.822456776467034,8.822456776467034,986,CP sum (uncosted),1323.4830729725,0.15078407720144751,0.6242038216560509
Costcla Direct Marketing,GradientBoosting,4,naive,1.0,8.822456776467034,8.822456776467034,986,DKW sum (uncosted),1323.4830729725,0.15078407720144751,0.6242038216560509
Costcla Direct Marketing,GradientBoosting,4,naive,1.0,8.822456776467034,8.822456776467034,986,CP minimax (uncosted),1356.6054337249998,0.2074788902291918,0.5923566878980892
Costcla Direct Marketing,GradientBoosting,4,naive,1.0,8.822456776467034,8.822456776467034,986,DKW minimax (uncosted),1360.6054337249998,0.21230398069963813,0.5923566878980892
Costcla Direct Marketing,GradientBoosting,4,naive,1.0,8.822456776467034,8.822456776467034,986,CP sum (costed),1073.76195867,0.4813027744270205,0.267515923566879
Costcla Direct Marketing,GradientBoosting,4,naive,1.0,8.822456776467034,8.822456776467034,986,DKW sum (costed),1073.76195867,0.4813027744270205,0.267515923566879
Costcla Direct Marketing,GradientBoosting,4,naive,1.0,8.822456776467034,8.822456776467034,986,CP minimax (costed),1081.6485931125,0.8443908323281062,0.09554140127388536
Costcla Direct Marketing,GradientBoosting,4,naive,1.0,8.822456776467034,8.822456776467034,986,DKW minimax (costed),951.640380405,0.9384800965018094,0.03821656050955414
Costcla Direct Marketing,GradientBoosting,4,naive,1.0,8.822456776467034,8.822456776467034,986,CP sum (prior-costed),1323.4830729725,0.15078407720144751,0.6242038216560509
Costcla Direct Marketing,GradientBoosting,4,naive,1.0,8.822456776467034,8.822456776467034,986,DKW sum (prior-costed),1323.4830729725,0.15078407720144751,0.6242038216560509
Costcla Direct Marketing,GradientBoosting,4,naive,1.0,8.822456776467034,8.822456776467034,986,CP minimax (prior-costed),1369.21835085,0.2255729794933655,0.5796178343949044
Costcla Direct Marketing,GradientBoosting,4,naive,1.0,8.822456776467034,8.822456776467034,986,DKW minimax (prior-costed),1369.7037271375,0.23522316043425814,0.5605095541401274
Costcla Direct Marketing,GradientBoosting,4,naive,1.0,8.822456776467034,8.822456776467034,986,Oracle (test),927.640380405,0.9095295536791315,0.044585987261146494
Costcla Direct Marketing,GradientBoosting,4,split,1.0,8.822456776467034,8.822456776467034,986,Baseline,1677.3420393425,0.019300361881785282,0.8535031847133758
Costcla Direct Marketing,GradientBoosting,4,split,1.0,8.822456776467034,8.822456776467034,986,Threshold (cost),1679.3692627149999,0.010856453558504222,0.8789808917197452
Costcla Direct Marketing,GradientBoosting,4,split,1.0,8.822456776467034,8.822456776467034,986,CP sum (uncosted),1677.9044716524998,0.013268998793727383,0.8726114649681529
Costcla Direct Marketing,GradientBoosting,4,split,1.0,8.822456776467034,8.822456776467034,986,DKW sum (uncosted),1677.9044716524998,0.013268998793727383,0.8726114649681529
Costcla Direct Marketing,GradientBoosting,4,split,1.0,8.822456776467034,8.822456776467034,986,CP minimax (uncosted),1151.957290105,0.4221954161640531,0.35668789808917195
Costcla Direct Marketing,GradientBoosting,4,split,1.0,8.822456776467034,8.822456776467034,986,DKW minimax (uncosted),1148.957290105,0.41857659831121835,0.35668789808917195
Costcla Direct Marketing,GradientBoosting,4,split,1.0,8.822456776467034,8.822456776467034,986,CP sum (costed),1123.8068394375,0.8576598311218335,0.07006369426751592
Costcla Direct Marketing,GradientBoosting,4,split,1.0,8.822456776467034,8.822456776467034,986,DKW sum (costed),1123.8068394375,0.8576598311218335,0.07006369426751592
Costcla Direct Marketing,GradientBoosting,4,split,1.0,8.822456776467034,8.822456776467034,986,CP minimax (costed),965.5580581225,0.9746682750301568,0.012738853503184714
Costcla Direct Marketing,GradientBoosting,4,split,1.0,8.822456776467034,8.822456776467034,986,DKW minimax (costed),965.5580581225,0.9746682750301568,0.012738853503184714
Costcla Direct Marketing,GradientBoosting,4,split,1.0,8.822456776467034,8.822456776467034,986,CP sum (prior-costed),1097.711031275,0.6948130277442702,0.1592356687898089
Costcla Direct Marketing,GradientBoosting,4,split,1.0,8.822456776467034,8.822456776467034,986,DKW sum (prior-costed),1059.1168966125,0.5669481302774427,0.20382165605095542
Costcla Direct Marketing,GradientBoosting,4,split,1.0,8.822456776467034,8.822456776467034,986,CP minimax (prior-costed),1028.473187825,0.5283474065138721,0.22929936305732485
Costcla Direct Marketing,GradientBoosting,4,split,1.0,8.822456776467034,8.822456776467034,986,DKW minimax (prior-costed),1043.4977349800001,0.5235223160434258,0.24203821656050956
Costcla Direct Marketing,GradientBoosting,4,split,1.0,8.822456776467034,8.822456776467034,986,Oracle (test),948.5336647,0.9408926417370326,0.025477707006369428
Costcla Direct Marketing,GradientBoosting,5,naive,1.0,8.59244510265934,8.59244510265934,986,Baseline,1709.4213593249997,0.019300361881785282,0.8726114649681529
Costcla Direct Marketing,GradientBoosting,5,naive,1.0,8.59244510265934,8.59244510265934,986,Threshold (cost),1663.6167466124998,0.05669481302774427,0.7770700636942676
Costcla Direct Marketing,GradientBoosting,5,naive,1.0,8.59244510265934,8.59244510265934,986,CP sum (uncosted),1543.2524639825,0.06393244873341375,0.7579617834394905
Costcla Direct Marketing,GradientBoosting,5,naive,1.0,8.59244510265934,8.59244510265934,986,DKW sum (uncosted),1310.4413365325,0.11942098914354644,0.6815286624203821
Costcla Direct Marketing,GradientBoosting,5,naive,1.0,8.59244510265934,8.59244510265934,986,CP minimax (uncosted),1289.39696111,0.2243667068757539,0.5859872611464968
Costcla Direct Marketing,GradientBoosting,5,naive,1.0,8.59244510265934,8.59244510265934,986,DKW minimax (uncosted),1280.1973044275,0.22677925211097708,0.5796178343949044
Costcla Direct Marketing,GradientBoosting,5,naive,1.0,8.59244510265934,8.59244510265934,986,CP sum (costed),979.1103260225,0.46079613992762364,0.3375796178343949
Costcla Direct Marketing,GradientBoosting,5,naive,1.0,8.59244510265934,8.59244510265934,986,DKW sum (costed),979.1103260225,0.46079613992762364,0.3375796178343949
Costcla Direct Marketing,GradientBoosting,5,naive,1.0,8.59244510265934,8.59244510265934,986,CP minimax (costed),926.7064730325001,0.7828709288299156,0.1464968152866242
Costcla Direct Marketing,GradientBoosting,5,naive,1.0,8.59244510265934,8.59244510265934,986,DKW minimax (costed),980.461770145,0.887816646562123,0.06369426751592357
Costcla Direct Marketing,GradientBoosting,5,naive,1.0,8.59244510265934,8.59244510265934,986,CP sum (prior-costed),1310.4413365325,0.11942098914354644,0.6815286624203821
Costcla Direct Marketing,GradientBoosting,5,naive,1.0,8.59244510265934,8.59244510265934,986,DKW sum (prior-costed),1310.4413365325,0.11942098914354644,0.6815286624203821
Costcla Direct Marketing,GradientBoosting,5,naive,1.0,8.59244510265934,8.59244510265934,986,CP minimax (prior-costed),1184.4110129800001,0.2545235223160434,0.5414012738853503
Costcla Direct Marketing,GradientBoosting,5,naive,1.0,8.59244510265934,8.59244510265934,986,DKW minimax (prior-costed),1194.4110129800001,0.26658624849215923,0.5414012738853503
Costcla Direct Marketing,GradientBoosting,5,naive,1.0,8.59244510265934,8.59244510265934,986,Oracle (test),916.6401032625,0.7466827503015682,0.16560509554140126
Costcla Direct Marketing,GradientBoosting,5,split,1.0,8.59244510265934,8.59244510265934,986,Baseline,1651.324868675,0.027744270205066344,0.8535031847133758
Costcla Direct Marketing,GradientBoosting,5,split,1.0,8.59244510265934,8.59244510265934,986,Threshold (cost),1657.2608490399998,0.012062726176115802,0.8726114649681529
Costcla Direct Marketing,GradientBoosting,5,split,1.0,8.59244510265934,8.59244510265934,986,CP sum (uncosted),1152.24271395,0.22919179734620024,0.5605095541401274
Costcla Direct Marketing,GradientBoosting,5,split,1.0,8.59244510265934,8.59244510265934,986,DKW sum (uncosted),1152.24271395,0.22919179734620024,0.5605095541401274
Costcla Direct Marketing,GradientBoosting,5,split,1.0,8.59244510265934,8.59244510265934,986,CP minimax (uncosted),1067.5806721925,0.3944511459589867,0.39490445859872614
Costcla Direct Marketing,GradientBoosting,5,split,1.0,8.59244510265934,8.59244510265934,986,DKW minimax (uncosted),1084.4520669325,0.3715319662243667,0.4140127388535032
Costcla Direct Marketing,GradientBoosting,5,split,1.0,8.59244510265934,8.59244510265934,986,CP sum (costed),939.55342541,0.8841978287092883,0.06369426751592357
Costcla Direct Marketing,GradientBoosting,5,split,1.0,8.59244510265934,8.59244510265934,986,DKW sum (costed),939.55342541,0.8841978287092883,0.06369426751592357
Costcla Direct Marketing,GradientBoosting,5,split,1.0,8.59244510265934,8.59244510265934,986,CP minimax (costed),981.0031560325,0.9758745476477684,0.012738853503184714
Costcla Direct Marketing,GradientBoosting,5,split,1.0,8.59244510265934,8.59244510265934,986,DKW minimax (costed),981.0031560325,0.9758745476477684,0.012738853503184714
Costcla Direct Marketing,GradientBoosting,5,split,1.0,8.59244510265934,8.59244510265934,986,CP sum (prior-costed),1152.24271395,0.22919179734620024,0.5605095541401274
Costcla Direct Marketing,GradientBoosting,5,split,1.0,8.59244510265934,8.59244510265934,986,DKW sum (prior-costed),1152.24271395,0.22919179734620024,0.5605095541401274
Costcla Direct Marketing,GradientBoosting,5,split,1.0,8.59244510265934,8.59244510265934,986,CP minimax (prior-costed),997.36590613,0.5211097708082026,0.28662420382165604
Costcla Direct Marketing,GradientBoosting,5,split,1.0,8.59244510265934,8.59244510265934,986,DKW minimax (prior-costed),990.6037309625,0.5126658624849216,0.2929936305732484
Costcla Direct Marketing,GradientBoosting,5,split,1.0,8.59244510265934,8.59244510265934,986,Oracle (test),848.7616581175,0.706875753920386,0.1337579617834395
Costcla Direct Marketing,GradientBoosting,6,naive,1.0,9.159163157989012,9.159163157989012,986,Baseline,1173.1605757224997,0.020506634499396863,0.8343949044585988
Costcla Direct Marketing,GradientBoosting,6,naive,1.0,9.159163157989012,9.159163157989012,986,Threshold (cost),1028.8521000199999,0.24004825090470447,0.5159235668789809
Costcla Direct Marketing,GradientBoosting,6,naive,1.0,9.159163157989012,9.159163157989012,986,CP sum (uncosted),1033.8521000199999,0.24607961399276237,0.5159235668789809
Costcla Direct Marketing,GradientBoosting,6,naive,1.0,9.159163157989012,9.159163157989012,986,DKW sum (uncosted),1033.8521000199999,0.24607961399276237,0.5159235668789809
Costcla Direct Marketing,GradientBoosting,6,naive,1.0,9.159163157989012,9.159163157989012,986,CP minimax (uncosted),1049.8053372274999,0.22919179734620024,0.535031847133758
Costcla Direct Marketing,GradientBoosting,6,naive,1.0,9.159163157989012,9.159163157989012,986,DKW minimax (uncosted),1028.8521000199999,0.24004825090470447,0.5159235668789809
Costcla Direct Marketing,GradientBoosting,6,naive,1.0,9.159163157989012,9.159163157989012,986,CP sum (costed),966.2043128050001,0.39806996381182147,0.3503184713375796
Costcla Direct Marketing,GradientBoosting,6,naive,1.0,9.159163157989012,9.159163157989012,986,DKW sum (costed),966.2043128050001,0.39806996381182147,0.3503184713375796
Costcla Direct Marketing,GradientBoosting,6,naive,1.0,9.159163157989012,9.159163157989012,986,CP minimax (costed),995.7196142125,0.9252110977080821,0.05732484076433121
Costcla Direct Marketing,GradientBoosting,6,naive,1.0,9.159163157989012,9.159163157989012,986,DKW minimax (costed),995.7196142125,0.9252110977080821,0.05732484076433121
Costcla Direct Marketing,GradientBoosting,6,naive,1.0,9.159163157989012,9.159163157989012,986,CP sum (prior-costed),1033.8521000199999,0.24607961399276237,0.5159235668789809
Costcla Direct Marketing,GradientBoosting,6,naive,1.0,9.159163157989012,9.159163157989012,986,DKW sum (prior-costed),1033.8521000199999,0.24607961399276237,0.5159235668789809
Costcla Direct Marketing,GradientBoosting,6,naive,1.0,9.159163157989012,9.159163157989012,986,CP minimax (prior-costed),1036.706650175,0.24969843184559712,0.5095541401273885
Costcla Direct Marketing,GradientBoosting,6,naive,1.0,9.159163157989012,9.159163157989012,986,DKW minimax (prior-costed),1009.3118833475,0.2822677925211098,0.4713375796178344
Costcla Direct Marketing,GradientBoosting,6,naive,1.0,9.159163157989012,9.159163157989012,986,Oracle (test),910.52470674,0.6936067551266586,0.1464968152866242
Costcla Direct Marketing,GradientBoosting,6,split,1.0,9.159163157989012,9.159163157989012,986,Baseline,1135.2246815325,0.026537997587454766,0.8152866242038217
Costcla Direct Marketing,GradientBoosting,6,split,1.0,9.159163157989012,9.159163157989012,986,Threshold (cost),996.458963605,0.3088057901085645,0.4394904458598726
Costcla Direct Marketing,GradientBoosting,6,split,1.0,9.159163157989012,9.159163157989012,986,CP sum (uncosted),996.458963605,0.3088057901085645,0.4394904458598726
Costcla Direct Marketing,GradientBoosting,6,split,1.0,9.159163157989012,9.159163157989012,986,DKW sum (uncosted),996.458963605,0.3088057901085645,0.4394904458598726
Costcla Direct Marketing,GradientBoosting,6,split,1.0,9.159163157989012,9.159163157989012,986,CP minimax (uncosted),984.689276835,0.39927623642943305,0.34394904458598724
Costcla Direct Marketing,GradientBoosting,6,split,1.0,9.159163157989012,9.159163157989012,986,DKW minimax (uncosted),1003.7304286675001,0.3703256936067551,0.3821656050955414
Costcla Direct Marketing,GradientBoosting,6,split,1.0,9.159163157989012,9.159163157989012,986,CP sum (costed),984.0,0.9975874547647768,0.0
Costcla Direct Marketing,GradientBoosting,6,split,1.0,9.159163157989012,9.159163157989012,986,DKW sum (costed),984.0,0.9975874547647768,0.0
Costcla Direct Marketing,GradientBoosting,6,split,1.0,9.159163157989012,9.159163157989012,986,CP minimax (costed),986.0,1.0,0.0
Costcla Direct Marketing,GradientBoosting,6,split,1.0,9.159163157989012,9.159163157989012,986,DKW minimax (costed),986.0,1.0,0.0
Costcla Direct Marketing,GradientBoosting,6,split,1.0,9.159163157989012,9.159163157989012,986,CP sum (prior-costed),1007.953500525,0.3498190591073583,0.40764331210191085
Costcla Direct Marketing,GradientBoosting,6,split,1.0,9.159163157989012,9.159163157989012,986,DKW sum (prior-costed),1007.953500525,0.3498190591073583,0.40764331210191085
Costcla Direct Marketing,GradientBoosting,6,split,1.0,9.159163157989012,9.159163157989012,986,CP minimax (prior-costed),960.8796377699999,0.4571773220747889,0.28662420382165604
Costcla Direct Marketing,GradientBoosting,6,split,1.0,9.159163157989012,9.159163157989012,986,DKW minimax (prior-costed),971.589783885,0.44149577804583834,0.3184713375796178
Costcla Direct Marketing,GradientBoosting,6,split,1.0,9.159163157989012,9.159163157989012,986,Oracle (test),942.256607295,0.8697225572979493,0.03821656050955414
Costcla Direct Marketing,GradientBoosting,7,naive,1.0,8.864959242648352,8.864959242648352,986,Baseline,1476.3985659925,0.010856453558504222,0.8471337579617835
Costcla Direct Marketing,GradientBoosting,7,naive,1.0,8.864959242648352,8.864959242648352,986,Threshold (cost),1322.5827382725,0.13751507840772015,0.6114649681528662
Costcla Direct Marketing,GradientBoosting,7,naive,1.0,8.864959242648352,8.864959242648352,986,CP sum (uncosted),1322.5827382725,0.13751507840772015,0.6114649681528662
Costcla Direct Marketing,GradientBoosting,7,naive,1.0,8.864959242648352,8.864959242648352,986,DKW sum (uncosted),1309.9874040724999,0.11700844390832328,0.6242038216560509
Costcla Direct Marketing,GradientBoosting,7,naive,1.0,8.864959242648352,8.864959242648352,986,CP minimax (uncosted),1335.7184801125,0.2195416164053076,0.554140127388535
Costcla Direct Marketing,GradientBoosting,7,naive,1.0,8.864959242648352,8.864959242648352,986,DKW minimax (uncosted),1339.6023638675,0.22677925211097708,0.5414012738853503
Costcla Direct Marketing,GradientBoosting,7,naive,1.0,8.864959242648352,8.864959242648352,986,CP sum (costed),1017.6292749825,0.6224366706875754,0.19745222929936307
Costcla Direct Marketing,GradientBoosting,7,naive,1.0,8.864959242648352,8.864959242648352,986,DKW sum (costed),1269.78673882,0.2810615199034982,0.49044585987261147
Costcla Direct Marketing,GradientBoosting,7,naive,1.0,8.864959242648352,8.864959242648352,986,CP minimax (costed),998.524177985,0.9722557297949337,0.03184713375796178
Costcla Direct Marketing,GradientBoosting,7,naive,1.0,8.864959242648352,8.864959242648352,986,DKW minimax (costed),998.524177985,0.9722557297949337,0.03184713375796178
Costcla Direct Marketing,GradientBoosting,7,naive,1.0,8.864959242648352,8.864959242648352,986,CP sum (prior-costed),1322.5827382725,0.13751507840772015,0.6114649681528662
Costcla Direct Marketing,GradientBoosting,7,naive,1.0,8.864959242648352,8.864959242648352,986,DKW sum (prior-costed),1322.5827382725,0.13751507840772015,0.6114649681528662
Costcla Direct Marketing,GradientBoosting,7,naive,1.0,8.864959242648352,8.864959242648352,986,CP minimax (prior-costed),1357.1484314074999,0.25331724969843183,0.5286624203821656
Costcla Direct Marketing,GradientBoosting,7,naive,1.0,8.864959242648352,8.864959242648352,986,DKW minimax (prior-costed),1358.1484314074999,0.2545235223160434,0.5286624203821656
Costcla Direct Marketing,GradientBoosting,7,naive,1.0,8.864959242648352,8.864959242648352,986,Oracle (test),904.4624036925,0.7310012062726177,0.1337579617834395
Costcla Direct Marketing,GradientBoosting,7,split,1.0,8.864959242648352,8.864959242648352,986,Baseline,1454.71037699,0.008443908323281062,0.8726114649681529
Costcla Direct Marketing,GradientBoosting,7,split,1.0,8.864959242648352,8.864959242648352,986,Threshold (cost),1025.4504248150001,0.5621230398069964,0.25477707006369427
Costcla Direct Marketing,GradientBoosting,7,split,1.0,8.864959242648352,8.864959242648352,986,CP sum (uncosted),1201.51225284,0.06031363088057901,0.7261146496815286
Costcla Direct Marketing,GradientBoosting,7,split,1.0,8.864959242648352,8.864959242648352,986,DKW sum (uncosted),1099.85724287,0.13027744270205066,0.6178343949044586
Costcla Direct Marketing,GradientBoosting,7,split,1.0,8.864959242648352,8.864959242648352,986,CP minimax (uncosted),945.965854425,0.4427020506634499,0.31210191082802546
Costcla Direct Marketing,GradientBoosting,7,split,1.0,8.864959242648352,8.864959242648352,986,DKW minimax (uncosted),929.9057291624999,0.4221954161640531,0.3184713375796178
Costcla Direct Marketing,GradientBoosting,7,split,1.0,8.864959242648352,8.864959242648352,986,CP sum (costed),1045.044135515,0.9517490952955368,0.06369426751592357
Costcla Direct Marketing,GradientBoosting,7,split,1.0,8.864959242648352,8.864959242648352,986,DKW sum (costed),1045.044135515,0.9517490952955368,0.06369426751592357
Costcla Direct Marketing,GradientBoosting,7,split,1.0,8.864959242648352,8.864959242648352,986,CP minimax (costed),1024.117075875,0.9831121833534379,0.01910828025477707
Costcla Direct Marketing,GradientBoosting,7,split,1.0,8.864959242648352,8.864959242648352,986,DKW minimax (costed),1024.117075875,0.9831121833534379,0.01910828025477707
Costcla Direct Marketing,GradientBoosting,7,split,1.0,8.864959242648352,8.864959242648352,986,CP sum (prior-costed),1099.85724287,0.13027744270205066,0.6178343949044586
Costcla Direct Marketing,GradientBoosting,7,split,1.0,8.864959242648352,8.864959242648352,986,DKW sum (prior-costed),885.67208755,0.24125452352231605,0.43312101910828027
Costcla Direct Marketing,GradientBoosting,7,split,1.0,8.864959242648352,8.864959242648352,986,CP minimax (prior-costed),1013.0691741899999,0.5440289505428226,0.27388535031847133
Costcla Direct Marketing,GradientBoosting,7,split,1.0,8.864959242648352,8.864959242648352,986,DKW minimax (prior-costed),988.2565142075,0.5042219541616405,0.29936305732484075
Costcla Direct Marketing,GradientBoosting,7,split,1.0,8.864959242648352,8.864959242648352,986,Oracle (test),861.9490773975001,0.3293124246079614,0.3503184713375796
Costcla Direct Marketing,GradientBoosting,8,naive,1.0,9.14349734746978,9.14349734746978,986,Baseline,1456.3171357825,0.019300361881785282,0.8789808917197452
Costcla Direct Marketing,GradientBoosting,8,naive,1.0,9.14349734746978,9.14349734746978,986,Threshold (cost),1312.204729855,0.12303980699638119,0.6369426751592356
Costcla Direct Marketing,GradientBoosting,8,naive,1.0,9.14349734746978,9.14349734746978,986,CP sum (uncosted),1321.204729855,0.1338962605548854,0.6369426751592356
Costcla Direct Marketing,GradientBoosting,8,naive,1.0,9.14349734746978,9.14349734746978,986,DKW sum (uncosted),1321.204729855,0.1338962605548854,0.6369426751592356
Costcla Direct Marketing,GradientBoosting,8,naive,1.0,9.14349734746978,9.14349734746978,986,CP minimax (uncosted),1219.221390385,0.24004825090470447,0.5605095541401274
Costcla Direct Marketing,GradientBoosting,8,naive,1.0,9.14349734746978,9.14349734746978,986,DKW minimax (uncosted),1225.221390385,0.24728588661037396,0.5605095541401274
Costcla Direct Marketing,GradientBoosting,8,naive,1.0,9.14349734746978,9.14349734746978,986,CP sum (costed),1267.0773007225,0.5778045838359469,0.3057324840764331
Costcla Direct Marketing,GradientBoosting,8,naive,1.0,9.14349734746978,9.14349734746978,986,DKW sum (costed),1233.3656406925002,0.32448733413751507,0.49044585987261147
Costcla Direct Marketing,GradientBoosting,8,naive,1.0,9.14349734746978,9.14349734746978,986,CP minimax (costed),1015.602999535,0.8914354644149578,0.05732484076433121
Costcla Direct Marketing,GradientBoosting,8,naive,1.0,9.14349734746978,9.14349734746978,986,DKW minimax (costed),1015.602999535,0.8914354644149578,0.05732484076433121
Costcla Direct Marketing,GradientBoosting,8,naive,1.0,9.14349734746978,9.14349734746978,986,CP sum (prior-costed),1321.204729855,0.1338962605548854,0.6369426751592356
Costcla Direct Marketing,GradientBoosting,8,naive,1.0,9.14349734746978,9.14349734746978,986,DKW sum (prior-costed),1321.204729855,0.1338962605548854,0.6369426751592356
Costcla Direct Marketing,GradientBoosting,8,naive,1.0,9.14349734746978,9.14349734746978,986,CP minimax (prior-costed),1218.5705636349999,0.29191797346200243,0.5159235668789809
Costcla Direct Marketing,GradientBoosting,8,naive,1.0,9.14349734746978,9.14349734746978,986,DKW minimax (prior-costed),1225.30551543,0.31363088057901084,0.4968152866242038
Costcla Direct Marketing,GradientBoosting,8,naive,1.0,9.14349734746978,9.14349734746978,986,Oracle (test),959.4706233125,0.9553679131483716,0.012738853503184714
Costcla Direct Marketing,GradientBoosting,8,split,1.0,9.14349734746978,9.14349734746978,986,Baseline,1361.9741581000003,0.020506634499396863,0.8280254777070064
Costcla Direct Marketing,GradientBoosting,8,split,1.0,9.14349734746978,9.14349734746978,986,Threshold (cost),1164.1737913725,0.3956574185765983,0.4713375796178344
Costcla Direct Marketing,GradientBoosting,8,split,1.0,9.14349734746978,9.14349734746978,986,CP sum (uncosted),1457.1634173775,0.006031363088057901,0.8853503184713376
Costcla Direct Marketing,GradientBoosting,8,split,1.0,9.14349734746978,9.14349734746978,986,DKW sum (uncosted),1457.1634173775,0.006031363088057901,0.8853503184713376
Costcla Direct Marketing,GradientBoosting,8,split,1.0,9.14349734746978,9.14349734746978,986,CP minimax (uncosted),1142.8531155024998,0.5657418576598311,0.35668789808917195
Costcla Direct Marketing,GradientBoosting,8,split,1.0,9.14349734746978,9.14349734746978,986,DKW minimax (uncosted),1138.7512538,0.5367913148371531,0.3885350318471338
Costcla Direct Marketing,GradientBoosting,8,split,1.0,9.14349734746978,9.14349734746978,986,CP sum (costed),984.1715412375,0.9963811821471653,0.01910828025477707
Costcla Direct Marketing,GradientBoosting,8,split,1.0,9.14349734746978,9.14349734746978,986,DKW sum (costed),984.1715412375,0.9963811821471653,0.01910828025477707
Costcla Direct Marketing,GradientBoosting,8,split,1.0,9.14349734746978,9.14349734746978,986,CP minimax (costed),984.1715412375,0.9963811821471653,0.01910828025477707
Costcla Direct Marketing,GradientBoosting,8,split,1.0,9.14349734746978,9.14349734746978,986,DKW minimax (costed),984.1715412375,0.9963811821471653,0.01910828025477707
Costcla Direct Marketing,GradientBoosting,8,split,1.0,9.14349734746978,9.14349734746978,986,CP sum (prior-costed),984.1715412375,0.9963811821471653,0.01910828025477707
Costcla Direct Marketing,GradientBoosting,8,split,1.0,9.14349734746978,9.14349734746978,986,DKW sum (prior-costed),984.1715412375,0.9963811821471653,0.01910828025477707
Costcla Direct Marketing,GradientBoosting,8,split,1.0,9.14349734746978,9.14349734746978,986,CP minimax (prior-costed),1121.30514732,0.7237635705669482,0.1910828025477707
Costcla Direct Marketing,GradientBoosting,8,split,1.0,9.14349734746978,9.14349734746978,986,DKW minimax (prior-costed),1110.1816545875,0.7032569360675512,0.20382165605095542
Costcla Direct Marketing,GradientBoosting,8,split,1.0,9.14349734746978,9.14349734746978,986,Oracle (test),972.702615895,0.9806996381182147,0.025477707006369428
Costcla Direct Marketing,GradientBoosting,9,naive,1.0,9.517139567228023,9.517139567228023,986,Baseline,1354.26919207,0.018094089264173704,0.8471337579617835
Costcla Direct Marketing,GradientBoosting,9,naive,1.0,9.517139567228023,9.517139567228023,986,Threshold (cost),1163.74765998,0.07117008443908324,0.6878980891719745
Costcla Direct Marketing,GradientBoosting,9,naive,1.0,9.517139567228023,9.517139567228023,986,CP sum (uncosted),1174.4784774949999,0.08926417370325694,0.6624203821656051
Costcla Direct Marketing,GradientBoosting,9,naive,1.0,9.517139567228023,9.517139567228023,986,DKW sum (uncosted),1174.4784774949999,0.08926417370325694,0.6624203821656051
Costcla Direct Marketing,GradientBoosting,9,naive,1.0,9.517139567228023,9.517139567228023,986,CP minimax (uncosted),1113.7557258675,0.20024125452352232,0.5031847133757962
Costcla Direct Marketing,GradientBoosting,9,naive,1.0,9.517139567228023,9.517139567228023,986,DKW minimax (uncosted),1114.7557258675,0.2014475271411339,0.5031847133757962
Costcla Direct Marketing,GradientBoosting,9,naive,1.0,9.517139567228023,9.517139567228023,986,CP sum (costed),1044.346280535,0.49336550060313633,0.2802547770700637
Costcla Direct Marketing,GradientBoosting,9,naive,1.0,9.517139567228023,9.517139567228023,986,DKW sum (costed),997.8641092199999,0.27020506634499397,0.4267515923566879
Costcla Direct Marketing,GradientBoosting,9,naive,1.0,9.517139567228023,9.517139567228023,986,CP minimax (costed),1002.414373805,0.9408926417370326,0.03184713375796178
Costcla Direct Marketing,GradientBoosting,9,naive,1.0,9.517139567228023,9.517139567228023,986,DKW minimax (costed),1002.414373805,0.9408926417370326,0.03184713375796178
Costcla Direct Marketing,GradientBoosting,9,naive,1.0,9.517139567228023,9.517139567228023,986,CP sum (prior-costed),1115.9914404725,0.1881785283474065,0.535031847133758
Costcla Direct Marketing,GradientBoosting,9,naive,1.0,9.517139567228023,9.517139567228023,986,DKW sum (prior-costed),1115.9914404725,0.1881785283474065,0.535031847133758
Costcla Direct Marketing,GradientBoosting,9,naive,1.0,9.517139567228023,9.517139567228023,986,CP minimax (prior-costed),1107.4077893899998,0.23401688781664656,0.47770700636942676
Costcla Direct Marketing,GradientBoosting,9,naive,1.0,9.517139567228023,9.517139567228023,986,DKW minimax (prior-costed),1109.2526990974998,0.24607961399276237,0.46496815286624205
Costcla Direct Marketing,GradientBoosting,9,naive,1.0,9.517139567228023,9.517139567228023,986,Oracle (test),976.5310746575,0.9867310012062727,0.006369426751592357
Costcla Direct Marketing,GradientBoosting,9,split,1.0,9.517139567228023,9.517139567228023,986,Baseline,1415.9530744424999,0.015681544028950542,0.89171974522293
Costcla Direct Marketing,GradientBoosting,9,split,1.0,9.517139567228023,9.517139567228023,986,Threshold (cost),1205.361881435,0.15560916767189384,0.6114649681528662
Costcla Direct Marketing,GradientBoosting,9,split,1.0,9.517139567228023,9.517139567228023,986,CP sum (uncosted),1561.0708514225,0.0024125452352231603,0.9936305732484076
Costcla Direct Marketing,GradientBoosting,9,split,1.0,9.517139567228023,9.517139567228023,986,DKW sum (uncosted),1215.40783833,0.22195416164053075,0.5605095541401274
Costcla Direct Marketing,GradientBoosting,9,split,1.0,9.517139567228023,9.517139567228023,986,CP minimax (uncosted),1091.14634671,0.4161640530759952,0.3885350318471338
Costcla Direct Marketing,GradientBoosting,9,split,1.0,9.517139567228023,9.517139567228023,986,DKW minimax (uncosted),1079.14634671,0.4016887816646562,0.3885350318471338
Costcla Direct Marketing,GradientBoosting,9,split,1.0,9.517139567228023,9.517139567228023,986,CP sum (costed),997.7446411825,0.8757539203860072,0.09554140127388536
Costcla Direct Marketing,GradientBoosting,9,split,1.0,9.517139567228023,9.517139567228023,986,DKW sum (costed),997.7446411825,0.8757539203860072,0.09554140127388536
Costcla Direct Marketing,GradientBoosting,9,split,1.0,9.517139567228023,9.517139567228023,986,CP minimax (costed),989.0823222825,0.9843184559710495,0.025477707006369428
Costcla Direct Marketing,GradientBoosting,9,split,1.0,9.517139567228023,9.517139567228023,986,DKW minimax (costed),989.0823222825,0.9843184559710495,0.025477707006369428
Costcla Direct Marketing,GradientBoosting,9,split,1.0,9.517139567228023,9.517139567228023,986,CP sum (prior-costed),997.7446411825,0.8757539203860072,0.09554140127388536
Costcla Direct Marketing,GradientBoosting,9,split,1.0,9.517139567228023,9.517139567228023,986,DKW sum (prior-costed),1215.40783833,0.22195416164053075,0.5605095541401274
Costcla Direct Marketing,GradientBoosting,9,split,1.0,9.517139567228023,9.517139567228023,986,CP minimax (prior-costed),1043.94130727,0.5874547647768396,0.2929936305732484
Costcla Direct Marketing,GradientBoosting,9,split,1.0,9.517139567228023,9.517139567228023,986,DKW minimax (prior-costed),1010.437455985,0.5379975874547648,0.31210191082802546
Costcla Direct Marketing,GradientBoosting,9,split,1.0,9.517139567228023,9.517139567228023,986,Oracle (test),959.613876755,0.9191797346200241,0.050955414012738856
Costcla Credit Scoring Kaggle 2011,Linear,0,naive,864.9590504868147,12532.88244153083,14.489567378336691,2822,Baseline,2247617.759955974,0.0007598784194528875,0.968421052631579
Costcla Credit Scoring Kaggle 2011,Linear,0,naive,864.9590504868147,12532.88244153083,14.489567378336691,2822,Threshold (cost),1540937.9956442795,0.2967325227963526,0.34210526315789475
Costcla Credit Scoring Kaggle 2011,Linear,0,naive,864.9590504868147,12532.88244153083,14.489567378336691,2822,CP sum (uncosted),1540937.9956442795,0.2967325227963526,0.34210526315789475
Costcla Credit Scoring Kaggle 2011,Linear,0,naive,864.9590504868147,12532.88244153083,14.489567378336691,2822,DKW sum (uncosted),1540937.9956442795,0.2967325227963526,0.34210526315789475
Costcla Credit Scoring Kaggle 2011,Linear,0,naive,864.9590504868147,12532.88244153083,14.489567378336691,2822,CP minimax (uncosted),1548143.9371433207,0.40501519756838905,0.25263157894736843
Costcla Credit Scoring Kaggle 2011,Linear,0,naive,864.9590504868147,12532.88244153083,14.489567378336691,2822,DKW minimax (uncosted),1557904.8439485463,0.39285714285714285,0.2631578947368421
Costcla Credit Scoring Kaggle 2011,Linear,0,naive,864.9590504868147,12532.88244153083,14.489567378336691,2822,CP sum (costed),2273808.234069523,0.9996200607902735,0.0
Costcla Credit Scoring Kaggle 2011,Linear,0,naive,864.9590504868147,12532.88244153083,14.489567378336691,2822,DKW sum (costed),2273808.234069523,0.9996200607902735,0.0
Costcla Credit Scoring Kaggle 2011,Linear,0,naive,864.9590504868147,12532.88244153083,14.489567378336691,2822,CP minimax (costed),2273808.234069523,0.9996200607902735,0.0
Costcla Credit Scoring Kaggle 2011,Linear,0,naive,864.9590504868147,12532.88244153083,14.489567378336691,2822,DKW minimax (costed),2274831.9646105655,1.0,0.0
Costcla Credit Scoring Kaggle 2011,Linear,0,naive,864.9590504868147,12532.88244153083,14.489567378336691,2822,CP sum (prior-costed),1540937.9956442795,0.2967325227963526,0.34210526315789475
Costcla Credit Scoring Kaggle 2011,Linear,0,naive,864.9590504868147,12532.88244153083,14.489567378336691,2822,DKW sum (prior-costed),1540937.9956442795,0.2967325227963526,0.34210526315789475
Costcla Credit Scoring Kaggle 2011,Linear,0,naive,864.9590504868147,12532.88244153083,14.489567378336691,2822,CP minimax (prior-costed),1558181.6403447154,0.42211246200607905,0.24210526315789474
Costcla Credit Scoring Kaggle 2011,Linear,0,naive,864.9590504868147,12532.88244153083,14.489567378336691,2822,DKW minimax (prior-costed),1548143.9371433207,0.40501519756838905,0.25263157894736843
Costcla Credit Scoring Kaggle 2011,Linear,0,naive,864.9590504868147,12532.88244153083,14.489567378336691,2822,Oracle (test),1486487.3589594914,0.354483282674772,0.2736842105263158
Costcla Credit Scoring Kaggle 2011,Linear,0,split,864.9590504868147,12532.88244153083,14.489567378336691,2822,Baseline,2217142.990497017,0.0011398176291793312,0.9578947368421052
Costcla Credit Scoring Kaggle 2011,Linear,0,split,864.9590504868147,12532.88244153083,14.489567378336691,2822,Threshold (cost),1534467.3587749586,0.24088145896656535,0.4
Costcla Credit Scoring Kaggle 2011,Linear,0,split,864.9590504868147,12532.88244153083,14.489567378336691,2822,CP sum (uncosted),1534467.3587749586,0.24088145896656535,0.4
Costcla Credit Scoring Kaggle 2011,Linear,0,split,864.9590504868147,12532.88244153083,14.489567378336691,2822,DKW sum (uncosted),1534467.3587749586,0.24088145896656535,0.4
Costcla Credit Scoring Kaggle 2011,Linear,0,split,864.9590504868147,12532.88244153083,14.489567378336691,2822,CP minimax (uncosted),1638572.4067362752,0.4175531914893617,0.2789473684210526
Costcla Credit Scoring Kaggle 2011,Linear,0,split,864.9590504868147,12532.88244153083,14.489567378336691,2822,DKW minimax (uncosted),1619006.6732942439,0.40919452887537994,0.2789473684210526
Costcla Credit Scoring Kaggle 2011,Linear,0,split,864.9590504868147,12532.88244153083,14.489567378336691,2822,CP sum (costed),2273808.234069523,0.9996200607902735,0.0
Costcla Credit Scoring Kaggle 2011,Linear,0,split,864.9590504868147,12532.88244153083,14.489567378336691,2822,DKW sum (costed),2273808.234069523,0.9996200607902735,0.0
Costcla Credit Scoring Kaggle 2011,Linear,0,split,864.9590504868147,12532.88244153083,14.489567378336691,2822,CP minimax (costed),2273808.234069523,0.9996200607902735,0.0
Costcla Credit Scoring Kaggle 2011,Linear,0,split,864.9590504868147,12532.88244153083,14.489567378336691,2822,DKW minimax (costed),2273808.234069523,0.9996200607902735,0.0
Costcla Credit Scoring Kaggle 2011,Linear,0,split,864.9590504868147,12532.88244153083,14.489567378336691,2822,CP sum (prior-costed),1534467.3587749586,0.24088145896656535,0.4
Costcla Credit Scoring Kaggle 2011,Linear,0,split,864.9590504868147,12532.88244153083,14.489567378336691,2822,DKW sum (prior-costed),1534467.3587749586,0.24088145896656535,0.4
Costcla Credit Scoring Kaggle 2011,Linear,0,split,864.9590504868147,12532.88244153083,14.489567378336691,2822,CP minimax (prior-costed),1660848.1391080918,0.43009118541033436,0.2736842105263158
Costcla Credit Scoring Kaggle 2011,Linear,0,split,864.9590504868147,12532.88244153083,14.489567378336691,2822,DKW minimax (prior-costed),1636060.588649767,0.41641337386018235,0.2789473684210526
Costcla Credit Scoring Kaggle 2011,Linear,0,split,864.9590504868147,12532.88244153083,14.489567378336691,2822,Oracle (test),1497793.6550559367,0.31344984802431614,0.3105263157894737
Costcla Credit Scoring Kaggle 2011,Linear,1,naive,860.7701887834537,12368.85648476258,14.369522371869975,2822,Baseline,2247168.2397744074,0.001519756838905775,0.9631578947368421
Costcla Credit Scoring Kaggle 2011,Linear,1,naive,860.7701887834537,12368.85648476258,14.369522371869975,2822,Threshold (cost),1504554.5797105436,0.16527355623100304,0.4789473684210526
Costcla Credit Scoring Kaggle 2011,Linear,1,naive,860.7701887834537,12368.85648476258,14.369522371869975,2822,CP sum (uncosted),1494514.5888654958,0.16109422492401215,0.4789473684210526
Costcla Credit Scoring Kaggle 2011,Linear,1,naive,860.7701887834537,12368.85648476258,14.369522371869975,2822,DKW sum (uncosted),1494514.5888654958,0.16109422492401215,0.4789473684210526
Costcla Credit Scoring Kaggle 2011,Linear,1,naive,860.7701887834537,12368.85648476258,14.369522371869975,2822,CP minimax (uncosted),1501212.491369077,0.38069908814589665,0.28421052631578947
Costcla Credit Scoring Kaggle 2011,Linear,1,naive,860.7701887834537,12368.85648476258,14.369522371869975,2822,DKW minimax (uncosted),1496751.1049635606,0.37879939209726443,0.28421052631578947
Costcla Credit Scoring Kaggle 2011,Linear,1,naive,860.7701887834537,12368.85648476258,14.369522371869975,2822,CP sum (costed),2285902.16577414,0.9969604863221885,0.005263157894736842
Costcla Credit Scoring Kaggle 2011,Linear,1,naive,860.7701887834537,12368.85648476258,14.369522371869975,2822,DKW sum (costed),2285902.16577414,0.9969604863221885,0.005263157894736842
Costcla Credit Scoring Kaggle 2011,Linear,1,naive,860.7701887834537,12368.85648476258,14.369522371869975,2822,CP minimax (costed),2285902.16577414,0.9969604863221885,0.005263157894736842
Costcla Credit Scoring Kaggle 2011,Linear,1,naive,860.7701887834537,12368.85648476258,14.369522371869975,2822,DKW minimax (costed),2285629.1443363633,0.9996200607902735,0.0
Costcla Credit Scoring Kaggle 2011,Linear,1,naive,860.7701887834537,12368.85648476258,14.369522371869975,2822,CP sum (prior-costed),1494514.5888654958,0.16109422492401215,0.4789473684210526
Costcla Credit Scoring Kaggle 2011,Linear,1,naive,860.7701887834537,12368.85648476258,14.369522371869975,2822,DKW sum (prior-costed),1494514.5888654958,0.16109422492401215,0.4789473684210526
Costcla Credit Scoring Kaggle 2011,Linear,1,naive,860.7701887834537,12368.85648476258,14.369522371869975,2822,CP minimax (prior-costed),1521282.8038469257,0.38943768996960487,0.28421052631578947
Costcla Credit Scoring Kaggle 2011,Linear,1,naive,860.7701887834537,12368.85648476258,14.369522371869975,2822,DKW minimax (prior-costed),1501212.491369077,0.38069908814589665,0.28421052631578947
Costcla Credit Scoring Kaggle 2011,Linear,1,naive,860.7701887834537,12368.85648476258,14.369522371869975,2822,Oracle (test),1384489.4060176797,0.2765957446808511,0.33157894736842103
Costcla Credit Scoring Kaggle 2011,Linear,1,split,860.7701887834537,12368.85648476258,14.369522371869975,2822,Baseline,2230673.2142263614,0.0022796352583586625,0.9526315789473684
Costcla Credit Scoring Kaggle 2011,Linear,1,split,860.7701887834537,12368.85648476258,14.369522371869975,2822,Threshold (cost),1582658.2442107347,0.4696048632218845,0.23684210526315788
Costcla Credit Scoring Kaggle 2011,Linear,1,split,860.7701887834537,12368.85648476258,14.369522371869975,2822,CP sum (uncosted),1736486.9692570837,0.03115501519756839,0.6947368421052632
Costcla Credit Scoring Kaggle 2011,Linear,1,split,860.7701887834537,12368.85648476258,14.369522371869975,2822,DKW sum (uncosted),1473750.742049975,0.15995440729483282,0.47368421052631576
Costcla Credit Scoring Kaggle 2011,Linear,1,split,860.7701887834537,12368.85648476258,14.369522371869975,2822,CP minimax (uncosted),1586173.3361874036,0.4175531914893617,0.28421052631578947
Costcla Credit Scoring Kaggle 2011,Linear,1,split,860.7701887834537,12368.85648476258,14.369522371869975,2822,DKW minimax (uncosted),1572629.614859032,0.40311550151975684,0.2894736842105263
Costcla Credit Scoring Kaggle 2011,Linear,1,split,860.7701887834537,12368.85648476258,14.369522371869975,2822,CP sum (costed),2285902.16577414,0.9969604863221885,0.005263157894736842
Costcla Credit Scoring Kaggle 2011,Linear,1,split,860.7701887834537,12368.85648476258,14.369522371869975,2822,DKW sum (costed),2285902.16577414,0.9969604863221885,0.005263157894736842
Costcla Credit Scoring Kaggle 2011,Linear,1,split,860.7701887834537,12368.85648476258,14.369522371869975,2822,CP minimax (costed),2285902.16577414,0.9969604863221885,0.005263157894736842
Costcla Credit Scoring Kaggle 2011,Linear,1,split,860.7701887834537,12368.85648476258,14.369522371869975,2822,DKW minimax (costed),2285902.16577414,0.9969604863221885,0.005263157894736842
Costcla Credit Scoring Kaggle 2011,Linear,1,split,860.7701887834537,12368.85648476258,14.369522371869975,2822,CP sum (prior-costed),1736486.9692570837,0.03115501519756839,0.6947368421052632
Costcla Credit Scoring Kaggle 2011,Linear,1,split,860.7701887834537,12368.85648476258,14.369522371869975,2822,DKW sum (prior-costed),1420691.5185133019,0.20212765957446807,0.4052631578947368
Costcla Credit Scoring Kaggle 2011,Linear,1,split,860.7701887834537,12368.85648476258,14.369522371869975,2822,CP minimax (prior-costed),1588331.2427456276,0.4236322188449848,0.2789473684210526
Costcla Credit Scoring Kaggle 2011,Linear,1,split,860.7701887834537,12368.85648476258,14.369522371869975,2822,DKW minimax (prior-costed),1586173.3361874036,0.4175531914893617,0.28421052631578947
Costcla Credit Scoring Kaggle 2011,Linear,1,split,860.7701887834537,12368.85648476258,14.369522371869975,2822,Oracle (test),1380787.8731692787,0.2188449848024316,0.37894736842105264
Costcla Credit Scoring Kaggle 2011,Linear,2,naive,864.6669992548374,12521.446403260099,14.481235451394554,2822,Baseline,2163329.2459718753,0.0026595744680851063,0.9052631578947369
Costcla Credit Scoring Kaggle 2011,Linear,2,naive,864.6669992548374,12521.446403260099,14.481235451394554,2822,Threshold (cost),1576041.6875637018,0.23138297872340424,0.41578947368421054
Costcla Credit Scoring Kaggle 2011,Linear,2,naive,864.6669992548374,12521.446403260099,14.481235451394554,2822,CP sum (uncosted),1574878.825147736,0.22644376899696048,0.42105263157894735
Costcla Credit Scoring Kaggle 2011,Linear,2,naive,864.6669992548374,12521.446403260099,14.481235451394554,2822,DKW sum (uncosted),1574878.825147736,0.22644376899696048,0.42105263157894735
Costcla Credit Scoring Kaggle 2011,Linear,2,naive,864.6669992548374,12521.446403260099,14.481235451394554,2822,CP minimax (uncosted),1707926.817957635,0.3863981762917933,0.3263157894736842
Costcla Credit Scoring Kaggle 2011,Linear,2,naive,864.6669992548374,12521.446403260099,14.481235451394554,2822,DKW minimax (uncosted),1707068.7292907936,0.3594224924012158,0.3473684210526316
Costcla Credit Scoring Kaggle 2011,Linear,2,naive,864.6669992548374,12521.446403260099,14.481235451394554,2822,CP sum (costed),2278566.953969062,0.9996200607902735,0.005263157894736842
Costcla Credit Scoring Kaggle 2011,Linear,2,naive,864.6669992548374,12521.446403260099,14.481235451394554,2822,DKW sum (costed),2278566.953969062,0.9996200607902735,0.005263157894736842
Costcla Credit Scoring Kaggle 2011,Linear,2,naive,864.6669992548374,12521.446403260099,14.481235451394554,2822,CP minimax (costed),2278566.953969062,0.9996200607902735,0.005263157894736842
Costcla Credit Scoring Kaggle 2011,Linear,2,naive,864.6669992548374,12521.446403260099,14.481235451394554,2822,DKW minimax (costed),2273365.7566461135,1.0,0.0
Costcla Credit Scoring Kaggle 2011,Linear,2,naive,864.6669992548374,12521.446403260099,14.481235451394554,2822,CP sum (prior-costed),1574878.825147736,0.22644376899696048,0.42105263157894735
Costcla Credit Scoring Kaggle 2011,Linear,2,naive,864.6669992548374,12521.446403260099,14.481235451394554,2822,DKW sum (prior-costed),1576041.6875637018,0.23138297872340424,0.41578947368421054
Costcla Credit Scoring Kaggle 2011,Linear,2,naive,864.6669992548374,12521.446403260099,14.481235451394554,2822,CP minimax (prior-costed),1700035.0247254788,0.3890577507598784,0.32105263157894737
Costcla Credit Scoring Kaggle 2011,Linear,2,naive,864.6669992548374,12521.446403260099,14.481235451394554,2822,DKW minimax (prior-costed),1707926.817957635,0.3863981762917933,0.3263157894736842
Costcla Credit Scoring Kaggle 2011,Linear,2,naive,864.6669992548374,12521.446403260099,14.481235451394554,2822,Oracle (test),1530490.5100668105,0.135258358662614,0.5052631578947369
Costcla Credit Scoring Kaggle 2011,Linear,2,split,864.6669992548374,12521.446403260099,14.481235451394554,2822,Baseline,2131722.5837089727,0.0026595744680851063,0.8947368421052632
Costcla Credit Scoring Kaggle 2011,Linear,2,split,864.6669992548374,12521.446403260099,14.481235451394554,2822,Threshold (cost),1601710.3065626184,0.14703647416413373,0.5157894736842106
Costcla Credit Scoring Kaggle 2011,Linear,2,split,864.6669992548374,12521.446403260099,14.481235451394554,2822,CP sum (uncosted),1638995.175844441,0.07826747720364742,0.6
Costcla Credit Scoring Kaggle 2011,Linear,2,split,864.6669992548374,12521.446403260099,14.481235451394554,2822,DKW sum (uncosted),1601710.3065626184,0.14703647416413373,0.5157894736842106
Costcla Credit Scoring Kaggle 2011,Linear,2,split,864.6669992548374,12521.446403260099,14.481235451394554,2822,CP minimax (uncosted),1769268.0077867822,0.4369300911854103,0.29473684210526313
Costcla Credit Scoring Kaggle 2011,Linear,2,split,864.6669992548374,12521.446403260099,14.481235451394554,2822,DKW minimax (uncosted),1746858.2594370258,0.4243920972644377,0.3
Costcla Credit Scoring Kaggle 2011,Linear,2,split,864.6669992548374,12521.446403260099,14.481235451394554,2822,CP sum (costed),2346925.160356465,0.9802431610942249,0.04736842105263158
Costcla Credit Scoring Kaggle 2011,Linear,2,split,864.6669992548374,12521.446403260099,14.481235451394554,2822,DKW sum (costed),2346925.160356465,0.9802431610942249,0.04736842105263158
Costcla Credit Scoring Kaggle 2011,Linear,2,split,864.6669992548374,12521.446403260099,14.481235451394554,2822,CP minimax (costed),2273365.7566461135,1.0,0.0
Costcla Credit Scoring Kaggle 2011,Linear,2,split,864.6669992548374,12521.446403260099,14.481235451394554,2822,DKW minimax (costed),2273365.7566461135,1.0,0.0
Costcla Credit Scoring Kaggle 2011,Linear,2,split,864.6669992548374,12521.446403260099,14.481235451394554,2822,CP sum (prior-costed),1638995.175844441,0.07826747720364742,0.6
Costcla Credit Scoring Kaggle 2011,Linear,2,split,864.6669992548374,12521.446403260099,14.481235451394554,2822,DKW sum (prior-costed),1601710.3065626184,0.14703647416413373,0.5157894736842106
Costcla Credit Scoring Kaggle 2011,Linear,2,split,864.6669992548374,12521.446403260099,14.481235451394554,2822,CP minimax (prior-costed),1782833.3094338062,0.44756838905775076,0.2894736842105263
Costcla Credit Scoring Kaggle 2011,Linear,2,split,864.6669992548374,12521.446403260099,14.481235451394554,2822,DKW minimax (prior-costed),1761432.4205596554,0.43351063829787234,0.29473684210526313
Costcla Credit Scoring Kaggle 2011,Linear,2,split,864.6669992548374,12521.446403260099,14.481235451394554,2822,Oracle (test),1537130.508460663,0.2196048632218845,0.41578947368421054
Costcla Credit Scoring Kaggle 2011,Linear,3,naive,862.5554274460023,12438.762225372077,14.420826569027376,2822,Baseline,2213106.496224975,0.0022796352583586625,0.9315789473684211
Costcla Credit Scoring Kaggle 2011,Linear,3,naive,862.5554274460023,12438.762225372077,14.420826569027376,2822,Threshold (cost),1485315.8534312318,0.178951367781155,0.4631578947368421
Costcla Credit Scoring Kaggle 2011,Linear,3,naive,862.5554274460023,12438.762225372077,14.420826569027376,2822,CP sum (uncosted),1493464.6553628393,0.182370820668693,0.4631578947368421
Costcla Credit Scoring Kaggle 2011,Linear,3,naive,862.5554274460023,12438.762225372077,14.420826569027376,2822,DKW sum (uncosted),1493464.6553628393,0.182370820668693,0.4631578947368421
Costcla Credit Scoring Kaggle 2011,Linear,3,naive,862.5554274460023,12438.762225372077,14.420826569027376,2822,CP minimax (uncosted),1527111.2561413702,0.4027355623100304,0.2736842105263158
Costcla Credit Scoring Kaggle 2011,Linear,3,naive,862.5554274460023,12438.762225372077,14.420826569027376,2822,DKW minimax (uncosted),1524079.8467316737,0.39285714285714285,0.28421052631578947
Costcla Credit Scoring Kaggle 2011,Linear,3,naive,862.5554274460023,12438.762225372077,14.420826569027376,2822,CP sum (costed),2307182.6323792054,0.996580547112462,0.021052631578947368
Costcla Credit Scoring Kaggle 2011,Linear,3,naive,862.5554274460023,12438.762225372077,14.420826569027376,2822,DKW sum (costed),2307182.6323792054,0.996580547112462,0.021052631578947368
Costcla Credit Scoring Kaggle 2011,Linear,3,naive,862.5554274460023,12438.762225372077,14.420826569027376,2822,CP minimax (costed),2307182.6323792054,0.996580547112462,0.021052631578947368
Costcla Credit Scoring Kaggle 2011,Linear,3,naive,862.5554274460023,12438.762225372077,14.420826569027376,2822,DKW minimax (costed),2284753.5620780336,0.9996200607902735,0.005263157894736842
Costcla Credit Scoring Kaggle 2011,Linear,3,naive,862.5554274460023,12438.762225372077,14.420826569027376,2822,CP sum (prior-costed),1493464.6553628393,0.182370820668693,0.4631578947368421
Costcla Credit Scoring Kaggle 2011,Linear,3,naive,862.5554274460023,12438.762225372077,14.420826569027376,2822,DKW sum (prior-costed),1493464.6553628393,0.182370820668693,0.4631578947368421
Costcla Credit Scoring Kaggle 2011,Linear,3,naive,862.5554274460023,12438.762225372077,14.420826569027376,2822,CP minimax (prior-costed),1551643.1624829299,0.41299392097264437,0.2736842105263158
Costcla Credit Scoring Kaggle 2011,Linear,3,naive,862.5554274460023,12438.762225372077,14.420826569027376,2822,DKW minimax (prior-costed),1525648.0104886286,0.40197568389057753,0.2736842105263158
Costcla Credit Scoring Kaggle 2011,Linear,3,naive,862.5554274460023,12438.762225372077,14.420826569027376,2822,Oracle (test),1449989.03440656,0.34574468085106386,0.29473684210526313
Costcla Credit Scoring Kaggle 2011,Linear,3,split,862.5554274460023,12438.762225372077,14.420826569027376,2822,Baseline,2231041.556333571,0.001899696048632219,0.9368421052631579
Costcla Credit Scoring Kaggle 2011,Linear,3,split,862.5554274460023,12438.762225372077,14.420826569027376,2822,Threshold (cost),1518373.274059155,0.19642857142857142,0.45263157894736844
Costcla Credit Scoring Kaggle 2011,Linear,3,split,862.5554274460023,12438.762225372077,14.420826569027376,2822,CP sum (uncosted),1543608.4081442957,0.09004559270516717,0.5684210526315789
Costcla Credit Scoring Kaggle 2011,Linear,3,split,862.5554274460023,12438.762225372077,14.420826569027376,2822,DKW sum (uncosted),1518373.274059155,0.19642857142857142,0.45263157894736844
Costcla Credit Scoring Kaggle 2011,Linear,3,split,862.5554274460023,12438.762225372077,14.420826569027376,2822,CP minimax (uncosted),1532175.8188592964,0.4198328267477204,0.2578947368421053
Costcla Credit Scoring Kaggle 2011,Linear,3,split,862.5554274460023,12438.762225372077,14.420826569027376,2822,DKW minimax (uncosted),1509842.5814074683,0.4027355623100304,0.2631578947368421
Costcla Credit Scoring Kaggle 2011,Linear,3,split,862.5554274460023,12438.762225372077,14.420826569027376,2822,CP sum (costed),2287838.7656168435,0.9620060790273556,0.04736842105263158
Costcla Credit Scoring Kaggle 2011,Linear,3,split,862.5554274460023,12438.762225372077,14.420826569027376,2822,DKW sum (costed),2287838.7656168435,0.9620060790273556,0.04736842105263158
Costcla Credit Scoring Kaggle 2011,Linear,3,split,862.5554274460023,12438.762225372077,14.420826569027376,2822,CP minimax (costed),2284753.5620780336,0.9996200607902735,0.005263157894736842
Costcla Credit Scoring Kaggle 2011,Linear,3,split,862.5554274460023,12438.762225372077,14.420826569027376,2822,DKW minimax (costed),2284753.5620780336,0.9996200607902735,0.005263157894736842
Costcla Credit Scoring Kaggle 2011,Linear,3,split,862.5554274460023,12438.762225372077,14.420826569027376,2822,CP sum (prior-costed),1543608.4081442957,0.09004559270516717,0.5684210526315789
Costcla Credit Scoring Kaggle 2011,Linear,3,split,862.5554274460023,12438.762225372077,14.420826569027376,2822,DKW sum (prior-costed),1518373.274059155,0.19642857142857142,0.45263157894736844
Costcla Credit Scoring Kaggle 2011,Linear,3,split,862.5554274460023,12438.762225372077,14.420826569027376,2822,CP minimax (prior-costed),1555565.8791895853,0.43009118541033436,0.2578947368421053
Costcla Credit Scoring Kaggle 2011,Linear,3,split,862.5554274460023,12438.762225372077,14.420826569027376,2822,DKW minimax (prior-costed),1532175.8188592964,0.4198328267477204,0.2578947368421053
Costcla Credit Scoring Kaggle 2011,Linear,3,split,862.5554274460023,12438.762225372077,14.420826569027376,2822,Oracle (test),1455652.6707010032,0.22872340425531915,0.39473684210526316
Costcla Credit Scoring Kaggle 2011,Linear,4,naive,862.8063553125475,12448.587969525159,14.428020717366781,2822,Baseline,2230008.548384945,0.0022796352583586625,0.9368421052631579
Costcla Credit Scoring Kaggle 2011,Linear,4,naive,862.8063553125475,12448.587969525159,14.428020717366781,2822,Threshold (cost),1565012.4488189998,0.1918693009118541,0.46842105263157896
Costcla Credit Scoring Kaggle 2011,Linear,4,naive,862.8063553125475,12448.587969525159,14.428020717366781,2822,CP sum (uncosted),1565012.4488189998,0.1918693009118541,0.46842105263157896
Costcla Credit Scoring Kaggle 2011,Linear,4,naive,862.8063553125475,12448.587969525159,14.428020717366781,2822,DKW sum (uncosted),1565012.4488189998,0.1918693009118541,0.46842105263157896
Costcla Credit Scoring Kaggle 2011,Linear,4,naive,862.8063553125475,12448.587969525159,14.428020717366781,2822,CP minimax (uncosted),1685831.7998963785,0.4027355623100304,0.32105263157894737
Costcla Credit Scoring Kaggle 2011,Linear,4,naive,862.8063553125475,12448.587969525159,14.428020717366781,2822,DKW minimax (uncosted),1682850.608279549,0.3898176291793313,0.33157894736842103
Costcla Credit Scoring Kaggle 2011,Linear,4,naive,862.8063553125475,12448.587969525159,14.428020717366781,2822,CP sum (costed),2282732.0697075836,0.9984802431610942,0.005263157894736842
Costcla Credit Scoring Kaggle 2011,Linear,4,naive,862.8063553125475,12448.587969525159,14.428020717366781,2822,DKW sum (costed),2282732.0697075836,0.9984802431610942,0.005263157894736842
Costcla Credit Scoring Kaggle 2011,Linear,4,naive,862.8063553125475,12448.587969525159,14.428020717366781,2822,CP minimax (costed),2282732.0697075836,0.9984802431610942,0.005263157894736842
Costcla Credit Scoring Kaggle 2011,Linear,4,naive,862.8063553125475,12448.587969525159,14.428020717366781,2822,DKW minimax (costed),2285155.8398520323,0.9996200607902735,0.005263157894736842
Costcla Credit Scoring Kaggle 2011,Linear,4,naive,862.8063553125475,12448.587969525159,14.428020717366781,2822,CP sum (prior-costed),1565012.4488189998,0.1918693009118541,0.46842105263157896
Costcla Credit Scoring Kaggle 2011,Linear,4,naive,862.8063553125475,12448.587969525159,14.428020717366781,2822,DKW sum (prior-costed),1565012.4488189998,0.1918693009118541,0.46842105263157896
Costcla Credit Scoring Kaggle 2011,Linear,4,naive,862.8063553125475,12448.587969525159,14.428020717366781,2822,CP minimax (prior-costed),1677789.9467645525,0.4126139817629179,0.3105263157894737
Costcla Credit Scoring Kaggle 2011,Linear,4,naive,862.8063553125475,12448.587969525159,14.428020717366781,2822,DKW minimax (prior-costed),1683429.8645689732,0.4015957446808511,0.32105263157894737
Costcla Credit Scoring Kaggle 2011,Linear,4,naive,862.8063553125475,12448.587969525159,14.428020717366781,2822,Oracle (test),1531530.1310619568,0.22872340425531915,0.41578947368421054
Costcla Credit Scoring Kaggle 2011,Linear,4,split,862.8063553125475,12448.587969525159,14.428020717366781,2822,Baseline,2058410.63313226,0.006838905775075988,0.8526315789473684
Costcla Credit Scoring Kaggle 2011,Linear,4,split,862.8063553125475,12448.587969525159,14.428020717366781,2822,Threshold (cost),1285296.0154175737,0.19680851063829788,0.3368421052631579
Costcla Credit Scoring Kaggle 2011,Linear,4,split,862.8063553125475,12448.587969525159,14.428020717366781,2822,CP sum (uncosted),2368017.75,0.0,1.0
Costcla Credit Scoring Kaggle 2011,Linear,4,split,862.8063553125475,12448.587969525159,14.428020717366781,2822,DKW sum (uncosted),2368017.75,0.0,1.0
Costcla Credit Scoring Kaggle 2011,Linear,4,split,862.8063553125475,12448.587969525159,14.428020717366781,2822,CP minimax (uncosted),3390621.8816061816,0.7556990881458967,0.7157894736842105
Costcla Credit Scoring Kaggle 2011,Linear,4,split,862.8063553125475,12448.587969525159,14.428020717366781,2822,DKW minimax (uncosted),3379977.394227907,0.7484802431610942,0.7210526315789474
Costcla Credit Scoring Kaggle 2011,Linear,4,split,862.8063553125475,12448.587969525159,14.428020717366781,2822,CP sum (costed),2275484.6754235364,0.9981003039513677,0.0
Costcla Credit Scoring Kaggle 2011,Linear,4,split,862.8063553125475,12448.587969525159,14.428020717366781,2822,DKW sum (costed),2275484.6754235364,0.9981003039513677,0.0
Costcla Credit Scoring Kaggle 2011,Linear,4,split,862.8063553125475,12448.587969525159,14.428020717366781,2822,CP minimax (costed),2279875.3476671902,1.0,0.0
Costcla Credit Scoring Kaggle 2011,Linear,4,split,862.8063553125475,12448.587969525159,14.428020717366781,2822,DKW minimax (costed),2279875.3476671902,1.0,0.0
Costcla Credit Scoring Kaggle 2011,Linear,4,split,862.8063553125475,12448.587969525159,14.428020717366781,2822,CP sum (prior-costed),2368017.75,0.0,1.0
Costcla Credit Scoring Kaggle 2011,Linear,4,split,862.8063553125475,12448.587969525159,14.428020717366781,2822,DKW sum (prior-costed),2368017.75,0.0,1.0
Costcla Credit Scoring Kaggle 2011,Linear,4,split,862.8063553125475,12448.587969525159,14.428020717366781,2822,CP minimax (prior-costed),3365933.1870614914,0.8047112462006079,0.6631578947368421
Costcla Credit Scoring Kaggle 2011,Linear,4,split,862.8063553125475,12448.587969525159,14.428020717366781,2822,DKW minimax (prior-costed),3339373.984472272,0.763677811550152,0.6947368421052632
Costcla Credit Scoring Kaggle 2011,Linear,4,split,862.8063553125475,12448.587969525159,14.428020717366781,2822,Oracle (test),1251932.2391618527,0.24202127659574468,0.28421052631578947
Costcla Credit Scoring Kaggle 2011,Linear,5,naive,863.2206160375059,12464.80944365698,14.43988849672631,2822,Baseline,2341479.4810221544,0.001899696048632219,0.968421052631579
Costcla Credit Scoring Kaggle 2011,Linear,5,naive,863.2206160375059,12464.80944365698,14.43988849672631,2822,Threshold (cost),1521224.024809522,0.2530395136778115,0.37894736842105264
Costcla Credit Scoring Kaggle 2011,Linear,5,naive,863.2206160375059,12464.80944365698,14.43988849672631,2822,CP sum (uncosted),1632191.329257091,0.06724924012158055,0.6
Costcla Credit Scoring Kaggle 2011,Linear,5,naive,863.2206160375059,12464.80944365698,14.43988849672631,2822,DKW sum (uncosted),1521224.024809522,0.2530395136778115,0.37894736842105264
Costcla Credit Scoring Kaggle 2011,Linear,5,naive,863.2206160375059,12464.80944365698,14.43988849672631,2822,CP minimax (uncosted),1589405.8479170676,0.3974164133738602,0.2736842105263158
Costcla Credit Scoring Kaggle 2011,Linear,5,naive,863.2206160375059,12464.80944365698,14.43988849672631,2822,DKW minimax (uncosted),1567577.0217693383,0.3879179331306991,0.2736842105263158
Costcla Credit Scoring Kaggle 2011,Linear,5,naive,863.2206160375059,12464.80944365698,14.43988849672631,2822,CP sum (costed),2275498.7628204348,0.9992401215805471,0.0
Costcla Credit Scoring Kaggle 2011,Linear,5,naive,863.2206160375059,12464.80944365698,14.43988849672631,2822,DKW sum (costed),2275498.7628204348,0.9992401215805471,0.0
Costcla Credit Scoring Kaggle 2011,Linear,5,naive,863.2206160375059,12464.80944365698,14.43988849672631,2822,CP minimax (costed),2275498.7628204348,0.9992401215805471,0.0
Costcla Credit Scoring Kaggle 2011,Linear,5,naive,863.2206160375059,12464.80944365698,14.43988849672631,2822,DKW minimax (costed),2275498.7628204348,0.9992401215805471,0.0
Costcla Credit Scoring Kaggle 2011,Linear,5,naive,863.2206160375059,12464.80944365698,14.43988849672631,2822,CP sum (prior-costed),1521224.024809522,0.2530395136778115,0.37894736842105264
Costcla Credit Scoring Kaggle 2011,Linear,5,naive,863.2206160375059,12464.80944365698,14.43988849672631,2822,DKW sum (prior-costed),1521224.024809522,0.2530395136778115,0.37894736842105264
Costcla Credit Scoring Kaggle 2011,Linear,5,naive,863.2206160375059,12464.80944365698,14.43988849672631,2822,CP minimax (prior-costed),1615184.263850829,0.4088145896656535,0.2736842105263158
Costcla Credit Scoring Kaggle 2011,Linear,5,naive,863.2206160375059,12464.80944365698,14.43988849672631,2822,DKW minimax (prior-costed),1588533.447980813,0.39703647416413373,0.2736842105263158
Costcla Credit Scoring Kaggle 2011,Linear,5,naive,863.2206160375059,12464.80944365698,14.43988849672631,2822,Oracle (test),1497419.247276965,0.24202127659574468,0.38421052631578945
Costcla Credit Scoring Kaggle 2011,Linear,5,split,863.2206160375059,12464.80944365698,14.43988849672631,2822,Baseline,2357598.5099559743,0.0007598784194528875,0.9736842105263158
Costcla Credit Scoring Kaggle 2011,Linear,5,split,863.2206160375059,12464.80944365698,14.43988849672631,2822,Threshold (cost),1584634.2457278585,0.4012158054711246,0.2736842105263158
Costcla Credit Scoring Kaggle 2011,Linear,5,split,863.2206160375059,12464.80944365698,14.43988849672631,2822,CP sum (uncosted),1828594.5648602818,0.0885258358662614,0.6631578947368421
Costcla Credit Scoring Kaggle 2011,Linear,5,split,863.2206160375059,12464.80944365698,14.43988849672631,2822,DKW sum (uncosted),1663832.8413996915,0.12348024316109422,0.5684210526315789
Costcla Credit Scoring Kaggle 2011,Linear,5,split,863.2206160375059,12464.80944365698,14.43988849672631,2822,CP minimax (uncosted),1590776.8045828862,0.40387537993920974,0.2736842105263158
Costcla Credit Scoring Kaggle 2011,Linear,5,split,863.2206160375059,12464.80944365698,14.43988849672631,2822,DKW minimax (uncosted),1581944.2248889206,0.4000759878419453,0.2736842105263158
Costcla Credit Scoring Kaggle 2011,Linear,5,split,863.2206160375059,12464.80944365698,14.43988849672631,2822,CP sum (costed),2269459.861886318,0.996580547112462,0.0
Costcla Credit Scoring Kaggle 2011,Linear,5,split,863.2206160375059,12464.80944365698,14.43988849672631,2822,DKW sum (costed),2269459.861886318,0.996580547112462,0.0
Costcla Credit Scoring Kaggle 2011,Linear,5,split,863.2206160375059,12464.80944365698,14.43988849672631,2822,CP minimax (costed),2271125.539277068,0.9973404255319149,0.0
Costcla Credit Scoring Kaggle 2011,Linear,5,split,863.2206160375059,12464.80944365698,14.43988849672631,2822,DKW minimax (costed),2271125.539277068,0.9973404255319149,0.0
Costcla Credit Scoring Kaggle 2011,Linear,5,split,863.2206160375059,12464.80944365698,14.43988849672631,2822,CP sum (prior-costed),1828594.5648602818,0.0885258358662614,0.6631578947368421
Costcla Credit Scoring Kaggle 2011,Linear,5,split,863.2206160375059,12464.80944365698,14.43988849672631,2822,DKW sum (prior-costed),1663832.8413996915,0.12348024316109422,0.5684210526315789
Costcla Credit Scoring Kaggle 2011,Linear,5,split,863.2206160375059,12464.80944365698,14.43988849672631,2822,CP minimax (prior-costed),1595922.4737861725,0.41109422492401215,0.26842105263157895
Costcla Credit Scoring Kaggle 2011,Linear,5,split,863.2206160375059,12464.80944365698,14.43988849672631,2822,DKW minimax (prior-costed),1584634.2457278585,0.4012158054711246,0.2736842105263158
Costcla Credit Scoring Kaggle 2011,Linear,5,split,863.2206160375059,12464.80944365698,14.43988849672631,2822,Oracle (test),1511329.4073738486,0.2336626139817629,0.4
Costcla Credit Scoring Kaggle 2011,Linear,6,naive,865.1001554162317,12538.40777817151,14.493590943974363,2822,Baseline,2206175.1135577727,0.003799392097264438,0.9210526315789473
Costcla Credit Scoring Kaggle 2011,Linear,6,naive,865.1001554162317,12538.40777817151,14.493590943974363,2822,Threshold (cost),1636233.7458702605,0.16451367781155016,0.5157894736842106
Costcla Credit Scoring Kaggle 2011,Linear,6,naive,865.1001554162317,12538.40777817151,14.493590943974363,2822,CP sum (uncosted),1568891.049256898,0.18123100303951367,0.4789473684210526
Costcla Credit Scoring Kaggle 2011,Linear,6,naive,865.1001554162317,12538.40777817151,14.493590943974363,2822,DKW sum (uncosted),1568891.049256898,0.18123100303951367,0.4789473684210526
Costcla Credit Scoring Kaggle 2011,Linear,6,naive,865.1001554162317,12538.40777817151,14.493590943974363,2822,CP minimax (uncosted),1563616.7656231085,0.42135258358662614,0.2736842105263158
Costcla Credit Scoring Kaggle 2011,Linear,6,naive,865.1001554162317,12538.40777817151,14.493590943974363,2822,DKW minimax (uncosted),1549727.2580081732,0.4148936170212766,0.2736842105263158
Costcla Credit Scoring Kaggle 2011,Linear,6,naive,865.1001554162317,12538.40777817151,14.493590943974363,2822,CP sum (costed),2269960.1355337463,0.993920972644377,0.010526315789473684
Costcla Credit Scoring Kaggle 2011,Linear,6,naive,865.1001554162317,12538.40777817151,14.493590943974363,2822,DKW sum (costed),2269960.1355337463,0.993920972644377,0.010526315789473684
Costcla Credit Scoring Kaggle 2011,Linear,6,naive,865.1001554162317,12538.40777817151,14.493590943974363,2822,CP minimax (costed),2269960.1355337463,0.993920972644377,0.010526315789473684
Costcla Credit Scoring Kaggle 2011,Linear,6,naive,865.1001554162317,12538.40777817151,14.493590943974363,2822,DKW minimax (costed),2270536.714491966,0.996580547112462,0.005263157894736842
Costcla Credit Scoring Kaggle 2011,Linear,6,naive,865.1001554162317,12538.40777817151,14.493590943974363,2822,CP sum (prior-costed),1568891.049256898,0.18123100303951367,0.4789473684210526
Costcla Credit Scoring Kaggle 2011,Linear,6,naive,865.1001554162317,12538.40777817151,14.493590943974363,2822,DKW sum (prior-costed),1568891.049256898,0.18123100303951367,0.4789473684210526
Costcla Credit Scoring Kaggle 2011,Linear,6,naive,865.1001554162317,12538.40777817151,14.493590943974363,2822,CP minimax (prior-costed),1571987.5740146702,0.4247720364741641,0.2736842105263158
Costcla Credit Scoring Kaggle 2011,Linear,6,naive,865.1001554162317,12538.40777817151,14.493590943974363,2822,DKW minimax (prior-costed),1564578.401009016,0.4217325227963526,0.2736842105263158
Costcla Credit Scoring Kaggle 2011,Linear,6,naive,865.1001554162317,12538.40777817151,14.493590943974363,2822,Oracle (test),1522668.7526872128,0.21504559270516718,0.4263157894736842
Costcla Credit Scoring Kaggle 2011,Linear,6,split,865.1001554162317,12538.40777817151,14.493590943974363,2822,Baseline,1997550.8371330104,0.007598784194528876,0.8315789473684211
Costcla Credit Scoring Kaggle 2011,Linear,6,split,865.1001554162317,12538.40777817151,14.493590943974363,2822,Threshold (cost),1251921.3182348309,0.13943768996960487,0.38421052631578945
Costcla Credit Scoring Kaggle 2011,Linear,6,split,865.1001554162317,12538.40777817151,14.493590943974363,2822,CP sum (uncosted),1230225.1898431005,0.22188449848024316,0.2894736842105263
Costcla Credit Scoring Kaggle 2011,Linear,6,split,865.1001554162317,12538.40777817151,14.493590943974363,2822,DKW sum (uncosted),1230225.1898431005,0.22188449848024316,0.2894736842105263
Costcla Credit Scoring Kaggle 2011,Linear,6,split,865.1001554162317,12538.40777817151,14.493590943974363,2822,CP minimax (uncosted),1258628.5423149075,0.3161094224924012,0.22631578947368422
Costcla Credit Scoring Kaggle 2011,Linear,6,split,865.1001554162317,12538.40777817151,14.493590943974363,2822,DKW minimax (uncosted),1253601.7117265617,0.3100303951367781,0.23157894736842105
Costcla Credit Scoring Kaggle 2011,Linear,6,split,865.1001554162317,12538.40777817151,14.493590943974363,2822,CP sum (costed),2209051.073779407,0.9604863221884499,0.010526315789473684
Costcla Credit Scoring Kaggle 2011,Linear,6,split,865.1001554162317,12538.40777817151,14.493590943974363,2822,DKW sum (costed),2209051.073779407,0.9604863221884499,0.010526315789473684
Costcla Credit Scoring Kaggle 2011,Linear,6,split,865.1001554162317,12538.40777817151,14.493590943974363,2822,CP minimax (costed),2262699.125705274,0.9958206686930091,0.0
Costcla Credit Scoring Kaggle 2011,Linear,6,split,865.1001554162317,12538.40777817151,14.493590943974363,2822,DKW minimax (costed),2262699.125705274,0.9958206686930091,0.0
Costcla Credit Scoring Kaggle 2011,Linear,6,split,865.1001554162317,12538.40777817151,14.493590943974363,2822,CP sum (prior-costed),1230225.1898431005,0.22188449848024316,0.2894736842105263
Costcla Credit Scoring Kaggle 2011,Linear,6,split,865.1001554162317,12538.40777817151,14.493590943974363,2822,DKW sum (prior-costed),1230225.1898431005,0.22188449848024316,0.2894736842105263
Costcla Credit Scoring Kaggle 2011,Linear,6,split,865.1001554162317,12538.40777817151,14.493590943974363,2822,CP minimax (prior-costed),1269446.300294392,0.32370820668693007,0.22105263157894736
Costcla Credit Scoring Kaggle 2011,Linear,6,split,865.1001554162317,12538.40777817151,14.493590943974363,2822,DKW minimax (prior-costed),1258628.5423149075,0.3161094224924012,0.22631578947368422
Costcla Credit Scoring Kaggle 2011,Linear,6,split,865.1001554162317,12538.40777817151,14.493590943974363,2822,Oracle (test),1183511.0601770738,0.19490881458966566,0.29473684210526313
Costcla Credit Scoring Kaggle 2011,Linear,7,naive,860.7080048794943,12366.421509567683,14.367731494839619,2822,Baseline,2295973.1253946815,0.0011398176291793312,0.9842105263157894
Costcla Credit Scoring Kaggle 2011,Linear,7,naive,860.7080048794943,12366.421509567683,14.367731494839619,2822,Threshold (cost),1501459.8975750385,0.3575227963525836,0.2894736842105263
Costcla Credit Scoring Kaggle 2011,Linear,7,naive,860.7080048794943,12366.421509567683,14.367731494839619,2822,CP sum (uncosted),1521556.040784247,0.18882978723404256,0.4421052631578947
Costcla Credit Scoring Kaggle 2011,Linear,7,naive,860.7080048794943,12366.421509567683,14.367731494839619,2822,DKW sum (uncosted),1521556.040784247,0.18882978723404256,0.4421052631578947
Costcla Credit Scoring Kaggle 2011,Linear,7,naive,860.7080048794943,12366.421509567683,14.367731494839619,2822,CP minimax (uncosted),1525458.775109009,0.4061550151975684,0.2578947368421053
Costcla Credit Scoring Kaggle 2011,Linear,7,naive,860.7080048794943,12366.421509567683,14.367731494839619,2822,DKW minimax (uncosted),1499025.6199689354,0.39171732522796354,0.2631578947368421
Costcla Credit Scoring Kaggle 2011,Linear,7,naive,860.7080048794943,12366.421509567683,14.367731494839619,2822,CP sum (costed),2285146.2085841056,0.9992401215805471,0.0
Costcla Credit Scoring Kaggle 2011,Linear,7,naive,860.7080048794943,12366.421509567683,14.367731494839619,2822,DKW sum (costed),2285146.2085841056,0.9992401215805471,0.0
Costcla Credit Scoring Kaggle 2011,Linear,7,naive,860.7080048794943,12366.421509567683,14.367731494839619,2822,CP minimax (costed),2285146.2085841056,0.9992401215805471,0.0
Costcla Credit Scoring Kaggle 2011,Linear,7,naive,860.7080048794943,12366.421509567683,14.367731494839619,2822,DKW minimax (costed),2285146.2085841056,0.9992401215805471,0.0
Costcla Credit Scoring Kaggle 2011,Linear,7,naive,860.7080048794943,12366.421509567683,14.367731494839619,2822,CP sum (prior-costed),1521556.040784247,0.18882978723404256,0.4421052631578947
Costcla Credit Scoring Kaggle 2011,Linear,7,naive,860.7080048794943,12366.421509567683,14.367731494839619,2822,DKW sum (prior-costed),1531887.205978866,0.34574468085106386,0.3105263157894737
Costcla Credit Scoring Kaggle 2011,Linear,7,naive,860.7080048794943,12366.421509567683,14.367731494839619,2822,CP minimax (prior-costed),1548902.2317456757,0.41603343465045595,0.2578947368421053
Costcla Credit Scoring Kaggle 2011,Linear,7,naive,860.7080048794943,12366.421509567683,14.367731494839619,2822,DKW minimax (prior-costed),1513824.2041020398,0.4012158054711246,0.2578947368421053
Costcla Credit Scoring Kaggle 2011,Linear,7,naive,860.7080048794943,12366.421509567683,14.367731494839619,2822,Oracle (test),1454190.7147825947,0.36436170212765956,0.26842105263157895
Costcla Credit Scoring Kaggle 2011,Linear,7,split,860.7080048794943,12366.421509567683,14.367731494839619,2822,Baseline,2281348.8753946815,0.0011398176291793312,0.9789473684210527
Costcla Credit Scoring Kaggle 2011,Linear,7,split,860.7080048794943,12366.421509567683,14.367731494839619,2822,Threshold (cost),1472058.4658767863,0.21048632218844984,0.4
Costcla Credit Scoring Kaggle 2011,Linear,7,split,860.7080048794943,12366.421509567683,14.367731494839619,2822,CP sum (uncosted),1472058.4658767863,0.21048632218844984,0.4
Costcla Credit Scoring Kaggle 2011,Linear,7,split,860.7080048794943,12366.421509567683,14.367731494839619,2822,DKW sum (uncosted),1472058.4658767863,0.21048632218844984,0.4
Costcla Credit Scoring Kaggle 2011,Linear,7,split,860.7080048794943,12366.421509567683,14.367731494839619,2822,CP minimax (uncosted),1603608.6353387139,0.45250759878419455,0.24736842105263157
Costcla Credit Scoring Kaggle 2011,Linear,7,split,860.7080048794943,12366.421509567683,14.367731494839619,2822,DKW minimax (uncosted),1613292.3604093501,0.4430091185410334,0.2631578947368421
Costcla Credit Scoring Kaggle 2011,Linear,7,split,860.7080048794943,12366.421509567683,14.367731494839619,2822,CP sum (costed),2277027.1326490343,0.9958206686930091,0.0
Costcla Credit Scoring Kaggle 2011,Linear,7,split,860.7080048794943,12366.421509567683,14.367731494839619,2822,DKW sum (costed),2277027.1326490343,0.9958206686930091,0.0
Costcla Credit Scoring Kaggle 2011,Linear,7,split,860.7080048794943,12366.421509567683,14.367731494839619,2822,CP minimax (costed),2280093.1145614292,0.9969604863221885,0.0
Costcla Credit Scoring Kaggle 2011,Linear,7,split,860.7080048794943,12366.421509567683,14.367731494839619,2822,DKW minimax (costed),2280093.1145614292,0.9969604863221885,0.0
Costcla Credit Scoring Kaggle 2011,Linear,7,split,860.7080048794943,12366.421509567683,14.367731494839619,2822,CP sum (prior-costed),1472058.4658767863,0.21048632218844984,0.4
Costcla Credit Scoring Kaggle 2011,Linear,7,split,860.7080048794943,12366.421509567683,14.367731494839619,2822,DKW sum (prior-costed),1472058.4658767863,0.21048632218844984,0.4
Costcla Credit Scoring Kaggle 2011,Linear,7,split,860.7080048794943,12366.421509567683,14.367731494839619,2822,CP minimax (prior-costed),1593037.8101139672,0.46086626139817627,0.23157894736842105
Costcla Credit Scoring Kaggle 2011,Linear,7,split,860.7080048794943,12366.421509567683,14.367731494839619,2822,DKW minimax (prior-costed),1595442.7262384528,0.44870820668693007,0.24736842105263157
Costcla Credit Scoring Kaggle 2011,Linear,7,split,860.7080048794943,12366.421509567683,14.367731494839619,2822,Oracle (test),1425012.2883020453,0.2754559270516717,0.3368421052631579
Costcla Credit Scoring Kaggle 2011,Linear,8,naive,867.1672306441501,12619.349574769667,14.552382895506497,2822,Baseline,2282258.610019719,0.00037993920972644377,0.968421052631579
Costcla Credit Scoring Kaggle 2011,Linear,8,naive,867.1672306441501,12619.349574769667,14.552382895506497,2822,Threshold (cost),1428120.4712469634,0.2826747720364742,0.33157894736842103
Costcla Credit Scoring Kaggle 2011,Linear,8,naive,867.1672306441501,12619.349574769667,14.552382895506497,2822,CP sum (uncosted),1428120.4712469634,0.2826747720364742,0.33157894736842103
Costcla Credit Scoring Kaggle 2011,Linear,8,naive,867.1672306441501,12619.349574769667,14.552382895506497,2822,DKW sum (uncosted),1428120.4712469634,0.2826747720364742,0.33157894736842103
Costcla Credit Scoring Kaggle 2011,Linear,8,naive,867.1672306441501,12619.349574769667,14.552382895506497,2822,CP minimax (uncosted),1445699.5886532704,0.40311550151975684,0.22105263157894736
Costcla Credit Scoring Kaggle 2011,Linear,8,naive,867.1672306441501,12619.349574769667,14.552382895506497,2822,DKW minimax (uncosted),1442996.1409376925,0.39285714285714285,0.23157894736842105
Costcla Credit Scoring Kaggle 2011,Linear,8,naive,867.1672306441501,12619.349574769667,14.552382895506497,2822,CP sum (costed),2267600.5413527275,1.0,0.0
Costcla Credit Scoring Kaggle 2011,Linear,8,naive,867.1672306441501,12619.349574769667,14.552382895506497,2822,DKW sum (costed),2267600.5413527275,1.0,0.0
Costcla Credit Scoring Kaggle 2011,Linear,8,naive,867.1672306441501,12619.349574769667,14.552382895506497,2822,CP minimax (costed),2267600.5413527275,1.0,0.0
Costcla Credit Scoring Kaggle 2011,Linear,8,naive,867.1672306441501,12619.349574769667,14.552382895506497,2822,DKW minimax (costed),2267600.5413527275,1.0,0.0
Costcla Credit Scoring Kaggle 2011,Linear,8,naive,867.1672306441501,12619.349574769667,14.552382895506497,2822,CP sum (prior-costed),1428120.4712469634,0.2826747720364742,0.33157894736842103
Costcla Credit Scoring Kaggle 2011,Linear,8,naive,867.1672306441501,12619.349574769667,14.552382895506497,2822,DKW sum (prior-costed),1428120.4712469634,0.2826747720364742,0.33157894736842103
Costcla Credit Scoring Kaggle 2011,Linear,8,naive,867.1672306441501,12619.349574769667,14.552382895506497,2822,CP minimax (prior-costed),1444716.8686352829,0.41603343465045595,0.21052631578947367
Costcla Credit Scoring Kaggle 2011,Linear,8,naive,867.1672306441501,12619.349574769667,14.552382895506497,2822,DKW minimax (prior-costed),1450047.2424766792,0.40501519756838905,0.22105263157894736
Costcla Credit Scoring Kaggle 2011,Linear,8,naive,867.1672306441501,12619.349574769667,14.552382895506497,2822,Oracle (test),1400518.857867805,0.35790273556231,0.25263157894736843
Costcla Credit Scoring Kaggle 2011,Linear,8,split,867.1672306441501,12619.349574769667,14.552382895506497,2822,Baseline,2235828.360019719,0.00037993920972644377,0.9526315789473684
Costcla Credit Scoring Kaggle 2011,Linear,8,split,867.1672306441501,12619.349574769667,14.552382895506497,2822,Threshold (cost),1475259.5759290308,0.34308510638297873,0.30526315789473685
Costcla Credit Scoring Kaggle 2011,Linear,8,split,867.1672306441501,12619.349574769667,14.552382895506497,2822,CP sum (uncosted),1421414.0949271382,0.10828267477203647,0.5157894736842106
Costcla Credit Scoring Kaggle 2011,Linear,8,split,867.1672306441501,12619.349574769667,14.552382895506497,2822,DKW sum (uncosted),1461161.9847709707,0.2230243161094225,0.4052631578947368
Costcla Credit Scoring Kaggle 2011,Linear,8,split,867.1672306441501,12619.349574769667,14.552382895506497,2822,CP minimax (uncosted),1566004.9417329086,0.428951367781155,0.25263157894736843
Costcla Credit Scoring Kaggle 2011,Linear,8,split,867.1672306441501,12619.349574769667,14.552382895506497,2822,DKW minimax (uncosted),1545203.5490119895,0.39779635258358664,0.2736842105263158
Costcla Credit Scoring Kaggle 2011,Linear,8,split,867.1672306441501,12619.349574769667,14.552382895506497,2822,CP sum (costed),2266576.810811685,0.9996200607902735,0.0
Costcla Credit Scoring Kaggle 2011,Linear,8,split,867.1672306441501,12619.349574769667,14.552382895506497,2822,DKW sum (costed),2266576.810811685,0.9996200607902735,0.0
Costcla Credit Scoring Kaggle 2011,Linear,8,split,867.1672306441501,12619.349574769667,14.552382895506497,2822,CP minimax (costed),2266576.810811685,0.9996200607902735,0.0
Costcla Credit Scoring Kaggle 2011,Linear,8,split,867.1672306441501,12619.349574769667,14.552382895506497,2822,DKW minimax (costed),2266576.810811685,0.9996200607902735,0.0
Costcla Credit Scoring Kaggle 2011,Linear,8,split,867.1672306441501,12619.349574769667,14.552382895506497,2822,CP sum (prior-costed),1421414.0949271382,0.10828267477203647,0.5157894736842106
Costcla Credit Scoring Kaggle 2011,Linear,8,split,867.1672306441501,12619.349574769667,14.552382895506497,2822,DKW sum (prior-costed),1475259.5759290308,0.34308510638297873,0.30526315789473685
Costcla Credit Scoring Kaggle 2011,Linear,8,split,867.1672306441501,12619.349574769667,14.552382895506497,2822,CP minimax (prior-costed),1566773.3389879838,0.42933130699088146,0.25263157894736843
Costcla Credit Scoring Kaggle 2011,Linear,8,split,867.1672306441501,12619.349574769667,14.552382895506497,2822,DKW minimax (prior-costed),1566004.9417329086,0.428951367781155,0.25263157894736843
Costcla Credit Scoring Kaggle 2011,Linear,8,split,867.1672306441501,12619.349574769667,14.552382895506497,2822,Oracle (test),1374430.701566833,0.2944528875379939,0.3105263157894737
Costcla Credit Scoring Kaggle 2011,Linear,9,naive,864.6820463750163,12522.035613040396,14.481664868070519,2822,Baseline,2042669.2492388326,0.009498480243161094,0.8157894736842105
Costcla Credit Scoring Kaggle 2011,Linear,9,naive,864.6820463750163,12522.035613040396,14.481664868070519,2822,Threshold (cost),1339149.3272376885,0.2610182370820669,0.29473684210526313
Costcla Credit Scoring Kaggle 2011,Linear,9,naive,864.6820463750163,12522.035613040396,14.481664868070519,2822,CP sum (uncosted),1339149.3272376885,0.2610182370820669,0.29473684210526313
Costcla Credit Scoring Kaggle 2011,Linear,9,naive,864.6820463750163,12522.035613040396,14.481664868070519,2822,DKW sum (uncosted),1339149.3272376885,0.2610182370820669,0.29473684210526313
Costcla Credit Scoring Kaggle 2011,Linear,9,naive,864.6820463750163,12522.035613040396,14.481664868070519,2822,CP minimax (uncosted),1383751.4926215953,0.30243161094224924,0.2789473684210526
Costcla Credit Scoring Kaggle 2011,Linear,9,naive,864.6820463750163,12522.035613040396,14.481664868070519,2822,DKW minimax (uncosted),1371131.3987747722,0.2967325227963526,0.2789473684210526
Costcla Credit Scoring Kaggle 2011,Linear,9,naive,864.6820463750163,12522.035613040396,14.481664868070519,2822,CP sum (costed),2233977.1222424894,0.9775835866261399,0.005263157894736842
Costcla Credit Scoring Kaggle 2011,Linear,9,naive,864.6820463750163,12522.035613040396,14.481664868070519,2822,DKW sum (costed),1936628.574423109,0.8206686930091185,0.031578947368421054
Costcla Credit Scoring Kaggle 2011,Linear,9,naive,864.6820463750163,12522.035613040396,14.481664868070519,2822,CP minimax (costed),2233977.1222424894,0.9775835866261399,0.005263157894736842
Costcla Credit Scoring Kaggle 2011,Linear,9,naive,864.6820463750163,12522.035613040396,14.481664868070519,2822,DKW minimax (costed),2271212.744690274,0.9996200607902735,0.0
Costcla Credit Scoring Kaggle 2011,Linear,9,naive,864.6820463750163,12522.035613040396,14.481664868070519,2822,CP sum (prior-costed),1339149.3272376885,0.2610182370820669,0.29473684210526313
Costcla Credit Scoring Kaggle 2011,Linear,9,naive,864.6820463750163,12522.035613040396,14.481664868070519,2822,DKW sum (prior-costed),1339149.3272376885,0.2610182370820669,0.29473684210526313
Costcla Credit Scoring Kaggle 2011,Linear,9,naive,864.6820463750163,12522.035613040396,14.481664868070519,2822,CP minimax (prior-costed),1392791.6181426886,0.3161094224924012,0.26842105263157895
Costcla Credit Scoring Kaggle 2011,Linear,9,naive,864.6820463750163,12522.035613040396,14.481664868070519,2822,DKW minimax (prior-costed),1387490.9701769575,0.30433130699088146,0.2789473684210526
Costcla Credit Scoring Kaggle 2011,Linear,9,naive,864.6820463750163,12522.035613040396,14.481664868070519,2822,Oracle (test),1317947.9615890412,0.26785714285714285,0.28421052631578947
Costcla Credit Scoring Kaggle 2011,Linear,9,split,864.6820463750163,12522.035613040396,14.481664868070519,2822,Baseline,2093205.4636309417,0.008738601823708206,0.8368421052631579
Costcla Credit Scoring Kaggle 2011,Linear,9,split,864.6820463750163,12522.035613040396,14.481664868070519,2822,Threshold (cost),1456655.3208873232,0.32598784194528874,0.2894736842105263
Costcla Credit Scoring Kaggle 2011,Linear,9,split,864.6820463750163,12522.035613040396,14.481664868070519,2822,CP sum (uncosted),1380643.6136144171,0.2762158054711246,0.3
Costcla Credit Scoring Kaggle 2011,Linear,9,split,864.6820463750163,12522.035613040396,14.481664868070519,2822,DKW sum (uncosted),1380643.6136144171,0.2762158054711246,0.3
Costcla Credit Scoring Kaggle 2011,Linear,9,split,864.6820463750163,12522.035613040396,14.481664868070519,2822,CP minimax (uncosted),1456655.3208873232,0.32598784194528874,0.2894736842105263
Costcla Credit Scoring Kaggle 2011,Linear,9,split,864.6820463750163,12522.035613040396,14.481664868070519,2822,DKW minimax (uncosted),1430847.9610156687,0.314209726443769,0.2894736842105263
Costcla Credit Scoring Kaggle 2011,Linear,9,split,864.6820463750163,12522.035613040396,14.481664868070519,2822,CP sum (costed),1914735.7861972032,0.7925531914893617,0.04736842105263158
Costcla Credit Scoring Kaggle 2011,Linear,9,split,864.6820463750163,12522.035613040396,14.481664868070519,2822,DKW sum (costed),1914735.7861972032,0.7925531914893617,0.04736842105263158
Costcla Credit Scoring Kaggle 2011,Linear,9,split,864.6820463750163,12522.035613040396,14.481664868070519,2822,CP minimax (costed),2267538.2768276227,0.9981003039513677,0.0
Costcla Credit Scoring Kaggle 2011,Linear,9,split,864.6820463750163,12522.035613040396,14.481664868070519,2822,DKW minimax (costed),2267538.2768276227,0.9981003039513677,0.0
Costcla Credit Scoring Kaggle 2011,Linear,9,split,864.6820463750163,12522.035613040396,14.481664868070519,2822,CP sum (prior-costed),1380643.6136144171,0.2762158054711246,0.3
Costcla Credit Scoring Kaggle 2011,Linear,9,split,864.6820463750163,12522.035613040396,14.481664868070519,2822,DKW sum (prior-costed),1380643.6136144171,0.2762158054711246,0.3
Costcla Credit Scoring Kaggle 2011,Linear,9,split,864.6820463750163,12522.035613040396,14.481664868070519,2822,CP minimax (prior-costed),1456655.3208873232,0.32598784194528874,0.2894736842105263
Costcla Credit Scoring Kaggle 2011,Linear,9,split,864.6820463750163,12522.035613040396,14.481664868070519,2822,DKW minimax (prior-costed),1456655.3208873232,0.32598784194528874,0.2894736842105263
Costcla Credit Scoring Kaggle 2011,Linear,9,split,864.6820463750163,12522.035613040396,14.481664868070519,2822,Oracle (test),1352541.1239426597,0.2640577507598784,0.3
Costcla Credit Scoring Kaggle 2011,LDA,0,naive,864.9590504868147,12532.88244153083,14.489567378336691,2822,Baseline,2150204.563464015,0.0022796352583586625,0.9368421052631579
Costcla Credit Scoring Kaggle 2011,LDA,0,naive,864.9590504868147,12532.88244153083,14.489567378336691,2822,Threshold (cost),1523618.700773869,0.14399696048632218,0.48947368421052634
Costcla Credit Scoring Kaggle 2011,LDA,0,naive,864.9590504868147,12532.88244153083,14.489567378336691,2822,CP sum (uncosted),1523618.700773869,0.14399696048632218,0.48947368421052634
Costcla Credit Scoring Kaggle 2011,LDA,0,naive,864.9590504868147,12532.88244153083,14.489567378336691,2822,DKW sum (uncosted),1523618.700773869,0.14399696048632218,0.48947368421052634
Costcla Credit Scoring Kaggle 2011,LDA,0,naive,864.9590504868147,12532.88244153083,14.489567378336691,2822,CP minimax (uncosted),1543230.9657395277,0.39703647416413373,0.2578947368421053
Costcla Credit Scoring Kaggle 2011,LDA,0,naive,864.9590504868147,12532.88244153083,14.489567378336691,2822,DKW minimax (uncosted),1501538.4094519399,0.378419452887538,0.2631578947368421
Costcla Credit Scoring Kaggle 2011,LDA,0,naive,864.9590504868147,12532.88244153083,14.489567378336691,2822,CP sum (costed),2274831.9646105655,1.0,0.0
Costcla Credit Scoring Kaggle 2011,LDA,0,naive,864.9590504868147,12532.88244153083,14.489567378336691,2822,DKW sum (costed),2274831.9646105655,1.0,0.0
Costcla Credit Scoring Kaggle 2011,LDA,0,naive,864.9590504868147,12532.88244153083,14.489567378336691,2822,CP minimax (costed),2274831.9646105655,1.0,0.0
Costcla Credit Scoring Kaggle 2011,LDA,0,naive,864.9590504868147,12532.88244153083,14.489567378336691,2822,DKW minimax (costed),2274831.9646105655,1.0,0.0
Costcla Credit Scoring Kaggle 2011,LDA,0,naive,864.9590504868147,12532.88244153083,14.489567378336691,2822,CP sum (prior-costed),1523618.700773869,0.14399696048632218,0.48947368421052634
Costcla Credit Scoring Kaggle 2011,LDA,0,naive,864.9590504868147,12532.88244153083,14.489567378336691,2822,DKW sum (prior-costed),1523618.700773869,0.14399696048632218,0.48947368421052634
Costcla Credit Scoring Kaggle 2011,LDA,0,naive,864.9590504868147,12532.88244153083,14.489567378336691,2822,CP minimax (prior-costed),1532128.4365032422,0.418693009118541,0.23684210526315788
Costcla Credit Scoring Kaggle 2011,LDA,0,naive,864.9590504868147,12532.88244153083,14.489567378336691,2822,DKW minimax (prior-costed),1543230.9657395277,0.39703647416413373,0.2578947368421053
Costcla Credit Scoring Kaggle 2011,LDA,0,naive,864.9590504868147,12532.88244153083,14.489567378336691,2822,Oracle (test),1436712.7925849943,0.2196048632218845,0.3894736842105263
Costcla Credit Scoring Kaggle 2011,LDA,0,split,864.9590504868147,12532.88244153083,14.489567378336691,2822,Baseline,1999444.4746803537,0.003419452887537994,0.8842105263157894
Costcla Credit Scoring Kaggle 2011,LDA,0,split,864.9590504868147,12532.88244153083,14.489567378336691,2822,Threshold (cost),1502183.1349308465,0.3058510638297872,0.33157894736842103
Costcla Credit Scoring Kaggle 2011,LDA,0,split,864.9590504868147,12532.88244153083,14.489567378336691,2822,CP sum (uncosted),1471147.8838879566,0.12689969604863222,0.49473684210526314
Costcla Credit Scoring Kaggle 2011,LDA,0,split,864.9590504868147,12532.88244153083,14.489567378336691,2822,DKW sum (uncosted),1502183.1349308465,0.3058510638297872,0.33157894736842103
Costcla Credit Scoring Kaggle 2011,LDA,0,split,864.9590504868147,12532.88244153083,14.489567378336691,2822,CP minimax (uncosted),1601743.3254164166,0.42059270516717323,0.2631578947368421
Costcla Credit Scoring Kaggle 2011,LDA,0,split,864.9590504868147,12532.88244153083,14.489567378336691,2822,DKW minimax (uncosted),1559445.457874893,0.3905775075987842,0.2736842105263158
Costcla Credit Scoring Kaggle 2011,LDA,0,split,864.9590504868147,12532.88244153083,14.489567378336691,2822,CP sum (costed),2274831.9646105655,1.0,0.0
Costcla Credit Scoring Kaggle 2011,LDA,0,split,864.9590504868147,12532.88244153083,14.489567378336691,2822,DKW sum (costed),2274831.9646105655,1.0,0.0
Costcla Credit Scoring Kaggle 2011,LDA,0,split,864.9590504868147,12532.88244153083,14.489567378336691,2822,CP minimax (costed),2274831.9646105655,1.0,0.0
Costcla Credit Scoring Kaggle 2011,LDA,0,split,864.9590504868147,12532.88244153083,14.489567378336691,2822,DKW minimax (costed),2274831.9646105655,1.0,0.0
Costcla Credit Scoring Kaggle 2011,LDA,0,split,864.9590504868147,12532.88244153083,14.489567378336691,2822,CP sum (prior-costed),1471147.8838879566,0.12689969604863222,0.49473684210526314
Costcla Credit Scoring Kaggle 2011,LDA,0,split,864.9590504868147,12532.88244153083,14.489567378336691,2822,DKW sum (prior-costed),1502183.1349308465,0.3058510638297872,0.33157894736842103
Costcla Credit Scoring Kaggle 2011,LDA,0,split,864.9590504868147,12532.88244153083,14.489567378336691,2822,CP minimax (prior-costed),1584317.7254179283,0.4217325227963526,0.25263157894736843
Costcla Credit Scoring Kaggle 2011,LDA,0,split,864.9590504868147,12532.88244153083,14.489567378336691,2822,DKW minimax (prior-costed),1601743.3254164166,0.42059270516717323,0.2631578947368421
Costcla Credit Scoring Kaggle 2011,LDA,0,split,864.9590504868147,12532.88244153083,14.489567378336691,2822,Oracle (test),1386567.9590921858,0.185790273556231,0.4
Costcla Credit Scoring Kaggle 2011,LDA,1,naive,860.7701887834537,12368.85648476258,14.369522371869975,2822,Baseline,2099016.9530749256,0.003419452887537994,0.9105263157894737
Costcla Credit Scoring Kaggle 2011,LDA,1,naive,860.7701887834537,12368.85648476258,14.369522371869975,2822,Threshold (cost),1411548.3006386524,0.15121580547112462,0.4473684210526316
Costcla Credit Scoring Kaggle 2011,LDA,1,naive,860.7701887834537,12368.85648476258,14.369522371869975,2822,CP sum (uncosted),1411548.3006386524,0.15121580547112462,0.4473684210526316
Costcla Credit Scoring Kaggle 2011,LDA,1,naive,860.7701887834537,12368.85648476258,14.369522371869975,2822,DKW sum (uncosted),1411548.3006386524,0.15121580547112462,0.4473684210526316
Costcla Credit Scoring Kaggle 2011,LDA,1,naive,860.7701887834537,12368.85648476258,14.369522371869975,2822,CP minimax (uncosted),1437896.578500127,0.38145896656534956,0.2631578947368421
Costcla Credit Scoring Kaggle 2011,LDA,1,naive,860.7701887834537,12368.85648476258,14.369522371869975,2822,DKW minimax (uncosted),1407151.184862475,0.36664133738601823,0.26842105263157895
Costcla Credit Scoring Kaggle 2011,LDA,1,naive,860.7701887834537,12368.85648476258,14.369522371869975,2822,CP sum (costed),2291626.8943363633,0.9996200607902735,0.005263157894736842
Costcla Credit Scoring Kaggle 2011,LDA,1,naive,860.7701887834537,12368.85648476258,14.369522371869975,2822,DKW sum (costed),2291626.8943363633,0.9996200607902735,0.005263157894736842
Costcla Credit Scoring Kaggle 2011,LDA,1,naive,860.7701887834537,12368.85648476258,14.369522371869975,2822,CP minimax (costed),2291626.8943363633,0.9996200607902735,0.005263157894736842
Costcla Credit Scoring Kaggle 2011,LDA,1,naive,860.7701887834537,12368.85648476258,14.369522371869975,2822,DKW minimax (costed),2291626.8943363633,0.9996200607902735,0.005263157894736842
Costcla Credit Scoring Kaggle 2011,LDA,1,naive,860.7701887834537,12368.85648476258,14.369522371869975,2822,CP sum (prior-costed),1411548.3006386524,0.15121580547112462,0.4473684210526316
Costcla Credit Scoring Kaggle 2011,LDA,1,naive,860.7701887834537,12368.85648476258,14.369522371869975,2822,DKW sum (prior-costed),1411548.3006386524,0.15121580547112462,0.4473684210526316
Costcla Credit Scoring Kaggle 2011,LDA,1,naive,860.7701887834537,12368.85648476258,14.369522371869975,2822,CP minimax (prior-costed),1438894.7736290873,0.38943768996960487,0.2578947368421053
Costcla Credit Scoring Kaggle 2011,LDA,1,naive,860.7701887834537,12368.85648476258,14.369522371869975,2822,DKW minimax (prior-costed),1436872.8479590842,0.3810790273556231,0.2631578947368421
Costcla Credit Scoring Kaggle 2011,LDA,1,naive,860.7701887834537,12368.85648476258,14.369522371869975,2822,Oracle (test),1322753.1713705494,0.1762917933130699,0.4
Costcla Credit Scoring Kaggle 2011,LDA,1,split,860.7701887834537,12368.85648476258,14.369522371869975,2822,Baseline,2092385.9400583154,0.007598784194528876,0.8894736842105263
Costcla Credit Scoring Kaggle 2011,LDA,1,split,860.7701887834537,12368.85648476258,14.369522371869975,2822,Threshold (cost),1405090.7403813861,0.17287234042553193,0.43157894736842106
Costcla Credit Scoring Kaggle 2011,LDA,1,split,860.7701887834537,12368.85648476258,14.369522371869975,2822,CP sum (uncosted),1636598.5655361062,0.03723404255319149,0.6473684210526316
Costcla Credit Scoring Kaggle 2011,LDA,1,split,860.7701887834537,12368.85648476258,14.369522371869975,2822,DKW sum (uncosted),1389184.2177530732,0.13791793313069908,0.45263157894736844
Costcla Credit Scoring Kaggle 2011,LDA,1,split,860.7701887834537,12368.85648476258,14.369522371869975,2822,CP minimax (uncosted),1491119.8994665302,0.418693009118541,0.24210526315789474
Costcla Credit Scoring Kaggle 2011,LDA,1,split,860.7701887834537,12368.85648476258,14.369522371869975,2822,DKW minimax (uncosted),1472443.0761469742,0.4107142857142857,0.24210526315789474
Costcla Credit Scoring Kaggle 2011,LDA,1,split,860.7701887834537,12368.85648476258,14.369522371869975,2822,CP sum (costed),2291626.8943363633,0.9996200607902735,0.005263157894736842
Costcla Credit Scoring Kaggle 2011,LDA,1,split,860.7701887834537,12368.85648476258,14.369522371869975,2822,DKW sum (costed),2291626.8943363633,0.9996200607902735,0.005263157894736842
Costcla Credit Scoring Kaggle 2011,LDA,1,split,860.7701887834537,12368.85648476258,14.369522371869975,2822,CP minimax (costed),2291626.8943363633,0.9996200607902735,0.005263157894736842
Costcla Credit Scoring Kaggle 2011,LDA,1,split,860.7701887834537,12368.85648476258,14.369522371869975,2822,DKW minimax (costed),2291626.8943363633,0.9996200607902735,0.005263157894736842
Costcla Credit Scoring Kaggle 2011,LDA,1,split,860.7701887834537,12368.85648476258,14.369522371869975,2822,CP sum (prior-costed),1389184.2177530732,0.13791793313069908,0.45263157894736844
Costcla Credit Scoring Kaggle 2011,LDA,1,split,860.7701887834537,12368.85648476258,14.369522371869975,2822,DKW sum (prior-costed),1389184.2177530732,0.13791793313069908,0.45263157894736844
Costcla Credit Scoring Kaggle 2011,LDA,1,split,860.7701887834537,12368.85648476258,14.369522371869975,2822,CP minimax (prior-costed),1491119.8994665302,0.418693009118541,0.24210526315789474
Costcla Credit Scoring Kaggle 2011,LDA,1,split,860.7701887834537,12368.85648476258,14.369522371869975,2822,DKW minimax (prior-costed),1487623.5960496124,0.41717325227963525,0.24210526315789474
Costcla Credit Scoring Kaggle 2011,LDA,1,split,860.7701887834537,12368.85648476258,14.369522371869975,2822,Oracle (test),1356499.5599995484,0.11398176291793313,0.47368421052631576
Costcla Credit Scoring Kaggle 2011,LDA,2,naive,864.6669992548374,12521.446403260099,14.481235451394554,2822,Baseline,1998881.9982372383,0.007978723404255319,0.8263157894736842
Costcla Credit Scoring Kaggle 2011,LDA,2,naive,864.6669992548374,12521.446403260099,14.481235451394554,2822,Threshold (cost),1511688.4850275395,0.17933130699088146,0.4473684210526316
Costcla Credit Scoring Kaggle 2011,LDA,2,naive,864.6669992548374,12521.446403260099,14.481235451394554,2822,CP sum (uncosted),1505480.194083631,0.13867781155015196,0.48947368421052634
Costcla Credit Scoring Kaggle 2011,LDA,2,naive,864.6669992548374,12521.446403260099,14.481235451394554,2822,DKW sum (uncosted),1505480.194083631,0.13867781155015196,0.48947368421052634
Costcla Credit Scoring Kaggle 2011,LDA,2,naive,864.6669992548374,12521.446403260099,14.481235451394554,2822,CP minimax (uncosted),1651239.7954982882,0.38069908814589665,0.3105263157894737
Costcla Credit Scoring Kaggle 2011,LDA,2,naive,864.6669992548374,12521.446403260099,14.481235451394554,2822,DKW minimax (uncosted),1673970.7289945502,0.3719604863221885,0.33157894736842103
Costcla Credit Scoring Kaggle 2011,LDA,2,naive,864.6669992548374,12521.446403260099,14.481235451394554,2822,CP sum (costed),2279363.5066461135,1.0,0.005263157894736842
Costcla Credit Scoring Kaggle 2011,LDA,2,naive,864.6669992548374,12521.446403260099,14.481235451394554,2822,DKW sum (costed),2279363.5066461135,1.0,0.005263157894736842
Costcla Credit Scoring Kaggle 2011,LDA,2,naive,864.6669992548374,12521.446403260099,14.481235451394554,2822,CP minimax (costed),2279363.5066461135,1.0,0.005263157894736842
Costcla Credit Scoring Kaggle 2011,LDA,2,naive,864.6669992548374,12521.446403260099,14.481235451394554,2822,DKW minimax (costed),2279363.5066461135,1.0,0.005263157894736842
Costcla Credit Scoring Kaggle 2011,LDA,2,naive,864.6669992548374,12521.446403260099,14.481235451394554,2822,CP sum (prior-costed),1505480.194083631,0.13867781155015196,0.48947368421052634
Costcla Credit Scoring Kaggle 2011,LDA,2,naive,864.6669992548374,12521.446403260099,14.481235451394554,2822,DKW sum (prior-costed),1505480.194083631,0.13867781155015196,0.48947368421052634
Costcla Credit Scoring Kaggle 2011,LDA,2,naive,864.6669992548374,12521.446403260099,14.481235451394554,2822,CP minimax (prior-costed),1655420.5274452716,0.39703647416413373,0.3
Costcla Credit Scoring Kaggle 2011,LDA,2,naive,864.6669992548374,12521.446403260099,14.481235451394554,2822,DKW minimax (prior-costed),1652263.5260393312,0.3810790273556231,0.3105263157894737
Costcla Credit Scoring Kaggle 2011,LDA,2,naive,864.6669992548374,12521.446403260099,14.481235451394554,2822,Oracle (test),1489475.636449154,0.13183890577507598,0.48947368421052634
Costcla Credit Scoring Kaggle 2011,LDA,2,split,864.6669992548374,12521.446403260099,14.481235451394554,2822,Baseline,2034686.7280211775,0.008738601823708206,0.8315789473684211
Costcla Credit Scoring Kaggle 2011,LDA,2,split,864.6669992548374,12521.446403260099,14.481235451394554,2822,Threshold (cost),1634707.5338251127,0.09498480243161095,0.5789473684210527
Costcla Credit Scoring Kaggle 2011,LDA,2,split,864.6669992548374,12521.446403260099,14.481235451394554,2822,CP sum (uncosted),1634707.5338251127,0.09498480243161095,0.5789473684210527
Costcla Credit Scoring Kaggle 2011,LDA,2,split,864.6669992548374,12521.446403260099,14.481235451394554,2822,DKW sum (uncosted),1634707.5338251127,0.09498480243161095,0.5789473684210527
Costcla Credit Scoring Kaggle 2011,LDA,2,split,864.6669992548374,12521.446403260099,14.481235451394554,2822,CP minimax (uncosted),1737830.8149002255,0.47074468085106386,0.25263157894736843
Costcla Credit Scoring Kaggle 2011,LDA,2,split,864.6669992548374,12521.446403260099,14.481235451394554,2822,DKW minimax (uncosted),1713461.2714920652,0.46048632218844987,0.25263157894736843
Costcla Credit Scoring Kaggle 2011,LDA,2,split,864.6669992548374,12521.446403260099,14.481235451394554,2822,CP sum (costed),2309095.270014098,0.9973404255319149,0.021052631578947368
Costcla Credit Scoring Kaggle 2011,LDA,2,split,864.6669992548374,12521.446403260099,14.481235451394554,2822,DKW sum (costed),2309095.270014098,0.9973404255319149,0.021052631578947368
Costcla Credit Scoring Kaggle 2011,LDA,2,split,864.6669992548374,12521.446403260099,14.481235451394554,2822,CP minimax (costed),2279363.5066461135,1.0,0.005263157894736842
Costcla Credit Scoring Kaggle 2011,LDA,2,split,864.6669992548374,12521.446403260099,14.481235451394554,2822,DKW minimax (costed),2279363.5066461135,1.0,0.005263157894736842
Costcla Credit Scoring Kaggle 2011,LDA,2,split,864.6669992548374,12521.446403260099,14.481235451394554,2822,CP sum (prior-costed),1634707.5338251127,0.09498480243161095,0.5789473684210527
Costcla Credit Scoring Kaggle 2011,LDA,2,split,864.6669992548374,12521.446403260099,14.481235451394554,2822,DKW sum (prior-costed),1634707.5338251127,0.09498480243161095,0.5789473684210527
Costcla Credit Scoring Kaggle 2011,LDA,2,split,864.6669992548374,12521.446403260099,14.481235451394554,2822,CP minimax (prior-costed),1759355.3102684412,0.4798632218844985,0.25263157894736843
Costcla Credit Scoring Kaggle 2011,LDA,2,split,864.6669992548374,12521.446403260099,14.481235451394554,2822,DKW minimax (prior-costed),1721925.4333031608,0.46390577507598785,0.25263157894736843
Costcla Credit Scoring Kaggle 2011,LDA,2,split,864.6669992548374,12521.446403260099,14.481235451394554,2822,Oracle (test),1484399.9355389082,0.21428571428571427,0.4105263157894737
Costcla Credit Scoring Kaggle 2011,LDA,3,naive,862.5554274460023,12438.762225372077,14.420826569027376,2822,Baseline,2063645.3797089604,0.005319148936170213,0.8736842105263158
Costcla Credit Scoring Kaggle 2011,LDA,3,naive,862.5554274460023,12438.762225372077,14.420826569027376,2822,Threshold (cost),1406156.407644769,0.14779635258358662,0.45789473684210524
Costcla Credit Scoring Kaggle 2011,LDA,3,naive,862.5554274460023,12438.762225372077,14.420826569027376,2822,CP sum (uncosted),1406156.407644769,0.14779635258358662,0.45789473684210524
Costcla Credit Scoring Kaggle 2011,LDA,3,naive,862.5554274460023,12438.762225372077,14.420826569027376,2822,DKW sum (uncosted),1406156.407644769,0.14779635258358662,0.45789473684210524
Costcla Credit Scoring Kaggle 2011,LDA,3,naive,862.5554274460023,12438.762225372077,14.420826569027376,2822,CP minimax (uncosted),1451330.671592411,0.4004559270516717,0.24210526315789474
Costcla Credit Scoring Kaggle 2011,LDA,3,naive,862.5554274460023,12438.762225372077,14.420826569027376,2822,DKW minimax (uncosted),1420529.3430911507,0.38335866261398177,0.25263157894736843
Costcla Credit Scoring Kaggle 2011,LDA,3,naive,862.5554274460023,12438.762225372077,14.420826569027376,2822,CP sum (costed),2307781.908055141,0.9992401215805471,0.015789473684210527
Costcla Credit Scoring Kaggle 2011,LDA,3,naive,862.5554274460023,12438.762225372077,14.420826569027376,2822,DKW sum (costed),2307781.908055141,0.9992401215805471,0.015789473684210527
Costcla Credit Scoring Kaggle 2011,LDA,3,naive,862.5554274460023,12438.762225372077,14.420826569027376,2822,CP minimax (costed),2307781.908055141,0.9992401215805471,0.015789473684210527
Costcla Credit Scoring Kaggle 2011,LDA,3,naive,862.5554274460023,12438.762225372077,14.420826569027376,2822,DKW minimax (costed),2283872.658055141,0.9992401215805471,0.005263157894736842
Costcla Credit Scoring Kaggle 2011,LDA,3,naive,862.5554274460023,12438.762225372077,14.420826569027376,2822,CP sum (prior-costed),1406156.407644769,0.14779635258358662,0.45789473684210524
Costcla Credit Scoring Kaggle 2011,LDA,3,naive,862.5554274460023,12438.762225372077,14.420826569027376,2822,DKW sum (prior-costed),1406156.407644769,0.14779635258358662,0.45789473684210524
Costcla Credit Scoring Kaggle 2011,LDA,3,naive,862.5554274460023,12438.762225372077,14.420826569027376,2822,CP minimax (prior-costed),1458651.512584418,0.40387537993920974,0.24210526315789474
Costcla Credit Scoring Kaggle 2011,LDA,3,naive,862.5554274460023,12438.762225372077,14.420826569027376,2822,DKW minimax (prior-costed),1451330.671592411,0.4004559270516717,0.24210526315789474
Costcla Credit Scoring Kaggle 2011,LDA,3,naive,862.5554274460023,12438.762225372077,14.420826569027376,2822,Oracle (test),1390923.4519368892,0.18009118541033434,0.4263157894736842
Costcla Credit Scoring Kaggle 2011,LDA,3,split,862.5554274460023,12438.762225372077,14.420826569027376,2822,Baseline,2062771.2154064707,0.004559270516717325,0.8736842105263158
Costcla Credit Scoring Kaggle 2011,LDA,3,split,862.5554274460023,12438.762225372077,14.420826569027376,2822,Threshold (cost),1459167.5923969666,0.1466565349544073,0.4842105263157895
Costcla Credit Scoring Kaggle 2011,LDA,3,split,862.5554274460023,12438.762225372077,14.420826569027376,2822,CP sum (uncosted),1459167.5923969666,0.1466565349544073,0.4842105263157895
Costcla Credit Scoring Kaggle 2011,LDA,3,split,862.5554274460023,12438.762225372077,14.420826569027376,2822,DKW sum (uncosted),1459167.5923969666,0.1466565349544073,0.4842105263157895
Costcla Credit Scoring Kaggle 2011,LDA,3,split,862.5554274460023,12438.762225372077,14.420826569027376,2822,CP minimax (uncosted),1530493.324591193,0.45364741641337386,0.22631578947368422
Costcla Credit Scoring Kaggle 2011,LDA,3,split,862.5554274460023,12438.762225372077,14.420826569027376,2822,DKW minimax (uncosted),1521568.7135404062,0.4194528875379939,0.25263157894736843
Costcla Credit Scoring Kaggle 2011,LDA,3,split,862.5554274460023,12438.762225372077,14.420826569027376,2822,CP sum (costed),2296636.1951476904,0.9627659574468085,0.05789473684210526
Costcla Credit Scoring Kaggle 2011,LDA,3,split,862.5554274460023,12438.762225372077,14.420826569027376,2822,DKW sum (costed),2296636.1951476904,0.9627659574468085,0.05789473684210526
Costcla Credit Scoring Kaggle 2011,LDA,3,split,862.5554274460023,12438.762225372077,14.420826569027376,2822,CP minimax (costed),2340525.606847232,0.9935410334346505,0.03684210526315789
Costcla Credit Scoring Kaggle 2011,LDA,3,split,862.5554274460023,12438.762225372077,14.420826569027376,2822,DKW minimax (costed),2340525.606847232,0.9935410334346505,0.03684210526315789
Costcla Credit Scoring Kaggle 2011,LDA,3,split,862.5554274460023,12438.762225372077,14.420826569027376,2822,CP sum (prior-costed),1459167.5923969666,0.1466565349544073,0.4842105263157895
Costcla Credit Scoring Kaggle 2011,LDA,3,split,862.5554274460023,12438.762225372077,14.420826569027376,2822,DKW sum (prior-costed),1459167.5923969666,0.1466565349544073,0.4842105263157895
Costcla Credit Scoring Kaggle 2011,LDA,3,split,862.5554274460023,12438.762225372077,14.420826569027376,2822,CP minimax (prior-costed),1533951.8767586441,0.4551671732522796,0.22631578947368422
Costcla Credit Scoring Kaggle 2011,LDA,3,split,862.5554274460023,12438.762225372077,14.420826569027376,2822,DKW minimax (prior-costed),1540557.3509891997,0.4308510638297872,0.24736842105263157
Costcla Credit Scoring Kaggle 2011,LDA,3,split,862.5554274460023,12438.762225372077,14.420826569027376,2822,Oracle (test),1392378.1921624346,0.3020516717325228,0.3157894736842105
Costcla Credit Scoring Kaggle 2011,LDA,4,naive,862.8063553125475,12448.587969525159,14.428020717366781,2822,Baseline,2054113.332791388,0.005319148936170213,0.8578947368421053
Costcla Credit Scoring Kaggle 2011,LDA,4,naive,862.8063553125475,12448.587969525159,14.428020717366781,2822,Threshold (cost),1567294.6963262714,0.16489361702127658,0.49473684210526314
Costcla Credit Scoring Kaggle 2011,LDA,4,naive,862.8063553125475,12448.587969525159,14.428020717366781,2822,CP sum (uncosted),1561607.8890619134,0.11588145896656535,0.5368421052631579
Costcla Credit Scoring Kaggle 2011,LDA,4,naive,862.8063553125475,12448.587969525159,14.428020717366781,2822,DKW sum (uncosted),1586263.3227881358,0.15995440729483282,0.5105263157894737
Costcla Credit Scoring Kaggle 2011,LDA,4,naive,862.8063553125475,12448.587969525159,14.428020717366781,2822,CP minimax (uncosted),1641537.339623015,0.3898176291793313,0.32105263157894737
Costcla Credit Scoring Kaggle 2011,LDA,4,naive,862.8063553125475,12448.587969525159,14.428020717366781,2822,DKW minimax (uncosted),1643208.6174528282,0.3822188449848024,0.3263157894736842
Costcla Credit Scoring Kaggle 2011,LDA,4,naive,862.8063553125475,12448.587969525159,14.428020717366781,2822,CP sum (costed),2284132.1093109897,0.9992401215805471,0.005263157894736842
Costcla Credit Scoring Kaggle 2011,LDA,4,naive,862.8063553125475,12448.587969525159,14.428020717366781,2822,DKW sum (costed),2284132.1093109897,0.9992401215805471,0.005263157894736842
Costcla Credit Scoring Kaggle 2011,LDA,4,naive,862.8063553125475,12448.587969525159,14.428020717366781,2822,CP minimax (costed),2284132.1093109897,0.9992401215805471,0.005263157894736842
Costcla Credit Scoring Kaggle 2011,LDA,4,naive,862.8063553125475,12448.587969525159,14.428020717366781,2822,DKW minimax (costed),2284132.1093109897,0.9992401215805471,0.005263157894736842
Costcla Credit Scoring Kaggle 2011,LDA,4,naive,862.8063553125475,12448.587969525159,14.428020717366781,2822,CP sum (prior-costed),1561607.8890619134,0.11588145896656535,0.5368421052631579
Costcla Credit Scoring Kaggle 2011,LDA,4,naive,862.8063553125475,12448.587969525159,14.428020717366781,2822,DKW sum (prior-costed),1586263.3227881358,0.15995440729483282,0.5105263157894737
Costcla Credit Scoring Kaggle 2011,LDA,4,naive,862.8063553125475,12448.587969525159,14.428020717366781,2822,CP minimax (prior-costed),1625891.6987915714,0.3958966565349544,0.3105263157894737
Costcla Credit Scoring Kaggle 2011,LDA,4,naive,862.8063553125475,12448.587969525159,14.428020717366781,2822,DKW minimax (prior-costed),1641537.339623015,0.3898176291793313,0.32105263157894737
Costcla Credit Scoring Kaggle 2011,LDA,4,naive,862.8063553125475,12448.587969525159,14.428020717366781,2822,Oracle (test),1498904.6308712082,0.18617021276595744,0.4473684210526316
Costcla Credit Scoring Kaggle 2011,LDA,4,split,862.8063553125475,12448.587969525159,14.428020717366781,2822,Baseline,1972157.856381658,0.016717325227963525,0.8
Costcla Credit Scoring Kaggle 2011,LDA,4,split,862.8063553125475,12448.587969525159,14.428020717366781,2822,Threshold (cost),1236167.5915388665,0.23898176291793313,0.28421052631578947
Costcla Credit Scoring Kaggle 2011,LDA,4,split,862.8063553125475,12448.587969525159,14.428020717366781,2822,CP sum (uncosted),2368017.75,0.0,1.0
Costcla Credit Scoring Kaggle 2011,LDA,4,split,862.8063553125475,12448.587969525159,14.428020717366781,2822,DKW sum (uncosted),2368017.75,0.0,1.0
Costcla Credit Scoring Kaggle 2011,LDA,4,split,862.8063553125475,12448.587969525159,14.428020717366781,2822,CP minimax (uncosted),3408065.8605669094,0.7344224924012158,0.7421052631578947
Costcla Credit Scoring Kaggle 2011,LDA,4,split,862.8063553125475,12448.587969525159,14.428020717366781,2822,DKW minimax (uncosted),3390748.2003768855,0.726823708206687,0.7421052631578947
Costcla Credit Scoring Kaggle 2011,LDA,4,split,862.8063553125475,12448.587969525159,14.428020717366781,2822,CP sum (costed),2306414.4857080043,0.9973404255319149,0.015789473684210527
Costcla Credit Scoring Kaggle 2011,LDA,4,split,862.8063553125475,12448.587969525159,14.428020717366781,2822,DKW sum (costed),2306414.4857080043,0.9973404255319149,0.015789473684210527
Costcla Credit Scoring Kaggle 2011,LDA,4,split,862.8063553125475,12448.587969525159,14.428020717366781,2822,CP minimax (costed),2279875.3476671902,1.0,0.0
Costcla Credit Scoring Kaggle 2011,LDA,4,split,862.8063553125475,12448.587969525159,14.428020717366781,2822,DKW minimax (costed),2279875.3476671902,1.0,0.0
Costcla Credit Scoring Kaggle 2011,LDA,4,split,862.8063553125475,12448.587969525159,14.428020717366781,2822,CP sum (prior-costed),2368017.75,0.0,1.0
Costcla Credit Scoring Kaggle 2011,LDA,4,split,862.8063553125475,12448.587969525159,14.428020717366781,2822,DKW sum (prior-costed),2368017.75,0.0,1.0
Costcla Credit Scoring Kaggle 2011,LDA,4,split,862.8063553125475,12448.587969525159,14.428020717366781,2822,CP minimax (prior-costed),3413895.0921877017,0.7621580547112462,0.7157894736842105
Costcla Credit Scoring Kaggle 2011,LDA,4,split,862.8063553125475,12448.587969525159,14.428020717366781,2822,DKW minimax (prior-costed),3413576.27321049,0.7408814589665653,0.7368421052631579
Costcla Credit Scoring Kaggle 2011,LDA,4,split,862.8063553125475,12448.587969525159,14.428020717366781,2822,Oracle (test),1221742.988810885,0.25227963525835867,0.26842105263157895
Costcla Credit Scoring Kaggle 2011,LDA,5,naive,863.2206160375059,12464.80944365698,14.43988849672631,2822,Baseline,2226137.8371787383,0.003419452887537994,0.9263157894736842
Costcla Credit Scoring Kaggle 2011,LDA,5,naive,863.2206160375059,12464.80944365698,14.43988849672631,2822,Threshold (cost),1490443.5000913197,0.24772036474164133,0.3736842105263158
Costcla Credit Scoring Kaggle 2011,LDA,5,naive,863.2206160375059,12464.80944365698,14.43988849672631,2822,CP sum (uncosted),1725413.8457487337,0.055091185410334344,0.6578947368421053
Costcla Credit Scoring Kaggle 2011,LDA,5,naive,863.2206160375059,12464.80944365698,14.43988849672631,2822,DKW sum (uncosted),1450219.5460358786,0.10448328267477204,0.5
Costcla Credit Scoring Kaggle 2011,LDA,5,naive,863.2206160375059,12464.80944365698,14.43988849672631,2822,CP minimax (uncosted),1518585.57488665,0.40843465045592703,0.24736842105263157
Costcla Credit Scoring Kaggle 2011,LDA,5,naive,863.2206160375059,12464.80944365698,14.43988849672631,2822,DKW minimax (uncosted),1492382.7399082738,0.39703647416413373,0.24736842105263157
Costcla Credit Scoring Kaggle 2011,LDA,5,naive,863.2206160375059,12464.80944365698,14.43988849672631,2822,CP sum (costed),2277239.7511766357,1.0,0.0
Costcla Credit Scoring Kaggle 2011,LDA,5,naive,863.2206160375059,12464.80944365698,14.43988849672631,2822,DKW sum (costed),2277239.7511766357,1.0,0.0
Costcla Credit Scoring Kaggle 2011,LDA,5,naive,863.2206160375059,12464.80944365698,14.43988849672631,2822,CP minimax (costed),2277239.7511766357,1.0,0.0
Costcla Credit Scoring Kaggle 2011,LDA,5,naive,863.2206160375059,12464.80944365698,14.43988849672631,2822,DKW minimax (costed),2277239.7511766357,1.0,0.0
Costcla Credit Scoring Kaggle 2011,LDA,5,naive,863.2206160375059,12464.80944365698,14.43988849672631,2822,CP sum (prior-costed),1450219.5460358786,0.10448328267477204,0.5
Costcla Credit Scoring Kaggle 2011,LDA,5,naive,863.2206160375059,12464.80944365698,14.43988849672631,2822,DKW sum (prior-costed),1490443.5000913197,0.24772036474164133,0.3736842105263158
Costcla Credit Scoring Kaggle 2011,LDA,5,naive,863.2206160375059,12464.80944365698,14.43988849672631,2822,CP minimax (prior-costed),1542221.2248500108,0.42249240121580545,0.24210526315789474
Costcla Credit Scoring Kaggle 2011,LDA,5,naive,863.2206160375059,12464.80944365698,14.43988849672631,2822,DKW minimax (prior-costed),1515743.5147690375,0.4072948328267477,0.24736842105263157
Costcla Credit Scoring Kaggle 2011,LDA,5,naive,863.2206160375059,12464.80944365698,14.43988849672631,2822,Oracle (test),1447472.4655479765,0.2948328267477204,0.3157894736842105
Costcla Credit Scoring Kaggle 2011,LDA,5,split,863.2206160375059,12464.80944365698,14.43988849672631,2822,Baseline,2322086.231744764,0.001519756838905775,0.9631578947368421
Costcla Credit Scoring Kaggle 2011,LDA,5,split,863.2206160375059,12464.80944365698,14.43988849672631,2822,Threshold (cost),1605648.6764861152,0.14475683890577506,0.5210526315789473
Costcla Credit Scoring Kaggle 2011,LDA,5,split,863.2206160375059,12464.80944365698,14.43988849672631,2822,CP sum (uncosted),1605648.6764861152,0.14475683890577506,0.5210526315789473
Costcla Credit Scoring Kaggle 2011,LDA,5,split,863.2206160375059,12464.80944365698,14.43988849672631,2822,DKW sum (uncosted),1605648.6764861152,0.14475683890577506,0.5210526315789473
Costcla Credit Scoring Kaggle 2011,LDA,5,split,863.2206160375059,12464.80944365698,14.43988849672631,2822,CP minimax (uncosted),1568141.9119229766,0.43123100303951367,0.24736842105263157
Costcla Credit Scoring Kaggle 2011,LDA,5,split,863.2206160375059,12464.80944365698,14.43988849672631,2822,DKW minimax (uncosted),1566099.393174932,0.42249240121580545,0.25263157894736843
Costcla Credit Scoring Kaggle 2011,LDA,5,split,863.2206160375059,12464.80944365698,14.43988849672631,2822,CP sum (costed),2273594.1282565,0.9984802431610942,0.0
Costcla Credit Scoring Kaggle 2011,LDA,5,split,863.2206160375059,12464.80944365698,14.43988849672631,2822,DKW sum (costed),2273594.1282565,0.9984802431610942,0.0
Costcla Credit Scoring Kaggle 2011,LDA,5,split,863.2206160375059,12464.80944365698,14.43988849672631,2822,CP minimax (costed),2273594.1282565,0.9984802431610942,0.0
Costcla Credit Scoring Kaggle 2011,LDA,5,split,863.2206160375059,12464.80944365698,14.43988849672631,2822,DKW minimax (costed),2273594.1282565,0.9984802431610942,0.0
Costcla Credit Scoring Kaggle 2011,LDA,5,split,863.2206160375059,12464.80944365698,14.43988849672631,2822,CP sum (prior-costed),1605648.6764861152,0.14475683890577506,0.5210526315789473
Costcla Credit Scoring Kaggle 2011,LDA,5,split,863.2206160375059,12464.80944365698,14.43988849672631,2822,DKW sum (prior-costed),1605648.6764861152,0.14475683890577506,0.5210526315789473
Costcla Credit Scoring Kaggle 2011,LDA,5,split,863.2206160375059,12464.80944365698,14.43988849672631,2822,CP minimax (prior-costed),1574178.2987220145,0.44756838905775076,0.23684210526315788
Costcla Credit Scoring Kaggle 2011,LDA,5,split,863.2206160375059,12464.80944365698,14.43988849672631,2822,DKW minimax (prior-costed),1568141.9119229766,0.43123100303951367,0.24736842105263157
Costcla Credit Scoring Kaggle 2011,LDA,5,split,863.2206160375059,12464.80944365698,14.43988849672631,2822,Oracle (test),1473698.2861938467,0.25227963525835867,0.3684210526315789
Costcla Credit Scoring Kaggle 2011,LDA,6,naive,865.1001554162317,12538.40777817151,14.493590943974363,2822,Baseline,2007008.1387004955,0.008738601823708206,0.8368421052631579
Costcla Credit Scoring Kaggle 2011,LDA,6,naive,865.1001554162317,12538.40777817151,14.493590943974363,2822,Threshold (cost),1489256.3669461622,0.20782674772036475,0.43157894736842106
Costcla Credit Scoring Kaggle 2011,LDA,6,naive,865.1001554162317,12538.40777817151,14.493590943974363,2822,CP sum (uncosted),1489256.3669461622,0.20782674772036475,0.43157894736842106
Costcla Credit Scoring Kaggle 2011,LDA,6,naive,865.1001554162317,12538.40777817151,14.493590943974363,2822,DKW sum (uncosted),1489256.3669461622,0.20782674772036475,0.43157894736842106
Costcla Credit Scoring Kaggle 2011,LDA,6,naive,865.1001554162317,12538.40777817151,14.493590943974363,2822,CP minimax (uncosted),1594170.1517082509,0.40691489361702127,0.29473684210526313
Costcla Credit Scoring Kaggle 2011,LDA,6,naive,865.1001554162317,12538.40777817151,14.493590943974363,2822,DKW minimax (uncosted),1589416.5087940036,0.3962765957446808,0.3
Costcla Credit Scoring Kaggle 2011,LDA,6,naive,865.1001554162317,12538.40777817151,14.493590943974363,2822,CP sum (costed),2277496.0711131813,0.9996200607902735,0.005263157894736842
Costcla Credit Scoring Kaggle 2011,LDA,6,naive,865.1001554162317,12538.40777817151,14.493590943974363,2822,DKW sum (costed),2277496.0711131813,0.9996200607902735,0.005263157894736842
Costcla Credit Scoring Kaggle 2011,LDA,6,naive,865.1001554162317,12538.40777817151,14.493590943974363,2822,CP minimax (costed),2277496.0711131813,0.9996200607902735,0.005263157894736842
Costcla Credit Scoring Kaggle 2011,LDA,6,naive,865.1001554162317,12538.40777817151,14.493590943974363,2822,DKW minimax (costed),2277496.0711131813,0.9996200607902735,0.005263157894736842
Costcla Credit Scoring Kaggle 2011,LDA,6,naive,865.1001554162317,12538.40777817151,14.493590943974363,2822,CP sum (prior-costed),1489256.3669461622,0.20782674772036475,0.43157894736842106
Costcla Credit Scoring Kaggle 2011,LDA,6,naive,865.1001554162317,12538.40777817151,14.493590943974363,2822,DKW sum (prior-costed),1489256.3669461622,0.20782674772036475,0.43157894736842106
Costcla Credit Scoring Kaggle 2011,LDA,6,naive,865.1001554162317,12538.40777817151,14.493590943974363,2822,CP minimax (prior-costed),1615012.4015013603,0.41907294832826747,0.2894736842105263
Costcla Credit Scoring Kaggle 2011,LDA,6,naive,865.1001554162317,12538.40777817151,14.493590943974363,2822,DKW minimax (prior-costed),1594903.0961156532,0.4072948328267477,0.29473684210526313
Costcla Credit Scoring Kaggle 2011,LDA,6,naive,865.1001554162317,12538.40777817151,14.493590943974363,2822,Oracle (test),1376097.1056364735,0.1534954407294833,0.4368421052631579
Costcla Credit Scoring Kaggle 2011,LDA,6,split,865.1001554162317,12538.40777817151,14.493590943974363,2822,Baseline,1946893.6125176202,0.011398176291793313,0.8052631578947368
Costcla Credit Scoring Kaggle 2011,LDA,6,split,865.1001554162317,12538.40777817151,14.493590943974363,2822,Threshold (cost),1525132.1852487335,0.2857142857142857,0.37894736842105264
Costcla Credit Scoring Kaggle 2011,LDA,6,split,865.1001554162317,12538.40777817151,14.493590943974363,2822,CP sum (uncosted),1498579.5546104154,0.0919452887537994,0.531578947368421
Costcla Credit Scoring Kaggle 2011,LDA,6,split,865.1001554162317,12538.40777817151,14.493590943974363,2822,DKW sum (uncosted),1525132.1852487335,0.2857142857142857,0.37894736842105264
Costcla Credit Scoring Kaggle 2011,LDA,6,split,865.1001554162317,12538.40777817151,14.493590943974363,2822,CP minimax (uncosted),1677395.6174538303,0.42021276595744683,0.3105263157894737
Costcla Credit Scoring Kaggle 2011,LDA,6,split,865.1001554162317,12538.40777817151,14.493590943974363,2822,DKW minimax (uncosted),1655182.6517529266,0.4107142857142857,0.3105263157894737
Costcla Credit Scoring Kaggle 2011,LDA,6,split,865.1001554162317,12538.40777817151,14.493590943974363,2822,CP sum (costed),2276472.3405721383,0.9992401215805471,0.005263157894736842
Costcla Credit Scoring Kaggle 2011,LDA,6,split,865.1001554162317,12538.40777817151,14.493590943974363,2822,DKW sum (costed),2276472.3405721383,0.9992401215805471,0.005263157894736842
Costcla Credit Scoring Kaggle 2011,LDA,6,split,865.1001554162317,12538.40777817151,14.493590943974363,2822,CP minimax (costed),2277496.0711131813,0.9996200607902735,0.005263157894736842
Costcla Credit Scoring Kaggle 2011,LDA,6,split,865.1001554162317,12538.40777817151,14.493590943974363,2822,DKW minimax (costed),2277496.0711131813,0.9996200607902735,0.005263157894736842
Costcla Credit Scoring Kaggle 2011,LDA,6,split,865.1001554162317,12538.40777817151,14.493590943974363,2822,CP sum (prior-costed),1498579.5546104154,0.0919452887537994,0.531578947368421
Costcla Credit Scoring Kaggle 2011,LDA,6,split,865.1001554162317,12538.40777817151,14.493590943974363,2822,DKW sum (prior-costed),1525132.1852487335,0.2857142857142857,0.37894736842105264
Costcla Credit Scoring Kaggle 2011,LDA,6,split,865.1001554162317,12538.40777817151,14.493590943974363,2822,CP minimax (prior-costed),1668079.859416816,0.44490881458966564,0.28421052631578947
Costcla Credit Scoring Kaggle 2011,LDA,6,split,865.1001554162317,12538.40777817151,14.493590943974363,2822,DKW minimax (prior-costed),1668740.5318384077,0.41641337386018235,0.3105263157894737
Costcla Credit Scoring Kaggle 2011,LDA,6,split,865.1001554162317,12538.40777817151,14.493590943974363,2822,Oracle (test),1385036.919043159,0.15843465045592706,0.4368421052631579
Costcla Credit Scoring Kaggle 2011,LDA,7,naive,860.7080048794943,12366.421509567683,14.367731494839619,2822,Baseline,2202045.571513539,0.001899696048632219,0.9473684210526315
Costcla Credit Scoring Kaggle 2011,LDA,7,naive,860.7080048794943,12366.421509567683,14.367731494839619,2822,Threshold (cost),1451826.3030147646,0.33092705167173253,0.2894736842105263
Costcla Credit Scoring Kaggle 2011,LDA,7,naive,860.7080048794943,12366.421509567683,14.367731494839619,2822,CP sum (uncosted),1466166.0308695966,0.15425531914893617,0.45789473684210524
Costcla Credit Scoring Kaggle 2011,LDA,7,naive,860.7080048794943,12366.421509567683,14.367731494839619,2822,DKW sum (uncosted),1451826.3030147646,0.33092705167173253,0.2894736842105263
Costcla Credit Scoring Kaggle 2011,LDA,7,naive,860.7080048794943,12366.421509567683,14.367731494839619,2822,CP minimax (uncosted),1519624.6631035171,0.3924772036474164,0.2631578947368421
Costcla Credit Scoring Kaggle 2011,LDA,7,naive,860.7080048794943,12366.421509567683,14.367731494839619,2822,DKW minimax (uncosted),1508407.141534801,0.37879939209726443,0.26842105263157895
Costcla Credit Scoring Kaggle 2011,LDA,7,naive,860.7080048794943,12366.421509567683,14.367731494839619,2822,CP sum (costed),2286887.1969403066,1.0,0.0
Costcla Credit Scoring Kaggle 2011,LDA,7,naive,860.7080048794943,12366.421509567683,14.367731494839619,2822,DKW sum (costed),2286887.1969403066,1.0,0.0
Costcla Credit Scoring Kaggle 2011,LDA,7,naive,860.7080048794943,12366.421509567683,14.367731494839619,2822,CP minimax (costed),2286887.1969403066,1.0,0.0
Costcla Credit Scoring Kaggle 2011,LDA,7,naive,860.7080048794943,12366.421509567683,14.367731494839619,2822,DKW minimax (costed),2286887.1969403066,1.0,0.0
Costcla Credit Scoring Kaggle 2011,LDA,7,naive,860.7080048794943,12366.421509567683,14.367731494839619,2822,CP sum (prior-costed),1466166.0308695966,0.15425531914893617,0.45789473684210524
Costcla Credit Scoring Kaggle 2011,LDA,7,naive,860.7080048794943,12366.421509567683,14.367731494839619,2822,DKW sum (prior-costed),1451826.3030147646,0.33092705167173253,0.2894736842105263
Costcla Credit Scoring Kaggle 2011,LDA,7,naive,860.7080048794943,12366.421509567683,14.367731494839619,2822,CP minimax (prior-costed),1535454.6954284345,0.3993161094224924,0.2631578947368421
Costcla Credit Scoring Kaggle 2011,LDA,7,naive,860.7080048794943,12366.421509567683,14.367731494839619,2822,DKW minimax (prior-costed),1517214.7408298776,0.3913373860182371,0.2631578947368421
Costcla Credit Scoring Kaggle 2011,LDA,7,naive,860.7080048794943,12366.421509567683,14.367731494839619,2822,Oracle (test),1394193.9309555064,0.16033434650455927,0.4263157894736842
Costcla Credit Scoring Kaggle 2011,LDA,7,split,860.7080048794943,12366.421509567683,14.367731494839619,2822,Baseline,2203045.245449138,0.0022796352583586625,0.9473684210526315
Costcla Credit Scoring Kaggle 2011,LDA,7,split,860.7080048794943,12366.421509567683,14.367731494839619,2822,Threshold (cost),1432012.8962742654,0.12044072948328267,0.4789473684210526
Costcla Credit Scoring Kaggle 2011,LDA,7,split,860.7080048794943,12366.421509567683,14.367731494839619,2822,CP sum (uncosted),1432012.8962742654,0.12044072948328267,0.4789473684210526
Costcla Credit Scoring Kaggle 2011,LDA,7,split,860.7080048794943,12366.421509567683,14.367731494839619,2822,DKW sum (uncosted),1432012.8962742654,0.12044072948328267,0.4789473684210526
Costcla Credit Scoring Kaggle 2011,LDA,7,split,860.7080048794943,12366.421509567683,14.367731494839619,2822,CP minimax (uncosted),1583426.0528510008,0.49012158054711247,0.2
Costcla Credit Scoring Kaggle 2011,LDA,7,split,860.7080048794943,12366.421509567683,14.367731494839619,2822,DKW minimax (uncosted),1581496.577213227,0.47796352583586627,0.21052631578947367
Costcla Credit Scoring Kaggle 2011,LDA,7,split,860.7080048794943,12366.421509567683,14.367731494839619,2822,CP sum (costed),2281471.3193477923,0.9977203647416414,0.0
Costcla Credit Scoring Kaggle 2011,LDA,7,split,860.7080048794943,12366.421509567683,14.367731494839619,2822,DKW sum (costed),2281471.3193477923,0.9977203647416414,0.0
Costcla Credit Scoring Kaggle 2011,LDA,7,split,860.7080048794943,12366.421509567683,14.367731494839619,2822,CP minimax (costed),2283958.831835328,0.9988601823708206,0.0
Costcla Credit Scoring Kaggle 2011,LDA,7,split,860.7080048794943,12366.421509567683,14.367731494839619,2822,DKW minimax (costed),2283958.831835328,0.9988601823708206,0.0
Costcla Credit Scoring Kaggle 2011,LDA,7,split,860.7080048794943,12366.421509567683,14.367731494839619,2822,CP sum (prior-costed),1432012.8962742654,0.12044072948328267,0.4789473684210526
Costcla Credit Scoring Kaggle 2011,LDA,7,split,860.7080048794943,12366.421509567683,14.367731494839619,2822,DKW sum (prior-costed),1432012.8962742654,0.12044072948328267,0.4789473684210526
Costcla Credit Scoring Kaggle 2011,LDA,7,split,860.7080048794943,12366.421509567683,14.367731494839619,2822,CP minimax (prior-costed),1601070.4805350367,0.5045592705167173,0.19473684210526315
Costcla Credit Scoring Kaggle 2011,LDA,7,split,860.7080048794943,12366.421509567683,14.367731494839619,2822,DKW minimax (prior-costed),1578495.8973284774,0.4848024316109423,0.20526315789473684
Costcla Credit Scoring Kaggle 2011,LDA,7,split,860.7080048794943,12366.421509567683,14.367731494839619,2822,Oracle (test),1391351.1278651212,0.10296352583586627,0.4789473684210526
Costcla Credit Scoring Kaggle 2011,LDA,8,naive,867.1672306441501,12619.349574769667,14.552382895506497,2822,Baseline,2244352.840560762,0.0007598784194528875,0.9526315789473684
Costcla Credit Scoring Kaggle 2011,LDA,8,naive,867.1672306441501,12619.349574769667,14.552382895506497,2822,Threshold (cost),1478465.989260751,0.23708206686930092,0.4105263157894737
Costcla Credit Scoring Kaggle 2011,LDA,8,naive,867.1672306441501,12619.349574769667,14.552382895506497,2822,CP sum (uncosted),1478465.989260751,0.23708206686930092,0.4105263157894737
Costcla Credit Scoring Kaggle 2011,LDA,8,naive,867.1672306441501,12619.349574769667,14.552382895506497,2822,DKW sum (uncosted),1478465.989260751,0.23708206686930092,0.4105263157894737
Costcla Credit Scoring Kaggle 2011,LDA,8,naive,867.1672306441501,12619.349574769667,14.552382895506497,2822,CP minimax (uncosted),1486187.486147496,0.3860182370820669,0.25263157894736843
Costcla Credit Scoring Kaggle 2011,LDA,8,naive,867.1672306441501,12619.349574769667,14.552382895506497,2822,DKW minimax (uncosted),1472312.7522213603,0.3803191489361702,0.25263157894736843
Costcla Credit Scoring Kaggle 2011,LDA,8,naive,867.1672306441501,12619.349574769667,14.552382895506497,2822,CP sum (costed),2267600.5413527275,1.0,0.0
Costcla Credit Scoring Kaggle 2011,LDA,8,naive,867.1672306441501,12619.349574769667,14.552382895506497,2822,DKW sum (costed),2267600.5413527275,1.0,0.0
Costcla Credit Scoring Kaggle 2011,LDA,8,naive,867.1672306441501,12619.349574769667,14.552382895506497,2822,CP minimax (costed),2267600.5413527275,1.0,0.0
Costcla Credit Scoring Kaggle 2011,LDA,8,naive,867.1672306441501,12619.349574769667,14.552382895506497,2822,DKW minimax (costed),2267600.5413527275,1.0,0.0
Costcla Credit Scoring Kaggle 2011,LDA,8,naive,867.1672306441501,12619.349574769667,14.552382895506497,2822,CP sum (prior-costed),1478465.989260751,0.23708206686930092,0.4105263157894737
Costcla Credit Scoring Kaggle 2011,LDA,8,naive,867.1672306441501,12619.349574769667,14.552382895506497,2822,DKW sum (prior-costed),1478465.989260751,0.23708206686930092,0.4105263157894737
Costcla Credit Scoring Kaggle 2011,LDA,8,naive,867.1672306441501,12619.349574769667,14.552382895506497,2822,CP minimax (prior-costed),1483308.0060032597,0.3974164133738602,0.24210526315789474
Costcla Credit Scoring Kaggle 2011,LDA,8,naive,867.1672306441501,12619.349574769667,14.552382895506497,2822,DKW minimax (prior-costed),1498001.5272565181,0.3913373860182371,0.25263157894736843
Costcla Credit Scoring Kaggle 2011,LDA,8,naive,867.1672306441501,12619.349574769667,14.552382895506497,2822,Oracle (test),1398418.9549834125,0.19376899696048633,0.42105263157894735
Costcla Credit Scoring Kaggle 2011,LDA,8,split,867.1672306441501,12619.349574769667,14.552382895506497,2822,Baseline,2055102.9404160262,0.003419452887537994,0.8842105263157894
Costcla Credit Scoring Kaggle 2011,LDA,8,split,867.1672306441501,12619.349574769667,14.552382895506497,2822,Threshold (cost),1514461.1040673899,0.32180851063829785,0.34210526315789475
Costcla Credit Scoring Kaggle 2011,LDA,8,split,867.1672306441501,12619.349574769667,14.552382895506497,2822,CP sum (uncosted),1471594.2474004398,0.26785714285714285,0.37894736842105264
Costcla Credit Scoring Kaggle 2011,LDA,8,split,867.1672306441501,12619.349574769667,14.552382895506497,2822,DKW sum (uncosted),1471594.2474004398,0.26785714285714285,0.37894736842105264
Costcla Credit Scoring Kaggle 2011,LDA,8,split,867.1672306441501,12619.349574769667,14.552382895506497,2822,CP minimax (uncosted),1587977.8683603804,0.40805471124620063,0.2736842105263158
Costcla Credit Scoring Kaggle 2011,LDA,8,split,867.1672306441501,12619.349574769667,14.552382895506497,2822,DKW minimax (uncosted),1583993.0610974901,0.3939969604863222,0.28421052631578947
Costcla Credit Scoring Kaggle 2011,LDA,8,split,867.1672306441501,12619.349574769667,14.552382895506497,2822,CP sum (costed),2267600.5413527275,1.0,0.0
Costcla Credit Scoring Kaggle 2011,LDA,8,split,867.1672306441501,12619.349574769667,14.552382895506497,2822,DKW sum (costed),2267600.5413527275,1.0,0.0
Costcla Credit Scoring Kaggle 2011,LDA,8,split,867.1672306441501,12619.349574769667,14.552382895506497,2822,CP minimax (costed),2267600.5413527275,1.0,0.0
Costcla Credit Scoring Kaggle 2011,LDA,8,split,867.1672306441501,12619.349574769667,14.552382895506497,2822,DKW minimax (costed),2267600.5413527275,1.0,0.0
Costcla Credit Scoring Kaggle 2011,LDA,8,split,867.1672306441501,12619.349574769667,14.552382895506497,2822,CP sum (prior-costed),1471594.2474004398,0.26785714285714285,0.37894736842105264
Costcla Credit Scoring Kaggle 2011,LDA,8,split,867.1672306441501,12619.349574769667,14.552382895506497,2822,DKW sum (prior-costed),1471594.2474004398,0.26785714285714285,0.37894736842105264
Costcla Credit Scoring Kaggle 2011,LDA,8,split,867.1672306441501,12619.349574769667,14.552382895506497,2822,CP minimax (prior-costed),1613701.60272833,0.428951367781155,0.2631578947368421
Costcla Credit Scoring Kaggle 2011,LDA,8,split,867.1672306441501,12619.349574769667,14.552382895506497,2822,DKW minimax (prior-costed),1583633.489759528,0.4061550151975684,0.2736842105263158
Costcla Credit Scoring Kaggle 2011,LDA,8,split,867.1672306441501,12619.349574769667,14.552382895506497,2822,Oracle (test),1351957.1362668516,0.12272036474164134,0.47368421052631576
Costcla Credit Scoring Kaggle 2011,LDA,9,naive,864.6820463750163,12522.035613040396,14.481664868070519,2822,Baseline,2202179.8791753594,0.006838905775075988,0.8842105263157894
Costcla Credit Scoring Kaggle 2011,LDA,9,naive,864.6820463750163,12522.035613040396,14.481664868070519,2822,Threshold (cost),1593947.5216899973,0.1945288753799392,0.47368421052631576
Costcla Credit Scoring Kaggle 2011,LDA,9,naive,864.6820463750163,12522.035613040396,14.481664868070519,2822,CP sum (uncosted),1633134.77690111,0.1797112462006079,0.5
Costcla Credit Scoring Kaggle 2011,LDA,9,naive,864.6820463750163,12522.035613040396,14.481664868070519,2822,DKW sum (uncosted),1633134.77690111,0.1797112462006079,0.5
Costcla Credit Scoring Kaggle 2011,LDA,9,naive,864.6820463750163,12522.035613040396,14.481664868070519,2822,CP minimax (uncosted),1677392.1221359563,0.3708206686930091,0.3526315789473684
Costcla Credit Scoring Kaggle 2011,LDA,9,naive,864.6820463750163,12522.035613040396,14.481664868070519,2822,DKW minimax (uncosted),1686623.2297331756,0.3586626139817629,0.3631578947368421
Costcla Credit Scoring Kaggle 2011,LDA,9,naive,864.6820463750163,12522.035613040396,14.481664868070519,2822,CP sum (costed),2272236.475231317,1.0,0.0
Costcla Credit Scoring Kaggle 2011,LDA,9,naive,864.6820463750163,12522.035613040396,14.481664868070519,2822,DKW sum (costed),2272236.475231317,1.0,0.0
Costcla Credit Scoring Kaggle 2011,LDA,9,naive,864.6820463750163,12522.035613040396,14.481664868070519,2822,CP minimax (costed),2272236.475231317,1.0,0.0
Costcla Credit Scoring Kaggle 2011,LDA,9,naive,864.6820463750163,12522.035613040396,14.481664868070519,2822,DKW minimax (costed),2272236.475231317,1.0,0.0
Costcla Credit Scoring Kaggle 2011,LDA,9,naive,864.6820463750163,12522.035613040396,14.481664868070519,2822,CP sum (prior-costed),1633134.77690111,0.1797112462006079,0.5
Costcla Credit Scoring Kaggle 2011,LDA,9,naive,864.6820463750163,12522.035613040396,14.481664868070519,2822,DKW sum (prior-costed),1633134.77690111,0.1797112462006079,0.5
Costcla Credit Scoring Kaggle 2011,LDA,9,naive,864.6820463750163,12522.035613040396,14.481664868070519,2822,CP minimax (prior-costed),1667194.3665808756,0.37348024316109424,0.3473684210526316
Costcla Credit Scoring Kaggle 2011,LDA,9,naive,864.6820463750163,12522.035613040396,14.481664868070519,2822,DKW minimax (prior-costed),1677392.1221359563,0.3708206686930091,0.3526315789473684
Costcla Credit Scoring Kaggle 2011,LDA,9,naive,864.6820463750163,12522.035613040396,14.481664868070519,2822,Oracle (test),1585799.1991940795,0.2074468085106383,0.4631578947368421
Costcla Credit Scoring Kaggle 2011,LDA,9,split,864.6820463750163,12522.035613040396,14.481664868070519,2822,Baseline,2255802.351206755,0.006838905775075988,0.9105263157894737
Costcla Credit Scoring Kaggle 2011,LDA,9,split,864.6820463750163,12522.035613040396,14.481664868070519,2822,Threshold (cost),1666891.4872865647,0.19832826747720364,0.5
Costcla Credit Scoring Kaggle 2011,LDA,9,split,864.6820463750163,12522.035613040396,14.481664868070519,2822,CP sum (uncosted),1666891.4872865647,0.19832826747720364,0.5
Costcla Credit Scoring Kaggle 2011,LDA,9,split,864.6820463750163,12522.035613040396,14.481664868070519,2822,DKW sum (uncosted),1666891.4872865647,0.19832826747720364,0.5
Costcla Credit Scoring Kaggle 2011,LDA,9,split,864.6820463750163,12522.035613040396,14.481664868070519,2822,CP minimax (uncosted),1757546.0595184534,0.38487841945288753,0.3684210526315789
Costcla Credit Scoring Kaggle 2011,LDA,9,split,864.6820463750163,12522.035613040396,14.481664868070519,2822,DKW minimax (uncosted),1739677.9288701245,0.3768996960486322,0.3684210526315789
Costcla Credit Scoring Kaggle 2011,LDA,9,split,864.6820463750163,12522.035613040396,14.481664868070519,2822,CP sum (costed),2297269.602068186,0.9984802431610942,0.015789473684210527
Costcla Credit Scoring Kaggle 2011,LDA,9,split,864.6820463750163,12522.035613040396,14.481664868070519,2822,DKW sum (costed),2297269.602068186,0.9984802431610942,0.015789473684210527
Costcla Credit Scoring Kaggle 2011,LDA,9,split,864.6820463750163,12522.035613040396,14.481664868070519,2822,CP minimax (costed),2271212.744690274,0.9996200607902735,0.0
Costcla Credit Scoring Kaggle 2011,LDA,9,split,864.6820463750163,12522.035613040396,14.481664868070519,2822,DKW minimax (costed),2271212.744690274,0.9996200607902735,0.0
Costcla Credit Scoring Kaggle 2011,LDA,9,split,864.6820463750163,12522.035613040396,14.481664868070519,2822,CP sum (prior-costed),1666891.4872865647,0.19832826747720364,0.5
Costcla Credit Scoring Kaggle 2011,LDA,9,split,864.6820463750163,12522.035613040396,14.481664868070519,2822,DKW sum (prior-costed),1666891.4872865647,0.19832826747720364,0.5
Costcla Credit Scoring Kaggle 2011,LDA,9,split,864.6820463750163,12522.035613040396,14.481664868070519,2822,CP minimax (prior-costed),1661879.9855522842,0.40995440729483285,0.3157894736842105
Costcla Credit Scoring Kaggle 2011,LDA,9,split,864.6820463750163,12522.035613040396,14.481664868070519,2822,DKW minimax (prior-costed),1754773.2196015373,0.3837386018237082,0.3684210526315789
Costcla Credit Scoring Kaggle 2011,LDA,9,split,864.6820463750163,12522.035613040396,14.481664868070519,2822,Oracle (test),1608598.2794206324,0.22378419452887538,0.45263157894736844
Costcla Credit Scoring Kaggle 2011,RandomForest,0,naive,864.9590504868147,12532.88244153083,14.489567378336691,2822,Baseline,1962803.097891134,0.009498480243161094,0.8263157894736842
Costcla Credit Scoring Kaggle 2011,RandomForest,0,naive,864.9590504868147,12532.88244153083,14.489567378336691,2822,Threshold (cost),1944470.7873224525,0.015197568389057751,0.8105263157894737
Costcla Credit Scoring Kaggle 2011,RandomForest,0,naive,864.9590504868147,12532.88244153083,14.489567378336691,2822,CP sum (uncosted),1944470.7873224525,0.015197568389057751,0.8105263157894737
Costcla Credit Scoring Kaggle 2011,RandomForest,0,naive,864.9590504868147,12532.88244153083,14.489567378336691,2822,DKW sum (uncosted),1944470.7873224525,0.015197568389057751,0.8105263157894737
Costcla Credit Scoring Kaggle 2011,RandomForest,0,naive,864.9590504868147,12532.88244153083,14.489567378336691,2822,CP minimax (uncosted),1457602.371869659,0.03609422492401216,0.5947368421052631
Costcla Credit Scoring Kaggle 2011,RandomForest,0,naive,864.9590504868147,12532.88244153083,14.489567378336691,2822,DKW minimax (uncosted),1397639.0317124287,0.04217325227963526,0.5631578947368421
Costcla Credit Scoring Kaggle 2011,RandomForest,0,naive,864.9590504868147,12532.88244153083,14.489567378336691,2822,CP sum (costed),1944470.7873224525,0.015197568389057751,0.8105263157894737
Costcla Credit Scoring Kaggle 2011,RandomForest,0,naive,864.9590504868147,12532.88244153083,14.489567378336691,2822,DKW sum (costed),1944470.7873224525,0.015197568389057751,0.8105263157894737
Costcla Credit Scoring Kaggle 2011,RandomForest,0,naive,864.9590504868147,12532.88244153083,14.489567378336691,2822,CP minimax (costed),1310846.4314616157,0.05319148936170213,0.5157894736842106
Costcla Credit Scoring Kaggle 2011,RandomForest,0,naive,864.9590504868147,12532.88244153083,14.489567378336691,2822,DKW minimax (costed),1293886.5673095123,0.053951367781155016,0.5105263157894737
Costcla Credit Scoring Kaggle 2011,RandomForest,0,naive,864.9590504868147,12532.88244153083,14.489567378336691,2822,CP sum (prior-costed),1944470.7873224525,0.015197568389057751,0.8105263157894737
Costcla Credit Scoring Kaggle 2011,RandomForest,0,naive,864.9590504868147,12532.88244153083,14.489567378336691,2822,DKW sum (prior-costed),1944470.7873224525,0.015197568389057751,0.8105263157894737
Costcla Credit Scoring Kaggle 2011,RandomForest,0,naive,864.9590504868147,12532.88244153083,14.489567378336691,2822,CP minimax (prior-costed),1445579.1009594973,0.037613981762917935,0.5842105263157895
Costcla Credit Scoring Kaggle 2011,RandomForest,0,naive,864.9590504868147,12532.88244153083,14.489567378336691,2822,DKW minimax (prior-costed),1397639.0317124287,0.04217325227963526,0.5631578947368421
Costcla Credit Scoring Kaggle 2011,RandomForest,0,naive,864.9590504868147,12532.88244153083,14.489567378336691,2822,Oracle (test),1057863.786136821,0.21238601823708206,0.24736842105263157
Costcla Credit Scoring Kaggle 2011,RandomForest,0,split,864.9590504868147,12532.88244153083,14.489567378336691,2822,Baseline,1977426.2846775956,0.008738601823708206,0.8315789473684211
Costcla Credit Scoring Kaggle 2011,RandomForest,0,split,864.9590504868147,12532.88244153083,14.489567378336691,2822,Threshold (cost),1059186.3465589464,0.15995440729483282,0.30526315789473685
Costcla Credit Scoring Kaggle 2011,RandomForest,0,split,864.9590504868147,12532.88244153083,14.489567378336691,2822,CP sum (uncosted),1083174.7406906583,0.1474164133738602,0.33157894736842103
Costcla Credit Scoring Kaggle 2011,RandomForest,0,split,864.9590504868147,12532.88244153083,14.489567378336691,2822,DKW sum (uncosted),1083174.7406906583,0.1474164133738602,0.33157894736842103
Costcla Credit Scoring Kaggle 2011,RandomForest,0,split,864.9590504868147,12532.88244153083,14.489567378336691,2822,CP minimax (uncosted),1127368.5047960964,0.31952887537993924,0.1736842105263158
Costcla Credit Scoring Kaggle 2011,RandomForest,0,split,864.9590504868147,12532.88244153083,14.489567378336691,2822,DKW minimax (uncosted),1127368.5047960964,0.31952887537993924,0.1736842105263158
Costcla Credit Scoring Kaggle 2011,RandomForest,0,split,864.9590504868147,12532.88244153083,14.489567378336691,2822,CP sum (costed),2274831.9646105655,1.0,0.0
Costcla Credit Scoring Kaggle 2011,RandomForest,0,split,864.9590504868147,12532.88244153083,14.489567378336691,2822,DKW sum (costed),2274831.9646105655,1.0,0.0
Costcla Credit Scoring Kaggle 2011,RandomForest,0,split,864.9590504868147,12532.88244153083,14.489567378336691,2822,CP minimax (costed),2274831.9646105655,1.0,0.0
Costcla Credit Scoring Kaggle 2011,RandomForest,0,split,864.9590504868147,12532.88244153083,14.489567378336691,2822,DKW minimax (costed),2274831.9646105655,1.0,0.0
Costcla Credit Scoring Kaggle 2011,RandomForest,0,split,864.9590504868147,12532.88244153083,14.489567378336691,2822,CP sum (prior-costed),1083174.7406906583,0.1474164133738602,0.33157894736842103
Costcla Credit Scoring Kaggle 2011,RandomForest,0,split,864.9590504868147,12532.88244153083,14.489567378336691,2822,DKW sum (prior-costed),1083174.7406906583,0.1474164133738602,0.33157894736842103
Costcla Credit Scoring Kaggle 2011,RandomForest,0,split,864.9590504868147,12532.88244153083,14.489567378336691,2822,CP minimax (prior-costed),1196026.7026856872,0.38487841945288753,0.14210526315789473
Costcla Credit Scoring Kaggle 2011,RandomForest,0,split,864.9590504868147,12532.88244153083,14.489567378336691,2822,DKW minimax (prior-costed),1127368.5047960964,0.31952887537993924,0.1736842105263158
Costcla Credit Scoring Kaggle 2011,RandomForest,0,split,864.9590504868147,12532.88244153083,14.489567378336691,2822,Oracle (test),1054402.06251724,0.1884498480243161,0.2736842105263158
Costcla Credit Scoring Kaggle 2011,RandomForest,1,naive,860.7701887834537,12368.85648476258,14.369522371869975,2822,Baseline,2017702.6017306386,0.006458966565349544,0.8526315789473684
Costcla Credit Scoring Kaggle 2011,RandomForest,1,naive,860.7701887834537,12368.85648476258,14.369522371869975,2822,Threshold (cost),1864536.2535257498,0.012537993920972644,0.7894736842105263
Costcla Credit Scoring Kaggle 2011,RandomForest,1,naive,860.7701887834537,12368.85648476258,14.369522371869975,2822,CP sum (uncosted),1864536.2535257498,0.012537993920972644,0.7894736842105263
Costcla Credit Scoring Kaggle 2011,RandomForest,1,naive,860.7701887834537,12368.85648476258,14.369522371869975,2822,DKW sum (uncosted),1864536.2535257498,0.012537993920972644,0.7894736842105263
Costcla Credit Scoring Kaggle 2011,RandomForest,1,naive,860.7701887834537,12368.85648476258,14.369522371869975,2822,CP minimax (uncosted),1354378.5384554313,0.034954407294832825,0.5526315789473685
Costcla Credit Scoring Kaggle 2011,RandomForest,1,naive,860.7701887834537,12368.85648476258,14.369522371869975,2822,DKW minimax (uncosted),1333061.2883951087,0.04179331306990881,0.5368421052631579
Costcla Credit Scoring Kaggle 2011,RandomForest,1,naive,860.7701887834537,12368.85648476258,14.369522371869975,2822,CP sum (costed),1864536.2535257498,0.012537993920972644,0.7894736842105263
Costcla Credit Scoring Kaggle 2011,RandomForest,1,naive,860.7701887834537,12368.85648476258,14.369522371869975,2822,DKW sum (costed),1864536.2535257498,0.012537993920972644,0.7894736842105263
Costcla Credit Scoring Kaggle 2011,RandomForest,1,naive,860.7701887834537,12368.85648476258,14.369522371869975,2822,CP minimax (costed),1265029.3151904799,0.05889057750759878,0.4842105263157895
Costcla Credit Scoring Kaggle 2011,RandomForest,1,naive,860.7701887834537,12368.85648476258,14.369522371869975,2822,DKW minimax (costed),1265295.8727022754,0.06041033434650456,0.4789473684210526
Costcla Credit Scoring Kaggle 2011,RandomForest,1,naive,860.7701887834537,12368.85648476258,14.369522371869975,2822,CP sum (prior-costed),1864536.2535257498,0.012537993920972644,0.7894736842105263
Costcla Credit Scoring Kaggle 2011,RandomForest,1,naive,860.7701887834537,12368.85648476258,14.369522371869975,2822,DKW sum (prior-costed),1864536.2535257498,0.012537993920972644,0.7894736842105263
Costcla Credit Scoring Kaggle 2011,RandomForest,1,naive,860.7701887834537,12368.85648476258,14.369522371869975,2822,CP minimax (prior-costed),1354378.5384554313,0.034954407294832825,0.5526315789473685
Costcla Credit Scoring Kaggle 2011,RandomForest,1,naive,860.7701887834537,12368.85648476258,14.369522371869975,2822,DKW minimax (prior-costed),1333061.2883951087,0.04179331306990881,0.5368421052631579
Costcla Credit Scoring Kaggle 2011,RandomForest,1,naive,860.7701887834537,12368.85648476258,14.369522371869975,2822,Oracle (test),1038676.8369778098,0.11930091185410334,0.3263157894736842
Costcla Credit Scoring Kaggle 2011,RandomForest,1,split,860.7701887834537,12368.85648476258,14.369522371869975,2822,Baseline,2066071.0498084363,0.005319148936170213,0.8789473684210526
Costcla Credit Scoring Kaggle 2011,RandomForest,1,split,860.7701887834537,12368.85648476258,14.369522371869975,2822,Threshold (cost),1042909.8464216541,0.13031914893617022,0.3157894736842105
Costcla Credit Scoring Kaggle 2011,RandomForest,1,split,860.7701887834537,12368.85648476258,14.369522371869975,2822,CP sum (uncosted),1206100.2330457696,0.07674772036474165,0.4263157894736842
Costcla Credit Scoring Kaggle 2011,RandomForest,1,split,860.7701887834537,12368.85648476258,14.369522371869975,2822,DKW sum (uncosted),1042909.8464216541,0.13031914893617022,0.3157894736842105
Costcla Credit Scoring Kaggle 2011,RandomForest,1,split,860.7701887834537,12368.85648476258,14.369522371869975,2822,CP minimax (uncosted),1215673.8780369377,0.33700607902735563,0.1736842105263158
Costcla Credit Scoring Kaggle 2011,RandomForest,1,split,860.7701887834537,12368.85648476258,14.369522371869975,2822,DKW minimax (uncosted),1129792.18320353,0.28305471124620063,0.18947368421052632
Costcla Credit Scoring Kaggle 2011,RandomForest,1,split,860.7701887834537,12368.85648476258,14.369522371869975,2822,CP sum (costed),2286346.4021515213,1.0,0.0
Costcla Credit Scoring Kaggle 2011,RandomForest,1,split,860.7701887834537,12368.85648476258,14.369522371869975,2822,DKW sum (costed),1665619.7704322324,0.6922492401215805,0.031578947368421054
Costcla Credit Scoring Kaggle 2011,RandomForest,1,split,860.7701887834537,12368.85648476258,14.369522371869975,2822,CP minimax (costed),2286346.4021515213,1.0,0.0
Costcla Credit Scoring Kaggle 2011,RandomForest,1,split,860.7701887834537,12368.85648476258,14.369522371869975,2822,DKW minimax (costed),2286346.4021515213,1.0,0.0
Costcla Credit Scoring Kaggle 2011,RandomForest,1,split,860.7701887834537,12368.85648476258,14.369522371869975,2822,CP sum (prior-costed),1206100.2330457696,0.07674772036474165,0.4263157894736842
Costcla Credit Scoring Kaggle 2011,RandomForest,1,split,860.7701887834537,12368.85648476258,14.369522371869975,2822,DKW sum (prior-costed),1042909.8464216541,0.13031914893617022,0.3157894736842105
Costcla Credit Scoring Kaggle 2011,RandomForest,1,split,860.7701887834537,12368.85648476258,14.369522371869975,2822,CP minimax (prior-costed),1215673.8780369377,0.33700607902735563,0.1736842105263158
Costcla Credit Scoring Kaggle 2011,RandomForest,1,split,860.7701887834537,12368.85648476258,14.369522371869975,2822,DKW minimax (prior-costed),1215673.8780369377,0.33700607902735563,0.1736842105263158
Costcla Credit Scoring Kaggle 2011,RandomForest,1,split,860.7701887834537,12368.85648476258,14.369522371869975,2822,Oracle (test),1008153.7529059058,0.17477203647416414,0.25263157894736843
Costcla Credit Scoring Kaggle 2011,RandomForest,2,naive,864.6669992548374,12521.446403260099,14.481235451394554,2822,Baseline,2026608.2195216357,0.007978723404255319,0.8210526315789474
Costcla Credit Scoring Kaggle 2011,RandomForest,2,naive,864.6669992548374,12521.446403260099,14.481235451394554,2822,Threshold (cost),1767181.1549990657,0.012537993920972644,0.7263157894736842
Costcla Credit Scoring Kaggle 2011,RandomForest,2,naive,864.6669992548374,12521.446403260099,14.481235451394554,2822,CP sum (uncosted),1767181.1549990657,0.012537993920972644,0.7263157894736842
Costcla Credit Scoring Kaggle 2011,RandomForest,2,naive,864.6669992548374,12521.446403260099,14.481235451394554,2822,DKW sum (uncosted),1767181.1549990657,0.012537993920972644,0.7263157894736842
Costcla Credit Scoring Kaggle 2011,RandomForest,2,naive,864.6669992548374,12521.446403260099,14.481235451394554,2822,CP minimax (uncosted),1377936.1011669075,0.047492401215805474,0.5368421052631579
Costcla Credit Scoring Kaggle 2011,RandomForest,2,naive,864.6669992548374,12521.446403260099,14.481235451394554,2822,DKW minimax (uncosted),1362075.76105243,0.05661094224924012,0.5210526315789473
Costcla Credit Scoring Kaggle 2011,RandomForest,2,naive,864.6669992548374,12521.446403260099,14.481235451394554,2822,CP sum (costed),1767181.1549990657,0.012537993920972644,0.7263157894736842
Costcla Credit Scoring Kaggle 2011,RandomForest,2,naive,864.6669992548374,12521.446403260099,14.481235451394554,2822,DKW sum (costed),1767181.1549990657,0.012537993920972644,0.7263157894736842
Costcla Credit Scoring Kaggle 2011,RandomForest,2,naive,864.6669992548374,12521.446403260099,14.481235451394554,2822,CP minimax (costed),1306348.5272546483,0.06724924012158055,0.48947368421052634
Costcla Credit Scoring Kaggle 2011,RandomForest,2,naive,864.6669992548374,12521.446403260099,14.481235451394554,2822,DKW minimax (costed),1307474.4026992144,0.0702887537993921,0.4842105263157895
Costcla Credit Scoring Kaggle 2011,RandomForest,2,naive,864.6669992548374,12521.446403260099,14.481235451394554,2822,CP sum (prior-costed),1767181.1549990657,0.012537993920972644,0.7263157894736842
Costcla Credit Scoring Kaggle 2011,RandomForest,2,naive,864.6669992548374,12521.446403260099,14.481235451394554,2822,DKW sum (prior-costed),1767181.1549990657,0.012537993920972644,0.7263157894736842
Costcla Credit Scoring Kaggle 2011,RandomForest,2,naive,864.6669992548374,12521.446403260099,14.481235451394554,2822,CP minimax (prior-costed),1377936.1011669075,0.047492401215805474,0.5368421052631579
Costcla Credit Scoring Kaggle 2011,RandomForest,2,naive,864.6669992548374,12521.446403260099,14.481235451394554,2822,DKW minimax (prior-costed),1362075.76105243,0.05661094224924012,0.5210526315789473
Costcla Credit Scoring Kaggle 2011,RandomForest,2,naive,864.6669992548374,12521.446403260099,14.481235451394554,2822,Oracle (test),1128042.1078165234,0.2541793313069909,0.22105263157894736
Costcla Credit Scoring Kaggle 2011,RandomForest,2,split,864.6669992548374,12521.446403260099,14.481235451394554,2822,Baseline,2036449.047733985,0.006838905775075988,0.8421052631578947
Costcla Credit Scoring Kaggle 2011,RandomForest,2,split,864.6669992548374,12521.446403260099,14.481235451394554,2822,Threshold (cost),1210718.7563386837,0.2066869300911854,0.29473684210526313
Costcla Credit Scoring Kaggle 2011,RandomForest,2,split,864.6669992548374,12521.446403260099,14.481235451394554,2822,CP sum (uncosted),1225327.0900002825,0.18731003039513677,0.3263157894736842
Costcla Credit Scoring Kaggle 2011,RandomForest,2,split,864.6669992548374,12521.446403260099,14.481235451394554,2822,DKW sum (uncosted),1225327.0900002825,0.18731003039513677,0.3263157894736842
Costcla Credit Scoring Kaggle 2011,RandomForest,2,split,864.6669992548374,12521.446403260099,14.481235451394554,2822,CP minimax (uncosted),1192816.3907533842,0.32370820668693007,0.17894736842105263
Costcla Credit Scoring Kaggle 2011,RandomForest,2,split,864.6669992548374,12521.446403260099,14.481235451394554,2822,DKW minimax (uncosted),1195312.3851649873,0.26861702127659576,0.22631578947368422
Costcla Credit Scoring Kaggle 2011,RandomForest,2,split,864.6669992548374,12521.446403260099,14.481235451394554,2822,CP sum (costed),2273365.7566461135,1.0,0.0
Costcla Credit Scoring Kaggle 2011,RandomForest,2,split,864.6669992548374,12521.446403260099,14.481235451394554,2822,DKW sum (costed),2273365.7566461135,1.0,0.0
Costcla Credit Scoring Kaggle 2011,RandomForest,2,split,864.6669992548374,12521.446403260099,14.481235451394554,2822,CP minimax (costed),2273365.7566461135,1.0,0.0
Costcla Credit Scoring Kaggle 2011,RandomForest,2,split,864.6669992548374,12521.446403260099,14.481235451394554,2822,DKW minimax (costed),2273365.7566461135,1.0,0.0
Costcla Credit Scoring Kaggle 2011,RandomForest,2,split,864.6669992548374,12521.446403260099,14.481235451394554,2822,CP sum (prior-costed),1225327.0900002825,0.18731003039513677,0.3263157894736842
Costcla Credit Scoring Kaggle 2011,RandomForest,2,split,864.6669992548374,12521.446403260099,14.481235451394554,2822,DKW sum (prior-costed),1225327.0900002825,0.18731003039513677,0.3263157894736842
Costcla Credit Scoring Kaggle 2011,RandomForest,2,split,864.6669992548374,12521.446403260099,14.481235451394554,2822,CP minimax (prior-costed),1192816.3907533842,0.32370820668693007,0.17894736842105263
Costcla Credit Scoring Kaggle 2011,RandomForest,2,split,864.6669992548374,12521.446403260099,14.481235451394554,2822,DKW minimax (prior-costed),1192816.3907533842,0.32370820668693007,0.17894736842105263
Costcla Credit Scoring Kaggle 2011,RandomForest,2,split,864.6669992548374,12521.446403260099,14.481235451394554,2822,Oracle (test),1179761.6646439296,0.37044072948328266,0.13157894736842105
Costcla Credit Scoring Kaggle 2011,RandomForest,3,naive,862.5554274460023,12438.762225372077,14.420826569027376,2822,Baseline,1958163.2867985696,0.007598784194528876,0.8210526315789474
Costcla Credit Scoring Kaggle 2011,RandomForest,3,naive,862.5554274460023,12438.762225372077,14.420826569027376,2822,Threshold (cost),1715008.7742331035,0.01709726443768997,0.7157894736842105
Costcla Credit Scoring Kaggle 2011,RandomForest,3,naive,862.5554274460023,12438.762225372077,14.420826569027376,2822,CP sum (uncosted),1715008.7742331035,0.01709726443768997,0.7157894736842105
Costcla Credit Scoring Kaggle 2011,RandomForest,3,naive,862.5554274460023,12438.762225372077,14.420826569027376,2822,DKW sum (uncosted),1715008.7742331035,0.01709726443768997,0.7157894736842105
Costcla Credit Scoring Kaggle 2011,RandomForest,3,naive,862.5554274460023,12438.762225372077,14.420826569027376,2822,CP minimax (uncosted),1347920.7192286693,0.0459726443768997,0.531578947368421
Costcla Credit Scoring Kaggle 2011,RandomForest,3,naive,862.5554274460023,12438.762225372077,14.420826569027376,2822,DKW minimax (uncosted),1293922.2642218913,0.055091185410334344,0.5052631578947369
Costcla Credit Scoring Kaggle 2011,RandomForest,3,naive,862.5554274460023,12438.762225372077,14.420826569027376,2822,CP sum (costed),1715008.7742331035,0.01709726443768997,0.7157894736842105
Costcla Credit Scoring Kaggle 2011,RandomForest,3,naive,862.5554274460023,12438.762225372077,14.420826569027376,2822,DKW sum (costed),1715008.7742331035,0.01709726443768997,0.7157894736842105
Costcla Credit Scoring Kaggle 2011,RandomForest,3,naive,862.5554274460023,12438.762225372077,14.420826569027376,2822,CP minimax (costed),1253797.8193435585,0.06496960486322188,0.4842105263157895
Costcla Credit Scoring Kaggle 2011,RandomForest,3,naive,862.5554274460023,12438.762225372077,14.420826569027376,2822,DKW minimax (costed),1246297.0493071198,0.067629179331307,0.47368421052631576
Costcla Credit Scoring Kaggle 2011,RandomForest,3,naive,862.5554274460023,12438.762225372077,14.420826569027376,2822,CP sum (prior-costed),1715008.7742331035,0.01709726443768997,0.7157894736842105
Costcla Credit Scoring Kaggle 2011,RandomForest,3,naive,862.5554274460023,12438.762225372077,14.420826569027376,2822,DKW sum (prior-costed),1715008.7742331035,0.01709726443768997,0.7157894736842105
Costcla Credit Scoring Kaggle 2011,RandomForest,3,naive,862.5554274460023,12438.762225372077,14.420826569027376,2822,CP minimax (prior-costed),1333526.87011741,0.047492401215805474,0.5263157894736842
Costcla Credit Scoring Kaggle 2011,RandomForest,3,naive,862.5554274460023,12438.762225372077,14.420826569027376,2822,DKW minimax (prior-costed),1293922.2642218913,0.055091185410334344,0.5052631578947369
Costcla Credit Scoring Kaggle 2011,RandomForest,3,naive,862.5554274460023,12438.762225372077,14.420826569027376,2822,Oracle (test),1051834.0471372006,0.2108662613981763,0.23684210526315788
Costcla Credit Scoring Kaggle 2011,RandomForest,3,split,862.5554274460023,12438.762225372077,14.420826569027376,2822,Baseline,1952832.0773964762,0.00911854103343465,0.8052631578947368
Costcla Credit Scoring Kaggle 2011,RandomForest,3,split,862.5554274460023,12438.762225372077,14.420826569027376,2822,Threshold (cost),1214546.6472860149,0.07560790273556231,0.4368421052631579
Costcla Credit Scoring Kaggle 2011,RandomForest,3,split,862.5554274460023,12438.762225372077,14.420826569027376,2822,CP sum (uncosted),1214546.6472860149,0.07560790273556231,0.4368421052631579
Costcla Credit Scoring Kaggle 2011,RandomForest,3,split,862.5554274460023,12438.762225372077,14.420826569027376,2822,DKW sum (uncosted),1214546.6472860149,0.07560790273556231,0.4368421052631579
Costcla Credit Scoring Kaggle 2011,RandomForest,3,split,862.5554274460023,12438.762225372077,14.420826569027376,2822,CP minimax (uncosted),1204728.4639374237,0.3655015197568389,0.15263157894736842
Costcla Credit Scoring Kaggle 2011,RandomForest,3,split,862.5554274460023,12438.762225372077,14.420826569027376,2822,DKW minimax (uncosted),1204728.4639374237,0.3655015197568389,0.15263157894736842
Costcla Credit Scoring Kaggle 2011,RandomForest,3,split,862.5554274460023,12438.762225372077,14.420826569027376,2822,CP sum (costed),2279779.5426190766,1.0,0.0
Costcla Credit Scoring Kaggle 2011,RandomForest,3,split,862.5554274460023,12438.762225372077,14.420826569027376,2822,DKW sum (costed),2279779.5426190766,1.0,0.0
Costcla Credit Scoring Kaggle 2011,RandomForest,3,split,862.5554274460023,12438.762225372077,14.420826569027376,2822,CP minimax (costed),2279779.5426190766,1.0,0.0
Costcla Credit Scoring Kaggle 2011,RandomForest,3,split,862.5554274460023,12438.762225372077,14.420826569027376,2822,DKW minimax (costed),2279779.5426190766,1.0,0.0
Costcla Credit Scoring Kaggle 2011,RandomForest,3,split,862.5554274460023,12438.762225372077,14.420826569027376,2822,CP sum (prior-costed),1214546.6472860149,0.07560790273556231,0.4368421052631579
Costcla Credit Scoring Kaggle 2011,RandomForest,3,split,862.5554274460023,12438.762225372077,14.420826569027376,2822,DKW sum (prior-costed),1214546.6472860149,0.07560790273556231,0.4368421052631579
Costcla Credit Scoring Kaggle 2011,RandomForest,3,split,862.5554274460023,12438.762225372077,14.420826569027376,2822,CP minimax (prior-costed),1204728.4639374237,0.3655015197568389,0.15263157894736842
Costcla Credit Scoring Kaggle 2011,RandomForest,3,split,862.5554274460023,12438.762225372077,14.420826569027376,2822,DKW minimax (prior-costed),1204728.4639374237,0.3655015197568389,0.15263157894736842
Costcla Credit Scoring Kaggle 2011,RandomForest,3,split,862.5554274460023,12438.762225372077,14.420826569027376,2822,Oracle (test),990135.5708852726,0.2047872340425532,0.22105263157894736
Costcla Credit Scoring Kaggle 2011,RandomForest,4,naive,862.8063553125475,12448.587969525159,14.428020717366781,2822,Baseline,1959496.5720622374,0.008738601823708206,0.8105263157894737
Costcla Credit Scoring Kaggle 2011,RandomForest,4,naive,862.8063553125475,12448.587969525159,14.428020717366781,2822,Threshold (cost),1863287.4755564446,0.015197568389057751,0.7631578947368421
Costcla Credit Scoring Kaggle 2011,RandomForest,4,naive,862.8063553125475,12448.587969525159,14.428020717366781,2822,CP sum (uncosted),1863287.4755564446,0.015197568389057751,0.7631578947368421
Costcla Credit Scoring Kaggle 2011,RandomForest,4,naive,862.8063553125475,12448.587969525159,14.428020717366781,2822,DKW sum (uncosted),1863287.4755564446,0.015197568389057751,0.7631578947368421
Costcla Credit Scoring Kaggle 2011,RandomForest,4,naive,862.8063553125475,12448.587969525159,14.428020717366781,2822,CP minimax (uncosted),1612200.2208647435,0.04293313069908815,0.6105263157894737
Costcla Credit Scoring Kaggle 2011,RandomForest,4,naive,862.8063553125475,12448.587969525159,14.428020717366781,2822,DKW minimax (uncosted),1537895.4385969373,0.05205167173252279,0.5684210526315789
Costcla Credit Scoring Kaggle 2011,RandomForest,4,naive,862.8063553125475,12448.587969525159,14.428020717366781,2822,CP sum (costed),1863287.4755564446,0.015197568389057751,0.7631578947368421
Costcla Credit Scoring Kaggle 2011,RandomForest,4,naive,862.8063553125475,12448.587969525159,14.428020717366781,2822,DKW sum (costed),1863287.4755564446,0.015197568389057751,0.7631578947368421
Costcla Credit Scoring Kaggle 2011,RandomForest,4,naive,862.8063553125475,12448.587969525159,14.428020717366781,2822,CP minimax (costed),1417459.183416899,0.064209726443769,0.5052631578947369
Costcla Credit Scoring Kaggle 2011,RandomForest,4,naive,862.8063553125475,12448.587969525159,14.428020717366781,2822,DKW minimax (costed),1417100.2338864196,0.067629179331307,0.5
Costcla Credit Scoring Kaggle 2011,RandomForest,4,naive,862.8063553125475,12448.587969525159,14.428020717366781,2822,CP sum (prior-costed),1863287.4755564446,0.015197568389057751,0.7631578947368421
Costcla Credit Scoring Kaggle 2011,RandomForest,4,naive,862.8063553125475,12448.587969525159,14.428020717366781,2822,DKW sum (prior-costed),1863287.4755564446,0.015197568389057751,0.7631578947368421
Costcla Credit Scoring Kaggle 2011,RandomForest,4,naive,862.8063553125475,12448.587969525159,14.428020717366781,2822,CP minimax (prior-costed),1612200.2208647435,0.04293313069908815,0.6105263157894737
Costcla Credit Scoring Kaggle 2011,RandomForest,4,naive,862.8063553125475,12448.587969525159,14.428020717366781,2822,DKW minimax (prior-costed),1537895.4385969373,0.05205167173252279,0.5684210526315789
Costcla Credit Scoring Kaggle 2011,RandomForest,4,naive,862.8063553125475,12448.587969525159,14.428020717366781,2822,Oracle (test),1107325.5244625178,0.17591185410334345,0.28421052631578947
Costcla Credit Scoring Kaggle 2011,RandomForest,4,split,862.8063553125475,12448.587969525159,14.428020717366781,2822,Baseline,1996113.9073011393,0.0121580547112462,0.8157894736842105
Costcla Credit Scoring Kaggle 2011,RandomForest,4,split,862.8063553125475,12448.587969525159,14.428020717366781,2822,Threshold (cost),1148828.5874133625,0.15235562310030396,0.3157894736842105
Costcla Credit Scoring Kaggle 2011,RandomForest,4,split,862.8063553125475,12448.587969525159,14.428020717366781,2822,CP sum (uncosted),1268894.8930401914,0.1094224924012158,0.41578947368421054
Costcla Credit Scoring Kaggle 2011,RandomForest,4,split,862.8063553125475,12448.587969525159,14.428020717366781,2822,DKW sum (uncosted),1148828.5874133625,0.15235562310030396,0.3157894736842105
Costcla Credit Scoring Kaggle 2011,RandomForest,4,split,862.8063553125475,12448.587969525159,14.428020717366781,2822,CP minimax (uncosted),1191387.1397210665,0.31155015197568386,0.18947368421052632
Costcla Credit Scoring Kaggle 2011,RandomForest,4,split,862.8063553125475,12448.587969525159,14.428020717366781,2822,DKW minimax (uncosted),1157715.2716310718,0.29521276595744683,0.19473684210526315
Costcla Credit Scoring Kaggle 2011,RandomForest,4,split,862.8063553125475,12448.587969525159,14.428020717366781,2822,CP sum (costed),2279875.3476671902,1.0,0.0
Costcla Credit Scoring Kaggle 2011,RandomForest,4,split,862.8063553125475,12448.587969525159,14.428020717366781,2822,DKW sum (costed),2279875.3476671902,1.0,0.0
Costcla Credit Scoring Kaggle 2011,RandomForest,4,split,862.8063553125475,12448.587969525159,14.428020717366781,2822,CP minimax (costed),2279875.3476671902,1.0,0.0
Costcla Credit Scoring Kaggle 2011,RandomForest,4,split,862.8063553125475,12448.587969525159,14.428020717366781,2822,DKW minimax (costed),2279875.3476671902,1.0,0.0
Costcla Credit Scoring Kaggle 2011,RandomForest,4,split,862.8063553125475,12448.587969525159,14.428020717366781,2822,CP sum (prior-costed),1148828.5874133625,0.15235562310030396,0.3157894736842105
Costcla Credit Scoring Kaggle 2011,RandomForest,4,split,862.8063553125475,12448.587969525159,14.428020717366781,2822,DKW sum (prior-costed),1148828.5874133625,0.15235562310030396,0.3157894736842105
Costcla Credit Scoring Kaggle 2011,RandomForest,4,split,862.8063553125475,12448.587969525159,14.428020717366781,2822,CP minimax (prior-costed),1191387.1397210665,0.31155015197568386,0.18947368421052632
Costcla Credit Scoring Kaggle 2011,RandomForest,4,split,862.8063553125475,12448.587969525159,14.428020717366781,2822,DKW minimax (prior-costed),1191387.1397210665,0.31155015197568386,0.18947368421052632
Costcla Credit Scoring Kaggle 2011,RandomForest,4,split,862.8063553125475,12448.587969525159,14.428020717366781,2822,Oracle (test),1086747.160367895,0.19034954407294832,0.2631578947368421
Costcla Credit Scoring Kaggle 2011,RandomForest,5,naive,863.2206160375059,12464.80944365698,14.43988849672631,2822,Baseline,1917290.943559232,0.009878419452887538,0.7842105263157895
Costcla Credit Scoring Kaggle 2011,RandomForest,5,naive,863.2206160375059,12464.80944365698,14.43988849672631,2822,Threshold (cost),1803797.9656259094,0.014817629179331307,0.7421052631578947
Costcla Credit Scoring Kaggle 2011,RandomForest,5,naive,863.2206160375059,12464.80944365698,14.43988849672631,2822,CP sum (uncosted),1803797.9656259094,0.014817629179331307,0.7421052631578947
Costcla Credit Scoring Kaggle 2011,RandomForest,5,naive,863.2206160375059,12464.80944365698,14.43988849672631,2822,DKW sum (uncosted),1803797.9656259094,0.014817629179331307,0.7421052631578947
Costcla Credit Scoring Kaggle 2011,RandomForest,5,naive,863.2206160375059,12464.80944365698,14.43988849672631,2822,CP minimax (uncosted),1553541.8342386978,0.040653495440729485,0.6052631578947368
Costcla Credit Scoring Kaggle 2011,RandomForest,5,naive,863.2206160375059,12464.80944365698,14.43988849672631,2822,DKW minimax (uncosted),1521047.5950928023,0.0459726443768997,0.5894736842105263
Costcla Credit Scoring Kaggle 2011,RandomForest,5,naive,863.2206160375059,12464.80944365698,14.43988849672631,2822,CP sum (costed),1803797.9656259094,0.014817629179331307,0.7421052631578947
Costcla Credit Scoring Kaggle 2011,RandomForest,5,naive,863.2206160375059,12464.80944365698,14.43988849672631,2822,DKW sum (costed),1803797.9656259094,0.014817629179331307,0.7421052631578947
Costcla Credit Scoring Kaggle 2011,RandomForest,5,naive,863.2206160375059,12464.80944365698,14.43988849672631,2822,CP minimax (costed),1447562.993648782,0.05927051671732523,0.5473684210526316
Costcla Credit Scoring Kaggle 2011,RandomForest,5,naive,863.2206160375059,12464.80944365698,14.43988849672631,2822,DKW minimax (costed),1452084.8887101626,0.06155015197568389,0.5473684210526316
Costcla Credit Scoring Kaggle 2011,RandomForest,5,naive,863.2206160375059,12464.80944365698,14.43988849672631,2822,CP sum (prior-costed),1803797.9656259094,0.014817629179331307,0.7421052631578947
Costcla Credit Scoring Kaggle 2011,RandomForest,5,naive,863.2206160375059,12464.80944365698,14.43988849672631,2822,DKW sum (prior-costed),1803797.9656259094,0.014817629179331307,0.7421052631578947
Costcla Credit Scoring Kaggle 2011,RandomForest,5,naive,863.2206160375059,12464.80944365698,14.43988849672631,2822,CP minimax (prior-costed),1511417.5816677636,0.04179331306990881,0.5894736842105263
Costcla Credit Scoring Kaggle 2011,RandomForest,5,naive,863.2206160375059,12464.80944365698,14.43988849672631,2822,DKW minimax (prior-costed),1491980.8365741572,0.04711246200607903,0.5789473684210527
Costcla Credit Scoring Kaggle 2011,RandomForest,5,naive,863.2206160375059,12464.80944365698,14.43988849672631,2822,Oracle (test),1042109.7638186333,0.22492401215805471,0.22105263157894736
Costcla Credit Scoring Kaggle 2011,RandomForest,5,split,863.2206160375059,12464.80944365698,14.43988849672631,2822,Baseline,1980560.1643107862,0.009878419452887538,0.8263157894736842
Costcla Credit Scoring Kaggle 2011,RandomForest,5,split,863.2206160375059,12464.80944365698,14.43988849672631,2822,Threshold (cost),1271352.633274976,0.11512158054711247,0.42105263157894735
Costcla Credit Scoring Kaggle 2011,RandomForest,5,split,863.2206160375059,12464.80944365698,14.43988849672631,2822,CP sum (uncosted),1271352.633274976,0.11512158054711247,0.42105263157894735
Costcla Credit Scoring Kaggle 2011,RandomForest,5,split,863.2206160375059,12464.80944365698,14.43988849672631,2822,DKW sum (uncosted),1271352.633274976,0.11512158054711247,0.42105263157894735
Costcla Credit Scoring Kaggle 2011,RandomForest,5,split,863.2206160375059,12464.80944365698,14.43988849672631,2822,CP minimax (uncosted),1100039.5845768182,0.30775075987841943,0.1631578947368421
Costcla Credit Scoring Kaggle 2011,RandomForest,5,split,863.2206160375059,12464.80944365698,14.43988849672631,2822,DKW minimax (uncosted),1100039.5845768182,0.30775075987841943,0.1631578947368421
Costcla Credit Scoring Kaggle 2011,RandomForest,5,split,863.2206160375059,12464.80944365698,14.43988849672631,2822,CP sum (costed),2277239.7511766357,1.0,0.0
Costcla Credit Scoring Kaggle 2011,RandomForest,5,split,863.2206160375059,12464.80944365698,14.43988849672631,2822,DKW sum (costed),2277239.7511766357,1.0,0.0
Costcla Credit Scoring Kaggle 2011,RandomForest,5,split,863.2206160375059,12464.80944365698,14.43988849672631,2822,CP minimax (costed),2277239.7511766357,1.0,0.0
Costcla Credit Scoring Kaggle 2011,RandomForest,5,split,863.2206160375059,12464.80944365698,14.43988849672631,2822,DKW minimax (costed),2277239.7511766357,1.0,0.0
Costcla Credit Scoring Kaggle 2011,RandomForest,5,split,863.2206160375059,12464.80944365698,14.43988849672631,2822,CP sum (prior-costed),1271352.633274976,0.11512158054711247,0.42105263157894735
Costcla Credit Scoring Kaggle 2011,RandomForest,5,split,863.2206160375059,12464.80944365698,14.43988849672631,2822,DKW sum (prior-costed),1271352.633274976,0.11512158054711247,0.42105263157894735
Costcla Credit Scoring Kaggle 2011,RandomForest,5,split,863.2206160375059,12464.80944365698,14.43988849672631,2822,CP minimax (prior-costed),1128938.347204367,0.32788753799392095,0.15263157894736842
Costcla Credit Scoring Kaggle 2011,RandomForest,5,split,863.2206160375059,12464.80944365698,14.43988849672631,2822,DKW minimax (prior-costed),1100039.5845768182,0.30775075987841943,0.1631578947368421
Costcla Credit Scoring Kaggle 2011,RandomForest,5,split,863.2206160375059,12464.80944365698,14.43988849672631,2822,Oracle (test),1093896.6029443326,0.17211246200607902,0.29473684210526313
Costcla Credit Scoring Kaggle 2011,RandomForest,6,naive,865.1001554162317,12538.40777817151,14.493590943974363,2822,Baseline,1956575.062047011,0.009878419452887538,0.8157894736842105
Costcla Credit Scoring Kaggle 2011,RandomForest,6,naive,865.1001554162317,12538.40777817151,14.493590943974363,2822,Threshold (cost),1857172.8130358574,0.010638297872340425,0.7736842105263158
Costcla Credit Scoring Kaggle 2011,RandomForest,6,naive,865.1001554162317,12538.40777817151,14.493590943974363,2822,CP sum (uncosted),1857172.8130358574,0.010638297872340425,0.7736842105263158
Costcla Credit Scoring Kaggle 2011,RandomForest,6,naive,865.1001554162317,12538.40777817151,14.493590943974363,2822,DKW sum (uncosted),1857172.8130358574,0.010638297872340425,0.7736842105263158
Costcla Credit Scoring Kaggle 2011,RandomForest,6,naive,865.1001554162317,12538.40777817151,14.493590943974363,2822,CP minimax (uncosted),1479605.8517345767,0.03913373860182371,0.6
Costcla Credit Scoring Kaggle 2011,RandomForest,6,naive,865.1001554162317,12538.40777817151,14.493590943974363,2822,DKW minimax (uncosted),1422542.1937034584,0.044072948328267476,0.5736842105263158
Costcla Credit Scoring Kaggle 2011,RandomForest,6,naive,865.1001554162317,12538.40777817151,14.493590943974363,2822,CP sum (costed),1857172.8130358574,0.010638297872340425,0.7736842105263158
Costcla Credit Scoring Kaggle 2011,RandomForest,6,naive,865.1001554162317,12538.40777817151,14.493590943974363,2822,DKW sum (costed),1857172.8130358574,0.010638297872340425,0.7736842105263158
Costcla Credit Scoring Kaggle 2011,RandomForest,6,naive,865.1001554162317,12538.40777817151,14.493590943974363,2822,CP minimax (costed),1308434.4598382418,0.057750759878419454,0.5052631578947369
Costcla Credit Scoring Kaggle 2011,RandomForest,6,naive,865.1001554162317,12538.40777817151,14.493590943974363,2822,DKW minimax (costed),1300071.7502786224,0.05927051671732523,0.49473684210526314
Costcla Credit Scoring Kaggle 2011,RandomForest,6,naive,865.1001554162317,12538.40777817151,14.493590943974363,2822,CP sum (prior-costed),1857172.8130358574,0.010638297872340425,0.7736842105263158
Costcla Credit Scoring Kaggle 2011,RandomForest,6,naive,865.1001554162317,12538.40777817151,14.493590943974363,2822,DKW sum (prior-costed),1857172.8130358574,0.010638297872340425,0.7736842105263158
Costcla Credit Scoring Kaggle 2011,RandomForest,6,naive,865.1001554162317,12538.40777817151,14.493590943974363,2822,CP minimax (prior-costed),1479605.8517345767,0.03913373860182371,0.6
Costcla Credit Scoring Kaggle 2011,RandomForest,6,naive,865.1001554162317,12538.40777817151,14.493590943974363,2822,DKW minimax (prior-costed),1422542.1937034584,0.044072948328267476,0.5736842105263158
Costcla Credit Scoring Kaggle 2011,RandomForest,6,naive,865.1001554162317,12538.40777817151,14.493590943974363,2822,Oracle (test),1127806.4122560404,0.09878419452887538,0.3736842105263158
Costcla Credit Scoring Kaggle 2011,RandomForest,6,split,865.1001554162317,12538.40777817151,14.493590943974363,2822,Baseline,2154578.7259684536,0.006458966565349544,0.8947368421052632
Costcla Credit Scoring Kaggle 2011,RandomForest,6,split,865.1001554162317,12538.40777817151,14.493590943974363,2822,Threshold (cost),1318780.1739067694,0.3879179331306991,0.17894736842105263
Costcla Credit Scoring Kaggle 2011,RandomForest,6,split,865.1001554162317,12538.40777817151,14.493590943974363,2822,CP sum (uncosted),1318780.1739067694,0.3879179331306991,0.17894736842105263
Costcla Credit Scoring Kaggle 2011,RandomForest,6,split,865.1001554162317,12538.40777817151,14.493590943974363,2822,DKW sum (uncosted),1318780.1739067694,0.3879179331306991,0.17894736842105263
Costcla Credit Scoring Kaggle 2011,RandomForest,6,split,865.1001554162317,12538.40777817151,14.493590943974363,2822,CP minimax (uncosted),1267268.767237146,0.3343465045592705,0.2
Costcla Credit Scoring Kaggle 2011,RandomForest,6,split,865.1001554162317,12538.40777817151,14.493590943974363,2822,DKW minimax (uncosted),1210936.188328235,0.30243161094224924,0.20526315789473684
Costcla Credit Scoring Kaggle 2011,RandomForest,6,split,865.1001554162317,12538.40777817151,14.493590943974363,2822,CP sum (costed),2272215.5789283393,1.0,0.0
Costcla Credit Scoring Kaggle 2011,RandomForest,6,split,865.1001554162317,12538.40777817151,14.493590943974363,2822,DKW sum (costed),2272215.5789283393,1.0,0.0
Costcla Credit Scoring Kaggle 2011,RandomForest,6,split,865.1001554162317,12538.40777817151,14.493590943974363,2822,CP minimax (costed),2272215.5789283393,1.0,0.0
Costcla Credit Scoring Kaggle 2011,RandomForest,6,split,865.1001554162317,12538.40777817151,14.493590943974363,2822,DKW minimax (costed),2272215.5789283393,1.0,0.0
Costcla Credit Scoring Kaggle 2011,RandomForest,6,split,865.1001554162317,12538.40777817151,14.493590943974363,2822,CP sum (prior-costed),1318780.1739067694,0.3879179331306991,0.17894736842105263
Costcla Credit Scoring Kaggle 2011,RandomForest,6,split,865.1001554162317,12538.40777817151,14.493590943974363,2822,DKW sum (prior-costed),1318780.1739067694,0.3879179331306991,0.17894736842105263
Costcla Credit Scoring Kaggle 2011,RandomForest,6,split,865.1001554162317,12538.40777817151,14.493590943974363,2822,CP minimax (prior-costed),1267268.767237146,0.3343465045592705,0.2
Costcla Credit Scoring Kaggle 2011,RandomForest,6,split,865.1001554162317,12538.40777817151,14.493590943974363,2822,DKW minimax (prior-costed),1267268.767237146,0.3343465045592705,0.2
Costcla Credit Scoring Kaggle 2011,RandomForest,6,split,865.1001554162317,12538.40777817151,14.493590943974363,2822,Oracle (test),1132796.03625336,0.13069908814589665,0.34210526315789475
Costcla Credit Scoring Kaggle 2011,RandomForest,7,naive,860.7080048794943,12366.421509567683,14.367731494839619,2822,Baseline,1952441.3219830673,0.004939209726443769,0.8263157894736842
Costcla Credit Scoring Kaggle 2011,RandomForest,7,naive,860.7080048794943,12366.421509567683,14.367731494839619,2822,Threshold (cost),1903616.1758777266,0.006838905775075988,0.8052631578947368
Costcla Credit Scoring Kaggle 2011,RandomForest,7,naive,860.7080048794943,12366.421509567683,14.367731494839619,2822,CP sum (uncosted),1903616.1758777266,0.006838905775075988,0.8052631578947368
Costcla Credit Scoring Kaggle 2011,RandomForest,7,naive,860.7080048794943,12366.421509567683,14.367731494839619,2822,DKW sum (uncosted),1903616.1758777266,0.006838905775075988,0.8052631578947368
Costcla Credit Scoring Kaggle 2011,RandomForest,7,naive,860.7080048794943,12366.421509567683,14.367731494839619,2822,CP minimax (uncosted),1481199.5075499432,0.03229483282674772,0.5947368421052631
Costcla Credit Scoring Kaggle 2011,RandomForest,7,naive,860.7080048794943,12366.421509567683,14.367731494839619,2822,DKW minimax (uncosted),1457056.2285663132,0.043693009118541036,0.5684210526315789
Costcla Credit Scoring Kaggle 2011,RandomForest,7,naive,860.7080048794943,12366.421509567683,14.367731494839619,2822,CP sum (costed),1903616.1758777266,0.006838905775075988,0.8052631578947368
Costcla Credit Scoring Kaggle 2011,RandomForest,7,naive,860.7080048794943,12366.421509567683,14.367731494839619,2822,DKW sum (costed),1903616.1758777266,0.006838905775075988,0.8052631578947368
Costcla Credit Scoring Kaggle 2011,RandomForest,7,naive,860.7080048794943,12366.421509567683,14.367731494839619,2822,CP minimax (costed),1400969.7416032858,0.055091185410334344,0.531578947368421
Costcla Credit Scoring Kaggle 2011,RandomForest,7,naive,860.7080048794943,12366.421509567683,14.367731494839619,2822,DKW minimax (costed),1407072.8254075018,0.057750759878419454,0.531578947368421
Costcla Credit Scoring Kaggle 2011,RandomForest,7,naive,860.7080048794943,12366.421509567683,14.367731494839619,2822,CP sum (prior-costed),1903616.1758777266,0.006838905775075988,0.8052631578947368
Costcla Credit Scoring Kaggle 2011,RandomForest,7,naive,860.7080048794943,12366.421509567683,14.367731494839619,2822,DKW sum (prior-costed),1903616.1758777266,0.006838905775075988,0.8052631578947368
Costcla Credit Scoring Kaggle 2011,RandomForest,7,naive,860.7080048794943,12366.421509567683,14.367731494839619,2822,CP minimax (prior-costed),1481199.5075499432,0.03229483282674772,0.5947368421052631
Costcla Credit Scoring Kaggle 2011,RandomForest,7,naive,860.7080048794943,12366.421509567683,14.367731494839619,2822,DKW minimax (prior-costed),1457056.2285663132,0.043693009118541036,0.5684210526315789
Costcla Credit Scoring Kaggle 2011,RandomForest,7,naive,860.7080048794943,12366.421509567683,14.367731494839619,2822,Oracle (test),1130787.6507944171,0.2256838905775076,0.2578947368421053
Costcla Credit Scoring Kaggle 2011,RandomForest,7,split,860.7080048794943,12366.421509567683,14.367731494839619,2822,Baseline,2083109.1835308885,0.004559270516717325,0.8789473684210526
Costcla Credit Scoring Kaggle 2011,RandomForest,7,split,860.7080048794943,12366.421509567683,14.367731494839619,2822,Threshold (cost),1289904.824000299,0.293693009118541,0.24210526315789474
Costcla Credit Scoring Kaggle 2011,RandomForest,7,split,860.7080048794943,12366.421509567683,14.367731494839619,2822,CP sum (uncosted),1215889.159489797,0.19376899696048633,0.30526315789473685
Costcla Credit Scoring Kaggle 2011,RandomForest,7,split,860.7080048794943,12366.421509567683,14.367731494839619,2822,DKW sum (uncosted),1215889.159489797,0.19376899696048633,0.30526315789473685
Costcla Credit Scoring Kaggle 2011,RandomForest,7,split,860.7080048794943,12366.421509567683,14.367731494839619,2822,CP minimax (uncosted),1289904.824000299,0.293693009118541,0.24210526315789474
Costcla Credit Scoring Kaggle 2011,RandomForest,7,split,860.7080048794943,12366.421509567683,14.367731494839619,2822,DKW minimax (uncosted),1289904.824000299,0.293693009118541,0.24210526315789474
Costcla Credit Scoring Kaggle 2011,RandomForest,7,split,860.7080048794943,12366.421509567683,14.367731494839619,2822,CP sum (costed),1922398.7462488874,0.7940729483282675,0.042105263157894736
Costcla Credit Scoring Kaggle 2011,RandomForest,7,split,860.7080048794943,12366.421509567683,14.367731494839619,2822,DKW sum (costed),1922398.7462488874,0.7940729483282675,0.042105263157894736
Costcla Credit Scoring Kaggle 2011,RandomForest,7,split,860.7080048794943,12366.421509567683,14.367731494839619,2822,CP minimax (costed),2286887.1969403066,1.0,0.0
Costcla Credit Scoring Kaggle 2011,RandomForest,7,split,860.7080048794943,12366.421509567683,14.367731494839619,2822,DKW minimax (costed),2286887.1969403066,1.0,0.0
Costcla Credit Scoring Kaggle 2011,RandomForest,7,split,860.7080048794943,12366.421509567683,14.367731494839619,2822,CP sum (prior-costed),1215889.159489797,0.19376899696048633,0.30526315789473685
Costcla Credit Scoring Kaggle 2011,RandomForest,7,split,860.7080048794943,12366.421509567683,14.367731494839619,2822,DKW sum (prior-costed),1215889.159489797,0.19376899696048633,0.30526315789473685
Costcla Credit Scoring Kaggle 2011,RandomForest,7,split,860.7080048794943,12366.421509567683,14.367731494839619,2822,CP minimax (prior-costed),1289904.824000299,0.293693009118541,0.24210526315789474
Costcla Credit Scoring Kaggle 2011,RandomForest,7,split,860.7080048794943,12366.421509567683,14.367731494839619,2822,DKW minimax (prior-costed),1289904.824000299,0.293693009118541,0.24210526315789474
Costcla Credit Scoring Kaggle 2011,RandomForest,7,split,860.7080048794943,12366.421509567683,14.367731494839619,2822,Oracle (test),1191531.31689981,0.17135258358662614,0.32105263157894737
Costcla Credit Scoring Kaggle 2011,RandomForest,8,naive,867.1672306441501,12619.349574769667,14.552382895506497,2822,Baseline,1951419.1346360308,0.006838905775075988,0.8263157894736842
Costcla Credit Scoring Kaggle 2011,RandomForest,8,naive,867.1672306441501,12619.349574769667,14.552382895506497,2822,Threshold (cost),1844245.3498873054,0.015957446808510637,0.7684210526315789
Costcla Credit Scoring Kaggle 2011,RandomForest,8,naive,867.1672306441501,12619.349574769667,14.552382895506497,2822,CP sum (uncosted),1844245.3498873054,0.015957446808510637,0.7684210526315789
Costcla Credit Scoring Kaggle 2011,RandomForest,8,naive,867.1672306441501,12619.349574769667,14.552382895506497,2822,DKW sum (uncosted),1844245.3498873054,0.015957446808510637,0.7684210526315789
Costcla Credit Scoring Kaggle 2011,RandomForest,8,naive,867.1672306441501,12619.349574769667,14.552382895506497,2822,CP minimax (uncosted),1448823.6673421066,0.05205167173252279,0.5789473684210527
Costcla Credit Scoring Kaggle 2011,RandomForest,8,naive,867.1672306441501,12619.349574769667,14.552382895506497,2822,DKW minimax (uncosted),1429141.7904145215,0.05737082066869301,0.5631578947368421
Costcla Credit Scoring Kaggle 2011,RandomForest,8,naive,867.1672306441501,12619.349574769667,14.552382895506497,2822,CP sum (costed),1844245.3498873054,0.015957446808510637,0.7684210526315789
Costcla Credit Scoring Kaggle 2011,RandomForest,8,naive,867.1672306441501,12619.349574769667,14.552382895506497,2822,DKW sum (costed),1844245.3498873054,0.015957446808510637,0.7684210526315789
Costcla Credit Scoring Kaggle 2011,RandomForest,8,naive,867.1672306441501,12619.349574769667,14.552382895506497,2822,CP minimax (costed),1310912.5739589762,0.07408814589665653,0.5052631578947369
Costcla Credit Scoring Kaggle 2011,RandomForest,8,naive,867.1672306441501,12619.349574769667,14.552382895506497,2822,DKW minimax (costed),1316517.1727207648,0.07674772036474165,0.5052631578947369
Costcla Credit Scoring Kaggle 2011,RandomForest,8,naive,867.1672306441501,12619.349574769667,14.552382895506497,2822,CP sum (prior-costed),1844245.3498873054,0.015957446808510637,0.7684210526315789
Costcla Credit Scoring Kaggle 2011,RandomForest,8,naive,867.1672306441501,12619.349574769667,14.552382895506497,2822,DKW sum (prior-costed),1844245.3498873054,0.015957446808510637,0.7684210526315789
Costcla Credit Scoring Kaggle 2011,RandomForest,8,naive,867.1672306441501,12619.349574769667,14.552382895506497,2822,CP minimax (prior-costed),1448823.6673421066,0.05205167173252279,0.5789473684210527
Costcla Credit Scoring Kaggle 2011,RandomForest,8,naive,867.1672306441501,12619.349574769667,14.552382895506497,2822,DKW minimax (prior-costed),1429141.7904145215,0.05737082066869301,0.5631578947368421
Costcla Credit Scoring Kaggle 2011,RandomForest,8,naive,867.1672306441501,12619.349574769667,14.552382895506497,2822,Oracle (test),1063882.3437358113,0.21238601823708206,0.2578947368421053
Costcla Credit Scoring Kaggle 2011,RandomForest,8,split,867.1672306441501,12619.349574769667,14.552382895506497,2822,Baseline,2048011.3356349904,0.006838905775075988,0.8631578947368421
Costcla Credit Scoring Kaggle 2011,RandomForest,8,split,867.1672306441501,12619.349574769667,14.552382895506497,2822,Threshold (cost),1207470.8054398114,0.3453647416413374,0.16842105263157894
Costcla Credit Scoring Kaggle 2011,RandomForest,8,split,867.1672306441501,12619.349574769667,14.552382895506497,2822,CP sum (uncosted),1098024.6796767523,0.1743920972644377,0.3157894736842105
Costcla Credit Scoring Kaggle 2011,RandomForest,8,split,867.1672306441501,12619.349574769667,14.552382895506497,2822,DKW sum (uncosted),1098024.6796767523,0.1743920972644377,0.3157894736842105
Costcla Credit Scoring Kaggle 2011,RandomForest,8,split,867.1672306441501,12619.349574769667,14.552382895506497,2822,CP minimax (uncosted),1150753.1194329872,0.30243161094224924,0.18947368421052632
Costcla Credit Scoring Kaggle 2011,RandomForest,8,split,867.1672306441501,12619.349574769667,14.552382895506497,2822,DKW minimax (uncosted),1150753.1194329872,0.30243161094224924,0.18947368421052632
Costcla Credit Scoring Kaggle 2011,RandomForest,8,split,867.1672306441501,12619.349574769667,14.552382895506497,2822,CP sum (costed),2267600.5413527275,1.0,0.0
Costcla Credit Scoring Kaggle 2011,RandomForest,8,split,867.1672306441501,12619.349574769667,14.552382895506497,2822,DKW sum (costed),2267600.5413527275,1.0,0.0
Costcla Credit Scoring Kaggle 2011,RandomForest,8,split,867.1672306441501,12619.349574769667,14.552382895506497,2822,CP minimax (costed),2267600.5413527275,1.0,0.0
Costcla Credit Scoring Kaggle 2011,RandomForest,8,split,867.1672306441501,12619.349574769667,14.552382895506497,2822,DKW minimax (costed),2267600.5413527275,1.0,0.0
Costcla Credit Scoring Kaggle 2011,RandomForest,8,split,867.1672306441501,12619.349574769667,14.552382895506497,2822,CP sum (prior-costed),1207470.8054398114,0.3453647416413374,0.16842105263157894
Costcla Credit Scoring Kaggle 2011,RandomForest,8,split,867.1672306441501,12619.349574769667,14.552382895506497,2822,DKW sum (prior-costed),1112346.597453048,0.2708966565349544,0.21052631578947367
Costcla Credit Scoring Kaggle 2011,RandomForest,8,split,867.1672306441501,12619.349574769667,14.552382895506497,2822,CP minimax (prior-costed),1207239.448219644,0.32788753799392095,0.18421052631578946
Costcla Credit Scoring Kaggle 2011,RandomForest,8,split,867.1672306441501,12619.349574769667,14.552382895506497,2822,DKW minimax (prior-costed),1150753.1194329872,0.30243161094224924,0.18947368421052632
Costcla Credit Scoring Kaggle 2011,RandomForest,8,split,867.1672306441501,12619.349574769667,14.552382895506497,2822,Oracle (test),1059174.0035412177,0.18882978723404256,0.2789473684210526
Costcla Credit Scoring Kaggle 2011,RandomForest,9,naive,864.6820463750163,12522.035613040396,14.481664868070519,2822,Baseline,2083171.2336464114,0.008358662613981762,0.8368421052631579
Costcla Credit Scoring Kaggle 2011,RandomForest,9,naive,864.6820463750163,12522.035613040396,14.481664868070519,2822,Threshold (cost),1889768.2779301603,0.01937689969604863,0.7578947368421053
Costcla Credit Scoring Kaggle 2011,RandomForest,9,naive,864.6820463750163,12522.035613040396,14.481664868070519,2822,CP sum (uncosted),1889768.2779301603,0.01937689969604863,0.7578947368421053
Costcla Credit Scoring Kaggle 2011,RandomForest,9,naive,864.6820463750163,12522.035613040396,14.481664868070519,2822,DKW sum (uncosted),1889768.2779301603,0.01937689969604863,0.7578947368421053
Costcla Credit Scoring Kaggle 2011,RandomForest,9,naive,864.6820463750163,12522.035613040396,14.481664868070519,2822,CP minimax (uncosted),1528767.437719094,0.050911854103343465,0.5842105263157895
Costcla Credit Scoring Kaggle 2011,RandomForest,9,naive,864.6820463750163,12522.035613040396,14.481664868070519,2822,DKW minimax (uncosted),1455468.7339842485,0.05965045592705167,0.5421052631578948
Costcla Credit Scoring Kaggle 2011,RandomForest,9,naive,864.6820463750163,12522.035613040396,14.481664868070519,2822,CP sum (costed),1889768.2779301603,0.01937689969604863,0.7578947368421053
Costcla Credit Scoring Kaggle 2011,RandomForest,9,naive,864.6820463750163,12522.035613040396,14.481664868070519,2822,DKW sum (costed),1889768.2779301603,0.01937689969604863,0.7578947368421053
Costcla Credit Scoring Kaggle 2011,RandomForest,9,naive,864.6820463750163,12522.035613040396,14.481664868070519,2822,CP minimax (costed),1410746.618408416,0.0729483282674772,0.5
Costcla Credit Scoring Kaggle 2011,RandomForest,9,naive,864.6820463750163,12522.035613040396,14.481664868070519,2822,DKW minimax (costed),1402188.540014209,0.07484802431610943,0.49473684210526314
Costcla Credit Scoring Kaggle 2011,RandomForest,9,naive,864.6820463750163,12522.035613040396,14.481664868070519,2822,CP sum (prior-costed),1889768.2779301603,0.01937689969604863,0.7578947368421053
Costcla Credit Scoring Kaggle 2011,RandomForest,9,naive,864.6820463750163,12522.035613040396,14.481664868070519,2822,DKW sum (prior-costed),1889768.2779301603,0.01937689969604863,0.7578947368421053
Costcla Credit Scoring Kaggle 2011,RandomForest,9,naive,864.6820463750163,12522.035613040396,14.481664868070519,2822,CP minimax (prior-costed),1528767.437719094,0.050911854103343465,0.5842105263157895
Costcla Credit Scoring Kaggle 2011,RandomForest,9,naive,864.6820463750163,12522.035613040396,14.481664868070519,2822,DKW minimax (prior-costed),1455468.7339842485,0.05965045592705167,0.5421052631578948
Costcla Credit Scoring Kaggle 2011,RandomForest,9,naive,864.6820463750163,12522.035613040396,14.481664868070519,2822,Oracle (test),1224814.5163420066,0.16337386018237082,0.3473684210526316
Costcla Credit Scoring Kaggle 2011,RandomForest,9,split,864.6820463750163,12522.035613040396,14.481664868070519,2822,Baseline,2080614.2209661538,0.009878419452887538,0.8368421052631579
Costcla Credit Scoring Kaggle 2011,RandomForest,9,split,864.6820463750163,12522.035613040396,14.481664868070519,2822,Threshold (cost),1237833.18931339,0.2188449848024316,0.28421052631578947
Costcla Credit Scoring Kaggle 2011,RandomForest,9,split,864.6820463750163,12522.035613040396,14.481664868070519,2822,CP sum (uncosted),1280906.6542213494,0.2511398176291793,0.2736842105263158
Costcla Credit Scoring Kaggle 2011,RandomForest,9,split,864.6820463750163,12522.035613040396,14.481664868070519,2822,DKW sum (uncosted),1280906.6542213494,0.2511398176291793,0.2736842105263158
Costcla Credit Scoring Kaggle 2011,RandomForest,9,split,864.6820463750163,12522.035613040396,14.481664868070519,2822,CP minimax (uncosted),1303165.512046777,0.31041033434650456,0.23157894736842105
Costcla Credit Scoring Kaggle 2011,RandomForest,9,split,864.6820463750163,12522.035613040396,14.481664868070519,2822,DKW minimax (uncosted),1307053.3428666005,0.29103343465045595,0.24736842105263157
Costcla Credit Scoring Kaggle 2011,RandomForest,9,split,864.6820463750163,12522.035613040396,14.481664868070519,2822,CP sum (costed),1857687.1906798403,0.756838905775076,0.05263157894736842
Costcla Credit Scoring Kaggle 2011,RandomForest,9,split,864.6820463750163,12522.035613040396,14.481664868070519,2822,DKW sum (costed),1857687.1906798403,0.756838905775076,0.05263157894736842
Costcla Credit Scoring Kaggle 2011,RandomForest,9,split,864.6820463750163,12522.035613040396,14.481664868070519,2822,CP minimax (costed),2272236.475231317,1.0,0.0
Costcla Credit Scoring Kaggle 2011,RandomForest,9,split,864.6820463750163,12522.035613040396,14.481664868070519,2822,DKW minimax (costed),2272236.475231317,1.0,0.0
Costcla Credit Scoring Kaggle 2011,RandomForest,9,split,864.6820463750163,12522.035613040396,14.481664868070519,2822,CP sum (prior-costed),1280906.6542213494,0.2511398176291793,0.2736842105263158
Costcla Credit Scoring Kaggle 2011,RandomForest,9,split,864.6820463750163,12522.035613040396,14.481664868070519,2822,DKW sum (prior-costed),1280906.6542213494,0.2511398176291793,0.2736842105263158
Costcla Credit Scoring Kaggle 2011,RandomForest,9,split,864.6820463750163,12522.035613040396,14.481664868070519,2822,CP minimax (prior-costed),1303165.512046777,0.31041033434650456,0.23157894736842105
Costcla Credit Scoring Kaggle 2011,RandomForest,9,split,864.6820463750163,12522.035613040396,14.481664868070519,2822,DKW minimax (prior-costed),1303165.512046777,0.31041033434650456,0.23157894736842105
Costcla Credit Scoring Kaggle 2011,RandomForest,9,split,864.6820463750163,12522.035613040396,14.481664868070519,2822,Oracle (test),1205870.5294489819,0.16071428571428573,0.3263157894736842
Costcla Credit Scoring Kaggle 2011,GradientBoosting,0,naive,864.9590504868147,12532.88244153083,14.489567378336691,2822,Baseline,1957229.4530059935,0.012537993920972644,0.8263157894736842
Costcla Credit Scoring Kaggle 2011,GradientBoosting,0,naive,864.9590504868147,12532.88244153083,14.489567378336691,2822,Threshold (cost),1036268.0929073797,0.16907294832826747,0.2894736842105263
Costcla Credit Scoring Kaggle 2011,GradientBoosting,0,naive,864.9590504868147,12532.88244153083,14.489567378336691,2822,CP sum (uncosted),1036268.0929073797,0.16907294832826747,0.2894736842105263
Costcla Credit Scoring Kaggle 2011,GradientBoosting,0,naive,864.9590504868147,12532.88244153083,14.489567378336691,2822,DKW sum (uncosted),1112972.2787700652,0.12993920972644377,0.3631578947368421
Costcla Credit Scoring Kaggle 2011,GradientBoosting,0,naive,864.9590504868147,12532.88244153083,14.489567378336691,2822,CP minimax (uncosted),984988.1187254689,0.18085106382978725,0.25263157894736843
Costcla Credit Scoring Kaggle 2011,GradientBoosting,0,naive,864.9590504868147,12532.88244153083,14.489567378336691,2822,DKW minimax (uncosted),988261.304788232,0.182370820668693,0.25263157894736843
Costcla Credit Scoring Kaggle 2011,GradientBoosting,0,naive,864.9590504868147,12532.88244153083,14.489567378336691,2822,CP sum (costed),1999870.628295708,0.8624620060790273,0.010526315789473684
Costcla Credit Scoring Kaggle 2011,GradientBoosting,0,naive,864.9590504868147,12532.88244153083,14.489567378336691,2822,DKW sum (costed),1614475.6363182096,0.6542553191489362,0.04736842105263158
Costcla Credit Scoring Kaggle 2011,GradientBoosting,0,naive,864.9590504868147,12532.88244153083,14.489567378336691,2822,CP minimax (costed),1999870.628295708,0.8624620060790273,0.010526315789473684
Costcla Credit Scoring Kaggle 2011,GradientBoosting,0,naive,864.9590504868147,12532.88244153083,14.489567378336691,2822,DKW minimax (costed),2258246.173011804,0.9924012158054711,0.0
Costcla Credit Scoring Kaggle 2011,GradientBoosting,0,naive,864.9590504868147,12532.88244153083,14.489567378336691,2822,CP sum (prior-costed),1036268.0929073797,0.16907294832826747,0.2894736842105263
Costcla Credit Scoring Kaggle 2011,GradientBoosting,0,naive,864.9590504868147,12532.88244153083,14.489567378336691,2822,DKW sum (prior-costed),1112972.2787700652,0.12993920972644377,0.3631578947368421
Costcla Credit Scoring Kaggle 2011,GradientBoosting,0,naive,864.9590504868147,12532.88244153083,14.489567378336691,2822,CP minimax (prior-costed),995175.3637407569,0.18541033434650456,0.25263157894736843
Costcla Credit Scoring Kaggle 2011,GradientBoosting,0,naive,864.9590504868147,12532.88244153083,14.489567378336691,2822,DKW minimax (prior-costed),1018579.3455010424,0.21010638297872342,0.23684210526315788
Costcla Credit Scoring Kaggle 2011,GradientBoosting,0,naive,864.9590504868147,12532.88244153083,14.489567378336691,2822,Oracle (test),975608.1165108241,0.18806990881458965,0.24210526315789474
Costcla Credit Scoring Kaggle 2011,GradientBoosting,0,split,864.9590504868147,12532.88244153083,14.489567378336691,2822,Baseline,1977598.8651646553,0.01405775075987842,0.8263157894736842
Costcla Credit Scoring Kaggle 2011,GradientBoosting,0,split,864.9590504868147,12532.88244153083,14.489567378336691,2822,Threshold (cost),1006098.3528395315,0.23670212765957446,0.2
Costcla Credit Scoring Kaggle 2011,GradientBoosting,0,split,864.9590504868147,12532.88244153083,14.489567378336691,2822,CP sum (uncosted),1032881.235646766,0.2572188449848024,0.18421052631578946
Costcla Credit Scoring Kaggle 2011,GradientBoosting,0,split,864.9590504868147,12532.88244153083,14.489567378336691,2822,DKW sum (uncosted),1006098.3528395315,0.23670212765957446,0.2
Costcla Credit Scoring Kaggle 2011,GradientBoosting,0,split,864.9590504868147,12532.88244153083,14.489567378336691,2822,CP minimax (uncosted),1025633.4893048757,0.27583586626139817,0.15789473684210525
Costcla Credit Scoring Kaggle 2011,GradientBoosting,0,split,864.9590504868147,12532.88244153083,14.489567378336691,2822,DKW minimax (uncosted),1026299.4038458144,0.26975683890577506,0.1631578947368421
Costcla Credit Scoring Kaggle 2011,GradientBoosting,0,split,864.9590504868147,12532.88244153083,14.489567378336691,2822,CP sum (costed),2067879.384578111,0.901595744680851,0.005263157894736842
Costcla Credit Scoring Kaggle 2011,GradientBoosting,0,split,864.9590504868147,12532.88244153083,14.489567378336691,2822,DKW sum (costed),2067879.384578111,0.901595744680851,0.005263157894736842
Costcla Credit Scoring Kaggle 2011,GradientBoosting,0,split,864.9590504868147,12532.88244153083,14.489567378336691,2822,CP minimax (costed),2234090.569275334,0.9817629179331308,0.0
Costcla Credit Scoring Kaggle 2011,GradientBoosting,0,split,864.9590504868147,12532.88244153083,14.489567378336691,2822,DKW minimax (costed),2234090.569275334,0.9817629179331308,0.0
Costcla Credit Scoring Kaggle 2011,GradientBoosting,0,split,864.9590504868147,12532.88244153083,14.489567378336691,2822,CP sum (prior-costed),1032881.235646766,0.2572188449848024,0.18421052631578946
Costcla Credit Scoring Kaggle 2011,GradientBoosting,0,split,864.9590504868147,12532.88244153083,14.489567378336691,2822,DKW sum (prior-costed),1006098.3528395315,0.23670212765957446,0.2
Costcla Credit Scoring Kaggle 2011,GradientBoosting,0,split,864.9590504868147,12532.88244153083,14.489567378336691,2822,CP minimax (prior-costed),1062479.2677854472,0.30129179331306993,0.15263157894736842
Costcla Credit Scoring Kaggle 2011,GradientBoosting,0,split,864.9590504868147,12532.88244153083,14.489567378336691,2822,DKW minimax (prior-costed),1027004.7988858563,0.2765957446808511,0.15789473684210525
Costcla Credit Scoring Kaggle 2011,GradientBoosting,0,split,864.9590504868147,12532.88244153083,14.489567378336691,2822,Oracle (test),1000282.5724882054,0.2344224924012158,0.2
Costcla Credit Scoring Kaggle 2011,GradientBoosting,1,naive,860.7701887834537,12368.85648476258,14.369522371869975,2822,Baseline,1957981.6680056078,0.014817629179331307,0.8157894736842105
Costcla Credit Scoring Kaggle 2011,GradientBoosting,1,naive,860.7701887834537,12368.85648476258,14.369522371869975,2822,Threshold (cost),1144759.3326885446,0.1006838905775076,0.37894736842105264
Costcla Credit Scoring Kaggle 2011,GradientBoosting,1,naive,860.7701887834537,12368.85648476258,14.369522371869975,2822,CP sum (uncosted),1144759.3326885446,0.1006838905775076,0.37894736842105264
Costcla Credit Scoring Kaggle 2011,GradientBoosting,1,naive,860.7701887834537,12368.85648476258,14.369522371869975,2822,DKW sum (uncosted),1161813.1753293555,0.09878419452887538,0.3894736842105263
Costcla Credit Scoring Kaggle 2011,GradientBoosting,1,naive,860.7701887834537,12368.85648476258,14.369522371869975,2822,CP minimax (uncosted),1032838.5050448738,0.1865501519756839,0.24736842105263157
Costcla Credit Scoring Kaggle 2011,GradientBoosting,1,naive,860.7701887834537,12368.85648476258,14.369522371869975,2822,DKW minimax (uncosted),1019656.9582098147,0.18882978723404256,0.24210526315789474
Costcla Credit Scoring Kaggle 2011,GradientBoosting,1,naive,860.7701887834537,12368.85648476258,14.369522371869975,2822,CP sum (costed),1524417.9656922016,0.5904255319148937,0.06315789473684211
Costcla Credit Scoring Kaggle 2011,GradientBoosting,1,naive,860.7701887834537,12368.85648476258,14.369522371869975,2822,DKW sum (costed),1524417.9656922016,0.5904255319148937,0.06315789473684211
Costcla Credit Scoring Kaggle 2011,GradientBoosting,1,naive,860.7701887834537,12368.85648476258,14.369522371869975,2822,CP minimax (costed),2191109.633129048,0.9521276595744681,0.005263157894736842
Costcla Credit Scoring Kaggle 2011,GradientBoosting,1,naive,860.7701887834537,12368.85648476258,14.369522371869975,2822,DKW minimax (costed),2278018.6504869005,0.996580547112462,0.0
Costcla Credit Scoring Kaggle 2011,GradientBoosting,1,naive,860.7701887834537,12368.85648476258,14.369522371869975,2822,CP sum (prior-costed),1144759.3326885446,0.1006838905775076,0.37894736842105264
Costcla Credit Scoring Kaggle 2011,GradientBoosting,1,naive,860.7701887834537,12368.85648476258,14.369522371869975,2822,DKW sum (prior-costed),1144759.3326885446,0.1006838905775076,0.37894736842105264
Costcla Credit Scoring Kaggle 2011,GradientBoosting,1,naive,860.7701887834537,12368.85648476258,14.369522371869975,2822,CP minimax (prior-costed),1023637.0254162631,0.1945288753799392,0.23157894736842105
Costcla Credit Scoring Kaggle 2011,GradientBoosting,1,naive,860.7701887834537,12368.85648476258,14.369522371869975,2822,DKW minimax (prior-costed),1023637.0254162631,0.1945288753799392,0.23157894736842105
Costcla Credit Scoring Kaggle 2011,GradientBoosting,1,naive,860.7701887834537,12368.85648476258,14.369522371869975,2822,Oracle (test),990827.51329906,0.2317629179331307,0.18421052631578946
Costcla Credit Scoring Kaggle 2011,GradientBoosting,1,split,860.7701887834537,12368.85648476258,14.369522371869975,2822,Baseline,1928406.3959299512,0.014437689969604863,0.8105263157894737
Costcla Credit Scoring Kaggle 2011,GradientBoosting,1,split,860.7701887834537,12368.85648476258,14.369522371869975,2822,Threshold (cost),1052103.6097893508,0.1971884498480243,0.23157894736842105
Costcla Credit Scoring Kaggle 2011,GradientBoosting,1,split,860.7701887834537,12368.85648476258,14.369522371869975,2822,CP sum (uncosted),1118952.1247203315,0.32066869300911854,0.14736842105263157
Costcla Credit Scoring Kaggle 2011,GradientBoosting,1,split,860.7701887834537,12368.85648476258,14.369522371869975,2822,DKW sum (uncosted),1052103.6097893508,0.1971884498480243,0.23157894736842105
Costcla Credit Scoring Kaggle 2011,GradientBoosting,1,split,860.7701887834537,12368.85648476258,14.369522371869975,2822,CP minimax (uncosted),1100053.8481596974,0.2925531914893617,0.16842105263157894
Costcla Credit Scoring Kaggle 2011,GradientBoosting,1,split,860.7701887834537,12368.85648476258,14.369522371869975,2822,DKW minimax (uncosted),1091735.3443336613,0.2887537993920973,0.16842105263157894
Costcla Credit Scoring Kaggle 2011,GradientBoosting,1,split,860.7701887834537,12368.85648476258,14.369522371869975,2822,CP sum (costed),2258668.7145913434,0.9878419452887538,0.0
Costcla Credit Scoring Kaggle 2011,GradientBoosting,1,split,860.7701887834537,12368.85648476258,14.369522371869975,2822,DKW sum (costed),2258668.7145913434,0.9878419452887538,0.0
Costcla Credit Scoring Kaggle 2011,GradientBoosting,1,split,860.7701887834537,12368.85648476258,14.369522371869975,2822,CP minimax (costed),2283585.513923934,0.9988601823708206,0.0
Costcla Credit Scoring Kaggle 2011,GradientBoosting,1,split,860.7701887834537,12368.85648476258,14.369522371869975,2822,DKW minimax (costed),2283585.513923934,0.9988601823708206,0.0
Costcla Credit Scoring Kaggle 2011,GradientBoosting,1,split,860.7701887834537,12368.85648476258,14.369522371869975,2822,CP sum (prior-costed),1118952.1247203315,0.32066869300911854,0.14736842105263157
Costcla Credit Scoring Kaggle 2011,GradientBoosting,1,split,860.7701887834537,12368.85648476258,14.369522371869975,2822,DKW sum (prior-costed),1053267.3579893466,0.24088145896656535,0.19473684210526315
Costcla Credit Scoring Kaggle 2011,GradientBoosting,1,split,860.7701887834537,12368.85648476258,14.369522371869975,2822,CP minimax (prior-costed),1107521.4353909995,0.3130699088145897,0.15263157894736842
Costcla Credit Scoring Kaggle 2011,GradientBoosting,1,split,860.7701887834537,12368.85648476258,14.369522371869975,2822,DKW minimax (prior-costed),1096688.7260251734,0.29103343465045595,0.16842105263157894
Costcla Credit Scoring Kaggle 2011,GradientBoosting,1,split,860.7701887834537,12368.85648476258,14.369522371869975,2822,Oracle (test),1042954.438900626,0.20516717325227962,0.22105263157894736
Costcla Credit Scoring Kaggle 2011,GradientBoosting,2,naive,864.6669992548374,12521.446403260099,14.481235451394554,2822,Baseline,1832235.3088396937,0.009878419452887538,0.7473684210526316
Costcla Credit Scoring Kaggle 2011,GradientBoosting,2,naive,864.6669992548374,12521.446403260099,14.481235451394554,2822,Threshold (cost),1111789.440357176,0.11626139817629179,0.34210526315789475
Costcla Credit Scoring Kaggle 2011,GradientBoosting,2,naive,864.6669992548374,12521.446403260099,14.481235451394554,2822,CP sum (uncosted),1111789.440357176,0.11626139817629179,0.34210526315789475
Costcla Credit Scoring Kaggle 2011,GradientBoosting,2,naive,864.6669992548374,12521.446403260099,14.481235451394554,2822,DKW sum (uncosted),1111789.440357176,0.11626139817629179,0.34210526315789475
Costcla Credit Scoring Kaggle 2011,GradientBoosting,2,naive,864.6669992548374,12521.446403260099,14.481235451394554,2822,CP minimax (uncosted),1057560.7861087776,0.20896656534954408,0.22631578947368422
Costcla Credit Scoring Kaggle 2011,GradientBoosting,2,naive,864.6669992548374,12521.446403260099,14.481235451394554,2822,DKW minimax (uncosted),1058335.5039687864,0.2093465045592705,0.22631578947368422
Costcla Credit Scoring Kaggle 2011,GradientBoosting,2,naive,864.6669992548374,12521.446403260099,14.481235451394554,2822,CP sum (costed),1601260.6848162604,0.6401975683890577,0.05263157894736842
Costcla Credit Scoring Kaggle 2011,GradientBoosting,2,naive,864.6669992548374,12521.446403260099,14.481235451394554,2822,DKW sum (costed),1601260.6848162604,0.6401975683890577,0.05263157894736842
Costcla Credit Scoring Kaggle 2011,GradientBoosting,2,naive,864.6669992548374,12521.446403260099,14.481235451394554,2822,CP minimax (costed),2019596.367398385,0.8571428571428571,0.021052631578947368
Costcla Credit Scoring Kaggle 2011,GradientBoosting,2,naive,864.6669992548374,12521.446403260099,14.481235451394554,2822,DKW minimax (costed),2259536.240546639,0.993920972644377,0.0
Costcla Credit Scoring Kaggle 2011,GradientBoosting,2,naive,864.6669992548374,12521.446403260099,14.481235451394554,2822,CP sum (prior-costed),1111789.440357176,0.11626139817629179,0.34210526315789475
Costcla Credit Scoring Kaggle 2011,GradientBoosting,2,naive,864.6669992548374,12521.446403260099,14.481235451394554,2822,DKW sum (prior-costed),1111789.440357176,0.11626139817629179,0.34210526315789475
Costcla Credit Scoring Kaggle 2011,GradientBoosting,2,naive,864.6669992548374,12521.446403260099,14.481235451394554,2822,CP minimax (prior-costed),1053379.1849624584,0.2135258358662614,0.22105263157894736
Costcla Credit Scoring Kaggle 2011,GradientBoosting,2,naive,864.6669992548374,12521.446403260099,14.481235451394554,2822,DKW minimax (prior-costed),1053379.1849624584,0.2135258358662614,0.22105263157894736
Costcla Credit Scoring Kaggle 2011,GradientBoosting,2,naive,864.6669992548374,12521.446403260099,14.481235451394554,2822,Oracle (test),1022045.1353406132,0.24468085106382978,0.17894736842105263
Costcla Credit Scoring Kaggle 2011,GradientBoosting,2,split,864.6669992548374,12521.446403260099,14.481235451394554,2822,Baseline,1761321.505333556,0.01405775075987842,0.7210526315789474
Costcla Credit Scoring Kaggle 2011,GradientBoosting,2,split,864.6669992548374,12521.446403260099,14.481235451394554,2822,Threshold (cost),1039181.6528557101,0.24354103343465044,0.18947368421052632
Costcla Credit Scoring Kaggle 2011,GradientBoosting,2,split,864.6669992548374,12521.446403260099,14.481235451394554,2822,CP sum (uncosted),1015664.6260636516,0.27393617021276595,0.15263157894736842
Costcla Credit Scoring Kaggle 2011,GradientBoosting,2,split,864.6669992548374,12521.446403260099,14.481235451394554,2822,DKW sum (uncosted),1015664.6260636516,0.27393617021276595,0.15263157894736842
Costcla Credit Scoring Kaggle 2011,GradientBoosting,2,split,864.6669992548374,12521.446403260099,14.481235451394554,2822,CP minimax (uncosted),1071245.894010881,0.31117021276595747,0.14210526315789473
Costcla Credit Scoring Kaggle 2011,GradientBoosting,2,split,864.6669992548374,12521.446403260099,14.481235451394554,2822,DKW minimax (uncosted),1041329.5882532011,0.2898936170212766,0.14736842105263157
Costcla Credit Scoring Kaggle 2011,GradientBoosting,2,split,864.6669992548374,12521.446403260099,14.481235451394554,2822,CP sum (costed),2202841.647484445,0.9532674772036475,0.010526315789473684
Costcla Credit Scoring Kaggle 2011,GradientBoosting,2,split,864.6669992548374,12521.446403260099,14.481235451394554,2822,DKW sum (costed),2202841.647484445,0.9532674772036475,0.010526315789473684
Costcla Credit Scoring Kaggle 2011,GradientBoosting,2,split,864.6669992548374,12521.446403260099,14.481235451394554,2822,CP minimax (costed),2267006.282893138,0.9969604863221885,0.0
Costcla Credit Scoring Kaggle 2011,GradientBoosting,2,split,864.6669992548374,12521.446403260099,14.481235451394554,2822,DKW minimax (costed),2267006.282893138,0.9969604863221885,0.0
Costcla Credit Scoring Kaggle 2011,GradientBoosting,2,split,864.6669992548374,12521.446403260099,14.481235451394554,2822,CP sum (prior-costed),1015664.6260636516,0.27393617021276595,0.15263157894736842
Costcla Credit Scoring Kaggle 2011,GradientBoosting,2,split,864.6669992548374,12521.446403260099,14.481235451394554,2822,DKW sum (prior-costed),1015664.6260636516,0.27393617021276595,0.15263157894736842
Costcla Credit Scoring Kaggle 2011,GradientBoosting,2,split,864.6669992548374,12521.446403260099,14.481235451394554,2822,CP minimax (prior-costed),1076923.7734832023,0.31382978723404253,0.14210526315789473
Costcla Credit Scoring Kaggle 2011,GradientBoosting,2,split,864.6669992548374,12521.446403260099,14.481235451394554,2822,DKW minimax (prior-costed),1071245.894010881,0.31117021276595747,0.14210526315789473
Costcla Credit Scoring Kaggle 2011,GradientBoosting,2,split,864.6669992548374,12521.446403260099,14.481235451394554,2822,Oracle (test),996853.1163989659,0.26595744680851063,0.15263157894736842
Costcla Credit Scoring Kaggle 2011,GradientBoosting,3,naive,862.5554274460023,12438.762225372077,14.420826569027376,2822,Baseline,1812890.8592435683,0.011778115501519757,0.7631578947368421
Costcla Credit Scoring Kaggle 2011,GradientBoosting,3,naive,862.5554274460023,12438.762225372077,14.420826569027376,2822,Threshold (cost),1102779.6007743587,0.11208206686930092,0.3473684210526316
Costcla Credit Scoring Kaggle 2011,GradientBoosting,3,naive,862.5554274460023,12438.762225372077,14.420826569027376,2822,CP sum (uncosted),1102779.6007743587,0.11208206686930092,0.3473684210526316
Costcla Credit Scoring Kaggle 2011,GradientBoosting,3,naive,862.5554274460023,12438.762225372077,14.420826569027376,2822,DKW sum (uncosted),1102779.6007743587,0.11208206686930092,0.3473684210526316
Costcla Credit Scoring Kaggle 2011,GradientBoosting,3,naive,862.5554274460023,12438.762225372077,14.420826569027376,2822,CP minimax (uncosted),983234.3904651136,0.21466565349544073,0.21052631578947367
Costcla Credit Scoring Kaggle 2011,GradientBoosting,3,naive,862.5554274460023,12438.762225372077,14.420826569027376,2822,DKW minimax (uncosted),983234.3904651136,0.21466565349544073,0.21052631578947367
Costcla Credit Scoring Kaggle 2011,GradientBoosting,3,naive,862.5554274460023,12438.762225372077,14.420826569027376,2822,CP sum (costed),2005216.8134506973,0.8806990881458967,0.0
Costcla Credit Scoring Kaggle 2011,GradientBoosting,3,naive,862.5554274460023,12438.762225372077,14.420826569027376,2822,DKW sum (costed),1373977.8964218642,0.543693009118541,0.05263157894736842
Costcla Credit Scoring Kaggle 2011,GradientBoosting,3,naive,862.5554274460023,12438.762225372077,14.420826569027376,2822,CP minimax (costed),2005216.8134506973,0.8806990881458967,0.0
Costcla Credit Scoring Kaggle 2011,GradientBoosting,3,naive,862.5554274460023,12438.762225372077,14.420826569027376,2822,DKW minimax (costed),2268814.2470611786,0.9950607902735562,0.0
Costcla Credit Scoring Kaggle 2011,GradientBoosting,3,naive,862.5554274460023,12438.762225372077,14.420826569027376,2822,CP sum (prior-costed),1102779.6007743587,0.11208206686930092,0.3473684210526316
Costcla Credit Scoring Kaggle 2011,GradientBoosting,3,naive,862.5554274460023,12438.762225372077,14.420826569027376,2822,DKW sum (prior-costed),1102779.6007743587,0.11208206686930092,0.3473684210526316
Costcla Credit Scoring Kaggle 2011,GradientBoosting,3,naive,862.5554274460023,12438.762225372077,14.420826569027376,2822,CP minimax (prior-costed),979896.400963743,0.2215045592705167,0.20526315789473684
Costcla Credit Scoring Kaggle 2011,GradientBoosting,3,naive,862.5554274460023,12438.762225372077,14.420826569027376,2822,DKW minimax (prior-costed),988565.2846512941,0.2169452887537994,0.21052631578947367
Costcla Credit Scoring Kaggle 2011,GradientBoosting,3,naive,862.5554274460023,12438.762225372077,14.420826569027376,2822,Oracle (test),959777.3453571054,0.26861702127659576,0.14736842105263157
Costcla Credit Scoring Kaggle 2011,GradientBoosting,3,split,862.5554274460023,12438.762225372077,14.420826569027376,2822,Baseline,1892965.4820422262,0.01633738601823708,0.7789473684210526
Costcla Credit Scoring Kaggle 2011,GradientBoosting,3,split,862.5554274460023,12438.762225372077,14.420826569027376,2822,Threshold (cost),1110257.6340661577,0.13905775075987842,0.33157894736842103
Costcla Credit Scoring Kaggle 2011,GradientBoosting,3,split,862.5554274460023,12438.762225372077,14.420826569027376,2822,CP sum (uncosted),1126473.5981688995,0.1622340425531915,0.3105263157894737
Costcla Credit Scoring Kaggle 2011,GradientBoosting,3,split,862.5554274460023,12438.762225372077,14.420826569027376,2822,DKW sum (uncosted),1126473.5981688995,0.1622340425531915,0.3105263157894737
Costcla Credit Scoring Kaggle 2011,GradientBoosting,3,split,862.5554274460023,12438.762225372077,14.420826569027376,2822,CP minimax (uncosted),1094566.102175876,0.3487841945288754,0.12105263157894737
Costcla Credit Scoring Kaggle 2011,GradientBoosting,3,split,862.5554274460023,12438.762225372077,14.420826569027376,2822,DKW minimax (uncosted),1121926.4736203817,0.34498480243161095,0.1368421052631579
Costcla Credit Scoring Kaggle 2011,GradientBoosting,3,split,862.5554274460023,12438.762225372077,14.420826569027376,2822,CP sum (costed),2244559.5279759774,0.9848024316109423,0.0
Costcla Credit Scoring Kaggle 2011,GradientBoosting,3,split,862.5554274460023,12438.762225372077,14.420826569027376,2822,DKW sum (costed),1686114.9771527932,0.7120060790273556,0.021052631578947368
Costcla Credit Scoring Kaggle 2011,GradientBoosting,3,split,862.5554274460023,12438.762225372077,14.420826569027376,2822,CP minimax (costed),2274128.401220959,0.9973404255319149,0.0
Costcla Credit Scoring Kaggle 2011,GradientBoosting,3,split,862.5554274460023,12438.762225372077,14.420826569027376,2822,DKW minimax (costed),2274128.401220959,0.9973404255319149,0.0
Costcla Credit Scoring Kaggle 2011,GradientBoosting,3,split,862.5554274460023,12438.762225372077,14.420826569027376,2822,CP sum (prior-costed),1126473.5981688995,0.1622340425531915,0.3105263157894737
Costcla Credit Scoring Kaggle 2011,GradientBoosting,3,split,862.5554274460023,12438.762225372077,14.420826569027376,2822,DKW sum (prior-costed),1126473.5981688995,0.1622340425531915,0.3105263157894737
Costcla Credit Scoring Kaggle 2011,GradientBoosting,3,split,862.5554274460023,12438.762225372077,14.420826569027376,2822,CP minimax (prior-costed),1104195.276082227,0.3533434650455927,0.12105263157894737
Costcla Credit Scoring Kaggle 2011,GradientBoosting,3,split,862.5554274460023,12438.762225372077,14.420826569027376,2822,DKW minimax (prior-costed),1093695.540961057,0.3484042553191489,0.12105263157894737
Costcla Credit Scoring Kaggle 2011,GradientBoosting,3,split,862.5554274460023,12438.762225372077,14.420826569027376,2822,Oracle (test),1029609.5595735058,0.23252279635258358,0.20526315789473684
Costcla Credit Scoring Kaggle 2011,GradientBoosting,4,naive,862.8063553125475,12448.587969525159,14.428020717366781,2822,Baseline,1904239.7574766835,0.015957446808510637,0.7789473684210526
Costcla Credit Scoring Kaggle 2011,GradientBoosting,4,naive,862.8063553125475,12448.587969525159,14.428020717366781,2822,Threshold (cost),1261831.88073475,0.0919452887537994,0.42105263157894735
Costcla Credit Scoring Kaggle 2011,GradientBoosting,4,naive,862.8063553125475,12448.587969525159,14.428020717366781,2822,CP sum (uncosted),1261831.88073475,0.0919452887537994,0.42105263157894735
Costcla Credit Scoring Kaggle 2011,GradientBoosting,4,naive,862.8063553125475,12448.587969525159,14.428020717366781,2822,DKW sum (uncosted),1261831.88073475,0.0919452887537994,0.42105263157894735
Costcla Credit Scoring Kaggle 2011,GradientBoosting,4,naive,862.8063553125475,12448.587969525159,14.428020717366781,2822,CP minimax (uncosted),1076216.304154351,0.189209726443769,0.2578947368421053
Costcla Credit Scoring Kaggle 2011,GradientBoosting,4,naive,862.8063553125475,12448.587969525159,14.428020717366781,2822,DKW minimax (uncosted),1058397.0161896609,0.1945288753799392,0.24736842105263157
Costcla Credit Scoring Kaggle 2011,GradientBoosting,4,naive,862.8063553125475,12448.587969525159,14.428020717366781,2822,CP sum (costed),1694304.1651851137,0.6861702127659575,0.05263157894736842
Costcla Credit Scoring Kaggle 2011,GradientBoosting,4,naive,862.8063553125475,12448.587969525159,14.428020717366781,2822,DKW sum (costed),1284302.4896529275,0.4441489361702128,0.11052631578947368
Costcla Credit Scoring Kaggle 2011,GradientBoosting,4,naive,862.8063553125475,12448.587969525159,14.428020717366781,2822,CP minimax (costed),1826995.4777766152,0.7507598784194529,0.042105263157894736
Costcla Credit Scoring Kaggle 2011,GradientBoosting,4,naive,862.8063553125475,12448.587969525159,14.428020717366781,2822,DKW minimax (costed),2259083.215648656,0.9905015197568389,0.0
Costcla Credit Scoring Kaggle 2011,GradientBoosting,4,naive,862.8063553125475,12448.587969525159,14.428020717366781,2822,CP sum (prior-costed),1261831.88073475,0.0919452887537994,0.42105263157894735
Costcla Credit Scoring Kaggle 2011,GradientBoosting,4,naive,862.8063553125475,12448.587969525159,14.428020717366781,2822,DKW sum (prior-costed),1261831.88073475,0.0919452887537994,0.42105263157894735
Costcla Credit Scoring Kaggle 2011,GradientBoosting,4,naive,862.8063553125475,12448.587969525159,14.428020717366781,2822,CP minimax (prior-costed),1064105.3686391013,0.1971884498480243,0.24736842105263157
Costcla Credit Scoring Kaggle 2011,GradientBoosting,4,naive,862.8063553125475,12448.587969525159,14.428020717366781,2822,DKW minimax (prior-costed),1050422.2530725414,0.19946808510638298,0.24210526315789474
Costcla Credit Scoring Kaggle 2011,GradientBoosting,4,naive,862.8063553125475,12448.587969525159,14.428020717366781,2822,Oracle (test),1047099.5269872107,0.21998480243161095,0.21578947368421053
Costcla Credit Scoring Kaggle 2011,GradientBoosting,4,split,862.8063553125475,12448.587969525159,14.428020717366781,2822,Baseline,1953947.9049402964,0.022416413373860182,0.7789473684210526
Costcla Credit Scoring Kaggle 2011,GradientBoosting,4,split,862.8063553125475,12448.587969525159,14.428020717366781,2822,Threshold (cost),1245148.0603094087,0.13487841945288753,0.3736842105263158
Costcla Credit Scoring Kaggle 2011,GradientBoosting,4,split,862.8063553125475,12448.587969525159,14.428020717366781,2822,CP sum (uncosted),1245148.0603094087,0.13487841945288753,0.3736842105263158
Costcla Credit Scoring Kaggle 2011,GradientBoosting,4,split,862.8063553125475,12448.587969525159,14.428020717366781,2822,DKW sum (uncosted),1245148.0603094087,0.13487841945288753,0.3736842105263158
Costcla Credit Scoring Kaggle 2011,GradientBoosting,4,split,862.8063553125475,12448.587969525159,14.428020717366781,2822,CP minimax (uncosted),1140776.1449359665,0.3130699088145897,0.16842105263157894
Costcla Credit Scoring Kaggle 2011,GradientBoosting,4,split,862.8063553125475,12448.587969525159,14.428020717366781,2822,DKW minimax (uncosted),1154014.4120391957,0.3058510638297872,0.17894736842105263
Costcla Credit Scoring Kaggle 2011,GradientBoosting,4,split,862.8063553125475,12448.587969525159,14.428020717366781,2822,CP sum (costed),2138619.0555365914,0.9312310030395137,0.005263157894736842
Costcla Credit Scoring Kaggle 2011,GradientBoosting,4,split,862.8063553125475,12448.587969525159,14.428020717366781,2822,DKW sum (costed),2138619.0555365914,0.9312310030395137,0.005263157894736842
Costcla Credit Scoring Kaggle 2011,GradientBoosting,4,split,862.8063553125475,12448.587969525159,14.428020717366781,2822,CP minimax (costed),2276491.3020245624,0.9984802431610942,0.0
Costcla Credit Scoring Kaggle 2011,GradientBoosting,4,split,862.8063553125475,12448.587969525159,14.428020717366781,2822,DKW minimax (costed),2276491.3020245624,0.9984802431610942,0.0
Costcla Credit Scoring Kaggle 2011,GradientBoosting,4,split,862.8063553125475,12448.587969525159,14.428020717366781,2822,CP sum (prior-costed),1245148.0603094087,0.13487841945288753,0.3736842105263158
Costcla Credit Scoring Kaggle 2011,GradientBoosting,4,split,862.8063553125475,12448.587969525159,14.428020717366781,2822,DKW sum (prior-costed),1245148.0603094087,0.13487841945288753,0.3736842105263158
Costcla Credit Scoring Kaggle 2011,GradientBoosting,4,split,862.8063553125475,12448.587969525159,14.428020717366781,2822,CP minimax (prior-costed),1155647.8203261695,0.31990881458966564,0.16842105263157894
Costcla Credit Scoring Kaggle 2011,GradientBoosting,4,split,862.8063553125475,12448.587969525159,14.428020717366781,2822,DKW minimax (prior-costed),1140776.1449359665,0.3130699088145897,0.16842105263157894
Costcla Credit Scoring Kaggle 2011,GradientBoosting,4,split,862.8063553125475,12448.587969525159,14.428020717366781,2822,Oracle (test),1066967.4861387892,0.2188449848024316,0.23157894736842105
Costcla Credit Scoring Kaggle 2011,GradientBoosting,5,naive,863.2206160375059,12464.80944365698,14.43988849672631,2822,Baseline,1906928.7376711727,0.0121580547112462,0.7947368421052632
Costcla Credit Scoring Kaggle 2011,GradientBoosting,5,naive,863.2206160375059,12464.80944365698,14.43988849672631,2822,Threshold (cost),1201541.1566713054,0.10182370820668693,0.4
Costcla Credit Scoring Kaggle 2011,GradientBoosting,5,naive,863.2206160375059,12464.80944365698,14.43988849672631,2822,CP sum (uncosted),1214566.6402489655,0.0946048632218845,0.41578947368421054
Costcla Credit Scoring Kaggle 2011,GradientBoosting,5,naive,863.2206160375059,12464.80944365698,14.43988849672631,2822,DKW sum (uncosted),1214566.6402489655,0.0946048632218845,0.41578947368421054
Costcla Credit Scoring Kaggle 2011,GradientBoosting,5,naive,863.2206160375059,12464.80944365698,14.43988849672631,2822,CP minimax (uncosted),985456.046461539,0.22644376899696048,0.18947368421052632
Costcla Credit Scoring Kaggle 2011,GradientBoosting,5,naive,863.2206160375059,12464.80944365698,14.43988849672631,2822,DKW minimax (uncosted),983277.6690152988,0.22530395136778114,0.18947368421052632
Costcla Credit Scoring Kaggle 2011,GradientBoosting,5,naive,863.2206160375059,12464.80944365698,14.43988849672631,2822,CP sum (costed),2154271.8907691,0.939209726443769,0.005263157894736842
Costcla Credit Scoring Kaggle 2011,GradientBoosting,5,naive,863.2206160375059,12464.80944365698,14.43988849672631,2822,DKW sum (costed),1772497.1751559558,0.7579787234042553,0.015789473684210527
Costcla Credit Scoring Kaggle 2011,GradientBoosting,5,naive,863.2206160375059,12464.80944365698,14.43988849672631,2822,CP minimax (costed),2154271.8907691,0.939209726443769,0.005263157894736842
Costcla Credit Scoring Kaggle 2011,GradientBoosting,5,naive,863.2206160375059,12464.80944365698,14.43988849672631,2822,DKW minimax (costed),2268972.255945716,0.996580547112462,0.0
Costcla Credit Scoring Kaggle 2011,GradientBoosting,5,naive,863.2206160375059,12464.80944365698,14.43988849672631,2822,CP sum (prior-costed),1201541.1566713054,0.10182370820668693,0.4
Costcla Credit Scoring Kaggle 2011,GradientBoosting,5,naive,863.2206160375059,12464.80944365698,14.43988849672631,2822,DKW sum (prior-costed),1201541.1566713054,0.10182370820668693,0.4
Costcla Credit Scoring Kaggle 2011,GradientBoosting,5,naive,863.2206160375059,12464.80944365698,14.43988849672631,2822,CP minimax (prior-costed),989936.2851631469,0.23214285714285715,0.18421052631578946
Costcla Credit Scoring Kaggle 2011,GradientBoosting,5,naive,863.2206160375059,12464.80944365698,14.43988849672631,2822,DKW minimax (prior-costed),987365.1874637015,0.23100303951367782,0.18421052631578946
Costcla Credit Scoring Kaggle 2011,GradientBoosting,5,naive,863.2206160375059,12464.80944365698,14.43988849672631,2822,Oracle (test),930512.2734700332,0.19908814589665655,0.19473684210526315
Costcla Credit Scoring Kaggle 2011,GradientBoosting,5,split,863.2206160375059,12464.80944365698,14.43988849672631,2822,Baseline,1899723.9157597742,0.014437689969604863,0.7842105263157895
Costcla Credit Scoring Kaggle 2011,GradientBoosting,5,split,863.2206160375059,12464.80944365698,14.43988849672631,2822,Threshold (cost),1239683.4057381116,0.12120060790273557,0.4
Costcla Credit Scoring Kaggle 2011,GradientBoosting,5,split,863.2206160375059,12464.80944365698,14.43988849672631,2822,CP sum (uncosted),1319464.8014084194,0.10828267477203647,0.4473684210526316
Costcla Credit Scoring Kaggle 2011,GradientBoosting,5,split,863.2206160375059,12464.80944365698,14.43988849672631,2822,DKW sum (uncosted),1319464.8014084194,0.10828267477203647,0.4473684210526316
Costcla Credit Scoring Kaggle 2011,GradientBoosting,5,split,863.2206160375059,12464.80944365698,14.43988849672631,2822,CP minimax (uncosted),1116452.7128027803,0.30851063829787234,0.15789473684210525
Costcla Credit Scoring Kaggle 2011,GradientBoosting,5,split,863.2206160375059,12464.80944365698,14.43988849672631,2822,DKW minimax (uncosted),1135744.865348565,0.3047112462006079,0.16842105263157894
Costcla Credit Scoring Kaggle 2011,GradientBoosting,5,split,863.2206160375059,12464.80944365698,14.43988849672631,2822,CP sum (costed),2251580.33499576,0.9886018237082067,0.0
Costcla Credit Scoring Kaggle 2011,GradientBoosting,5,split,863.2206160375059,12464.80944365698,14.43988849672631,2822,DKW sum (costed),2251580.33499576,0.9886018237082067,0.0
Costcla Credit Scoring Kaggle 2011,GradientBoosting,5,split,863.2206160375059,12464.80944365698,14.43988849672631,2822,CP minimax (costed),2276579.6086460594,0.9996200607902735,0.0
Costcla Credit Scoring Kaggle 2011,GradientBoosting,5,split,863.2206160375059,12464.80944365698,14.43988849672631,2822,DKW minimax (costed),2276579.6086460594,0.9996200607902735,0.0
Costcla Credit Scoring Kaggle 2011,GradientBoosting,5,split,863.2206160375059,12464.80944365698,14.43988849672631,2822,CP sum (prior-costed),1319464.8014084194,0.10828267477203647,0.4473684210526316
Costcla Credit Scoring Kaggle 2011,GradientBoosting,5,split,863.2206160375059,12464.80944365698,14.43988849672631,2822,DKW sum (prior-costed),1319464.8014084194,0.10828267477203647,0.4473684210526316
Costcla Credit Scoring Kaggle 2011,GradientBoosting,5,split,863.2206160375059,12464.80944365698,14.43988849672631,2822,CP minimax (prior-costed),1120204.922853673,0.31724924012158057,0.15263157894736842
Costcla Credit Scoring Kaggle 2011,GradientBoosting,5,split,863.2206160375059,12464.80944365698,14.43988849672631,2822,DKW minimax (prior-costed),1124585.3088710108,0.3081306990881459,0.1631578947368421
Costcla Credit Scoring Kaggle 2011,GradientBoosting,5,split,863.2206160375059,12464.80944365698,14.43988849672631,2822,Oracle (test),1087858.0143921578,0.18693009118541035,0.2631578947368421
Costcla Credit Scoring Kaggle 2011,GradientBoosting,6,naive,865.1001554162317,12538.40777817151,14.493590943974363,2822,Baseline,1873701.995418489,0.011778115501519757,0.7842105263157895
Costcla Credit Scoring Kaggle 2011,GradientBoosting,6,naive,865.1001554162317,12538.40777817151,14.493590943974363,2822,Threshold (cost),1082090.0803456965,0.11588145896656535,0.3473684210526316
Costcla Credit Scoring Kaggle 2011,GradientBoosting,6,naive,865.1001554162317,12538.40777817151,14.493590943974363,2822,CP sum (uncosted),1046789.1067909397,0.20896656534954408,0.23684210526315788
Costcla Credit Scoring Kaggle 2011,GradientBoosting,6,naive,865.1001554162317,12538.40777817151,14.493590943974363,2822,DKW sum (uncosted),1082090.0803456965,0.11588145896656535,0.3473684210526316
Costcla Credit Scoring Kaggle 2011,GradientBoosting,6,naive,865.1001554162317,12538.40777817151,14.493590943974363,2822,CP minimax (uncosted),1059347.1597140357,0.21428571428571427,0.23684210526315788
Costcla Credit Scoring Kaggle 2011,GradientBoosting,6,naive,865.1001554162317,12538.40777817151,14.493590943974363,2822,DKW minimax (uncosted),1062891.3817739773,0.22074468085106383,0.22631578947368422
Costcla Credit Scoring Kaggle 2011,GradientBoosting,6,naive,865.1001554162317,12538.40777817151,14.493590943974363,2822,CP sum (costed),1873451.2923644579,0.773936170212766,0.03684210526315789
Costcla Credit Scoring Kaggle 2011,GradientBoosting,6,naive,865.1001554162317,12538.40777817151,14.493590943974363,2822,DKW sum (costed),1873451.2923644579,0.773936170212766,0.03684210526315789
Costcla Credit Scoring Kaggle 2011,GradientBoosting,6,naive,865.1001554162317,12538.40777817151,14.493590943974363,2822,CP minimax (costed),1897404.2433880703,0.8088905775075987,0.021052631578947368
Costcla Credit Scoring Kaggle 2011,GradientBoosting,6,naive,865.1001554162317,12538.40777817151,14.493590943974363,2822,DKW minimax (costed),2251230.633381271,0.9908814589665653,0.0
Costcla Credit Scoring Kaggle 2011,GradientBoosting,6,naive,865.1001554162317,12538.40777817151,14.493590943974363,2822,CP sum (prior-costed),1046789.1067909397,0.20896656534954408,0.23684210526315788
Costcla Credit Scoring Kaggle 2011,GradientBoosting,6,naive,865.1001554162317,12538.40777817151,14.493590943974363,2822,DKW sum (prior-costed),1062646.3487702867,0.15235562310030396,0.3
Costcla Credit Scoring Kaggle 2011,GradientBoosting,6,naive,865.1001554162317,12538.40777817151,14.493590943974363,2822,CP minimax (prior-costed),1066317.5264761327,0.22226443768996962,0.22631578947368422
Costcla Credit Scoring Kaggle 2011,GradientBoosting,6,naive,865.1001554162317,12538.40777817151,14.493590943974363,2822,DKW minimax (prior-costed),1071460.2007087306,0.22454407294832826,0.22631578947368422
Costcla Credit Scoring Kaggle 2011,GradientBoosting,6,naive,865.1001554162317,12538.40777817151,14.493590943974363,2822,Oracle (test),1046789.1067909397,0.20896656534954408,0.23684210526315788
Costcla Credit Scoring Kaggle 2011,GradientBoosting,6,split,865.1001554162317,12538.40777817151,14.493590943974363,2822,Baseline,2005202.5074177247,0.011398176291793313,0.8263157894736842
Costcla Credit Scoring Kaggle 2011,GradientBoosting,6,split,865.1001554162317,12538.40777817151,14.493590943974363,2822,Threshold (cost),1142393.8657812783,0.26709726443769,0.21052631578947367
Costcla Credit Scoring Kaggle 2011,GradientBoosting,6,split,865.1001554162317,12538.40777817151,14.493590943974363,2822,CP sum (uncosted),1142393.8657812783,0.26709726443769,0.21052631578947367
Costcla Credit Scoring Kaggle 2011,GradientBoosting,6,split,865.1001554162317,12538.40777817151,14.493590943974363,2822,DKW sum (uncosted),1142393.8657812783,0.26709726443769,0.21052631578947367
Costcla Credit Scoring Kaggle 2011,GradientBoosting,6,split,865.1001554162317,12538.40777817151,14.493590943974363,2822,CP minimax (uncosted),1167107.6687648287,0.28685410334346506,0.2
Costcla Credit Scoring Kaggle 2011,GradientBoosting,6,split,865.1001554162317,12538.40777817151,14.493590943974363,2822,DKW minimax (uncosted),1158568.9697438935,0.28001519756838905,0.20526315789473684
Costcla Credit Scoring Kaggle 2011,GradientBoosting,6,split,865.1001554162317,12538.40777817151,14.493590943974363,2822,CP sum (costed),2269912.053504415,0.9988601823708206,0.0
Costcla Credit Scoring Kaggle 2011,GradientBoosting,6,split,865.1001554162317,12538.40777817151,14.493590943974363,2822,DKW sum (costed),2269912.053504415,0.9988601823708206,0.0
Costcla Credit Scoring Kaggle 2011,GradientBoosting,6,split,865.1001554162317,12538.40777817151,14.493590943974363,2822,CP minimax (costed),2270589.089288177,0.9992401215805471,0.0
Costcla Credit Scoring Kaggle 2011,GradientBoosting,6,split,865.1001554162317,12538.40777817151,14.493590943974363,2822,DKW minimax (costed),2270589.089288177,0.9992401215805471,0.0
Costcla Credit Scoring Kaggle 2011,GradientBoosting,6,split,865.1001554162317,12538.40777817151,14.493590943974363,2822,CP sum (prior-costed),1142393.8657812783,0.26709726443769,0.21052631578947367
Costcla Credit Scoring Kaggle 2011,GradientBoosting,6,split,865.1001554162317,12538.40777817151,14.493590943974363,2822,DKW sum (prior-costed),1142393.8657812783,0.26709726443769,0.21052631578947367
Costcla Credit Scoring Kaggle 2011,GradientBoosting,6,split,865.1001554162317,12538.40777817151,14.493590943974363,2822,CP minimax (prior-costed),1181316.9782938024,0.2986322188449848,0.19473684210526315
Costcla Credit Scoring Kaggle 2011,GradientBoosting,6,split,865.1001554162317,12538.40777817151,14.493590943974363,2822,DKW minimax (prior-costed),1179841.3961983812,0.29217325227963525,0.2
Costcla Credit Scoring Kaggle 2011,GradientBoosting,6,split,865.1001554162317,12538.40777817151,14.493590943974363,2822,Oracle (test),1076540.9732024383,0.22492401215805471,0.22631578947368422
Costcla Credit Scoring Kaggle 2011,GradientBoosting,7,naive,860.7080048794943,12366.421509567683,14.367731494839619,2822,Baseline,1938757.352550006,0.011018237082066869,0.8210526315789474
Costcla Credit Scoring Kaggle 2011,GradientBoosting,7,naive,860.7080048794943,12366.421509567683,14.367731494839619,2822,Threshold (cost),1166149.4800903574,0.11512158054711247,0.3736842105263158
Costcla Credit Scoring Kaggle 2011,GradientBoosting,7,naive,860.7080048794943,12366.421509567683,14.367731494839619,2822,CP sum (uncosted),1166149.4800903574,0.11512158054711247,0.3736842105263158
Costcla Credit Scoring Kaggle 2011,GradientBoosting,7,naive,860.7080048794943,12366.421509567683,14.367731494839619,2822,DKW sum (uncosted),1166149.4800903574,0.11512158054711247,0.3736842105263158
Costcla Credit Scoring Kaggle 2011,GradientBoosting,7,naive,860.7080048794943,12366.421509567683,14.367731494839619,2822,CP minimax (uncosted),1131994.1022277968,0.19148936170212766,0.2789473684210526
Costcla Credit Scoring Kaggle 2011,GradientBoosting,7,naive,860.7080048794943,12366.421509567683,14.367731494839619,2822,DKW minimax (uncosted),1138958.0556526005,0.1945288753799392,0.2789473684210526
Costcla Credit Scoring Kaggle 2011,GradientBoosting,7,naive,860.7080048794943,12366.421509567683,14.367731494839619,2822,CP sum (costed),1573337.7027754681,0.6208206686930091,0.06842105263157895
Costcla Credit Scoring Kaggle 2011,GradientBoosting,7,naive,860.7080048794943,12366.421509567683,14.367731494839619,2822,DKW sum (costed),1573337.7027754681,0.6208206686930091,0.06842105263157895
Costcla Credit Scoring Kaggle 2011,GradientBoosting,7,naive,860.7080048794943,12366.421509567683,14.367731494839619,2822,CP minimax (costed),1838051.3100432616,0.7469604863221885,0.05263157894736842
Costcla Credit Scoring Kaggle 2011,GradientBoosting,7,naive,860.7080048794943,12366.421509567683,14.367731494839619,2822,DKW minimax (costed),2077866.0682040302,0.8768996960486323,0.02631578947368421
Costcla Credit Scoring Kaggle 2011,GradientBoosting,7,naive,860.7080048794943,12366.421509567683,14.367731494839619,2822,CP sum (prior-costed),1166149.4800903574,0.11512158054711247,0.3736842105263158
Costcla Credit Scoring Kaggle 2011,GradientBoosting,7,naive,860.7080048794943,12366.421509567683,14.367731494839619,2822,DKW sum (prior-costed),1166149.4800903574,0.11512158054711247,0.3736842105263158
Costcla Credit Scoring Kaggle 2011,GradientBoosting,7,naive,860.7080048794943,12366.421509567683,14.367731494839619,2822,CP minimax (prior-costed),1139905.1536471609,0.19490881458966566,0.2789473684210526
Costcla Credit Scoring Kaggle 2011,GradientBoosting,7,naive,860.7080048794943,12366.421509567683,14.367731494839619,2822,DKW minimax (prior-costed),1139118.2892550936,0.19756838905775076,0.2736842105263158
Costcla Credit Scoring Kaggle 2011,GradientBoosting,7,naive,860.7080048794943,12366.421509567683,14.367731494839619,2822,Oracle (test),1098113.2293379884,0.14475683890577506,0.32105263157894737
Costcla Credit Scoring Kaggle 2011,GradientBoosting,7,split,860.7080048794943,12366.421509567683,14.367731494839619,2822,Baseline,1888852.5467455836,0.015957446808510637,0.7842105263157895
Costcla Credit Scoring Kaggle 2011,GradientBoosting,7,split,860.7080048794943,12366.421509567683,14.367731494839619,2822,Threshold (cost),1264037.9827256615,0.2572188449848024,0.2631578947368421
Costcla Credit Scoring Kaggle 2011,GradientBoosting,7,split,860.7080048794943,12366.421509567683,14.367731494839619,2822,CP sum (uncosted),1253293.4724660628,0.1595744680851064,0.3631578947368421
Costcla Credit Scoring Kaggle 2011,GradientBoosting,7,split,860.7080048794943,12366.421509567683,14.367731494839619,2822,DKW sum (uncosted),1253293.4724660628,0.1595744680851064,0.3631578947368421
Costcla Credit Scoring Kaggle 2011,GradientBoosting,7,split,860.7080048794943,12366.421509567683,14.367731494839619,2822,CP minimax (uncosted),1246612.2779085627,0.3058510638297872,0.21578947368421053
Costcla Credit Scoring Kaggle 2011,GradientBoosting,7,split,860.7080048794943,12366.421509567683,14.367731494839619,2822,DKW minimax (uncosted),1255761.6321447464,0.29711246200607905,0.23157894736842105
Costcla Credit Scoring Kaggle 2011,GradientBoosting,7,split,860.7080048794943,12366.421509567683,14.367731494839619,2822,CP sum (costed),2020831.252867058,0.8354863221884499,0.03684210526315789
Costcla Credit Scoring Kaggle 2011,GradientBoosting,7,split,860.7080048794943,12366.421509567683,14.367731494839619,2822,DKW sum (costed),2020831.252867058,0.8354863221884499,0.03684210526315789
Costcla Credit Scoring Kaggle 2011,GradientBoosting,7,split,860.7080048794943,12366.421509567683,14.367731494839619,2822,CP minimax (costed),2246203.8704335126,0.9699848024316109,0.010526315789473684
Costcla Credit Scoring Kaggle 2011,GradientBoosting,7,split,860.7080048794943,12366.421509567683,14.367731494839619,2822,DKW minimax (costed),2246203.8704335126,0.9699848024316109,0.010526315789473684
Costcla Credit Scoring Kaggle 2011,GradientBoosting,7,split,860.7080048794943,12366.421509567683,14.367731494839619,2822,CP sum (prior-costed),1253293.4724660628,0.1595744680851064,0.3631578947368421
Costcla Credit Scoring Kaggle 2011,GradientBoosting,7,split,860.7080048794943,12366.421509567683,14.367731494839619,2822,DKW sum (prior-costed),1253293.4724660628,0.1595744680851064,0.3631578947368421
Costcla Credit Scoring Kaggle 2011,GradientBoosting,7,split,860.7080048794943,12366.421509567683,14.367731494839619,2822,CP minimax (prior-costed),1246612.2779085627,0.3058510638297872,0.21578947368421053
Costcla Credit Scoring Kaggle 2011,GradientBoosting,7,split,860.7080048794943,12366.421509567683,14.367731494839619,2822,DKW minimax (prior-costed),1246612.2779085627,0.3058510638297872,0.21578947368421053
Costcla Credit Scoring Kaggle 2011,GradientBoosting,7,split,860.7080048794943,12366.421509567683,14.367731494839619,2822,Oracle (test),1212535.5871935626,0.18351063829787234,0.32105263157894737
Costcla Credit Scoring Kaggle 2011,GradientBoosting,8,naive,867.1672306441501,12619.349574769667,14.552382895506497,2822,Baseline,1905204.3132897532,0.014817629179331307,0.8105263157894737
Costcla Credit Scoring Kaggle 2011,GradientBoosting,8,naive,867.1672306441501,12619.349574769667,14.552382895506497,2822,Threshold (cost),1164259.8907481749,0.1474164133738602,0.3526315789473684
Costcla Credit Scoring Kaggle 2011,GradientBoosting,8,naive,867.1672306441501,12619.349574769667,14.552382895506497,2822,CP sum (uncosted),1120861.3925002431,0.16071428571428573,0.3263157894736842
Costcla Credit Scoring Kaggle 2011,GradientBoosting,8,naive,867.1672306441501,12619.349574769667,14.552382895506497,2822,DKW sum (uncosted),1151348.8070377624,0.1519756838905775,0.34210526315789475
Costcla Credit Scoring Kaggle 2011,GradientBoosting,8,naive,867.1672306441501,12619.349574769667,14.552382895506497,2822,CP minimax (uncosted),1034711.2825555226,0.22606382978723405,0.21052631578947367
Costcla Credit Scoring Kaggle 2011,GradientBoosting,8,naive,867.1672306441501,12619.349574769667,14.552382895506497,2822,DKW minimax (uncosted),1033687.5520144799,0.2256838905775076,0.21052631578947367
Costcla Credit Scoring Kaggle 2011,GradientBoosting,8,naive,867.1672306441501,12619.349574769667,14.552382895506497,2822,CP sum (costed),1906119.675054001,0.8138297872340425,0.021052631578947368
Costcla Credit Scoring Kaggle 2011,GradientBoosting,8,naive,867.1672306441501,12619.349574769667,14.552382895506497,2822,DKW sum (costed),1613365.3353237524,0.6751519756838906,0.02631578947368421
Costcla Credit Scoring Kaggle 2011,GradientBoosting,8,naive,867.1672306441501,12619.349574769667,14.552382895506497,2822,CP minimax (costed),1941290.3347472097,0.8294072948328267,0.021052631578947368
Costcla Credit Scoring Kaggle 2011,GradientBoosting,8,naive,867.1672306441501,12619.349574769667,14.552382895506497,2822,DKW minimax (costed),2195375.0358303054,0.9620060790273556,0.005263157894736842
Costcla Credit Scoring Kaggle 2011,GradientBoosting,8,naive,867.1672306441501,12619.349574769667,14.552382895506497,2822,CP sum (prior-costed),1120861.3925002431,0.16071428571428573,0.3263157894736842
Costcla Credit Scoring Kaggle 2011,GradientBoosting,8,naive,867.1672306441501,12619.349574769667,14.552382895506497,2822,DKW sum (prior-costed),1151348.8070377624,0.1519756838905775,0.34210526315789475
Costcla Credit Scoring Kaggle 2011,GradientBoosting,8,naive,867.1672306441501,12619.349574769667,14.552382895506497,2822,CP minimax (prior-costed),1048643.8053620658,0.23214285714285715,0.21052631578947367
Costcla Credit Scoring Kaggle 2011,GradientBoosting,8,naive,867.1672306441501,12619.349574769667,14.552382895506497,2822,DKW minimax (prior-costed),1048643.8053620658,0.23214285714285715,0.21052631578947367
Costcla Credit Scoring Kaggle 2011,GradientBoosting,8,naive,867.1672306441501,12619.349574769667,14.552382895506497,2822,Oracle (test),1028817.3150078665,0.22340425531914893,0.21052631578947367
Costcla Credit Scoring Kaggle 2011,GradientBoosting,8,split,867.1672306441501,12619.349574769667,14.552382895506497,2822,Baseline,1886395.9477152468,0.010638297872340425,0.8157894736842105
Costcla Credit Scoring Kaggle 2011,GradientBoosting,8,split,867.1672306441501,12619.349574769667,14.552382895506497,2822,Threshold (cost),1095345.5695519294,0.20592705167173253,0.2578947368421053
Costcla Credit Scoring Kaggle 2011,GradientBoosting,8,split,867.1672306441501,12619.349574769667,14.552382895506497,2822,CP sum (uncosted),1089882.8451506034,0.2815349544072948,0.1736842105263158
Costcla Credit Scoring Kaggle 2011,GradientBoosting,8,split,867.1672306441501,12619.349574769667,14.552382895506497,2822,DKW sum (uncosted),1095345.5695519294,0.20592705167173253,0.2578947368421053
Costcla Credit Scoring Kaggle 2011,GradientBoosting,8,split,867.1672306441501,12619.349574769667,14.552382895506497,2822,CP minimax (uncosted),1087453.367308366,0.2803951367781155,0.1736842105263158
Costcla Credit Scoring Kaggle 2011,GradientBoosting,8,split,867.1672306441501,12619.349574769667,14.552382895506497,2822,DKW minimax (uncosted),1072884.90857484,0.2735562310030395,0.1736842105263158
Costcla Credit Scoring Kaggle 2011,GradientBoosting,8,split,867.1672306441501,12619.349574769667,14.552382895506497,2822,CP sum (costed),2091579.2459535813,0.9072948328267477,0.010526315789473684
Costcla Credit Scoring Kaggle 2011,GradientBoosting,8,split,867.1672306441501,12619.349574769667,14.552382895506497,2822,DKW sum (costed),2091579.2459535813,0.9072948328267477,0.010526315789473684
Costcla Credit Scoring Kaggle 2011,GradientBoosting,8,split,867.1672306441501,12619.349574769667,14.552382895506497,2822,CP minimax (costed),2273497.5372488145,0.9954407294832827,0.005263157894736842
Costcla Credit Scoring Kaggle 2011,GradientBoosting,8,split,867.1672306441501,12619.349574769667,14.552382895506497,2822,DKW minimax (costed),2273497.5372488145,0.9954407294832827,0.005263157894736842
Costcla Credit Scoring Kaggle 2011,GradientBoosting,8,split,867.1672306441501,12619.349574769667,14.552382895506497,2822,CP sum (prior-costed),1089882.8451506034,0.2815349544072948,0.1736842105263158
Costcla Credit Scoring Kaggle 2011,GradientBoosting,8,split,867.1672306441501,12619.349574769667,14.552382895506497,2822,DKW sum (prior-costed),1089882.8451506034,0.2815349544072948,0.1736842105263158
Costcla Credit Scoring Kaggle 2011,GradientBoosting,8,split,867.1672306441501,12619.349574769667,14.552382895506497,2822,CP minimax (prior-costed),1089882.8451506034,0.2815349544072948,0.1736842105263158
Costcla Credit Scoring Kaggle 2011,GradientBoosting,8,split,867.1672306441501,12619.349574769667,14.552382895506497,2822,DKW minimax (prior-costed),1087453.367308366,0.2803951367781155,0.1736842105263158
Costcla Credit Scoring Kaggle 2011,GradientBoosting,8,split,867.1672306441501,12619.349574769667,14.552382895506497,2822,Oracle (test),1071185.789437987,0.27279635258358664,0.1736842105263158
Costcla Credit Scoring Kaggle 2011,GradientBoosting,9,naive,864.6820463750163,12522.035613040396,14.481664868070519,2822,Baseline,1934216.738374679,0.013677811550151976,0.7736842105263158
Costcla Credit Scoring Kaggle 2011,GradientBoosting,9,naive,864.6820463750163,12522.035613040396,14.481664868070519,2822,Threshold (cost),1318071.7141471123,0.08548632218844984,0.4473684210526316
Costcla Credit Scoring Kaggle 2011,GradientBoosting,9,naive,864.6820463750163,12522.035613040396,14.481664868070519,2822,CP sum (uncosted),1318071.7141471123,0.08548632218844984,0.4473684210526316
Costcla Credit Scoring Kaggle 2011,GradientBoosting,9,naive,864.6820463750163,12522.035613040396,14.481664868070519,2822,DKW sum (uncosted),1318071.7141471123,0.08548632218844984,0.4473684210526316
Costcla Credit Scoring Kaggle 2011,GradientBoosting,9,naive,864.6820463750163,12522.035613040396,14.481664868070519,2822,CP minimax (uncosted),1101061.158859341,0.19908814589665655,0.2578947368421053
Costcla Credit Scoring Kaggle 2011,GradientBoosting,9,naive,864.6820463750163,12522.035613040396,14.481664868070519,2822,DKW minimax (uncosted),1103671.6741495542,0.20022796352583586,0.2578947368421053
Costcla Credit Scoring Kaggle 2011,GradientBoosting,9,naive,864.6820463750163,12522.035613040396,14.481664868070519,2822,CP sum (costed),1840542.6279109798,0.7298632218844985,0.06315789473684211
Costcla Credit Scoring Kaggle 2011,GradientBoosting,9,naive,864.6820463750163,12522.035613040396,14.481664868070519,2822,DKW sum (costed),1840542.6279109798,0.7298632218844985,0.06315789473684211
Costcla Credit Scoring Kaggle 2011,GradientBoosting,9,naive,864.6820463750163,12522.035613040396,14.481664868070519,2822,CP minimax (costed),1860130.2054895954,0.7838145896656535,0.02631578947368421
Costcla Credit Scoring Kaggle 2011,GradientBoosting,9,naive,864.6820463750163,12522.035613040396,14.481664868070519,2822,DKW minimax (costed),2127000.4111552075,0.918693009118541,0.010526315789473684
Costcla Credit Scoring Kaggle 2011,GradientBoosting,9,naive,864.6820463750163,12522.035613040396,14.481664868070519,2822,CP sum (prior-costed),1318071.7141471123,0.08548632218844984,0.4473684210526316
Costcla Credit Scoring Kaggle 2011,GradientBoosting,9,naive,864.6820463750163,12522.035613040396,14.481664868070519,2822,DKW sum (prior-costed),1318071.7141471123,0.08548632218844984,0.4473684210526316
Costcla Credit Scoring Kaggle 2011,GradientBoosting,9,naive,864.6820463750163,12522.035613040396,14.481664868070519,2822,CP minimax (prior-costed),1112252.9619140401,0.20402735562310031,0.2578947368421053
Costcla Credit Scoring Kaggle 2011,GradientBoosting,9,naive,864.6820463750163,12522.035613040396,14.481664868070519,2822,DKW minimax (prior-costed),1134272.4979506282,0.2135258358662614,0.2578947368421053
Costcla Credit Scoring Kaggle 2011,GradientBoosting,9,naive,864.6820463750163,12522.035613040396,14.481664868070519,2822,Oracle (test),1084123.966389076,0.1884498480243161,0.2631578947368421
Costcla Credit Scoring Kaggle 2011,GradientBoosting,9,split,864.6820463750163,12522.035613040396,14.481664868070519,2822,Baseline,2002361.5116758393,0.020516717325227963,0.8
Costcla Credit Scoring Kaggle 2011,GradientBoosting,9,split,864.6820463750163,12522.035613040396,14.481664868070519,2822,Threshold (cost),1166070.915748975,0.2507598784194529,0.23157894736842105
Costcla Credit Scoring Kaggle 2011,GradientBoosting,9,split,864.6820463750163,12522.035613040396,14.481664868070519,2822,CP sum (uncosted),1351314.0403530942,0.395516717325228,0.1631578947368421
Costcla Credit Scoring Kaggle 2011,GradientBoosting,9,split,864.6820463750163,12522.035613040396,14.481664868070519,2822,DKW sum (uncosted),1236853.145282596,0.32142857142857145,0.18421052631578946
Costcla Credit Scoring Kaggle 2011,GradientBoosting,9,split,864.6820463750163,12522.035613040396,14.481664868070519,2822,CP minimax (uncosted),1236853.145282596,0.32142857142857145,0.18421052631578946
Costcla Credit Scoring Kaggle 2011,GradientBoosting,9,split,864.6820463750163,12522.035613040396,14.481664868070519,2822,DKW minimax (uncosted),1234686.9406690365,0.3123100303951368,0.19473684210526315
Costcla Credit Scoring Kaggle 2011,GradientBoosting,9,split,864.6820463750163,12522.035613040396,14.481664868070519,2822,CP sum (costed),2266676.101550715,0.9973404255319149,0.0
Costcla Credit Scoring Kaggle 2011,GradientBoosting,9,split,864.6820463750163,12522.035613040396,14.481664868070519,2822,DKW sum (costed),2266676.101550715,0.9973404255319149,0.0
Costcla Credit Scoring Kaggle 2011,GradientBoosting,9,split,864.6820463750163,12522.035613040396,14.481664868070519,2822,CP minimax (costed),2268359.9746223344,0.9981003039513677,0.0
Costcla Credit Scoring Kaggle 2011,GradientBoosting,9,split,864.6820463750163,12522.035613040396,14.481664868070519,2822,DKW minimax (costed),2268359.9746223344,0.9981003039513677,0.0
Costcla Credit Scoring Kaggle 2011,GradientBoosting,9,split,864.6820463750163,12522.035613040396,14.481664868070519,2822,CP sum (prior-costed),1351314.0403530942,0.395516717325228,0.1631578947368421
Costcla Credit Scoring Kaggle 2011,GradientBoosting,9,split,864.6820463750163,12522.035613040396,14.481664868070519,2822,DKW sum (prior-costed),1351314.0403530942,0.395516717325228,0.1631578947368421
Costcla Credit Scoring Kaggle 2011,GradientBoosting,9,split,864.6820463750163,12522.035613040396,14.481664868070519,2822,CP minimax (prior-costed),1234467.1915469733,0.32864741641337386,0.17894736842105263
Costcla Credit Scoring Kaggle 2011,GradientBoosting,9,split,864.6820463750163,12522.035613040396,14.481664868070519,2822,DKW minimax (prior-costed),1236853.145282596,0.32142857142857145,0.18421052631578946
Costcla Credit Scoring Kaggle 2011,GradientBoosting,9,split,864.6820463750163,12522.035613040396,14.481664868070519,2822,Oracle (test),1140022.2072628567,0.23746200607902734,0.23684210526315788
Costcla Credit Scoring PAKDD 2009,Linear,0,naive,161.29322429906543,456.6853374707944,2.8313981536138253,1090,Baseline,158440.127,0.002564102564102564,0.9967741935483871
Costcla Credit Scoring PAKDD 2009,Linear,0,naive,161.29322429906543,456.6853374707944,2.8313981536138253,1090,Threshold (cost),151112.79700000002,0.04230769230769231,0.9
Costcla Credit Scoring PAKDD 2009,Linear,0,naive,161.29322429906543,456.6853374707944,2.8313981536138253,1090,CP sum (uncosted),135015.6575,0.4166666666666667,0.4774193548387097
Costcla Credit Scoring PAKDD 2009,Linear,0,naive,161.29322429906543,456.6853374707944,2.8313981536138253,1090,DKW sum (uncosted),135015.6575,0.4166666666666667,0.4774193548387097
Costcla Credit Scoring PAKDD 2009,Linear,0,naive,161.29322429906543,456.6853374707944,2.8313981536138253,1090,CP minimax (uncosted),135165.00749999998,0.41410256410256413,0.4806451612903226
Costcla Credit Scoring PAKDD 2009,Linear,0,naive,161.29322429906543,456.6853374707944,2.8313981536138253,1090,DKW minimax (uncosted),135165.00749999998,0.41410256410256413,0.4806451612903226
Costcla Credit Scoring PAKDD 2009,Linear,0,naive,161.29322429906543,456.6853374707944,2.8313981536138253,1090,CP sum (costed),128001.79000000001,0.9243589743589744,0.02903225806451613
Costcla Credit Scoring PAKDD 2009,Linear,0,naive,161.29322429906543,456.6853374707944,2.8313981536138253,1090,DKW sum (costed),121285.32250000001,0.7512820512820513,0.14516129032258066
Costcla Credit Scoring PAKDD 2009,Linear,0,naive,161.29322429906543,456.6853374707944,2.8313981536138253,1090,CP minimax (costed),124105.725,0.7102564102564103,0.19032258064516128
Costcla Credit Scoring PAKDD 2009,Linear,0,naive,161.29322429906543,456.6853374707944,2.8313981536138253,1090,DKW minimax (costed),124105.725,0.7102564102564103,0.19032258064516128
Costcla Credit Scoring PAKDD 2009,Linear,0,naive,161.29322429906543,456.6853374707944,2.8313981536138253,1090,CP sum (prior-costed),158235.9395,0.002564102564102564,0.9935483870967742
Costcla Credit Scoring PAKDD 2009,Linear,0,naive,161.29322429906543,456.6853374707944,2.8313981536138253,1090,DKW sum (prior-costed),143525.127,0.14743589743589744,0.7516129032258064
Costcla Credit Scoring PAKDD 2009,Linear,0,naive,161.29322429906543,456.6853374707944,2.8313981536138253,1090,CP minimax (prior-costed),140435.2295,0.33205128205128204,0.5645161290322581
Costcla Credit Scoring PAKDD 2009,Linear,0,naive,161.29322429906543,456.6853374707944,2.8313981536138253,1090,DKW minimax (prior-costed),141215.682,0.3269230769230769,0.5741935483870968
Costcla Credit Scoring PAKDD 2009,Linear,0,naive,161.29322429906543,456.6853374707944,2.8313981536138253,1090,Oracle (test),115459.4125,0.7653846153846153,0.12580645161290321
Costcla Credit Scoring PAKDD 2009,Linear,0,split,161.29322429906543,456.6853374707944,2.8313981536138253,1090,Baseline,158050.3145,0.005128205128205128,0.9903225806451613
Costcla Credit Scoring PAKDD 2009,Linear,0,split,161.29322429906543,456.6853374707944,2.8313981536138253,1090,Threshold (cost),157573.3595,0.008974358974358974,0.9741935483870968
Costcla Credit Scoring PAKDD 2009,Linear,0,split,161.29322429906543,456.6853374707944,2.8313981536138253,1090,CP sum (uncosted),158235.9395,0.005128205128205128,0.9935483870967742
Costcla Credit Scoring PAKDD 2009,Linear,0,split,161.29322429906543,456.6853374707944,2.8313981536138253,1090,DKW sum (uncosted),140551.7145,0.308974358974359,0.5967741935483871
Costcla Credit Scoring PAKDD 2009,Linear,0,split,161.29322429906543,456.6853374707944,2.8313981536138253,1090,CP minimax (uncosted),133078.577,0.47307692307692306,0.432258064516129
Costcla Credit Scoring PAKDD 2009,Linear,0,split,161.29322429906543,456.6853374707944,2.8313981536138253,1090,DKW minimax (uncosted),133078.577,0.47307692307692306,0.432258064516129
Costcla Credit Scoring PAKDD 2009,Linear,0,split,161.29322429906543,456.6853374707944,2.8313981536138253,1090,CP sum (costed),126547.61499999999,0.9192307692307692,0.025806451612903226
Costcla Credit Scoring PAKDD 2009,Linear,0,split,161.29322429906543,456.6853374707944,2.8313981536138253,1090,DKW sum (costed),126547.61499999999,0.9192307692307692,0.025806451612903226
Costcla Credit Scoring PAKDD 2009,Linear,0,split,161.29322429906543,456.6853374707944,2.8313981536138253,1090,CP minimax (costed),124623.6,0.8782051282051282,0.04516129032258064
Costcla Credit Scoring PAKDD 2009,Linear,0,split,161.29322429906543,456.6853374707944,2.8313981536138253,1090,DKW minimax (costed),124623.6,0.8782051282051282,0.04516129032258064
Costcla Credit Scoring PAKDD 2009,Linear,0,split,161.29322429906543,456.6853374707944,2.8313981536138253,1090,CP sum (prior-costed),158235.9395,0.005128205128205128,0.9935483870967742
Costcla Credit Scoring PAKDD 2009,Linear,0,split,161.29322429906543,456.6853374707944,2.8313981536138253,1090,DKW sum (prior-costed),158235.9395,0.005128205128205128,0.9935483870967742
Costcla Credit Scoring PAKDD 2009,Linear,0,split,161.29322429906543,456.6853374707944,2.8313981536138253,1090,CP minimax (prior-costed),140251.7345,0.3564102564102564,0.5709677419354838
Costcla Credit Scoring PAKDD 2009,Linear,0,split,161.29322429906543,456.6853374707944,2.8313981536138253,1090,DKW minimax (prior-costed),140251.7345,0.3564102564102564,0.5709677419354838
Costcla Credit Scoring PAKDD 2009,Linear,0,split,161.29322429906543,456.6853374707944,2.8313981536138253,1090,Oracle (test),114657.865,0.7217948717948718,0.14838709677419354
Costcla Credit Scoring PAKDD 2009,Linear,1,naive,173.71728971962617,475.6058768691589,2.7378154335516673,1090,Baseline,150149.3895,0.001282051282051282,1.0
Costcla Credit Scoring PAKDD 2009,Linear,1,naive,173.71728971962617,475.6058768691589,2.7378154335516673,1090,Threshold (cost),142199.112,0.07179487179487179,0.867741935483871
Costcla Credit Scoring PAKDD 2009,Linear,1,naive,173.71728971962617,475.6058768691589,2.7378154335516673,1090,CP sum (uncosted),114674.75,0.3038461538461538,0.535483870967742
Costcla Credit Scoring PAKDD 2009,Linear,1,naive,173.71728971962617,475.6058768691589,2.7378154335516673,1090,DKW sum (uncosted),114674.75,0.3038461538461538,0.535483870967742
Costcla Credit Scoring PAKDD 2009,Linear,1,naive,173.71728971962617,475.6058768691589,2.7378154335516673,1090,CP minimax (uncosted),111215.48000000001,0.41410256410256413,0.4290322580645161
Costcla Credit Scoring PAKDD 2009,Linear,1,naive,173.71728971962617,475.6058768691589,2.7378154335516673,1090,DKW minimax (uncosted),111018.655,0.40384615384615385,0.43548387096774194
Costcla Credit Scoring PAKDD 2009,Linear,1,naive,173.71728971962617,475.6058768691589,2.7378154335516673,1090,CP sum (costed),124226.66500000001,0.9320512820512821,0.03225806451612903
Costcla Credit Scoring PAKDD 2009,Linear,1,naive,173.71728971962617,475.6058768691589,2.7378154335516673,1090,DKW sum (costed),113958.8875,0.7153846153846154,0.15161290322580645
Costcla Credit Scoring PAKDD 2009,Linear,1,naive,173.71728971962617,475.6058768691589,2.7378154335516673,1090,CP minimax (costed),113762.64,0.6679487179487179,0.1967741935483871
Costcla Credit Scoring PAKDD 2009,Linear,1,naive,173.71728971962617,475.6058768691589,2.7378154335516673,1090,DKW minimax (costed),113762.64,0.6679487179487179,0.1967741935483871
Costcla Credit Scoring PAKDD 2009,Linear,1,naive,173.71728971962617,475.6058768691589,2.7378154335516673,1090,CP sum (prior-costed),137472.7395,0.11923076923076924,0.7774193548387097
Costcla Credit Scoring PAKDD 2009,Linear,1,naive,173.71728971962617,475.6058768691589,2.7378154335516673,1090,DKW sum (prior-costed),137472.7395,0.11923076923076924,0.7774193548387097
Costcla Credit Scoring PAKDD 2009,Linear,1,naive,173.71728971962617,475.6058768691589,2.7378154335516673,1090,CP minimax (prior-costed),115607.89,0.3243589743589744,0.5225806451612903
Costcla Credit Scoring PAKDD 2009,Linear,1,naive,173.71728971962617,475.6058768691589,2.7378154335516673,1090,DKW minimax (prior-costed),115238.94,0.3153846153846154,0.5258064516129032
Costcla Credit Scoring PAKDD 2009,Linear,1,naive,173.71728971962617,475.6058768691589,2.7378154335516673,1090,Oracle (test),106298.5775,0.6089743589743589,0.22903225806451613
Costcla Credit Scoring PAKDD 2009,Linear,1,split,173.71728971962617,475.6058768691589,2.7378154335516673,1090,Baseline,150220.3895,0.001282051282051282,1.0
Costcla Credit Scoring PAKDD 2009,Linear,1,split,173.71728971962617,475.6058768691589,2.7378154335516673,1090,Threshold (cost),150329.562,0.02435897435897436,0.964516129032258
Costcla Credit Scoring PAKDD 2009,Linear,1,split,173.71728971962617,475.6058768691589,2.7378154335516673,1090,CP sum (uncosted),150220.3895,0.001282051282051282,1.0
Costcla Credit Scoring PAKDD 2009,Linear,1,split,173.71728971962617,475.6058768691589,2.7378154335516673,1090,DKW sum (uncosted),128849.397,0.2282051282051282,0.6548387096774193
Costcla Credit Scoring PAKDD 2009,Linear,1,split,173.71728971962617,475.6058768691589,2.7378154335516673,1090,CP minimax (uncosted),111887.01999999999,0.4423076923076923,0.3774193548387097
Costcla Credit Scoring PAKDD 2009,Linear,1,split,173.71728971962617,475.6058768691589,2.7378154335516673,1090,DKW minimax (uncosted),111121.37,0.42435897435897435,0.3935483870967742
Costcla Credit Scoring PAKDD 2009,Linear,1,split,173.71728971962617,475.6058768691589,2.7378154335516673,1090,CP sum (costed),120115.1525,0.8564102564102564,0.06451612903225806
Costcla Credit Scoring PAKDD 2009,Linear,1,split,173.71728971962617,475.6058768691589,2.7378154335516673,1090,DKW sum (costed),120115.1525,0.8564102564102564,0.06451612903225806
Costcla Credit Scoring PAKDD 2009,Linear,1,split,173.71728971962617,475.6058768691589,2.7378154335516673,1090,CP minimax (costed),118938.1525,0.8474358974358974,0.06451612903225806
Costcla Credit Scoring PAKDD 2009,Linear,1,split,173.71728971962617,475.6058768691589,2.7378154335516673,1090,DKW minimax (costed),119756.205,0.823076923076923,0.08709677419354839
Costcla Credit Scoring PAKDD 2009,Linear,1,split,173.71728971962617,475.6058768691589,2.7378154335516673,1090,CP sum (prior-costed),150220.3895,0.001282051282051282,1.0
Costcla Credit Scoring PAKDD 2009,Linear,1,split,173.71728971962617,475.6058768691589,2.7378154335516673,1090,DKW sum (prior-costed),150220.3895,0.001282051282051282,1.0
Costcla Credit Scoring PAKDD 2009,Linear,1,split,173.71728971962617,475.6058768691589,2.7378154335516673,1090,CP minimax (prior-costed),116882.3145,0.31794871794871793,0.5290322580645161
Costcla Credit Scoring PAKDD 2009,Linear,1,split,173.71728971962617,475.6058768691589,2.7378154335516673,1090,DKW minimax (prior-costed),116882.3145,0.31794871794871793,0.5290322580645161
Costcla Credit Scoring PAKDD 2009,Linear,1,split,173.71728971962617,475.6058768691589,2.7378154335516673,1090,Oracle (test),107842.01000000001,0.5692307692307692,0.2645161290322581
Costcla Credit Scoring PAKDD 2009,Linear,2,naive,156.22196261682242,449.9236866238318,2.8800283845325523,1090,Baseline,159367.527,0.0,0.9967741935483871
Costcla Credit Scoring PAKDD 2009,Linear,2,naive,156.22196261682242,449.9236866238318,2.8800283845325523,1090,Threshold (cost),147467.7145,0.0858974358974359,0.8290322580645161
Costcla Credit Scoring PAKDD 2009,Linear,2,naive,156.22196261682242,449.9236866238318,2.8800283845325523,1090,CP sum (uncosted),127997.9725,0.37564102564102564,0.44516129032258067
Costcla Credit Scoring PAKDD 2009,Linear,2,naive,156.22196261682242,449.9236866238318,2.8800283845325523,1090,DKW sum (uncosted),127997.9725,0.37564102564102564,0.44516129032258067
Costcla Credit Scoring PAKDD 2009,Linear,2,naive,156.22196261682242,449.9236866238318,2.8800283845325523,1090,CP minimax (uncosted),127997.9725,0.37564102564102564,0.44516129032258067
Costcla Credit Scoring PAKDD 2009,Linear,2,naive,156.22196261682242,449.9236866238318,2.8800283845325523,1090,DKW minimax (uncosted),127997.9725,0.37435897435897436,0.44516129032258067
Costcla Credit Scoring PAKDD 2009,Linear,2,naive,156.22196261682242,449.9236866238318,2.8800283845325523,1090,CP sum (costed),123796.0025,0.8705128205128205,0.054838709677419356
Costcla Credit Scoring PAKDD 2009,Linear,2,naive,156.22196261682242,449.9236866238318,2.8800283845325523,1090,DKW sum (costed),119711.32500000001,0.7230769230769231,0.15161290322580645
Costcla Credit Scoring PAKDD 2009,Linear,2,naive,156.22196261682242,449.9236866238318,2.8800283845325523,1090,CP minimax (costed),129464.8425,0.6743589743589744,0.22258064516129034
Costcla Credit Scoring PAKDD 2009,Linear,2,naive,156.22196261682242,449.9236866238318,2.8800283845325523,1090,DKW minimax (costed),129464.8425,0.6743589743589744,0.22258064516129034
Costcla Credit Scoring PAKDD 2009,Linear,2,naive,156.22196261682242,449.9236866238318,2.8800283845325523,1090,CP sum (prior-costed),159367.527,0.0,0.9967741935483871
Costcla Credit Scoring PAKDD 2009,Linear,2,naive,156.22196261682242,449.9236866238318,2.8800283845325523,1090,DKW sum (prior-costed),138257.052,0.2128205128205128,0.6451612903225806
Costcla Credit Scoring PAKDD 2009,Linear,2,naive,156.22196261682242,449.9236866238318,2.8800283845325523,1090,CP minimax (prior-costed),132531.085,0.3128205128205128,0.5064516129032258
Costcla Credit Scoring PAKDD 2009,Linear,2,naive,156.22196261682242,449.9236866238318,2.8800283845325523,1090,DKW minimax (prior-costed),132054.71,0.3,0.5096774193548387
Costcla Credit Scoring PAKDD 2009,Linear,2,naive,156.22196261682242,449.9236866238318,2.8800283845325523,1090,Oracle (test),115318.265,0.7307692307692307,0.14193548387096774
Costcla Credit Scoring PAKDD 2009,Linear,2,split,156.22196261682242,449.9236866238318,2.8800283845325523,1090,Baseline,159367.527,0.0,0.9967741935483871
Costcla Credit Scoring PAKDD 2009,Linear,2,split,156.22196261682242,449.9236866238318,2.8800283845325523,1090,Threshold (cost),156841.35950000002,0.03717948717948718,0.9516129032258065
Costcla Credit Scoring PAKDD 2009,Linear,2,split,156.22196261682242,449.9236866238318,2.8800283845325523,1090,CP sum (uncosted),159508.522,0.00641025641025641,0.9870967741935484
Costcla Credit Scoring PAKDD 2009,Linear,2,split,156.22196261682242,449.9236866238318,2.8800283845325523,1090,DKW sum (uncosted),155415.2045,0.04487179487179487,0.9290322580645162
Costcla Credit Scoring PAKDD 2009,Linear,2,split,156.22196261682242,449.9236866238318,2.8800283845325523,1090,CP minimax (uncosted),130915.42749999999,0.5038461538461538,0.3741935483870968
Costcla Credit Scoring PAKDD 2009,Linear,2,split,156.22196261682242,449.9236866238318,2.8800283845325523,1090,DKW minimax (uncosted),128933.1825,0.4807692307692308,0.38387096774193546
Costcla Credit Scoring PAKDD 2009,Linear,2,split,156.22196261682242,449.9236866238318,2.8800283845325523,1090,CP sum (costed),130614.285,0.9333333333333333,0.03225806451612903
Costcla Credit Scoring PAKDD 2009,Linear,2,split,156.22196261682242,449.9236866238318,2.8800283845325523,1090,DKW sum (costed),130614.285,0.9333333333333333,0.03225806451612903
Costcla Credit Scoring PAKDD 2009,Linear,2,split,156.22196261682242,449.9236866238318,2.8800283845325523,1090,CP minimax (costed),130506.45,0.9,0.04516129032258064
Costcla Credit Scoring PAKDD 2009,Linear,2,split,156.22196261682242,449.9236866238318,2.8800283845325523,1090,DKW minimax (costed),130506.45,0.9,0.04516129032258064
Costcla Credit Scoring PAKDD 2009,Linear,2,split,156.22196261682242,449.9236866238318,2.8800283845325523,1090,CP sum (prior-costed),159508.522,0.00641025641025641,0.9870967741935484
Costcla Credit Scoring PAKDD 2009,Linear,2,split,156.22196261682242,449.9236866238318,2.8800283845325523,1090,DKW sum (prior-costed),156841.35950000002,0.03717948717948718,0.9516129032258065
Costcla Credit Scoring PAKDD 2009,Linear,2,split,156.22196261682242,449.9236866238318,2.8800283845325523,1090,CP minimax (prior-costed),124540.84,0.39871794871794874,0.4290322580645161
Costcla Credit Scoring PAKDD 2009,Linear,2,split,156.22196261682242,449.9236866238318,2.8800283845325523,1090,DKW minimax (prior-costed),125708.7375,0.3487179487179487,0.45161290322580644
Costcla Credit Scoring PAKDD 2009,Linear,2,split,156.22196261682242,449.9236866238318,2.8800283845325523,1090,Oracle (test),121082.08,0.7269230769230769,0.14838709677419354
Costcla Credit Scoring PAKDD 2009,Linear,3,naive,170.02803738317758,470.199531396028,2.7654235068089372,1090,Baseline,151301.007,0.0,1.0
Costcla Credit Scoring PAKDD 2009,Linear,3,naive,170.02803738317758,470.199531396028,2.7654235068089372,1090,Threshold (cost),134638.197,0.09358974358974359,0.7483870967741936
Costcla Credit Scoring PAKDD 2009,Linear,3,naive,170.02803738317758,470.199531396028,2.7654235068089372,1090,CP sum (uncosted),134540.34949999998,0.10128205128205128,0.7225806451612903
Costcla Credit Scoring PAKDD 2009,Linear,3,naive,170.02803738317758,470.199531396028,2.7654235068089372,1090,DKW sum (uncosted),111144.7875,0.3871794871794872,0.4
Costcla Credit Scoring PAKDD 2009,Linear,3,naive,170.02803738317758,470.199531396028,2.7654235068089372,1090,CP minimax (uncosted),112077.495,0.4076923076923077,0.3903225806451613
Costcla Credit Scoring PAKDD 2009,Linear,3,naive,170.02803738317758,470.199531396028,2.7654235068089372,1090,DKW minimax (uncosted),111155.7875,0.38974358974358975,0.4
Costcla Credit Scoring PAKDD 2009,Linear,3,naive,170.02803738317758,470.199531396028,2.7654235068089372,1090,CP sum (costed),120325.54000000001,0.9243589743589744,0.012903225806451613
Costcla Credit Scoring PAKDD 2009,Linear,3,naive,170.02803738317758,470.199531396028,2.7654235068089372,1090,DKW sum (costed),110697.6825,0.6551282051282051,0.18064516129032257
Costcla Credit Scoring PAKDD 2009,Linear,3,naive,170.02803738317758,470.199531396028,2.7654235068089372,1090,CP minimax (costed),110697.6825,0.6551282051282051,0.18064516129032257
Costcla Credit Scoring PAKDD 2009,Linear,3,naive,170.02803738317758,470.199531396028,2.7654235068089372,1090,DKW minimax (costed),110697.6825,0.6551282051282051,0.18064516129032257
Costcla Credit Scoring PAKDD 2009,Linear,3,naive,170.02803738317758,470.199531396028,2.7654235068089372,1090,CP sum (prior-costed),134638.197,0.09358974358974359,0.7483870967741936
Costcla Credit Scoring PAKDD 2009,Linear,3,naive,170.02803738317758,470.199531396028,2.7654235068089372,1090,DKW sum (prior-costed),134540.34949999998,0.10128205128205128,0.7225806451612903
Costcla Credit Scoring PAKDD 2009,Linear,3,naive,170.02803738317758,470.199531396028,2.7654235068089372,1090,CP minimax (prior-costed),109947.27249999999,0.33205128205128204,0.44193548387096776
Costcla Credit Scoring PAKDD 2009,Linear,3,naive,170.02803738317758,470.199531396028,2.7654235068089372,1090,DKW minimax (prior-costed),109060.45,0.3269230769230769,0.44516129032258067
Costcla Credit Scoring PAKDD 2009,Linear,3,naive,170.02803738317758,470.199531396028,2.7654235068089372,1090,Oracle (test),106124.54000000001,0.6935897435897436,0.13870967741935483
Costcla Credit Scoring PAKDD 2009,Linear,3,split,170.02803738317758,470.199531396028,2.7654235068089372,1090,Baseline,151301.007,0.0,1.0
Costcla Credit Scoring PAKDD 2009,Linear,3,split,170.02803738317758,470.199531396028,2.7654235068089372,1090,Threshold (cost),140443.61450000003,0.038461538461538464,0.8548387096774194
Costcla Credit Scoring PAKDD 2009,Linear,3,split,170.02803738317758,470.199531396028,2.7654235068089372,1090,CP sum (uncosted),151301.007,0.0,1.0
Costcla Credit Scoring PAKDD 2009,Linear,3,split,170.02803738317758,470.199531396028,2.7654235068089372,1090,DKW sum (uncosted),116086.977,0.3294871794871795,0.45161290322580644
Costcla Credit Scoring PAKDD 2009,Linear,3,split,170.02803738317758,470.199531396028,2.7654235068089372,1090,CP minimax (uncosted),111281.20999999999,0.5051282051282051,0.3
Costcla Credit Scoring PAKDD 2009,Linear,3,split,170.02803738317758,470.199531396028,2.7654235068089372,1090,DKW minimax (uncosted),111281.20999999999,0.5051282051282051,0.3
Costcla Credit Scoring PAKDD 2009,Linear,3,split,170.02803738317758,470.199531396028,2.7654235068089372,1090,CP sum (costed),126211.375,0.9756410256410256,0.0064516129032258064
Costcla Credit Scoring PAKDD 2009,Linear,3,split,170.02803738317758,470.199531396028,2.7654235068089372,1090,DKW sum (costed),111215.33499999999,0.7269230769230769,0.11935483870967742
Costcla Credit Scoring PAKDD 2009,Linear,3,split,170.02803738317758,470.199531396028,2.7654235068089372,1090,CP minimax (costed),116554.23999999999,0.8769230769230769,0.041935483870967745
Costcla Credit Scoring PAKDD 2009,Linear,3,split,170.02803738317758,470.199531396028,2.7654235068089372,1090,DKW minimax (costed),116554.23999999999,0.8769230769230769,0.041935483870967745
Costcla Credit Scoring PAKDD 2009,Linear,3,split,170.02803738317758,470.199531396028,2.7654235068089372,1090,CP sum (prior-costed),151301.007,0.0,1.0
Costcla Credit Scoring PAKDD 2009,Linear,3,split,170.02803738317758,470.199531396028,2.7654235068089372,1090,DKW sum (prior-costed),151301.007,0.0,1.0
Costcla Credit Scoring PAKDD 2009,Linear,3,split,170.02803738317758,470.199531396028,2.7654235068089372,1090,CP minimax (prior-costed),115175.95449999999,0.36538461538461536,0.41935483870967744
Costcla Credit Scoring PAKDD 2009,Linear,3,split,170.02803738317758,470.199531396028,2.7654235068089372,1090,DKW minimax (prior-costed),115175.95449999999,0.36538461538461536,0.41935483870967744
Costcla Credit Scoring PAKDD 2009,Linear,3,split,170.02803738317758,470.199531396028,2.7654235068089372,1090,Oracle (test),108250.7375,0.676923076923077,0.15483870967741936
Costcla Credit Scoring PAKDD 2009,Linear,4,naive,166.05023364485982,463.8173709112149,2.7932352802538354,1090,Baseline,154336.347,0.0,1.0
Costcla Credit Scoring PAKDD 2009,Linear,4,naive,166.05023364485982,463.8173709112149,2.7932352802538354,1090,Threshold (cost),142314.347,0.03205128205128205,0.8935483870967742
Costcla Credit Scoring PAKDD 2009,Linear,4,naive,166.05023364485982,463.8173709112149,2.7932352802538354,1090,CP sum (uncosted),133865.372,0.2230769230769231,0.6290322580645161
Costcla Credit Scoring PAKDD 2009,Linear,4,naive,166.05023364485982,463.8173709112149,2.7932352802538354,1090,DKW sum (uncosted),133865.372,0.2230769230769231,0.6290322580645161
Costcla Credit Scoring PAKDD 2009,Linear,4,naive,166.05023364485982,463.8173709112149,2.7932352802538354,1090,CP minimax (uncosted),123346.92499999999,0.44871794871794873,0.4032258064516129
Costcla Credit Scoring PAKDD 2009,Linear,4,naive,166.05023364485982,463.8173709112149,2.7932352802538354,1090,DKW minimax (uncosted),123310.92499999999,0.44358974358974357,0.4032258064516129
Costcla Credit Scoring PAKDD 2009,Linear,4,naive,166.05023364485982,463.8173709112149,2.7932352802538354,1090,CP sum (costed),124161.0175,0.9371794871794872,0.016129032258064516
Costcla Credit Scoring PAKDD 2009,Linear,4,naive,166.05023364485982,463.8173709112149,2.7932352802538354,1090,DKW sum (costed),116594.1525,0.8910256410256411,0.035483870967741936
Costcla Credit Scoring PAKDD 2009,Linear,4,naive,166.05023364485982,463.8173709112149,2.7932352802538354,1090,CP minimax (costed),111829.9525,0.7102564102564103,0.13870967741935483
Costcla Credit Scoring PAKDD 2009,Linear,4,naive,166.05023364485982,463.8173709112149,2.7932352802538354,1090,DKW minimax (costed),111811.9525,0.7025641025641025,0.14193548387096774
Costcla Credit Scoring PAKDD 2009,Linear,4,naive,166.05023364485982,463.8173709112149,2.7932352802538354,1090,CP sum (prior-costed),142314.347,0.03205128205128205,0.8935483870967742
Costcla Credit Scoring PAKDD 2009,Linear,4,naive,166.05023364485982,463.8173709112149,2.7932352802538354,1090,DKW sum (prior-costed),133865.372,0.2230769230769231,0.6290322580645161
Costcla Credit Scoring PAKDD 2009,Linear,4,naive,166.05023364485982,463.8173709112149,2.7932352802538354,1090,CP minimax (prior-costed),127728.91,0.37435897435897436,0.4870967741935484
Costcla Credit Scoring PAKDD 2009,Linear,4,naive,166.05023364485982,463.8173709112149,2.7932352802538354,1090,DKW minimax (prior-costed),127749.5325,0.35384615384615387,0.5032258064516129
Costcla Credit Scoring PAKDD 2009,Linear,4,naive,166.05023364485982,463.8173709112149,2.7932352802538354,1090,Oracle (test),109643.465,0.6756410256410257,0.15483870967741936
Costcla Credit Scoring PAKDD 2009,Linear,4,split,166.05023364485982,463.8173709112149,2.7932352802538354,1090,Baseline,154336.347,0.001282051282051282,1.0
Costcla Credit Scoring PAKDD 2009,Linear,4,split,166.05023364485982,463.8173709112149,2.7932352802538354,1090,Threshold (cost),142942.7545,0.021794871794871794,0.9064516129032258
Costcla Credit Scoring PAKDD 2009,Linear,4,split,166.05023364485982,463.8173709112149,2.7932352802538354,1090,CP sum (uncosted),154336.347,0.001282051282051282,1.0
Costcla Credit Scoring PAKDD 2009,Linear,4,split,166.05023364485982,463.8173709112149,2.7932352802538354,1090,DKW sum (uncosted),140129.1845,0.12179487179487179,0.7774193548387097
Costcla Credit Scoring PAKDD 2009,Linear,4,split,166.05023364485982,463.8173709112149,2.7932352802538354,1090,CP minimax (uncosted),127222.41500000001,0.4846153846153846,0.3709677419354839
Costcla Credit Scoring PAKDD 2009,Linear,4,split,166.05023364485982,463.8173709112149,2.7932352802538354,1090,DKW minimax (uncosted),127726.1575,0.47435897435897434,0.3903225806451613
Costcla Credit Scoring PAKDD 2009,Linear,4,split,166.05023364485982,463.8173709112149,2.7932352802538354,1090,CP sum (costed),123861.18,0.926923076923077,0.012903225806451613
Costcla Credit Scoring PAKDD 2009,Linear,4,split,166.05023364485982,463.8173709112149,2.7932352802538354,1090,DKW sum (costed),123861.18,0.926923076923077,0.012903225806451613
Costcla Credit Scoring PAKDD 2009,Linear,4,split,166.05023364485982,463.8173709112149,2.7932352802538354,1090,CP minimax (costed),121722.82,0.8987179487179487,0.041935483870967745
Costcla Credit Scoring PAKDD 2009,Linear,4,split,166.05023364485982,463.8173709112149,2.7932352802538354,1090,DKW minimax (costed),121140.85500000001,0.8628205128205129,0.06451612903225806
Costcla Credit Scoring PAKDD 2009,Linear,4,split,166.05023364485982,463.8173709112149,2.7932352802538354,1090,CP sum (prior-costed),154336.347,0.001282051282051282,1.0
Costcla Credit Scoring PAKDD 2009,Linear,4,split,166.05023364485982,463.8173709112149,2.7932352802538354,1090,DKW sum (prior-costed),154336.347,0.001282051282051282,1.0
Costcla Credit Scoring PAKDD 2009,Linear,4,split,166.05023364485982,463.8173709112149,2.7932352802538354,1090,CP minimax (prior-costed),125858.5075,0.4153846153846154,0.432258064516129
Costcla Credit Scoring PAKDD 2009,Linear,4,split,166.05023364485982,463.8173709112149,2.7932352802538354,1090,DKW minimax (prior-costed),125858.5075,0.4153846153846154,0.432258064516129
Costcla Credit Scoring PAKDD 2009,Linear,4,split,166.05023364485982,463.8173709112149,2.7932352802538354,1090,Oracle (test),110271.5525,0.7448717948717949,0.13225806451612904
Costcla Credit Scoring PAKDD 2009,Linear,5,naive,149.86214953271028,438.9493024240654,2.929020461756131,1090,Baseline,163996.7175,0.0,1.0
Costcla Credit Scoring PAKDD 2009,Linear,5,naive,149.86214953271028,438.9493024240654,2.929020461756131,1090,Threshold (cost),153794.975,0.047435897435897434,0.8516129032258064
Costcla Credit Scoring PAKDD 2009,Linear,5,naive,149.86214953271028,438.9493024240654,2.929020461756131,1090,CP sum (uncosted),127689.1725,0.4935897435897436,0.3193548387096774
Costcla Credit Scoring PAKDD 2009,Linear,5,naive,149.86214953271028,438.9493024240654,2.929020461756131,1090,DKW sum (uncosted),125109.09,0.4256410256410256,0.3774193548387097
Costcla Credit Scoring PAKDD 2009,Linear,5,naive,149.86214953271028,438.9493024240654,2.929020461756131,1090,CP minimax (uncosted),123467.085,0.382051282051282,0.4161290322580645
Costcla Credit Scoring PAKDD 2009,Linear,5,naive,149.86214953271028,438.9493024240654,2.929020461756131,1090,DKW minimax (uncosted),122656.085,0.3717948717948718,0.4161290322580645
Costcla Credit Scoring PAKDD 2009,Linear,5,naive,149.86214953271028,438.9493024240654,2.929020461756131,1090,CP sum (costed),130479.3375,0.9,0.04838709677419355
Costcla Credit Scoring PAKDD 2009,Linear,5,naive,149.86214953271028,438.9493024240654,2.929020461756131,1090,DKW sum (costed),130685.90250000001,0.5371794871794872,0.3064516129032258
Costcla Credit Scoring PAKDD 2009,Linear,5,naive,149.86214953271028,438.9493024240654,2.929020461756131,1090,CP minimax (costed),124473.1725,0.6974358974358974,0.1870967741935484
Costcla Credit Scoring PAKDD 2009,Linear,5,naive,149.86214953271028,438.9493024240654,2.929020461756131,1090,DKW minimax (costed),124473.1725,0.6974358974358974,0.1870967741935484
Costcla Credit Scoring PAKDD 2009,Linear,5,naive,149.86214953271028,438.9493024240654,2.929020461756131,1090,CP sum (prior-costed),163640.3175,0.0,0.9967741935483871
Costcla Credit Scoring PAKDD 2009,Linear,5,naive,149.86214953271028,438.9493024240654,2.929020461756131,1090,DKW sum (prior-costed),143318.6725,0.1141025641025641,0.7258064516129032
Costcla Credit Scoring PAKDD 2009,Linear,5,naive,149.86214953271028,438.9493024240654,2.929020461756131,1090,CP minimax (prior-costed),125376.905,0.3153846153846154,0.5129032258064516
Costcla Credit Scoring PAKDD 2009,Linear,5,naive,149.86214953271028,438.9493024240654,2.929020461756131,1090,DKW minimax (prior-costed),125607.055,0.31153846153846154,0.5193548387096775
Costcla Credit Scoring PAKDD 2009,Linear,5,naive,149.86214953271028,438.9493024240654,2.929020461756131,1090,Oracle (test),119545.49,0.7705128205128206,0.11612903225806452
Costcla Credit Scoring PAKDD 2009,Linear,5,split,149.86214953271028,438.9493024240654,2.929020461756131,1090,Baseline,163046.3175,0.0,0.9967741935483871
Costcla Credit Scoring PAKDD 2009,Linear,5,split,149.86214953271028,438.9493024240654,2.929020461756131,1090,Threshold (cost),160015.47499999998,0.002564102564102564,0.9774193548387097
Costcla Credit Scoring PAKDD 2009,Linear,5,split,149.86214953271028,438.9493024240654,2.929020461756131,1090,CP sum (uncosted),162689.91749999998,0.0,0.9935483870967742
Costcla Credit Scoring PAKDD 2009,Linear,5,split,149.86214953271028,438.9493024240654,2.929020461756131,1090,DKW sum (uncosted),162689.91749999998,0.0,0.9935483870967742
Costcla Credit Scoring PAKDD 2009,Linear,5,split,149.86214953271028,438.9493024240654,2.929020461756131,1090,CP minimax (uncosted),116781.5425,0.5064102564102564,0.3
Costcla Credit Scoring PAKDD 2009,Linear,5,split,149.86214953271028,438.9493024240654,2.929020461756131,1090,DKW minimax (uncosted),116781.5425,0.5064102564102564,0.3
Costcla Credit Scoring PAKDD 2009,Linear,5,split,149.86214953271028,438.9493024240654,2.929020461756131,1090,CP sum (costed),127527.775,0.8897435897435897,0.041935483870967745
Costcla Credit Scoring PAKDD 2009,Linear,5,split,149.86214953271028,438.9493024240654,2.929020461756131,1090,DKW sum (costed),127527.775,0.8897435897435897,0.041935483870967745
Costcla Credit Scoring PAKDD 2009,Linear,5,split,149.86214953271028,438.9493024240654,2.929020461756131,1090,CP minimax (costed),126552.92749999999,0.8717948717948718,0.054838709677419356
Costcla Credit Scoring PAKDD 2009,Linear,5,split,149.86214953271028,438.9493024240654,2.929020461756131,1090,DKW minimax (costed),126552.92749999999,0.8717948717948718,0.054838709677419356
Costcla Credit Scoring PAKDD 2009,Linear,5,split,149.86214953271028,438.9493024240654,2.929020461756131,1090,CP sum (prior-costed),162689.91749999998,0.0,0.9935483870967742
Costcla Credit Scoring PAKDD 2009,Linear,5,split,149.86214953271028,438.9493024240654,2.929020461756131,1090,DKW sum (prior-costed),162689.91749999998,0.0,0.9935483870967742
Costcla Credit Scoring PAKDD 2009,Linear,5,split,149.86214953271028,438.9493024240654,2.929020461756131,1090,CP minimax (prior-costed),116840.155,0.4115384615384615,0.3741935483870968
Costcla Credit Scoring PAKDD 2009,Linear,5,split,149.86214953271028,438.9493024240654,2.929020461756131,1090,DKW minimax (prior-costed),118321.7475,0.40512820512820513,0.38387096774193546
Costcla Credit Scoring PAKDD 2009,Linear,5,split,149.86214953271028,438.9493024240654,2.929020461756131,1090,Oracle (test),113860.16,0.46282051282051284,0.3225806451612903
Costcla Credit Scoring PAKDD 2009,Linear,6,naive,173.86098130841123,475.39629410046723,2.734347238367209,1090,Baseline,150790.9095,0.0,1.0
Costcla Credit Scoring PAKDD 2009,Linear,6,naive,173.86098130841123,475.39629410046723,2.734347238367209,1090,Threshold (cost),140321.702,0.06538461538461539,0.8516129032258064
Costcla Credit Scoring PAKDD 2009,Linear,6,naive,173.86098130841123,475.39629410046723,2.734347238367209,1090,CP sum (uncosted),110826.3575,0.6474358974358975,0.2161290322580645
Costcla Credit Scoring PAKDD 2009,Linear,6,naive,173.86098130841123,475.39629410046723,2.734347238367209,1090,DKW sum (uncosted),122153.10750000001,0.3371794871794872,0.4967741935483871
Costcla Credit Scoring PAKDD 2009,Linear,6,naive,173.86098130841123,475.39629410046723,2.734347238367209,1090,CP minimax (uncosted),116535.6175,0.46794871794871795,0.3709677419354839
Costcla Credit Scoring PAKDD 2009,Linear,6,naive,173.86098130841123,475.39629410046723,2.734347238367209,1090,DKW minimax (uncosted),117167.48499999999,0.4666666666666667,0.3741935483870968
Costcla Credit Scoring PAKDD 2009,Linear,6,naive,173.86098130841123,475.39629410046723,2.734347238367209,1090,CP sum (costed),120159.985,0.8948717948717949,0.04516129032258064
Costcla Credit Scoring PAKDD 2009,Linear,6,naive,173.86098130841123,475.39629410046723,2.734347238367209,1090,DKW sum (costed),111958.75,0.732051282051282,0.16774193548387098
Costcla Credit Scoring PAKDD 2009,Linear,6,naive,173.86098130841123,475.39629410046723,2.734347238367209,1090,CP minimax (costed),110826.3575,0.6474358974358975,0.2161290322580645
Costcla Credit Scoring PAKDD 2009,Linear,6,naive,173.86098130841123,475.39629410046723,2.734347238367209,1090,DKW minimax (costed),112582.3575,0.6602564102564102,0.2161290322580645
Costcla Credit Scoring PAKDD 2009,Linear,6,naive,173.86098130841123,475.39629410046723,2.734347238367209,1090,CP sum (prior-costed),138442.19199999998,0.0782051282051282,0.8354838709677419
Costcla Credit Scoring PAKDD 2009,Linear,6,naive,173.86098130841123,475.39629410046723,2.734347238367209,1090,DKW sum (prior-costed),136330.217,0.10128205128205128,0.7967741935483871
Costcla Credit Scoring PAKDD 2009,Linear,6,naive,173.86098130841123,475.39629410046723,2.734347238367209,1090,CP minimax (prior-costed),123052.7575,0.3435897435897436,0.49032258064516127
Costcla Credit Scoring PAKDD 2009,Linear,6,naive,173.86098130841123,475.39629410046723,2.734347238367209,1090,DKW minimax (prior-costed),122153.10750000001,0.3371794871794872,0.4967741935483871
Costcla Credit Scoring PAKDD 2009,Linear,6,naive,173.86098130841123,475.39629410046723,2.734347238367209,1090,Oracle (test),108057.63500000001,0.558974358974359,0.2709677419354839
Costcla Credit Scoring PAKDD 2009,Linear,6,split,173.86098130841123,475.39629410046723,2.734347238367209,1090,Baseline,150100.3845,0.0,0.9935483870967742
Costcla Credit Scoring PAKDD 2009,Linear,6,split,173.86098130841123,475.39629410046723,2.734347238367209,1090,Threshold (cost),129061.4245,0.16025641025641027,0.7225806451612903
Costcla Credit Scoring PAKDD 2009,Linear,6,split,173.86098130841123,475.39629410046723,2.734347238367209,1090,CP sum (uncosted),127173.7875,0.22692307692307692,0.6419354838709678
Costcla Credit Scoring PAKDD 2009,Linear,6,split,173.86098130841123,475.39629410046723,2.734347238367209,1090,DKW sum (uncosted),127173.7875,0.22692307692307692,0.6419354838709678
Costcla Credit Scoring PAKDD 2009,Linear,6,split,173.86098130841123,475.39629410046723,2.734347238367209,1090,CP minimax (uncosted),113653.91,0.5538461538461539,0.31290322580645163
Costcla Credit Scoring PAKDD 2009,Linear,6,split,173.86098130841123,475.39629410046723,2.734347238367209,1090,DKW minimax (uncosted),113653.91,0.5538461538461539,0.31290322580645163
Costcla Credit Scoring PAKDD 2009,Linear,6,split,173.86098130841123,475.39629410046723,2.734347238367209,1090,CP sum (costed),123568.305,0.9846153846153847,0.0064516129032258064
Costcla Credit Scoring PAKDD 2009,Linear,6,split,173.86098130841123,475.39629410046723,2.734347238367209,1090,DKW sum (costed),123568.305,0.9846153846153847,0.0064516129032258064
Costcla Credit Scoring PAKDD 2009,Linear,6,split,173.86098130841123,475.39629410046723,2.734347238367209,1090,CP minimax (costed),122976.07,0.941025641025641,0.02903225806451613
Costcla Credit Scoring PAKDD 2009,Linear,6,split,173.86098130841123,475.39629410046723,2.734347238367209,1090,DKW minimax (costed),122775.6875,0.8884615384615384,0.07419354838709677
Costcla Credit Scoring PAKDD 2009,Linear,6,split,173.86098130841123,475.39629410046723,2.734347238367209,1090,CP sum (prior-costed),150149.3845,0.0038461538461538464,0.9935483870967742
Costcla Credit Scoring PAKDD 2009,Linear,6,split,173.86098130841123,475.39629410046723,2.734347238367209,1090,DKW sum (prior-costed),127173.7875,0.22692307692307692,0.6419354838709678
Costcla Credit Scoring PAKDD 2009,Linear,6,split,173.86098130841123,475.39629410046723,2.734347238367209,1090,CP minimax (prior-costed),117467.29750000002,0.31794871794871793,0.5064516129032258
Costcla Credit Scoring PAKDD 2009,Linear,6,split,173.86098130841123,475.39629410046723,2.734347238367209,1090,DKW minimax (prior-costed),117788.05750000001,0.31794871794871793,0.5096774193548387
Costcla Credit Scoring PAKDD 2009,Linear,6,split,173.86098130841123,475.39629410046723,2.734347238367209,1090,Oracle (test),108616.8925,0.6166666666666667,0.24193548387096775
Costcla Credit Scoring PAKDD 2009,Linear,7,naive,158.90654205607476,454.4229243574766,2.8596866968329118,1090,Baseline,154921.1045,0.001282051282051282,0.9967741935483871
Costcla Credit Scoring PAKDD 2009,Linear,7,naive,158.90654205607476,454.4229243574766,2.8596866968329118,1090,Threshold (cost),145631.1295,0.10384615384615385,0.7935483870967742
Costcla Credit Scoring PAKDD 2009,Linear,7,naive,158.90654205607476,454.4229243574766,2.8596866968329118,1090,CP sum (uncosted),115317.8,0.6628205128205128,0.17419354838709677
Costcla Credit Scoring PAKDD 2009,Linear,7,naive,158.90654205607476,454.4229243574766,2.8596866968329118,1090,DKW sum (uncosted),115854.757,0.382051282051282,0.4483870967741935
Costcla Credit Scoring PAKDD 2009,Linear,7,naive,158.90654205607476,454.4229243574766,2.8596866968329118,1090,CP minimax (uncosted),116955.515,0.4858974358974359,0.34838709677419355
Costcla Credit Scoring PAKDD 2009,Linear,7,naive,158.90654205607476,454.4229243574766,2.8596866968329118,1090,DKW minimax (uncosted),116632.965,0.4666666666666667,0.36129032258064514
Costcla Credit Scoring PAKDD 2009,Linear,7,naive,158.90654205607476,454.4229243574766,2.8596866968329118,1090,CP sum (costed),130802.0075,0.8884615384615384,0.041935483870967745
Costcla Credit Scoring PAKDD 2009,Linear,7,naive,158.90654205607476,454.4229243574766,2.8596866968329118,1090,DKW sum (costed),115317.8,0.6628205128205128,0.17419354838709677
Costcla Credit Scoring PAKDD 2009,Linear,7,naive,158.90654205607476,454.4229243574766,2.8596866968329118,1090,CP minimax (costed),114039.75,0.6538461538461539,0.1870967741935484
Costcla Credit Scoring PAKDD 2009,Linear,7,naive,158.90654205607476,454.4229243574766,2.8596866968329118,1090,DKW minimax (costed),115343.705,0.6564102564102564,0.18387096774193548
Costcla Credit Scoring PAKDD 2009,Linear,7,naive,158.90654205607476,454.4229243574766,2.8596866968329118,1090,CP sum (prior-costed),154944.1045,0.002564102564102564,0.9967741935483871
Costcla Credit Scoring PAKDD 2009,Linear,7,naive,158.90654205607476,454.4229243574766,2.8596866968329118,1090,DKW sum (prior-costed),145048.1545,0.12307692307692308,0.7741935483870968
Costcla Credit Scoring PAKDD 2009,Linear,7,naive,158.90654205607476,454.4229243574766,2.8596866968329118,1090,CP minimax (prior-costed),118749.2295,0.3730769230769231,0.4612903225806452
Costcla Credit Scoring PAKDD 2009,Linear,7,naive,158.90654205607476,454.4229243574766,2.8596866968329118,1090,DKW minimax (prior-costed),121216.057,0.367948717948718,0.47419354838709676
Costcla Credit Scoring PAKDD 2009,Linear,7,naive,158.90654205607476,454.4229243574766,2.8596866968329118,1090,Oracle (test),111916.3425,0.6115384615384616,0.2064516129032258
Costcla Credit Scoring PAKDD 2009,Linear,7,split,158.90654205607476,454.4229243574766,2.8596866968329118,1090,Baseline,155682.962,0.002564102564102564,0.9870967741935484
Costcla Credit Scoring PAKDD 2009,Linear,7,split,158.90654205607476,454.4229243574766,2.8596866968329118,1090,Threshold (cost),154136.0745,0.016666666666666666,0.9548387096774194
Costcla Credit Scoring PAKDD 2009,Linear,7,split,158.90654205607476,454.4229243574766,2.8596866968329118,1090,CP sum (uncosted),154112.8545,0.0,0.9903225806451613
Costcla Credit Scoring PAKDD 2009,Linear,7,split,158.90654205607476,454.4229243574766,2.8596866968329118,1090,DKW sum (uncosted),154112.8545,0.0,0.9903225806451613
Costcla Credit Scoring PAKDD 2009,Linear,7,split,158.90654205607476,454.4229243574766,2.8596866968329118,1090,CP minimax (uncosted),115570.78700000001,0.5679487179487179,0.27741935483870966
Costcla Credit Scoring PAKDD 2009,Linear,7,split,158.90654205607476,454.4229243574766,2.8596866968329118,1090,DKW minimax (uncosted),114152.78700000001,0.5602564102564103,0.27741935483870966
Costcla Credit Scoring PAKDD 2009,Linear,7,split,158.90654205607476,454.4229243574766,2.8596866968329118,1090,CP sum (costed),133084.055,0.9653846153846154,0.016129032258064516
Costcla Credit Scoring PAKDD 2009,Linear,7,split,158.90654205607476,454.4229243574766,2.8596866968329118,1090,DKW sum (costed),133084.055,0.9653846153846154,0.016129032258064516
Costcla Credit Scoring PAKDD 2009,Linear,7,split,158.90654205607476,454.4229243574766,2.8596866968329118,1090,CP minimax (costed),132765.055,0.9602564102564103,0.016129032258064516
Costcla Credit Scoring PAKDD 2009,Linear,7,split,158.90654205607476,454.4229243574766,2.8596866968329118,1090,DKW minimax (costed),135661.755,0.95,0.025806451612903226
Costcla Credit Scoring PAKDD 2009,Linear,7,split,158.90654205607476,454.4229243574766,2.8596866968329118,1090,CP sum (prior-costed),154112.8545,0.0,0.9903225806451613
Costcla Credit Scoring PAKDD 2009,Linear,7,split,158.90654205607476,454.4229243574766,2.8596866968329118,1090,DKW sum (prior-costed),154112.8545,0.0,0.9903225806451613
Costcla Credit Scoring PAKDD 2009,Linear,7,split,158.90654205607476,454.4229243574766,2.8596866968329118,1090,CP minimax (prior-costed),137516.082,0.4217948717948718,0.5
Costcla Credit Scoring PAKDD 2009,Linear,7,split,158.90654205607476,454.4229243574766,2.8596866968329118,1090,DKW minimax (prior-costed),137516.082,0.4205128205128205,0.5
Costcla Credit Scoring PAKDD 2009,Linear,7,split,158.90654205607476,454.4229243574766,2.8596866968329118,1090,Oracle (test),113505.8945,0.5679487179487179,0.27419354838709675
Costcla Credit Scoring PAKDD 2009,Linear,8,naive,161.18457943925233,456.92085569509345,2.8347678002739647,1090,Baseline,156935.8395,0.0,1.0
Costcla Credit Scoring PAKDD 2009,Linear,8,naive,161.18457943925233,456.92085569509345,2.8347678002739647,1090,Threshold (cost),156110.86950000003,0.047435897435897434,0.9451612903225807
Costcla Credit Scoring PAKDD 2009,Linear,8,naive,161.18457943925233,456.92085569509345,2.8347678002739647,1090,CP sum (uncosted),142168.9725,0.18846153846153846,0.7645161290322581
Costcla Credit Scoring PAKDD 2009,Linear,8,naive,161.18457943925233,456.92085569509345,2.8347678002739647,1090,DKW sum (uncosted),142168.9725,0.18846153846153846,0.7645161290322581
Costcla Credit Scoring PAKDD 2009,Linear,8,naive,161.18457943925233,456.92085569509345,2.8347678002739647,1090,CP minimax (uncosted),119546.345,0.4794871794871795,0.34838709677419355
Costcla Credit Scoring PAKDD 2009,Linear,8,naive,161.18457943925233,456.92085569509345,2.8347678002739647,1090,DKW minimax (uncosted),118144.845,0.47435897435897434,0.3580645161290323
Costcla Credit Scoring PAKDD 2009,Linear,8,naive,161.18457943925233,456.92085569509345,2.8347678002739647,1090,CP sum (costed),129064.25,0.9782051282051282,0.0032258064516129032
Costcla Credit Scoring PAKDD 2009,Linear,8,naive,161.18457943925233,456.92085569509345,2.8347678002739647,1090,DKW sum (costed),129064.25,0.9782051282051282,0.0032258064516129032
Costcla Credit Scoring PAKDD 2009,Linear,8,naive,161.18457943925233,456.92085569509345,2.8347678002739647,1090,CP minimax (costed),118349.5625,0.7474358974358974,0.14193548387096774
Costcla Credit Scoring PAKDD 2009,Linear,8,naive,161.18457943925233,456.92085569509345,2.8347678002739647,1090,DKW minimax (costed),118260.5625,0.7461538461538462,0.14193548387096774
Costcla Credit Scoring PAKDD 2009,Linear,8,naive,161.18457943925233,456.92085569509345,2.8347678002739647,1090,CP sum (prior-costed),156935.8395,0.0,1.0
Costcla Credit Scoring PAKDD 2009,Linear,8,naive,161.18457943925233,456.92085569509345,2.8347678002739647,1090,DKW sum (prior-costed),142168.9725,0.18846153846153846,0.7645161290322581
Costcla Credit Scoring PAKDD 2009,Linear,8,naive,161.18457943925233,456.92085569509345,2.8347678002739647,1090,CP minimax (prior-costed),123324.01,0.35128205128205126,0.5
Costcla Credit Scoring PAKDD 2009,Linear,8,naive,161.18457943925233,456.92085569509345,2.8347678002739647,1090,DKW minimax (prior-costed),124459.05500000001,0.3435897435897436,0.5129032258064516
Costcla Credit Scoring PAKDD 2009,Linear,8,naive,161.18457943925233,456.92085569509345,2.8347678002739647,1090,Oracle (test),113700.4775,0.6269230769230769,0.2032258064516129
Costcla Credit Scoring PAKDD 2009,Linear,8,split,161.18457943925233,456.92085569509345,2.8347678002739647,1090,Baseline,156935.8395,0.0,1.0
Costcla Credit Scoring PAKDD 2009,Linear,8,split,161.18457943925233,456.92085569509345,2.8347678002739647,1090,Threshold (cost),159650.0895,0.01282051282051282,0.9967741935483871
Costcla Credit Scoring PAKDD 2009,Linear,8,split,161.18457943925233,456.92085569509345,2.8347678002739647,1090,CP sum (uncosted),159650.0895,0.01282051282051282,0.9967741935483871
Costcla Credit Scoring PAKDD 2009,Linear,8,split,161.18457943925233,456.92085569509345,2.8347678002739647,1090,DKW sum (uncosted),159650.0895,0.01282051282051282,0.9967741935483871
Costcla Credit Scoring PAKDD 2009,Linear,8,split,161.18457943925233,456.92085569509345,2.8347678002739647,1090,CP minimax (uncosted),130907.5375,0.5448717948717948,0.42258064516129035
Costcla Credit Scoring PAKDD 2009,Linear,8,split,161.18457943925233,456.92085569509345,2.8347678002739647,1090,DKW minimax (uncosted),131202.595,0.5358974358974359,0.43870967741935485
Costcla Credit Scoring PAKDD 2009,Linear,8,split,161.18457943925233,456.92085569509345,2.8347678002739647,1090,CP sum (costed),129400.12,0.882051282051282,0.07419354838709677
Costcla Credit Scoring PAKDD 2009,Linear,8,split,161.18457943925233,456.92085569509345,2.8347678002739647,1090,DKW sum (costed),129400.12,0.882051282051282,0.07419354838709677
Costcla Credit Scoring PAKDD 2009,Linear,8,split,161.18457943925233,456.92085569509345,2.8347678002739647,1090,CP minimax (costed),129153.1125,0.8666666666666667,0.08064516129032258
Costcla Credit Scoring PAKDD 2009,Linear,8,split,161.18457943925233,456.92085569509345,2.8347678002739647,1090,DKW minimax (costed),129153.1125,0.8666666666666667,0.08064516129032258
Costcla Credit Scoring PAKDD 2009,Linear,8,split,161.18457943925233,456.92085569509345,2.8347678002739647,1090,CP sum (prior-costed),159650.0895,0.01282051282051282,0.9967741935483871
Costcla Credit Scoring PAKDD 2009,Linear,8,split,161.18457943925233,456.92085569509345,2.8347678002739647,1090,DKW sum (prior-costed),159650.0895,0.01282051282051282,0.9967741935483871
Costcla Credit Scoring PAKDD 2009,Linear,8,split,161.18457943925233,456.92085569509345,2.8347678002739647,1090,CP minimax (prior-costed),137907.05,0.3628205128205128,0.6064516129032258
Costcla Credit Scoring PAKDD 2009,Linear,8,split,161.18457943925233,456.92085569509345,2.8347678002739647,1090,DKW minimax (prior-costed),138181.225,0.36666666666666664,0.603225806451613
Costcla Credit Scoring PAKDD 2009,Linear,8,split,161.18457943925233,456.92085569509345,2.8347678002739647,1090,Oracle (test),117029.0625,0.6794871794871795,0.24193548387096775
Costcla Credit Scoring PAKDD 2009,Linear,9,naive,166.37383177570092,463.01285134345795,2.782966806749242,1090,Baseline,154393.5195,0.0,1.0
Costcla Credit Scoring PAKDD 2009,Linear,9,naive,166.37383177570092,463.01285134345795,2.782966806749242,1090,Threshold (cost),148240.4945,0.04487179487179487,0.9258064516129032
Costcla Credit Scoring PAKDD 2009,Linear,9,naive,166.37383177570092,463.01285134345795,2.782966806749242,1090,CP sum (uncosted),119974.365,0.5115384615384615,0.35161290322580646
Costcla Credit Scoring PAKDD 2009,Linear,9,naive,166.37383177570092,463.01285134345795,2.782966806749242,1090,DKW sum (uncosted),119974.365,0.5115384615384615,0.35161290322580646
Costcla Credit Scoring PAKDD 2009,Linear,9,naive,166.37383177570092,463.01285134345795,2.782966806749242,1090,CP minimax (uncosted),122101.35,0.4461538461538462,0.4129032258064516
Costcla Credit Scoring PAKDD 2009,Linear,9,naive,166.37383177570092,463.01285134345795,2.782966806749242,1090,DKW minimax (uncosted),122856.2825,0.43333333333333335,0.4290322580645161
Costcla Credit Scoring PAKDD 2009,Linear,9,naive,166.37383177570092,463.01285134345795,2.782966806749242,1090,CP sum (costed),122487.575,0.9230769230769231,0.01935483870967742
Costcla Credit Scoring PAKDD 2009,Linear,9,naive,166.37383177570092,463.01285134345795,2.782966806749242,1090,DKW sum (costed),122487.575,0.9230769230769231,0.01935483870967742
Costcla Credit Scoring PAKDD 2009,Linear,9,naive,166.37383177570092,463.01285134345795,2.782966806749242,1090,CP minimax (costed),108781.785,0.7141025641025641,0.14516129032258066
Costcla Credit Scoring PAKDD 2009,Linear,9,naive,166.37383177570092,463.01285134345795,2.782966806749242,1090,DKW minimax (costed),110957.6475,0.6961538461538461,0.16451612903225807
Costcla Credit Scoring PAKDD 2009,Linear,9,naive,166.37383177570092,463.01285134345795,2.782966806749242,1090,CP sum (prior-costed),154416.5195,0.002564102564102564,1.0
Costcla Credit Scoring PAKDD 2009,Linear,9,naive,166.37383177570092,463.01285134345795,2.782966806749242,1090,DKW sum (prior-costed),143045.712,0.05641025641025641,0.8774193548387097
Costcla Credit Scoring PAKDD 2009,Linear,9,naive,166.37383177570092,463.01285134345795,2.782966806749242,1090,CP minimax (prior-costed),125113.527,0.32051282051282054,0.5032258064516129
Costcla Credit Scoring PAKDD 2009,Linear,9,naive,166.37383177570092,463.01285134345795,2.782966806749242,1090,DKW minimax (prior-costed),126804.257,0.30512820512820515,0.5193548387096775
Costcla Credit Scoring PAKDD 2009,Linear,9,naive,166.37383177570092,463.01285134345795,2.782966806749242,1090,Oracle (test),107756.79000000001,0.7230769230769231,0.12903225806451613
Costcla Credit Scoring PAKDD 2009,Linear,9,split,166.37383177570092,463.01285134345795,2.782966806749242,1090,Baseline,154393.5195,0.0,1.0
Costcla Credit Scoring PAKDD 2009,Linear,9,split,166.37383177570092,463.01285134345795,2.782966806749242,1090,Threshold (cost),153313.93700000003,0.014102564102564103,0.9774193548387097
Costcla Credit Scoring PAKDD 2009,Linear,9,split,166.37383177570092,463.01285134345795,2.782966806749242,1090,CP sum (uncosted),153687.43949999998,0.010256410256410256,0.9903225806451613
Costcla Credit Scoring PAKDD 2009,Linear,9,split,166.37383177570092,463.01285134345795,2.782966806749242,1090,DKW sum (uncosted),153687.43949999998,0.010256410256410256,0.9903225806451613
Costcla Credit Scoring PAKDD 2009,Linear,9,split,166.37383177570092,463.01285134345795,2.782966806749242,1090,CP minimax (uncosted),111516.4025,0.5628205128205128,0.2967741935483871
Costcla Credit Scoring PAKDD 2009,Linear,9,split,166.37383177570092,463.01285134345795,2.782966806749242,1090,DKW minimax (uncosted),111516.4025,0.5628205128205128,0.2967741935483871
Costcla Credit Scoring PAKDD 2009,Linear,9,split,166.37383177570092,463.01285134345795,2.782966806749242,1090,CP sum (costed),125997.41500000001,0.941025641025641,0.01935483870967742
Costcla Credit Scoring PAKDD 2009,Linear,9,split,166.37383177570092,463.01285134345795,2.782966806749242,1090,DKW sum (costed),125997.41500000001,0.941025641025641,0.01935483870967742
Costcla Credit Scoring PAKDD 2009,Linear,9,split,166.37383177570092,463.01285134345795,2.782966806749242,1090,CP minimax (costed),121520.4525,0.9064102564102564,0.025806451612903226
Costcla Credit Scoring PAKDD 2009,Linear,9,split,166.37383177570092,463.01285134345795,2.782966806749242,1090,DKW minimax (costed),116844.85500000001,0.8615384615384616,0.05161290322580645
Costcla Credit Scoring PAKDD 2009,Linear,9,split,166.37383177570092,463.01285134345795,2.782966806749242,1090,CP sum (prior-costed),153687.43949999998,0.010256410256410256,0.9903225806451613
Costcla Credit Scoring PAKDD 2009,Linear,9,split,166.37383177570092,463.01285134345795,2.782966806749242,1090,DKW sum (prior-costed),153687.43949999998,0.010256410256410256,0.9903225806451613
Costcla Credit Scoring PAKDD 2009,Linear,9,split,166.37383177570092,463.01285134345795,2.782966806749242,1090,CP minimax (prior-costed),113626.4625,0.3730769230769231,0.44516129032258067
Costcla Credit Scoring PAKDD 2009,Linear,9,split,166.37383177570092,463.01285134345795,2.782966806749242,1090,DKW minimax (prior-costed),113626.4625,0.3730769230769231,0.44516129032258067
Costcla Credit Scoring PAKDD 2009,Linear,9,split,166.37383177570092,463.01285134345795,2.782966806749242,1090,Oracle (test),108694.9725,0.7346153846153847,0.12903225806451613
Costcla Credit Scoring PAKDD 2009,LDA,0,naive,161.29322429906543,456.6853374707944,2.8313981536138253,1090,Baseline,158235.9395,0.0038461538461538464,0.9935483870967742
Costcla Credit Scoring PAKDD 2009,LDA,0,naive,161.29322429906543,456.6853374707944,2.8313981536138253,1090,Threshold (cost),152607.16449999998,0.028205128205128206,0.9290322580645162
Costcla Credit Scoring PAKDD 2009,LDA,0,naive,161.29322429906543,456.6853374707944,2.8313981536138253,1090,CP sum (uncosted),138045.412,0.3487179487179487,0.535483870967742
Costcla Credit Scoring PAKDD 2009,LDA,0,naive,161.29322429906543,456.6853374707944,2.8313981536138253,1090,DKW sum (uncosted),138045.412,0.3487179487179487,0.535483870967742
Costcla Credit Scoring PAKDD 2009,LDA,0,naive,161.29322429906543,456.6853374707944,2.8313981536138253,1090,CP minimax (uncosted),137779.07,0.4012820512820513,0.49032258064516127
Costcla Credit Scoring PAKDD 2009,LDA,0,naive,161.29322429906543,456.6853374707944,2.8313981536138253,1090,DKW minimax (uncosted),137181.995,0.3858974358974359,0.5
Costcla Credit Scoring PAKDD 2009,LDA,0,naive,161.29322429906543,456.6853374707944,2.8313981536138253,1090,CP sum (costed),133902.33250000002,0.9423076923076923,0.05161290322580645
Costcla Credit Scoring PAKDD 2009,LDA,0,naive,161.29322429906543,456.6853374707944,2.8313981536138253,1090,DKW sum (costed),129186.785,0.8128205128205128,0.12258064516129032
Costcla Credit Scoring PAKDD 2009,LDA,0,naive,161.29322429906543,456.6853374707944,2.8313981536138253,1090,CP minimax (costed),124079.92,0.7153846153846154,0.1967741935483871
Costcla Credit Scoring PAKDD 2009,LDA,0,naive,161.29322429906543,456.6853374707944,2.8313981536138253,1090,DKW minimax (costed),124079.92,0.7153846153846154,0.1967741935483871
Costcla Credit Scoring PAKDD 2009,LDA,0,naive,161.29322429906543,456.6853374707944,2.8313981536138253,1090,CP sum (prior-costed),152607.16449999998,0.028205128205128206,0.9290322580645162
Costcla Credit Scoring PAKDD 2009,LDA,0,naive,161.29322429906543,456.6853374707944,2.8313981536138253,1090,DKW sum (prior-costed),141934.30950000003,0.1782051282051282,0.7225806451612903
Costcla Credit Scoring PAKDD 2009,LDA,0,naive,161.29322429906543,456.6853374707944,2.8313981536138253,1090,CP minimax (prior-costed),137684.562,0.33589743589743587,0.5483870967741935
Costcla Credit Scoring PAKDD 2009,LDA,0,naive,161.29322429906543,456.6853374707944,2.8313981536138253,1090,DKW minimax (prior-costed),137494.562,0.3346153846153846,0.5483870967741935
Costcla Credit Scoring PAKDD 2009,LDA,0,naive,161.29322429906543,456.6853374707944,2.8313981536138253,1090,Oracle (test),119933.3125,0.7371794871794872,0.16129032258064516
Costcla Credit Scoring PAKDD 2009,LDA,0,split,161.29322429906543,456.6853374707944,2.8313981536138253,1090,Baseline,157698.4595,0.008974358974358974,0.9838709677419355
Costcla Credit Scoring PAKDD 2009,LDA,0,split,161.29322429906543,456.6853374707944,2.8313981536138253,1090,Threshold (cost),158451.2645,0.0038461538461538464,0.9967741935483871
Costcla Credit Scoring PAKDD 2009,LDA,0,split,161.29322429906543,456.6853374707944,2.8313981536138253,1090,CP sum (uncosted),158655.452,0.0038461538461538464,1.0
Costcla Credit Scoring PAKDD 2009,LDA,0,split,161.29322429906543,456.6853374707944,2.8313981536138253,1090,DKW sum (uncosted),140489.10450000002,0.47307692307692306,0.47419354838709676
Costcla Credit Scoring PAKDD 2009,LDA,0,split,161.29322429906543,456.6853374707944,2.8313981536138253,1090,CP minimax (uncosted),139859.88450000001,0.44743589743589746,0.4967741935483871
Costcla Credit Scoring PAKDD 2009,LDA,0,split,161.29322429906543,456.6853374707944,2.8313981536138253,1090,DKW minimax (uncosted),139164.6245,0.4423076923076923,0.5032258064516129
Costcla Credit Scoring PAKDD 2009,LDA,0,split,161.29322429906543,456.6853374707944,2.8313981536138253,1090,CP sum (costed),127702.20999999999,0.9205128205128205,0.04838709677419355
Costcla Credit Scoring PAKDD 2009,LDA,0,split,161.29322429906543,456.6853374707944,2.8313981536138253,1090,DKW sum (costed),127702.20999999999,0.9205128205128205,0.04838709677419355
Costcla Credit Scoring PAKDD 2009,LDA,0,split,161.29322429906543,456.6853374707944,2.8313981536138253,1090,CP minimax (costed),124142.8675,0.8589743589743589,0.07096774193548387
Costcla Credit Scoring PAKDD 2009,LDA,0,split,161.29322429906543,456.6853374707944,2.8313981536138253,1090,DKW minimax (costed),124142.8675,0.8589743589743589,0.07096774193548387
Costcla Credit Scoring PAKDD 2009,LDA,0,split,161.29322429906543,456.6853374707944,2.8313981536138253,1090,CP sum (prior-costed),158655.452,0.0038461538461538464,1.0
Costcla Credit Scoring PAKDD 2009,LDA,0,split,161.29322429906543,456.6853374707944,2.8313981536138253,1090,DKW sum (prior-costed),158655.452,0.0038461538461538464,1.0
Costcla Credit Scoring PAKDD 2009,LDA,0,split,161.29322429906543,456.6853374707944,2.8313981536138253,1090,CP minimax (prior-costed),138547.91950000002,0.33974358974358976,0.5774193548387097
Costcla Credit Scoring PAKDD 2009,LDA,0,split,161.29322429906543,456.6853374707944,2.8313981536138253,1090,DKW minimax (prior-costed),139591.132,0.33974358974358976,0.5806451612903226
Costcla Credit Scoring PAKDD 2009,LDA,0,split,161.29322429906543,456.6853374707944,2.8313981536138253,1090,Oracle (test),122287.22750000001,0.8435897435897436,0.07741935483870968
Costcla Credit Scoring PAKDD 2009,LDA,1,naive,173.71728971962617,475.6058768691589,2.7378154335516673,1090,Baseline,149021.9595,0.011538461538461539,0.9870967741935484
Costcla Credit Scoring PAKDD 2009,LDA,1,naive,173.71728971962617,475.6058768691589,2.7378154335516673,1090,Threshold (cost),138934.5895,0.07564102564102564,0.8516129032258064
Costcla Credit Scoring PAKDD 2009,LDA,1,naive,173.71728971962617,475.6058768691589,2.7378154335516673,1090,CP sum (uncosted),134610.7545,0.19230769230769232,0.6838709677419355
Costcla Credit Scoring PAKDD 2009,LDA,1,naive,173.71728971962617,475.6058768691589,2.7378154335516673,1090,DKW sum (uncosted),133625.777,0.22179487179487178,0.6548387096774193
Costcla Credit Scoring PAKDD 2009,LDA,1,naive,173.71728971962617,475.6058768691589,2.7378154335516673,1090,CP minimax (uncosted),108502.54250000001,0.43333333333333335,0.3967741935483871
Costcla Credit Scoring PAKDD 2009,LDA,1,naive,173.71728971962617,475.6058768691589,2.7378154335516673,1090,DKW minimax (uncosted),108343.995,0.4256410256410256,0.4
Costcla Credit Scoring PAKDD 2009,LDA,1,naive,173.71728971962617,475.6058768691589,2.7378154335516673,1090,CP sum (costed),119007.99,0.8974358974358975,0.035483870967741936
Costcla Credit Scoring PAKDD 2009,LDA,1,naive,173.71728971962617,475.6058768691589,2.7378154335516673,1090,DKW sum (costed),113003.2425,0.6051282051282051,0.25806451612903225
Costcla Credit Scoring PAKDD 2009,LDA,1,naive,173.71728971962617,475.6058768691589,2.7378154335516673,1090,CP minimax (costed),113295.5675,0.6115384615384616,0.24838709677419354
Costcla Credit Scoring PAKDD 2009,LDA,1,naive,173.71728971962617,475.6058768691589,2.7378154335516673,1090,DKW minimax (costed),114191.5675,0.6205128205128205,0.24838709677419354
Costcla Credit Scoring PAKDD 2009,LDA,1,naive,173.71728971962617,475.6058768691589,2.7378154335516673,1090,CP sum (prior-costed),139268.7145,0.07435897435897436,0.8548387096774194
Costcla Credit Scoring PAKDD 2009,LDA,1,naive,173.71728971962617,475.6058768691589,2.7378154335516673,1090,DKW sum (prior-costed),134610.7545,0.19230769230769232,0.6838709677419355
Costcla Credit Scoring PAKDD 2009,LDA,1,naive,173.71728971962617,475.6058768691589,2.7378154335516673,1090,CP minimax (prior-costed),113362.5975,0.3371794871794872,0.5032258064516129
Costcla Credit Scoring PAKDD 2009,LDA,1,naive,173.71728971962617,475.6058768691589,2.7378154335516673,1090,DKW minimax (prior-costed),114449.9975,0.3333333333333333,0.5161290322580645
Costcla Credit Scoring PAKDD 2009,LDA,1,naive,173.71728971962617,475.6058768691589,2.7378154335516673,1090,Oracle (test),106507.995,0.4115384615384615,0.4032258064516129
Costcla Credit Scoring PAKDD 2009,LDA,1,split,173.71728971962617,475.6058768691589,2.7378154335516673,1090,Baseline,151221.0395,0.010256410256410256,0.9967741935483871
Costcla Credit Scoring PAKDD 2009,LDA,1,split,173.71728971962617,475.6058768691589,2.7378154335516673,1090,Threshold (cost),144339.57700000002,0.04358974358974359,0.9161290322580645
Costcla Credit Scoring PAKDD 2009,LDA,1,split,173.71728971962617,475.6058768691589,2.7378154335516673,1090,CP sum (uncosted),150149.3895,0.0,1.0
Costcla Credit Scoring PAKDD 2009,LDA,1,split,173.71728971962617,475.6058768691589,2.7378154335516673,1090,DKW sum (uncosted),116876.59449999999,0.29743589743589743,0.5548387096774193
Costcla Credit Scoring PAKDD 2009,LDA,1,split,173.71728971962617,475.6058768691589,2.7378154335516673,1090,CP minimax (uncosted),113472.685,0.43846153846153846,0.4129032258064516
Costcla Credit Scoring PAKDD 2009,LDA,1,split,173.71728971962617,475.6058768691589,2.7378154335516673,1090,DKW minimax (uncosted),115201.63999999998,0.4230769230769231,0.43548387096774194
Costcla Credit Scoring PAKDD 2009,LDA,1,split,173.71728971962617,475.6058768691589,2.7378154335516673,1090,CP sum (costed),116878.0825,0.8128205128205128,0.11290322580645161
Costcla Credit Scoring PAKDD 2009,LDA,1,split,173.71728971962617,475.6058768691589,2.7378154335516673,1090,DKW sum (costed),116878.0825,0.8128205128205128,0.11290322580645161
Costcla Credit Scoring PAKDD 2009,LDA,1,split,173.71728971962617,475.6058768691589,2.7378154335516673,1090,CP minimax (costed),116591.68,0.7794871794871795,0.13548387096774195
Costcla Credit Scoring PAKDD 2009,LDA,1,split,173.71728971962617,475.6058768691589,2.7378154335516673,1090,DKW minimax (costed),116591.68,0.7794871794871795,0.13548387096774195
Costcla Credit Scoring PAKDD 2009,LDA,1,split,173.71728971962617,475.6058768691589,2.7378154335516673,1090,CP sum (prior-costed),150149.3895,0.0,1.0
Costcla Credit Scoring PAKDD 2009,LDA,1,split,173.71728971962617,475.6058768691589,2.7378154335516673,1090,DKW sum (prior-costed),150149.3895,0.0,1.0
Costcla Credit Scoring PAKDD 2009,LDA,1,split,173.71728971962617,475.6058768691589,2.7378154335516673,1090,CP minimax (prior-costed),116434.06450000001,0.3076923076923077,0.5419354838709678
Costcla Credit Scoring PAKDD 2009,LDA,1,split,173.71728971962617,475.6058768691589,2.7378154335516673,1090,DKW minimax (prior-costed),116450.902,0.3038461538461538,0.5483870967741935
Costcla Credit Scoring PAKDD 2009,LDA,1,split,173.71728971962617,475.6058768691589,2.7378154335516673,1090,Oracle (test),108208.9575,0.49230769230769234,0.33548387096774196
Costcla Credit Scoring PAKDD 2009,LDA,2,naive,156.22196261682242,449.9236866238318,2.8800283845325523,1090,Baseline,159367.527,0.0,0.9967741935483871
Costcla Credit Scoring PAKDD 2009,LDA,2,naive,156.22196261682242,449.9236866238318,2.8800283845325523,1090,Threshold (cost),156098.0045,0.03333333333333333,0.9387096774193548
Costcla Credit Scoring PAKDD 2009,LDA,2,naive,156.22196261682242,449.9236866238318,2.8800283845325523,1090,CP sum (uncosted),138286.91,0.34487179487179487,0.5032258064516129
Costcla Credit Scoring PAKDD 2009,LDA,2,naive,156.22196261682242,449.9236866238318,2.8800283845325523,1090,DKW sum (uncosted),138286.91,0.34487179487179487,0.5032258064516129
Costcla Credit Scoring PAKDD 2009,LDA,2,naive,156.22196261682242,449.9236866238318,2.8800283845325523,1090,CP minimax (uncosted),139008.305,0.36666666666666664,0.4774193548387097
Costcla Credit Scoring PAKDD 2009,LDA,2,naive,156.22196261682242,449.9236866238318,2.8800283845325523,1090,DKW minimax (uncosted),139660.805,0.36153846153846153,0.4870967741935484
Costcla Credit Scoring PAKDD 2009,LDA,2,naive,156.22196261682242,449.9236866238318,2.8800283845325523,1090,CP sum (costed),124826.57,0.8871794871794871,0.041935483870967745
Costcla Credit Scoring PAKDD 2009,LDA,2,naive,156.22196261682242,449.9236866238318,2.8800283845325523,1090,DKW sum (costed),126557.55249999999,0.7384615384615385,0.15161290322580645
Costcla Credit Scoring PAKDD 2009,LDA,2,naive,156.22196261682242,449.9236866238318,2.8800283845325523,1090,CP minimax (costed),126034.265,0.6410256410256411,0.24838709677419354
Costcla Credit Scoring PAKDD 2009,LDA,2,naive,156.22196261682242,449.9236866238318,2.8800283845325523,1090,DKW minimax (costed),125998.07,0.6461538461538462,0.24516129032258063
Costcla Credit Scoring PAKDD 2009,LDA,2,naive,156.22196261682242,449.9236866238318,2.8800283845325523,1090,CP sum (prior-costed),159590.277,0.0,1.0
Costcla Credit Scoring PAKDD 2009,LDA,2,naive,156.22196261682242,449.9236866238318,2.8800283845325523,1090,DKW sum (prior-costed),140415.2825,0.26153846153846155,0.5935483870967742
Costcla Credit Scoring PAKDD 2009,LDA,2,naive,156.22196261682242,449.9236866238318,2.8800283845325523,1090,CP minimax (prior-costed),140370.77,0.3294871794871795,0.5161290322580645
Costcla Credit Scoring PAKDD 2009,LDA,2,naive,156.22196261682242,449.9236866238318,2.8800283845325523,1090,DKW minimax (prior-costed),140083.955,0.3217948717948718,0.5258064516129032
Costcla Credit Scoring PAKDD 2009,LDA,2,naive,156.22196261682242,449.9236866238318,2.8800283845325523,1090,Oracle (test),118549.75,0.7807692307692308,0.0967741935483871
Costcla Credit Scoring PAKDD 2009,LDA,2,split,156.22196261682242,449.9236866238318,2.8800283845325523,1090,Baseline,159211.5845,0.002564102564102564,0.9935483870967742
Costcla Credit Scoring PAKDD 2009,LDA,2,split,156.22196261682242,449.9236866238318,2.8800283845325523,1090,Threshold (cost),154290.9095,0.09358974358974359,0.8419354838709677
Costcla Credit Scoring PAKDD 2009,LDA,2,split,156.22196261682242,449.9236866238318,2.8800283845325523,1090,CP sum (uncosted),159590.277,0.0,1.0
Costcla Credit Scoring PAKDD 2009,LDA,2,split,156.22196261682242,449.9236866238318,2.8800283845325523,1090,DKW sum (uncosted),156351.12200000003,0.047435897435897434,0.9193548387096774
Costcla Credit Scoring PAKDD 2009,LDA,2,split,156.22196261682242,449.9236866238318,2.8800283845325523,1090,CP minimax (uncosted),132618.4125,0.5333333333333333,0.3387096774193548
Costcla Credit Scoring PAKDD 2009,LDA,2,split,156.22196261682242,449.9236866238318,2.8800283845325523,1090,DKW minimax (uncosted),130924.5,0.5153846153846153,0.34838709677419355
Costcla Credit Scoring PAKDD 2009,LDA,2,split,156.22196261682242,449.9236866238318,2.8800283845325523,1090,CP sum (costed),129518.56,0.9012820512820513,0.04838709677419355
Costcla Credit Scoring PAKDD 2009,LDA,2,split,156.22196261682242,449.9236866238318,2.8800283845325523,1090,DKW sum (costed),129518.56,0.9012820512820513,0.04838709677419355
Costcla Credit Scoring PAKDD 2009,LDA,2,split,156.22196261682242,449.9236866238318,2.8800283845325523,1090,CP minimax (costed),128131.1275,0.8782051282051282,0.05806451612903226
Costcla Credit Scoring PAKDD 2009,LDA,2,split,156.22196261682242,449.9236866238318,2.8800283845325523,1090,DKW minimax (costed),128131.1275,0.8782051282051282,0.05806451612903226
Costcla Credit Scoring PAKDD 2009,LDA,2,split,156.22196261682242,449.9236866238318,2.8800283845325523,1090,CP sum (prior-costed),159590.277,0.0,1.0
Costcla Credit Scoring PAKDD 2009,LDA,2,split,156.22196261682242,449.9236866238318,2.8800283845325523,1090,DKW sum (prior-costed),156351.12200000003,0.047435897435897434,0.9193548387096774
Costcla Credit Scoring PAKDD 2009,LDA,2,split,156.22196261682242,449.9236866238318,2.8800283845325523,1090,CP minimax (prior-costed),134211.885,0.3487179487179487,0.4838709677419355
Costcla Credit Scoring PAKDD 2009,LDA,2,split,156.22196261682242,449.9236866238318,2.8800283845325523,1090,DKW minimax (prior-costed),134211.885,0.3487179487179487,0.4838709677419355
Costcla Credit Scoring PAKDD 2009,LDA,2,split,156.22196261682242,449.9236866238318,2.8800283845325523,1090,Oracle (test),121146.6,0.7628205128205128,0.13225806451612904
Costcla Credit Scoring PAKDD 2009,LDA,3,naive,170.02803738317758,470.199531396028,2.7654235068089372,1090,Baseline,151764.85450000002,0.011538461538461539,0.9870967741935484
Costcla Credit Scoring PAKDD 2009,LDA,3,naive,170.02803738317758,470.199531396028,2.7654235068089372,1090,Threshold (cost),138341.67450000002,0.05897435897435897,0.8419354838709677
Costcla Credit Scoring PAKDD 2009,LDA,3,naive,170.02803738317758,470.199531396028,2.7654235068089372,1090,CP sum (uncosted),112748.93,0.49743589743589745,0.3161290322580645
Costcla Credit Scoring PAKDD 2009,LDA,3,naive,170.02803738317758,470.199531396028,2.7654235068089372,1090,DKW sum (uncosted),112748.93,0.49743589743589745,0.3161290322580645
Costcla Credit Scoring PAKDD 2009,LDA,3,naive,170.02803738317758,470.199531396028,2.7654235068089372,1090,CP minimax (uncosted),110903.41249999999,0.43205128205128207,0.36774193548387096
Costcla Credit Scoring PAKDD 2009,LDA,3,naive,170.02803738317758,470.199531396028,2.7654235068089372,1090,DKW minimax (uncosted),111664.16249999999,0.4269230769230769,0.3709677419354839
Costcla Credit Scoring PAKDD 2009,LDA,3,naive,170.02803738317758,470.199531396028,2.7654235068089372,1090,CP sum (costed),117872.66500000001,0.9243589743589744,0.02258064516129032
Costcla Credit Scoring PAKDD 2009,LDA,3,naive,170.02803738317758,470.199531396028,2.7654235068089372,1090,DKW sum (costed),118832.2625,0.6551282051282051,0.2064516129032258
Costcla Credit Scoring PAKDD 2009,LDA,3,naive,170.02803738317758,470.199531396028,2.7654235068089372,1090,CP minimax (costed),117013.1375,0.6564102564102564,0.2
Costcla Credit Scoring PAKDD 2009,LDA,3,naive,170.02803738317758,470.199531396028,2.7654235068089372,1090,DKW minimax (costed),117013.1375,0.6564102564102564,0.2
Costcla Credit Scoring PAKDD 2009,LDA,3,naive,170.02803738317758,470.199531396028,2.7654235068089372,1090,CP sum (prior-costed),150980.20450000002,0.0038461538461538464,0.9935483870967742
Costcla Credit Scoring PAKDD 2009,LDA,3,naive,170.02803738317758,470.199531396028,2.7654235068089372,1090,DKW sum (prior-costed),126503.7345,0.19230769230769232,0.6258064516129033
Costcla Credit Scoring PAKDD 2009,LDA,3,naive,170.02803738317758,470.199531396028,2.7654235068089372,1090,CP minimax (prior-costed),115214.63500000001,0.33974358974358976,0.46774193548387094
Costcla Credit Scoring PAKDD 2009,LDA,3,naive,170.02803738317758,470.199531396028,2.7654235068089372,1090,DKW minimax (prior-costed),113853.63500000001,0.3333333333333333,0.46774193548387094
Costcla Credit Scoring PAKDD 2009,LDA,3,naive,170.02803738317758,470.199531396028,2.7654235068089372,1090,Oracle (test),109011.285,0.4153846153846154,0.38064516129032255
Costcla Credit Scoring PAKDD 2009,LDA,3,split,170.02803738317758,470.199531396028,2.7654235068089372,1090,Baseline,150941.20450000002,0.0038461538461538464,0.9935483870967742
Costcla Credit Scoring PAKDD 2009,LDA,3,split,170.02803738317758,470.199531396028,2.7654235068089372,1090,Threshold (cost),152077.20450000002,0.010256410256410256,0.9935483870967742
Costcla Credit Scoring PAKDD 2009,LDA,3,split,170.02803738317758,470.199531396028,2.7654235068089372,1090,CP sum (uncosted),150941.20450000002,0.0038461538461538464,0.9935483870967742
Costcla Credit Scoring PAKDD 2009,LDA,3,split,170.02803738317758,470.199531396028,2.7654235068089372,1090,DKW sum (uncosted),150941.20450000002,0.0038461538461538464,0.9935483870967742
Costcla Credit Scoring PAKDD 2009,LDA,3,split,170.02803738317758,470.199531396028,2.7654235068089372,1090,CP minimax (uncosted),114754.95,0.5166666666666667,0.2967741935483871
Costcla Credit Scoring PAKDD 2009,LDA,3,split,170.02803738317758,470.199531396028,2.7654235068089372,1090,DKW minimax (uncosted),116620.355,0.4987179487179487,0.3096774193548387
Costcla Credit Scoring PAKDD 2009,LDA,3,split,170.02803738317758,470.199531396028,2.7654235068089372,1090,CP sum (costed),115740.565,0.8910256410256411,0.035483870967741936
Costcla Credit Scoring PAKDD 2009,LDA,3,split,170.02803738317758,470.199531396028,2.7654235068089372,1090,DKW sum (costed),115740.565,0.8910256410256411,0.035483870967741936
Costcla Credit Scoring PAKDD 2009,LDA,3,split,170.02803738317758,470.199531396028,2.7654235068089372,1090,CP minimax (costed),113264.11499999999,0.8666666666666667,0.041935483870967745
Costcla Credit Scoring PAKDD 2009,LDA,3,split,170.02803738317758,470.199531396028,2.7654235068089372,1090,DKW minimax (costed),113264.11499999999,0.8666666666666667,0.041935483870967745
Costcla Credit Scoring PAKDD 2009,LDA,3,split,170.02803738317758,470.199531396028,2.7654235068089372,1090,CP sum (prior-costed),150941.20450000002,0.0038461538461538464,0.9935483870967742
Costcla Credit Scoring PAKDD 2009,LDA,3,split,170.02803738317758,470.199531396028,2.7654235068089372,1090,DKW sum (prior-costed),150941.20450000002,0.0038461538461538464,0.9935483870967742
Costcla Credit Scoring PAKDD 2009,LDA,3,split,170.02803738317758,470.199531396028,2.7654235068089372,1090,CP minimax (prior-costed),114363.07949999999,0.38974358974358975,0.4161290322580645
Costcla Credit Scoring PAKDD 2009,LDA,3,split,170.02803738317758,470.199531396028,2.7654235068089372,1090,DKW minimax (prior-costed),114426.8845,0.3871794871794872,0.41935483870967744
Costcla Credit Scoring PAKDD 2009,LDA,3,split,170.02803738317758,470.199531396028,2.7654235068089372,1090,Oracle (test),110101.47,0.6961538461538461,0.15483870967741936
Costcla Credit Scoring PAKDD 2009,LDA,4,naive,166.05023364485982,463.8173709112149,2.7932352802538354,1090,Baseline,153860.07200000001,0.001282051282051282,0.9935483870967742
Costcla Credit Scoring PAKDD 2009,LDA,4,naive,166.05023364485982,463.8173709112149,2.7932352802538354,1090,Threshold (cost),144603.8095,0.03333333333333333,0.9064516129032258
Costcla Credit Scoring PAKDD 2009,LDA,4,naive,166.05023364485982,463.8173709112149,2.7932352802538354,1090,CP sum (uncosted),132933.04200000002,0.13205128205128205,0.7419354838709677
Costcla Credit Scoring PAKDD 2009,LDA,4,naive,166.05023364485982,463.8173709112149,2.7932352802538354,1090,DKW sum (uncosted),132016.48500000002,0.26666666666666666,0.5903225806451613
Costcla Credit Scoring PAKDD 2009,LDA,4,naive,166.05023364485982,463.8173709112149,2.7932352802538354,1090,CP minimax (uncosted),125976.365,0.43974358974358974,0.4161290322580645
Costcla Credit Scoring PAKDD 2009,LDA,4,naive,166.05023364485982,463.8173709112149,2.7932352802538354,1090,DKW minimax (uncosted),124555.04000000001,0.4205128205128205,0.43548387096774194
Costcla Credit Scoring PAKDD 2009,LDA,4,naive,166.05023364485982,463.8173709112149,2.7932352802538354,1090,CP sum (costed),122826.04000000001,0.9384615384615385,0.02903225806451613
Costcla Credit Scoring PAKDD 2009,LDA,4,naive,166.05023364485982,463.8173709112149,2.7932352802538354,1090,DKW sum (costed),122826.04000000001,0.9384615384615385,0.02903225806451613
Costcla Credit Scoring PAKDD 2009,LDA,4,naive,166.05023364485982,463.8173709112149,2.7932352802538354,1090,CP minimax (costed),112783.3475,0.7282051282051282,0.12580645161290321
Costcla Credit Scoring PAKDD 2009,LDA,4,naive,166.05023364485982,463.8173709112149,2.7932352802538354,1090,DKW minimax (costed),113920.6625,0.7166666666666667,0.13870967741935483
Costcla Credit Scoring PAKDD 2009,LDA,4,naive,166.05023364485982,463.8173709112149,2.7932352802538354,1090,CP sum (prior-costed),132933.04200000002,0.13205128205128205,0.7419354838709677
Costcla Credit Scoring PAKDD 2009,LDA,4,naive,166.05023364485982,463.8173709112149,2.7932352802538354,1090,DKW sum (prior-costed),132933.04200000002,0.13205128205128205,0.7419354838709677
Costcla Credit Scoring PAKDD 2009,LDA,4,naive,166.05023364485982,463.8173709112149,2.7932352802538354,1090,CP minimax (prior-costed),125324.1475,0.3435897435897436,0.4870967741935484
Costcla Credit Scoring PAKDD 2009,LDA,4,naive,166.05023364485982,463.8173709112149,2.7932352802538354,1090,DKW minimax (prior-costed),127180.33750000001,0.3371794871794872,0.5129032258064516
Costcla Credit Scoring PAKDD 2009,LDA,4,naive,166.05023364485982,463.8173709112149,2.7932352802538354,1090,Oracle (test),110000.555,0.7602564102564102,0.10967741935483871
Costcla Credit Scoring PAKDD 2009,LDA,4,split,166.05023364485982,463.8173709112149,2.7932352802538354,1090,Baseline,152811.25200000004,0.001282051282051282,0.9935483870967742
Costcla Credit Scoring PAKDD 2009,LDA,4,split,166.05023364485982,463.8173709112149,2.7932352802538354,1090,Threshold (cost),145695.5795,0.014102564102564103,0.9225806451612903
Costcla Credit Scoring PAKDD 2009,LDA,4,split,166.05023364485982,463.8173709112149,2.7932352802538354,1090,CP sum (uncosted),154336.347,0.001282051282051282,1.0
Costcla Credit Scoring PAKDD 2009,LDA,4,split,166.05023364485982,463.8173709112149,2.7932352802538354,1090,DKW sum (uncosted),140060.79200000002,0.12435897435897436,0.7741935483870968
Costcla Credit Scoring PAKDD 2009,LDA,4,split,166.05023364485982,463.8173709112149,2.7932352802538354,1090,CP minimax (uncosted),128131.83499999999,0.5307692307692308,0.36129032258064514
Costcla Credit Scoring PAKDD 2009,LDA,4,split,166.05023364485982,463.8173709112149,2.7932352802538354,1090,DKW minimax (uncosted),128252.625,0.517948717948718,0.3709677419354839
Costcla Credit Scoring PAKDD 2009,LDA,4,split,166.05023364485982,463.8173709112149,2.7932352802538354,1090,CP sum (costed),123351.2825,0.9076923076923077,0.03870967741935484
Costcla Credit Scoring PAKDD 2009,LDA,4,split,166.05023364485982,463.8173709112149,2.7932352802538354,1090,DKW sum (costed),123351.2825,0.9076923076923077,0.03870967741935484
Costcla Credit Scoring PAKDD 2009,LDA,4,split,166.05023364485982,463.8173709112149,2.7932352802538354,1090,CP minimax (costed),125375.1475,0.8871794871794871,0.06129032258064516
Costcla Credit Scoring PAKDD 2009,LDA,4,split,166.05023364485982,463.8173709112149,2.7932352802538354,1090,DKW minimax (costed),117846.055,0.8115384615384615,0.1
Costcla Credit Scoring PAKDD 2009,LDA,4,split,166.05023364485982,463.8173709112149,2.7932352802538354,1090,CP sum (prior-costed),154336.347,0.001282051282051282,1.0
Costcla Credit Scoring PAKDD 2009,LDA,4,split,166.05023364485982,463.8173709112149,2.7932352802538354,1090,DKW sum (prior-costed),154336.347,0.001282051282051282,1.0
Costcla Credit Scoring PAKDD 2009,LDA,4,split,166.05023364485982,463.8173709112149,2.7932352802538354,1090,CP minimax (prior-costed),123834.345,0.37948717948717947,0.4645161290322581
Costcla Credit Scoring PAKDD 2009,LDA,4,split,166.05023364485982,463.8173709112149,2.7932352802538354,1090,DKW minimax (prior-costed),124040.47,0.3730769230769231,0.46774193548387094
Costcla Credit Scoring PAKDD 2009,LDA,4,split,166.05023364485982,463.8173709112149,2.7932352802538354,1090,Oracle (test),111702.20999999999,0.6051282051282051,0.2645161290322581
Costcla Credit Scoring PAKDD 2009,LDA,5,naive,149.86214953271028,438.9493024240654,2.929020461756131,1090,Baseline,163996.7175,0.0,1.0
Costcla Credit Scoring PAKDD 2009,LDA,5,naive,149.86214953271028,438.9493024240654,2.929020461756131,1090,Threshold (cost),156579.23,0.029487179487179487,0.9096774193548387
Costcla Credit Scoring PAKDD 2009,LDA,5,naive,149.86214953271028,438.9493024240654,2.929020461756131,1090,CP sum (uncosted),126100.92249999999,0.4653846153846154,0.35161290322580646
Costcla Credit Scoring PAKDD 2009,LDA,5,naive,149.86214953271028,438.9493024240654,2.929020461756131,1090,DKW sum (uncosted),126100.92249999999,0.4653846153846154,0.35161290322580646
Costcla Credit Scoring PAKDD 2009,LDA,5,naive,149.86214953271028,438.9493024240654,2.929020461756131,1090,CP minimax (uncosted),133911.895,0.37564102564102564,0.44193548387096776
Costcla Credit Scoring PAKDD 2009,LDA,5,naive,149.86214953271028,438.9493024240654,2.929020461756131,1090,DKW minimax (uncosted),132701.66749999998,0.36538461538461536,0.4483870967741935
Costcla Credit Scoring PAKDD 2009,LDA,5,naive,149.86214953271028,438.9493024240654,2.929020461756131,1090,CP sum (costed),137646.85,0.9743589743589743,0.01935483870967742
Costcla Credit Scoring PAKDD 2009,LDA,5,naive,149.86214953271028,438.9493024240654,2.929020461756131,1090,DKW sum (costed),135650.97,0.7307692307692307,0.1935483870967742
Costcla Credit Scoring PAKDD 2009,LDA,5,naive,149.86214953271028,438.9493024240654,2.929020461756131,1090,CP minimax (costed),134354.14,0.6653846153846154,0.21935483870967742
Costcla Credit Scoring PAKDD 2009,LDA,5,naive,149.86214953271028,438.9493024240654,2.929020461756131,1090,DKW minimax (costed),134490.14,0.6692307692307692,0.21935483870967742
Costcla Credit Scoring PAKDD 2009,LDA,5,naive,149.86214953271028,438.9493024240654,2.929020461756131,1090,CP sum (prior-costed),163996.7175,0.0,1.0
Costcla Credit Scoring PAKDD 2009,LDA,5,naive,149.86214953271028,438.9493024240654,2.929020461756131,1090,DKW sum (prior-costed),139823.54,0.17307692307692307,0.6741935483870968
Costcla Credit Scoring PAKDD 2009,LDA,5,naive,149.86214953271028,438.9493024240654,2.929020461756131,1090,CP minimax (prior-costed),133608.0475,0.32051282051282054,0.4967741935483871
Costcla Credit Scoring PAKDD 2009,LDA,5,naive,149.86214953271028,438.9493024240654,2.929020461756131,1090,DKW minimax (prior-costed),134504.28999999998,0.31794871794871793,0.5032258064516129
Costcla Credit Scoring PAKDD 2009,LDA,5,naive,149.86214953271028,438.9493024240654,2.929020461756131,1090,Oracle (test),120762.36499999999,0.7717948717948718,0.13548387096774195
Costcla Credit Scoring PAKDD 2009,LDA,5,split,149.86214953271028,438.9493024240654,2.929020461756131,1090,Baseline,163065.1,0.0038461538461538464,0.9870967741935484
Costcla Credit Scoring PAKDD 2009,LDA,5,split,149.86214953271028,438.9493024240654,2.929020461756131,1090,Threshold (cost),163324.975,0.0038461538461538464,0.9903225806451613
Costcla Credit Scoring PAKDD 2009,LDA,5,split,149.86214953271028,438.9493024240654,2.929020461756131,1090,CP sum (uncosted),163324.975,0.0038461538461538464,0.9903225806451613
Costcla Credit Scoring PAKDD 2009,LDA,5,split,149.86214953271028,438.9493024240654,2.929020461756131,1090,DKW sum (uncosted),163324.975,0.0038461538461538464,0.9903225806451613
Costcla Credit Scoring PAKDD 2009,LDA,5,split,149.86214953271028,438.9493024240654,2.929020461756131,1090,CP minimax (uncosted),123962.0175,0.5256410256410257,0.2870967741935484
Costcla Credit Scoring PAKDD 2009,LDA,5,split,149.86214953271028,438.9493024240654,2.929020461756131,1090,DKW minimax (uncosted),123962.0175,0.5256410256410257,0.2870967741935484
Costcla Credit Scoring PAKDD 2009,LDA,5,split,149.86214953271028,438.9493024240654,2.929020461756131,1090,CP sum (costed),126291.01000000001,0.8256410256410256,0.11612903225806452
Costcla Credit Scoring PAKDD 2009,LDA,5,split,149.86214953271028,438.9493024240654,2.929020461756131,1090,DKW sum (costed),126291.01000000001,0.8256410256410256,0.11612903225806452
Costcla Credit Scoring PAKDD 2009,LDA,5,split,149.86214953271028,438.9493024240654,2.929020461756131,1090,CP minimax (costed),126291.01000000001,0.8256410256410256,0.11612903225806452
Costcla Credit Scoring PAKDD 2009,LDA,5,split,149.86214953271028,438.9493024240654,2.929020461756131,1090,DKW minimax (costed),126291.01000000001,0.8256410256410256,0.11612903225806452
Costcla Credit Scoring PAKDD 2009,LDA,5,split,149.86214953271028,438.9493024240654,2.929020461756131,1090,CP sum (prior-costed),163324.975,0.0038461538461538464,0.9903225806451613
Costcla Credit Scoring PAKDD 2009,LDA,5,split,149.86214953271028,438.9493024240654,2.929020461756131,1090,DKW sum (prior-costed),163324.975,0.0038461538461538464,0.9903225806451613
Costcla Credit Scoring PAKDD 2009,LDA,5,split,149.86214953271028,438.9493024240654,2.929020461756131,1090,CP minimax (prior-costed),123850.9675,0.4064102564102564,0.4064516129032258
Costcla Credit Scoring PAKDD 2009,LDA,5,split,149.86214953271028,438.9493024240654,2.929020461756131,1090,DKW minimax (prior-costed),123850.9675,0.4064102564102564,0.4064516129032258
Costcla Credit Scoring PAKDD 2009,LDA,5,split,149.86214953271028,438.9493024240654,2.929020461756131,1090,Oracle (test),119230.1475,0.4576923076923077,0.33225806451612905
Costcla Credit Scoring PAKDD 2009,LDA,6,naive,173.86098130841123,475.39629410046723,2.734347238367209,1090,Baseline,151135.23450000002,0.0038461538461538464,0.9935483870967742
Costcla Credit Scoring PAKDD 2009,LDA,6,naive,173.86098130841123,475.39629410046723,2.734347238367209,1090,Threshold (cost),147425.5145,0.03205128205128205,0.9225806451612903
Costcla Credit Scoring PAKDD 2009,LDA,6,naive,173.86098130841123,475.39629410046723,2.734347238367209,1090,CP sum (uncosted),117402.16750000001,0.46153846153846156,0.3774193548387097
Costcla Credit Scoring PAKDD 2009,LDA,6,naive,173.86098130841123,475.39629410046723,2.734347238367209,1090,DKW sum (uncosted),117402.16750000001,0.46153846153846156,0.3774193548387097
Costcla Credit Scoring PAKDD 2009,LDA,6,naive,173.86098130841123,475.39629410046723,2.734347238367209,1090,CP minimax (uncosted),116905.16750000001,0.4576923076923077,0.3774193548387097
Costcla Credit Scoring PAKDD 2009,LDA,6,naive,173.86098130841123,475.39629410046723,2.734347238367209,1090,DKW minimax (uncosted),118758.4425,0.44358974358974357,0.3935483870967742
Costcla Credit Scoring PAKDD 2009,LDA,6,naive,173.86098130841123,475.39629410046723,2.734347238367209,1090,CP sum (costed),117973.7475,0.8833333333333333,0.04838709677419355
Costcla Credit Scoring PAKDD 2009,LDA,6,naive,173.86098130841123,475.39629410046723,2.734347238367209,1090,DKW sum (costed),113210.98,0.8128205128205128,0.0935483870967742
Costcla Credit Scoring PAKDD 2009,LDA,6,naive,173.86098130841123,475.39629410046723,2.734347238367209,1090,CP minimax (costed),105213.34,0.6794871794871795,0.17419354838709677
Costcla Credit Scoring PAKDD 2009,LDA,6,naive,173.86098130841123,475.39629410046723,2.734347238367209,1090,DKW minimax (costed),105213.34,0.6794871794871795,0.17419354838709677
Costcla Credit Scoring PAKDD 2009,LDA,6,naive,173.86098130841123,475.39629410046723,2.734347238367209,1090,CP sum (prior-costed),145271.76450000002,0.06025641025641026,0.8838709677419355
Costcla Credit Scoring PAKDD 2009,LDA,6,naive,173.86098130841123,475.39629410046723,2.734347238367209,1090,DKW sum (prior-costed),126337.45000000001,0.14743589743589744,0.7064516129032258
Costcla Credit Scoring PAKDD 2009,LDA,6,naive,173.86098130841123,475.39629410046723,2.734347238367209,1090,CP minimax (prior-costed),116607.90000000001,0.35,0.4967741935483871
Costcla Credit Scoring PAKDD 2009,LDA,6,naive,173.86098130841123,475.39629410046723,2.734347238367209,1090,DKW minimax (prior-costed),115567.40000000001,0.3384615384615385,0.5
Costcla Credit Scoring PAKDD 2009,LDA,6,naive,173.86098130841123,475.39629410046723,2.734347238367209,1090,Oracle (test),102748.095,0.6948717948717948,0.15806451612903225
Costcla Credit Scoring PAKDD 2009,LDA,6,split,173.86098130841123,475.39629410046723,2.734347238367209,1090,Baseline,151135.23450000002,0.0038461538461538464,0.9935483870967742
Costcla Credit Scoring PAKDD 2009,LDA,6,split,173.86098130841123,475.39629410046723,2.734347238367209,1090,Threshold (cost),133738.0495,0.1423076923076923,0.7483870967741936
Costcla Credit Scoring PAKDD 2009,LDA,6,split,173.86098130841123,475.39629410046723,2.734347238367209,1090,CP sum (uncosted),151707.48450000002,0.010256410256410256,0.9903225806451613
Costcla Credit Scoring PAKDD 2009,LDA,6,split,173.86098130841123,475.39629410046723,2.734347238367209,1090,DKW sum (uncosted),118139.01000000001,0.24487179487179486,0.5903225806451613
Costcla Credit Scoring PAKDD 2009,LDA,6,split,173.86098130841123,475.39629410046723,2.734347238367209,1090,CP minimax (uncosted),113072.4475,0.5743589743589743,0.29354838709677417
Costcla Credit Scoring PAKDD 2009,LDA,6,split,173.86098130841123,475.39629410046723,2.734347238367209,1090,DKW minimax (uncosted),113701.4925,0.4461538461538462,0.4
Costcla Credit Scoring PAKDD 2009,LDA,6,split,173.86098130841123,475.39629410046723,2.734347238367209,1090,CP sum (costed),125903.805,0.9987179487179487,0.0032258064516129032
Costcla Credit Scoring PAKDD 2009,LDA,6,split,173.86098130841123,475.39629410046723,2.734347238367209,1090,DKW sum (costed),125903.805,0.9987179487179487,0.0032258064516129032
Costcla Credit Scoring PAKDD 2009,LDA,6,split,173.86098130841123,475.39629410046723,2.734347238367209,1090,CP minimax (costed),124748.85250000001,0.9461538461538461,0.03225806451612903
Costcla Credit Scoring PAKDD 2009,LDA,6,split,173.86098130841123,475.39629410046723,2.734347238367209,1090,DKW minimax (costed),120212.9525,0.8423076923076923,0.0935483870967742
Costcla Credit Scoring PAKDD 2009,LDA,6,split,173.86098130841123,475.39629410046723,2.734347238367209,1090,CP sum (prior-costed),151707.48450000002,0.010256410256410256,0.9903225806451613
Costcla Credit Scoring PAKDD 2009,LDA,6,split,173.86098130841123,475.39629410046723,2.734347238367209,1090,DKW sum (prior-costed),133738.0495,0.1423076923076923,0.7483870967741936
Costcla Credit Scoring PAKDD 2009,LDA,6,split,173.86098130841123,475.39629410046723,2.734347238367209,1090,CP minimax (prior-costed),120391.0475,0.3384615384615385,0.5096774193548387
Costcla Credit Scoring PAKDD 2009,LDA,6,split,173.86098130841123,475.39629410046723,2.734347238367209,1090,DKW minimax (prior-costed),120391.0475,0.3384615384615385,0.5096774193548387
Costcla Credit Scoring PAKDD 2009,LDA,6,split,173.86098130841123,475.39629410046723,2.734347238367209,1090,Oracle (test),108414.1525,0.4551282051282051,0.3774193548387097
Costcla Credit Scoring PAKDD 2009,LDA,7,naive,158.90654205607476,454.4229243574766,2.8596866968329118,1090,Baseline,154198.237,0.010256410256410256,0.9870967741935484
Costcla Credit Scoring PAKDD 2009,LDA,7,naive,158.90654205607476,454.4229243574766,2.8596866968329118,1090,Threshold (cost),152905.462,0.021794871794871794,0.9548387096774194
Costcla Credit Scoring PAKDD 2009,LDA,7,naive,158.90654205607476,454.4229243574766,2.8596866968329118,1090,CP sum (uncosted),117032.855,0.6423076923076924,0.20967741935483872
Costcla Credit Scoring PAKDD 2009,LDA,7,naive,158.90654205607476,454.4229243574766,2.8596866968329118,1090,DKW sum (uncosted),117032.855,0.6423076923076924,0.20967741935483872
Costcla Credit Scoring PAKDD 2009,LDA,7,naive,158.90654205607476,454.4229243574766,2.8596866968329118,1090,CP minimax (uncosted),117633.85250000001,0.4717948717948718,0.35161290322580646
Costcla Credit Scoring PAKDD 2009,LDA,7,naive,158.90654205607476,454.4229243574766,2.8596866968329118,1090,DKW minimax (uncosted),115341.255,0.46025641025641023,0.36451612903225805
Costcla Credit Scoring PAKDD 2009,LDA,7,naive,158.90654205607476,454.4229243574766,2.8596866968329118,1090,CP sum (costed),128246.8775,0.8871794871794871,0.04516129032258064
Costcla Credit Scoring PAKDD 2009,LDA,7,naive,158.90654205607476,454.4229243574766,2.8596866968329118,1090,DKW sum (costed),125804.8775,0.7435897435897436,0.14516129032258066
Costcla Credit Scoring PAKDD 2009,LDA,7,naive,158.90654205607476,454.4229243574766,2.8596866968329118,1090,CP minimax (costed),117875.855,0.6474358974358975,0.20967741935483872
Costcla Credit Scoring PAKDD 2009,LDA,7,naive,158.90654205607476,454.4229243574766,2.8596866968329118,1090,DKW minimax (costed),118258.7125,0.6564102564102564,0.2
Costcla Credit Scoring PAKDD 2009,LDA,7,naive,158.90654205607476,454.4229243574766,2.8596866968329118,1090,CP sum (prior-costed),154211.712,0.0038461538461538464,0.9903225806451613
Costcla Credit Scoring PAKDD 2009,LDA,7,naive,158.90654205607476,454.4229243574766,2.8596866968329118,1090,DKW sum (prior-costed),142444.162,0.1371794871794872,0.7483870967741936
Costcla Credit Scoring PAKDD 2009,LDA,7,naive,158.90654205607476,454.4229243574766,2.8596866968329118,1090,CP minimax (prior-costed),121157.162,0.36153846153846153,0.45483870967741935
Costcla Credit Scoring PAKDD 2009,LDA,7,naive,158.90654205607476,454.4229243574766,2.8596866968329118,1090,DKW minimax (prior-costed),120902.0595,0.35128205128205126,0.47419354838709676
Costcla Credit Scoring PAKDD 2009,LDA,7,naive,158.90654205607476,454.4229243574766,2.8596866968329118,1090,Oracle (test),115135.71250000001,0.4551282051282051,0.36774193548387096
Costcla Credit Scoring PAKDD 2009,LDA,7,split,158.90654205607476,454.4229243574766,2.8596866968329118,1090,Baseline,155617.39200000002,0.015384615384615385,0.9774193548387097
Costcla Credit Scoring PAKDD 2009,LDA,7,split,158.90654205607476,454.4229243574766,2.8596866968329118,1090,Threshold (cost),155169.6645,0.015384615384615385,0.9741935483870968
Costcla Credit Scoring PAKDD 2009,LDA,7,split,158.90654205607476,454.4229243574766,2.8596866968329118,1090,CP sum (uncosted),155665.9595,0.015384615384615385,0.9903225806451613
Costcla Credit Scoring PAKDD 2009,LDA,7,split,158.90654205607476,454.4229243574766,2.8596866968329118,1090,DKW sum (uncosted),155665.9595,0.015384615384615385,0.9903225806451613
Costcla Credit Scoring PAKDD 2009,LDA,7,split,158.90654205607476,454.4229243574766,2.8596866968329118,1090,CP minimax (uncosted),152651.07,0.5743589743589743,0.5161290322580645
Costcla Credit Scoring PAKDD 2009,LDA,7,split,158.90654205607476,454.4229243574766,2.8596866968329118,1090,DKW minimax (uncosted),152106.32,0.5666666666666667,0.5193548387096775
Costcla Credit Scoring PAKDD 2009,LDA,7,split,158.90654205607476,454.4229243574766,2.8596866968329118,1090,CP sum (costed),137630.20500000002,0.8871794871794871,0.14516129032258066
Costcla Credit Scoring PAKDD 2009,LDA,7,split,158.90654205607476,454.4229243574766,2.8596866968329118,1090,DKW sum (costed),137630.20500000002,0.8871794871794871,0.14516129032258066
Costcla Credit Scoring PAKDD 2009,LDA,7,split,158.90654205607476,454.4229243574766,2.8596866968329118,1090,CP minimax (costed),139402.9725,0.867948717948718,0.17419354838709677
Costcla Credit Scoring PAKDD 2009,LDA,7,split,158.90654205607476,454.4229243574766,2.8596866968329118,1090,DKW minimax (costed),139402.9725,0.867948717948718,0.17419354838709677
Costcla Credit Scoring PAKDD 2009,LDA,7,split,158.90654205607476,454.4229243574766,2.8596866968329118,1090,CP sum (prior-costed),155665.9595,0.015384615384615385,0.9903225806451613
Costcla Credit Scoring PAKDD 2009,LDA,7,split,158.90654205607476,454.4229243574766,2.8596866968329118,1090,DKW sum (prior-costed),155665.9595,0.015384615384615385,0.9903225806451613
Costcla Credit Scoring PAKDD 2009,LDA,7,split,158.90654205607476,454.4229243574766,2.8596866968329118,1090,CP minimax (prior-costed),163496.775,0.4282051282051282,0.6838709677419355
Costcla Credit Scoring PAKDD 2009,LDA,7,split,158.90654205607476,454.4229243574766,2.8596866968329118,1090,DKW minimax (prior-costed),163662.775,0.42948717948717946,0.6838709677419355
Costcla Credit Scoring PAKDD 2009,LDA,7,split,158.90654205607476,454.4229243574766,2.8596866968329118,1090,Oracle (test),122432.38,0.6269230769230769,0.24838709677419354
Costcla Credit Scoring PAKDD 2009,LDA,8,naive,161.18457943925233,456.92085569509345,2.8347678002739647,1090,Baseline,156974.8395,0.001282051282051282,1.0
Costcla Credit Scoring PAKDD 2009,LDA,8,naive,161.18457943925233,456.92085569509345,2.8347678002739647,1090,Threshold (cost),156404.16950000002,0.04358974358974359,0.9483870967741935
Costcla Credit Scoring PAKDD 2009,LDA,8,naive,161.18457943925233,456.92085569509345,2.8347678002739647,1090,CP sum (uncosted),152758.32749999998,0.08076923076923077,0.896774193548387
Costcla Credit Scoring PAKDD 2009,LDA,8,naive,161.18457943925233,456.92085569509345,2.8347678002739647,1090,DKW sum (uncosted),126270.82999999999,0.3384615384615385,0.5225806451612903
Costcla Credit Scoring PAKDD 2009,LDA,8,naive,161.18457943925233,456.92085569509345,2.8347678002739647,1090,CP minimax (uncosted),122375.0725,0.4794871794871795,0.36129032258064514
Costcla Credit Scoring PAKDD 2009,LDA,8,naive,161.18457943925233,456.92085569509345,2.8347678002739647,1090,DKW minimax (uncosted),120798.4475,0.46923076923076923,0.36774193548387096
Costcla Credit Scoring PAKDD 2009,LDA,8,naive,161.18457943925233,456.92085569509345,2.8347678002739647,1090,CP sum (costed),132429.25,0.9948717948717949,0.0032258064516129032
Costcla Credit Scoring PAKDD 2009,LDA,8,naive,161.18457943925233,456.92085569509345,2.8347678002739647,1090,DKW sum (costed),124231.94,0.8794871794871795,0.05806451612903226
Costcla Credit Scoring PAKDD 2009,LDA,8,naive,161.18457943925233,456.92085569509345,2.8347678002739647,1090,CP minimax (costed),121154.1,0.764102564102564,0.14516129032258066
Costcla Credit Scoring PAKDD 2009,LDA,8,naive,161.18457943925233,456.92085569509345,2.8347678002739647,1090,DKW minimax (costed),119932.1,0.7551282051282051,0.14516129032258066
Costcla Credit Scoring PAKDD 2009,LDA,8,naive,161.18457943925233,456.92085569509345,2.8347678002739647,1090,CP sum (prior-costed),156935.8395,0.0,1.0
Costcla Credit Scoring PAKDD 2009,LDA,8,naive,161.18457943925233,456.92085569509345,2.8347678002739647,1090,DKW sum (prior-costed),152758.32749999998,0.08076923076923077,0.896774193548387
Costcla Credit Scoring PAKDD 2009,LDA,8,naive,161.18457943925233,456.92085569509345,2.8347678002739647,1090,CP minimax (prior-costed),121247.91249999999,0.3641025641025641,0.4774193548387097
Costcla Credit Scoring PAKDD 2009,LDA,8,naive,161.18457943925233,456.92085569509345,2.8347678002739647,1090,DKW minimax (prior-costed),122328.9175,0.358974358974359,0.4838709677419355
Costcla Credit Scoring PAKDD 2009,LDA,8,naive,161.18457943925233,456.92085569509345,2.8347678002739647,1090,Oracle (test),114891.095,0.6282051282051282,0.22580645161290322
Costcla Credit Scoring PAKDD 2009,LDA,8,split,161.18457943925233,456.92085569509345,2.8347678002739647,1090,Baseline,155789.50450000004,0.0038461538461538464,0.9870967741935484
Costcla Credit Scoring PAKDD 2009,LDA,8,split,161.18457943925233,456.92085569509345,2.8347678002739647,1090,Threshold (cost),156490.3395,0.0,0.9967741935483871
Costcla Credit Scoring PAKDD 2009,LDA,8,split,161.18457943925233,456.92085569509345,2.8347678002739647,1090,CP sum (uncosted),156490.3395,0.0,0.9967741935483871
Costcla Credit Scoring PAKDD 2009,LDA,8,split,161.18457943925233,456.92085569509345,2.8347678002739647,1090,DKW sum (uncosted),156490.3395,0.0,0.9967741935483871
Costcla Credit Scoring PAKDD 2009,LDA,8,split,161.18457943925233,456.92085569509345,2.8347678002739647,1090,CP minimax (uncosted),131288.79249999998,0.5192307692307693,0.44516129032258067
Costcla Credit Scoring PAKDD 2009,LDA,8,split,161.18457943925233,456.92085569509345,2.8347678002739647,1090,DKW minimax (uncosted),130697.215,0.4987179487179487,0.4645161290322581
Costcla Credit Scoring PAKDD 2009,LDA,8,split,161.18457943925233,456.92085569509345,2.8347678002739647,1090,CP sum (costed),130649.0425,0.9320512820512821,0.04838709677419355
Costcla Credit Scoring PAKDD 2009,LDA,8,split,161.18457943925233,456.92085569509345,2.8347678002739647,1090,DKW sum (costed),130649.0425,0.9320512820512821,0.04838709677419355
Costcla Credit Scoring PAKDD 2009,LDA,8,split,161.18457943925233,456.92085569509345,2.8347678002739647,1090,CP minimax (costed),124627.625,0.8487179487179487,0.1064516129032258
Costcla Credit Scoring PAKDD 2009,LDA,8,split,161.18457943925233,456.92085569509345,2.8347678002739647,1090,DKW minimax (costed),124627.625,0.8487179487179487,0.1064516129032258
Costcla Credit Scoring PAKDD 2009,LDA,8,split,161.18457943925233,456.92085569509345,2.8347678002739647,1090,CP sum (prior-costed),156490.3395,0.0,0.9967741935483871
Costcla Credit Scoring PAKDD 2009,LDA,8,split,161.18457943925233,456.92085569509345,2.8347678002739647,1090,DKW sum (prior-costed),156490.3395,0.0,0.9967741935483871
Costcla Credit Scoring PAKDD 2009,LDA,8,split,161.18457943925233,456.92085569509345,2.8347678002739647,1090,CP minimax (prior-costed),134606.69,0.3384615384615385,0.6
Costcla Credit Scoring PAKDD 2009,LDA,8,split,161.18457943925233,456.92085569509345,2.8347678002739647,1090,DKW minimax (prior-costed),134978.235,0.3435897435897436,0.5967741935483871
Costcla Credit Scoring PAKDD 2009,LDA,8,split,161.18457943925233,456.92085569509345,2.8347678002739647,1090,Oracle (test),115854.9425,0.7025641025641025,0.22258064516129034
Costcla Credit Scoring PAKDD 2009,LDA,9,naive,166.37383177570092,463.01285134345795,2.782966806749242,1090,Baseline,154416.5195,0.001282051282051282,1.0
Costcla Credit Scoring PAKDD 2009,LDA,9,naive,166.37383177570092,463.01285134345795,2.782966806749242,1090,Threshold (cost),148375.80450000003,0.06794871794871794,0.896774193548387
Costcla Credit Scoring PAKDD 2009,LDA,9,naive,166.37383177570092,463.01285134345795,2.782966806749242,1090,CP sum (uncosted),117190.0025,0.5474358974358975,0.3161290322580645
Costcla Credit Scoring PAKDD 2009,LDA,9,naive,166.37383177570092,463.01285134345795,2.782966806749242,1090,DKW sum (uncosted),117190.0025,0.5474358974358975,0.3161290322580645
Costcla Credit Scoring PAKDD 2009,LDA,9,naive,166.37383177570092,463.01285134345795,2.782966806749242,1090,CP minimax (uncosted),126081.0625,0.46025641025641023,0.4096774193548387
Costcla Credit Scoring PAKDD 2009,LDA,9,naive,166.37383177570092,463.01285134345795,2.782966806749242,1090,DKW minimax (uncosted),126145.01000000001,0.43846153846153846,0.4161290322580645
Costcla Credit Scoring PAKDD 2009,LDA,9,naive,166.37383177570092,463.01285134345795,2.782966806749242,1090,CP sum (costed),124096.25,0.9525641025641025,0.00967741935483871
Costcla Credit Scoring PAKDD 2009,LDA,9,naive,166.37383177570092,463.01285134345795,2.782966806749242,1090,DKW sum (costed),117305.7875,0.8102564102564103,0.08387096774193549
Costcla Credit Scoring PAKDD 2009,LDA,9,naive,166.37383177570092,463.01285134345795,2.782966806749242,1090,CP minimax (costed),114720.875,0.735897435897436,0.15806451612903225
Costcla Credit Scoring PAKDD 2009,LDA,9,naive,166.37383177570092,463.01285134345795,2.782966806749242,1090,DKW minimax (costed),114293.88,0.7141025641025641,0.16774193548387098
Costcla Credit Scoring PAKDD 2009,LDA,9,naive,166.37383177570092,463.01285134345795,2.782966806749242,1090,CP sum (prior-costed),154416.5195,0.002564102564102564,1.0
Costcla Credit Scoring PAKDD 2009,LDA,9,naive,166.37383177570092,463.01285134345795,2.782966806749242,1090,DKW sum (prior-costed),150804.7645,0.035897435897435895,0.9580645161290322
Costcla Credit Scoring PAKDD 2009,LDA,9,naive,166.37383177570092,463.01285134345795,2.782966806749242,1090,CP minimax (prior-costed),127585.515,0.3576923076923077,0.49032258064516127
Costcla Credit Scoring PAKDD 2009,LDA,9,naive,166.37383177570092,463.01285134345795,2.782966806749242,1090,DKW minimax (prior-costed),128463.897,0.3346153846153846,0.5096774193548387
Costcla Credit Scoring PAKDD 2009,LDA,9,naive,166.37383177570092,463.01285134345795,2.782966806749242,1090,Oracle (test),111273.80249999999,0.6256410256410256,0.21935483870967742
Costcla Credit Scoring PAKDD 2009,LDA,9,split,166.37383177570092,463.01285134345795,2.782966806749242,1090,Baseline,153710.12699999998,0.001282051282051282,0.9935483870967742
Costcla Credit Scoring PAKDD 2009,LDA,9,split,166.37383177570092,463.01285134345795,2.782966806749242,1090,Threshold (cost),152098.23699999996,0.021794871794871794,0.964516129032258
Costcla Credit Scoring PAKDD 2009,LDA,9,split,166.37383177570092,463.01285134345795,2.782966806749242,1090,CP sum (uncosted),153710.12699999998,0.001282051282051282,0.9935483870967742
Costcla Credit Scoring PAKDD 2009,LDA,9,split,166.37383177570092,463.01285134345795,2.782966806749242,1090,DKW sum (uncosted),153710.12699999998,0.001282051282051282,0.9935483870967742
Costcla Credit Scoring PAKDD 2009,LDA,9,split,166.37383177570092,463.01285134345795,2.782966806749242,1090,CP minimax (uncosted),112719.72,0.5358974358974359,0.2967741935483871
Costcla Credit Scoring PAKDD 2009,LDA,9,split,166.37383177570092,463.01285134345795,2.782966806749242,1090,DKW minimax (uncosted),112444.72,0.5346153846153846,0.2967741935483871
Costcla Credit Scoring PAKDD 2009,LDA,9,split,166.37383177570092,463.01285134345795,2.782966806749242,1090,CP sum (costed),127182.64749999999,0.9346153846153846,0.02258064516129032
Costcla Credit Scoring PAKDD 2009,LDA,9,split,166.37383177570092,463.01285134345795,2.782966806749242,1090,DKW sum (costed),127182.64749999999,0.9346153846153846,0.02258064516129032
Costcla Credit Scoring PAKDD 2009,LDA,9,split,166.37383177570092,463.01285134345795,2.782966806749242,1090,CP minimax (costed),125276.2025,0.9217948717948717,0.02903225806451613
Costcla Credit Scoring PAKDD 2009,LDA,9,split,166.37383177570092,463.01285134345795,2.782966806749242,1090,DKW minimax (costed),115113.0325,0.8525641025641025,0.054838709677419356
Costcla Credit Scoring PAKDD 2009,LDA,9,split,166.37383177570092,463.01285134345795,2.782966806749242,1090,CP sum (prior-costed),153710.12699999998,0.001282051282051282,0.9935483870967742
Costcla Credit Scoring PAKDD 2009,LDA,9,split,166.37383177570092,463.01285134345795,2.782966806749242,1090,DKW sum (prior-costed),153710.12699999998,0.001282051282051282,0.9935483870967742
Costcla Credit Scoring PAKDD 2009,LDA,9,split,166.37383177570092,463.01285134345795,2.782966806749242,1090,CP minimax (prior-costed),118298.48000000001,0.41410256410256413,0.4290322580645161
Costcla Credit Scoring PAKDD 2009,LDA,9,split,166.37383177570092,463.01285134345795,2.782966806749242,1090,DKW minimax (prior-costed),118298.48000000001,0.41410256410256413,0.4290322580645161
Costcla Credit Scoring PAKDD 2009,LDA,9,split,166.37383177570092,463.01285134345795,2.782966806749242,1090,Oracle (test),107619.85,0.4666666666666667,0.36129032258064514
Costcla Credit Scoring PAKDD 2009,RandomForest,0,naive,161.29322429906543,456.6853374707944,2.8313981536138253,1090,Baseline,158801.2645,0.001282051282051282,0.9967741935483871
Costcla Credit Scoring PAKDD 2009,RandomForest,0,naive,161.29322429906543,456.6853374707944,2.8313981536138253,1090,Threshold (cost),156879.3145,0.007692307692307693,0.9838709677419355
Costcla Credit Scoring PAKDD 2009,RandomForest,0,naive,161.29322429906543,456.6853374707944,2.8313981536138253,1090,CP sum (uncosted),156879.3145,0.007692307692307693,0.9838709677419355
Costcla Credit Scoring PAKDD 2009,RandomForest,0,naive,161.29322429906543,456.6853374707944,2.8313981536138253,1090,DKW sum (uncosted),156879.3145,0.007692307692307693,0.9838709677419355
Costcla Credit Scoring PAKDD 2009,RandomForest,0,naive,161.29322429906543,456.6853374707944,2.8313981536138253,1090,CP minimax (uncosted),152743.777,0.06025641025641026,0.9064516129032258
Costcla Credit Scoring PAKDD 2009,RandomForest,0,naive,161.29322429906543,456.6853374707944,2.8313981536138253,1090,DKW minimax (uncosted),153034.3695,0.0641025641025641,0.9032258064516129
Costcla Credit Scoring PAKDD 2009,RandomForest,0,naive,161.29322429906543,456.6853374707944,2.8313981536138253,1090,CP sum (costed),156879.3145,0.007692307692307693,0.9838709677419355
Costcla Credit Scoring PAKDD 2009,RandomForest,0,naive,161.29322429906543,456.6853374707944,2.8313981536138253,1090,DKW sum (costed),156879.3145,0.007692307692307693,0.9838709677419355
Costcla Credit Scoring PAKDD 2009,RandomForest,0,naive,161.29322429906543,456.6853374707944,2.8313981536138253,1090,CP minimax (costed),150644.877,0.08461538461538462,0.8838709677419355
Costcla Credit Scoring PAKDD 2009,RandomForest,0,naive,161.29322429906543,456.6853374707944,2.8313981536138253,1090,DKW minimax (costed),150996.877,0.08974358974358974,0.8838709677419355
Costcla Credit Scoring PAKDD 2009,RandomForest,0,naive,161.29322429906543,456.6853374707944,2.8313981536138253,1090,CP sum (prior-costed),156879.3145,0.007692307692307693,0.9838709677419355
Costcla Credit Scoring PAKDD 2009,RandomForest,0,naive,161.29322429906543,456.6853374707944,2.8313981536138253,1090,DKW sum (prior-costed),156879.3145,0.007692307692307693,0.9838709677419355
Costcla Credit Scoring PAKDD 2009,RandomForest,0,naive,161.29322429906543,456.6853374707944,2.8313981536138253,1090,CP minimax (prior-costed),151610.8945,0.05128205128205128,0.9129032258064517
Costcla Credit Scoring PAKDD 2009,RandomForest,0,naive,161.29322429906543,456.6853374707944,2.8313981536138253,1090,DKW minimax (prior-costed),151531.777,0.05641025641025641,0.9064516129032258
Costcla Credit Scoring PAKDD 2009,RandomForest,0,naive,161.29322429906543,456.6853374707944,2.8313981536138253,1090,Oracle (test),130811.65,0.9935897435897436,0.0032258064516129032
Costcla Credit Scoring PAKDD 2009,RandomForest,0,split,161.29322429906543,456.6853374707944,2.8313981536138253,1090,Baseline,158622.2645,0.001282051282051282,0.9967741935483871
Costcla Credit Scoring PAKDD 2009,RandomForest,0,split,161.29322429906543,456.6853374707944,2.8313981536138253,1090,Threshold (cost),152496.197,0.029487179487179487,0.9580645161290322
Costcla Credit Scoring PAKDD 2009,RandomForest,0,split,161.29322429906543,456.6853374707944,2.8313981536138253,1090,CP sum (uncosted),157922.087,0.001282051282051282,0.9935483870967742
Costcla Credit Scoring PAKDD 2009,RandomForest,0,split,161.29322429906543,456.6853374707944,2.8313981536138253,1090,DKW sum (uncosted),150143.352,0.191025641025641,0.7677419354838709
Costcla Credit Scoring PAKDD 2009,RandomForest,0,split,161.29322429906543,456.6853374707944,2.8313981536138253,1090,CP minimax (uncosted),137673.992,0.5038461538461538,0.46774193548387094
Costcla Credit Scoring PAKDD 2009,RandomForest,0,split,161.29322429906543,456.6853374707944,2.8313981536138253,1090,DKW minimax (uncosted),135860.3245,0.47692307692307695,0.4935483870967742
Costcla Credit Scoring PAKDD 2009,RandomForest,0,split,161.29322429906543,456.6853374707944,2.8313981536138253,1090,CP sum (costed),130598.865,0.958974358974359,0.02903225806451613
Costcla Credit Scoring PAKDD 2009,RandomForest,0,split,161.29322429906543,456.6853374707944,2.8313981536138253,1090,DKW sum (costed),130598.865,0.958974358974359,0.02903225806451613
Costcla Credit Scoring PAKDD 2009,RandomForest,0,split,161.29322429906543,456.6853374707944,2.8313981536138253,1090,CP minimax (costed),130835.35250000001,0.9307692307692308,0.054838709677419356
Costcla Credit Scoring PAKDD 2009,RandomForest,0,split,161.29322429906543,456.6853374707944,2.8313981536138253,1090,DKW minimax (costed),126212.26250000001,0.8589743589743589,0.1032258064516129
Costcla Credit Scoring PAKDD 2009,RandomForest,0,split,161.29322429906543,456.6853374707944,2.8313981536138253,1090,CP sum (prior-costed),157922.087,0.001282051282051282,0.9935483870967742
Costcla Credit Scoring PAKDD 2009,RandomForest,0,split,161.29322429906543,456.6853374707944,2.8313981536138253,1090,DKW sum (prior-costed),157922.087,0.001282051282051282,0.9935483870967742
Costcla Credit Scoring PAKDD 2009,RandomForest,0,split,161.29322429906543,456.6853374707944,2.8313981536138253,1090,CP minimax (prior-costed),146413.29200000002,0.3628205128205128,0.6161290322580645
Costcla Credit Scoring PAKDD 2009,RandomForest,0,split,161.29322429906543,456.6853374707944,2.8313981536138253,1090,DKW minimax (prior-costed),146413.29200000002,0.3628205128205128,0.6161290322580645
Costcla Credit Scoring PAKDD 2009,RandomForest,0,split,161.29322429906543,456.6853374707944,2.8313981536138253,1090,Oracle (test),126212.26250000001,0.8589743589743589,0.1032258064516129
Costcla Credit Scoring PAKDD 2009,RandomForest,1,naive,173.71728971962617,475.6058768691589,2.7378154335516673,1090,Baseline,150335.8895,0.002564102564102564,0.9967741935483871
Costcla Credit Scoring PAKDD 2009,RandomForest,1,naive,173.71728971962617,475.6058768691589,2.7378154335516673,1090,Threshold (cost),149342.337,0.007692307692307693,0.9838709677419355
Costcla Credit Scoring PAKDD 2009,RandomForest,1,naive,173.71728971962617,475.6058768691589,2.7378154335516673,1090,CP sum (uncosted),149342.337,0.007692307692307693,0.9838709677419355
Costcla Credit Scoring PAKDD 2009,RandomForest,1,naive,173.71728971962617,475.6058768691589,2.7378154335516673,1090,DKW sum (uncosted),149342.337,0.007692307692307693,0.9838709677419355
Costcla Credit Scoring PAKDD 2009,RandomForest,1,naive,173.71728971962617,475.6058768691589,2.7378154335516673,1090,CP minimax (uncosted),142123.6945,0.07307692307692308,0.8709677419354839
Costcla Credit Scoring PAKDD 2009,RandomForest,1,naive,173.71728971962617,475.6058768691589,2.7378154335516673,1090,DKW minimax (uncosted),141260.9095,0.07692307692307693,0.8612903225806452
Costcla Credit Scoring PAKDD 2009,RandomForest,1,naive,173.71728971962617,475.6058768691589,2.7378154335516673,1090,CP sum (costed),149342.337,0.007692307692307693,0.9838709677419355
Costcla Credit Scoring PAKDD 2009,RandomForest,1,naive,173.71728971962617,475.6058768691589,2.7378154335516673,1090,DKW sum (costed),149342.337,0.007692307692307693,0.9838709677419355
Costcla Credit Scoring PAKDD 2009,RandomForest,1,naive,173.71728971962617,475.6058768691589,2.7378154335516673,1090,CP minimax (costed),142470.57450000002,0.08461538461538462,0.8451612903225807
Costcla Credit Scoring PAKDD 2009,RandomForest,1,naive,173.71728971962617,475.6058768691589,2.7378154335516673,1090,DKW minimax (costed),143092.8795,0.08974358974358974,0.8354838709677419
Costcla Credit Scoring PAKDD 2009,RandomForest,1,naive,173.71728971962617,475.6058768691589,2.7378154335516673,1090,CP sum (prior-costed),149342.337,0.007692307692307693,0.9838709677419355
Costcla Credit Scoring PAKDD 2009,RandomForest,1,naive,173.71728971962617,475.6058768691589,2.7378154335516673,1090,DKW sum (prior-costed),149342.337,0.007692307692307693,0.9838709677419355
Costcla Credit Scoring PAKDD 2009,RandomForest,1,naive,173.71728971962617,475.6058768691589,2.7378154335516673,1090,CP minimax (prior-costed),143494.157,0.06153846153846154,0.8903225806451613
Costcla Credit Scoring PAKDD 2009,RandomForest,1,naive,173.71728971962617,475.6058768691589,2.7378154335516673,1090,DKW minimax (prior-costed),143797.792,0.06666666666666667,0.8838709677419355
Costcla Credit Scoring PAKDD 2009,RandomForest,1,naive,173.71728971962617,475.6058768691589,2.7378154335516673,1090,Oracle (test),117211.6995,0.5294871794871795,0.3419354838709677
Costcla Credit Scoring PAKDD 2009,RandomForest,1,split,173.71728971962617,475.6058768691589,2.7378154335516673,1090,Baseline,148897.48950000003,0.0038461538461538464,0.9935483870967742
Costcla Credit Scoring PAKDD 2009,RandomForest,1,split,173.71728971962617,475.6058768691589,2.7378154335516673,1090,Threshold (cost),148699.86450000003,0.00641025641025641,0.9870967741935484
Costcla Credit Scoring PAKDD 2009,RandomForest,1,split,173.71728971962617,475.6058768691589,2.7378154335516673,1090,CP sum (uncosted),148699.86450000003,0.00641025641025641,0.9870967741935484
Costcla Credit Scoring PAKDD 2009,RandomForest,1,split,173.71728971962617,475.6058768691589,2.7378154335516673,1090,DKW sum (uncosted),124060.742,0.42435897435897435,0.45483870967741935
Costcla Credit Scoring PAKDD 2009,RandomForest,1,split,173.71728971962617,475.6058768691589,2.7378154335516673,1090,CP minimax (uncosted),123354.682,0.43974358974358974,0.432258064516129
Costcla Credit Scoring PAKDD 2009,RandomForest,1,split,173.71728971962617,475.6058768691589,2.7378154335516673,1090,DKW minimax (uncosted),123354.682,0.43974358974358974,0.432258064516129
Costcla Credit Scoring PAKDD 2009,RandomForest,1,split,173.71728971962617,475.6058768691589,2.7378154335516673,1090,CP sum (costed),124042.2425,0.9782051282051282,0.012903225806451613
Costcla Credit Scoring PAKDD 2009,RandomForest,1,split,173.71728971962617,475.6058768691589,2.7378154335516673,1090,DKW sum (costed),124042.2425,0.9782051282051282,0.012903225806451613
Costcla Credit Scoring PAKDD 2009,RandomForest,1,split,173.71728971962617,475.6058768691589,2.7378154335516673,1090,CP minimax (costed),122491.785,0.9461538461538461,0.041935483870967745
Costcla Credit Scoring PAKDD 2009,RandomForest,1,split,173.71728971962617,475.6058768691589,2.7378154335516673,1090,DKW minimax (costed),119283.885,0.8205128205128205,0.12903225806451613
Costcla Credit Scoring PAKDD 2009,RandomForest,1,split,173.71728971962617,475.6058768691589,2.7378154335516673,1090,CP sum (prior-costed),148699.86450000003,0.00641025641025641,0.9870967741935484
Costcla Credit Scoring PAKDD 2009,RandomForest,1,split,173.71728971962617,475.6058768691589,2.7378154335516673,1090,DKW sum (prior-costed),148699.86450000003,0.00641025641025641,0.9870967741935484
Costcla Credit Scoring PAKDD 2009,RandomForest,1,split,173.71728971962617,475.6058768691589,2.7378154335516673,1090,CP minimax (prior-costed),125396.502,0.39615384615384613,0.47096774193548385
Costcla Credit Scoring PAKDD 2009,RandomForest,1,split,173.71728971962617,475.6058768691589,2.7378154335516673,1090,DKW minimax (prior-costed),125396.502,0.39615384615384613,0.47096774193548385
Costcla Credit Scoring PAKDD 2009,RandomForest,1,split,173.71728971962617,475.6058768691589,2.7378154335516673,1090,Oracle (test),117629.65,0.8576923076923076,0.1
Costcla Credit Scoring PAKDD 2009,RandomForest,2,naive,156.22196261682242,449.9236866238318,2.8800283845325523,1090,Baseline,159590.277,0.0,1.0
Costcla Credit Scoring PAKDD 2009,RandomForest,2,naive,156.22196261682242,449.9236866238318,2.8800283845325523,1090,Threshold (cost),159261.42700000003,0.0038461538461538464,0.9935483870967742
Costcla Credit Scoring PAKDD 2009,RandomForest,2,naive,156.22196261682242,449.9236866238318,2.8800283845325523,1090,CP sum (uncosted),159261.42700000003,0.0038461538461538464,0.9935483870967742
Costcla Credit Scoring PAKDD 2009,RandomForest,2,naive,156.22196261682242,449.9236866238318,2.8800283845325523,1090,DKW sum (uncosted),159261.42700000003,0.0038461538461538464,0.9935483870967742
Costcla Credit Scoring PAKDD 2009,RandomForest,2,naive,156.22196261682242,449.9236866238318,2.8800283845325523,1090,CP minimax (uncosted),156985.307,0.057692307692307696,0.9193548387096774
Costcla Credit Scoring PAKDD 2009,RandomForest,2,naive,156.22196261682242,449.9236866238318,2.8800283845325523,1090,DKW minimax (uncosted),156411.23200000002,0.05897435897435897,0.9129032258064517
Costcla Credit Scoring PAKDD 2009,RandomForest,2,naive,156.22196261682242,449.9236866238318,2.8800283845325523,1090,CP sum (costed),159261.42700000003,0.0038461538461538464,0.9935483870967742
Costcla Credit Scoring PAKDD 2009,RandomForest,2,naive,156.22196261682242,449.9236866238318,2.8800283845325523,1090,DKW sum (costed),159261.42700000003,0.0038461538461538464,0.9935483870967742
Costcla Credit Scoring PAKDD 2009,RandomForest,2,naive,156.22196261682242,449.9236866238318,2.8800283845325523,1090,CP minimax (costed),153427.94700000001,0.07307692307692308,0.8935483870967742
Costcla Credit Scoring PAKDD 2009,RandomForest,2,naive,156.22196261682242,449.9236866238318,2.8800283845325523,1090,DKW minimax (costed),149079.4595,0.08717948717948718,0.8709677419354839
Costcla Credit Scoring PAKDD 2009,RandomForest,2,naive,156.22196261682242,449.9236866238318,2.8800283845325523,1090,CP sum (prior-costed),159261.42700000003,0.0038461538461538464,0.9935483870967742
Costcla Credit Scoring PAKDD 2009,RandomForest,2,naive,156.22196261682242,449.9236866238318,2.8800283845325523,1090,DKW sum (prior-costed),159261.42700000003,0.0038461538461538464,0.9935483870967742
Costcla Credit Scoring PAKDD 2009,RandomForest,2,naive,156.22196261682242,449.9236866238318,2.8800283845325523,1090,CP minimax (prior-costed),157505.977,0.052564102564102565,0.9290322580645162
Costcla Credit Scoring PAKDD 2009,RandomForest,2,naive,156.22196261682242,449.9236866238318,2.8800283845325523,1090,DKW minimax (prior-costed),156985.307,0.057692307692307696,0.9193548387096774
Costcla Credit Scoring PAKDD 2009,RandomForest,2,naive,156.22196261682242,449.9236866238318,2.8800283845325523,1090,Oracle (test),117345.667,0.5448717948717948,0.2967741935483871
Costcla Credit Scoring PAKDD 2009,RandomForest,2,split,156.22196261682242,449.9236866238318,2.8800283845325523,1090,Baseline,159590.277,0.0,1.0
Costcla Credit Scoring PAKDD 2009,RandomForest,2,split,156.22196261682242,449.9236866238318,2.8800283845325523,1090,Threshold (cost),158792.407,0.017948717948717947,0.9806451612903225
Costcla Credit Scoring PAKDD 2009,RandomForest,2,split,156.22196261682242,449.9236866238318,2.8800283845325523,1090,CP sum (uncosted),159730.277,0.001282051282051282,1.0
Costcla Credit Scoring PAKDD 2009,RandomForest,2,split,156.22196261682242,449.9236866238318,2.8800283845325523,1090,DKW sum (uncosted),159730.277,0.001282051282051282,1.0
Costcla Credit Scoring PAKDD 2009,RandomForest,2,split,156.22196261682242,449.9236866238318,2.8800283845325523,1090,CP minimax (uncosted),130280.062,0.5333333333333333,0.33225806451612905
Costcla Credit Scoring PAKDD 2009,RandomForest,2,split,156.22196261682242,449.9236866238318,2.8800283845325523,1090,DKW minimax (uncosted),130280.062,0.5333333333333333,0.33225806451612905
Costcla Credit Scoring PAKDD 2009,RandomForest,2,split,156.22196261682242,449.9236866238318,2.8800283845325523,1090,CP sum (costed),124508.4625,0.9012820512820513,0.054838709677419356
Costcla Credit Scoring PAKDD 2009,RandomForest,2,split,156.22196261682242,449.9236866238318,2.8800283845325523,1090,DKW sum (costed),132872.64,0.7858974358974359,0.13225806451612904
Costcla Credit Scoring PAKDD 2009,RandomForest,2,split,156.22196261682242,449.9236866238318,2.8800283845325523,1090,CP minimax (costed),132872.64,0.7858974358974359,0.13225806451612904
Costcla Credit Scoring PAKDD 2009,RandomForest,2,split,156.22196261682242,449.9236866238318,2.8800283845325523,1090,DKW minimax (costed),132872.64,0.7858974358974359,0.13225806451612904
Costcla Credit Scoring PAKDD 2009,RandomForest,2,split,156.22196261682242,449.9236866238318,2.8800283845325523,1090,CP sum (prior-costed),159730.277,0.001282051282051282,1.0
Costcla Credit Scoring PAKDD 2009,RandomForest,2,split,156.22196261682242,449.9236866238318,2.8800283845325523,1090,DKW sum (prior-costed),159730.277,0.001282051282051282,1.0
Costcla Credit Scoring PAKDD 2009,RandomForest,2,split,156.22196261682242,449.9236866238318,2.8800283845325523,1090,CP minimax (prior-costed),128411.117,0.3923076923076923,0.46774193548387094
Costcla Credit Scoring PAKDD 2009,RandomForest,2,split,156.22196261682242,449.9236866238318,2.8800283845325523,1090,DKW minimax (prior-costed),128411.117,0.3923076923076923,0.46774193548387094
Costcla Credit Scoring PAKDD 2009,RandomForest,2,split,156.22196261682242,449.9236866238318,2.8800283845325523,1090,Oracle (test),124373.765,0.9256410256410257,0.025806451612903226
Costcla Credit Scoring PAKDD 2009,RandomForest,3,naive,170.02803738317758,470.199531396028,2.7654235068089372,1090,Baseline,151301.007,0.0,1.0
Costcla Credit Scoring PAKDD 2009,RandomForest,3,naive,170.02803738317758,470.199531396028,2.7654235068089372,1090,Threshold (cost),150721.16700000004,0.008974358974358974,0.9838709677419355
Costcla Credit Scoring PAKDD 2009,RandomForest,3,naive,170.02803738317758,470.199531396028,2.7654235068089372,1090,CP sum (uncosted),150721.16700000004,0.008974358974358974,0.9838709677419355
Costcla Credit Scoring PAKDD 2009,RandomForest,3,naive,170.02803738317758,470.199531396028,2.7654235068089372,1090,DKW sum (uncosted),150721.16700000004,0.008974358974358974,0.9838709677419355
Costcla Credit Scoring PAKDD 2009,RandomForest,3,naive,170.02803738317758,470.199531396028,2.7654235068089372,1090,CP minimax (uncosted),144020.5845,0.05128205128205128,0.8806451612903226
Costcla Credit Scoring PAKDD 2009,RandomForest,3,naive,170.02803738317758,470.199531396028,2.7654235068089372,1090,DKW minimax (uncosted),143399.89200000002,0.05512820512820513,0.8709677419354839
Costcla Credit Scoring PAKDD 2009,RandomForest,3,naive,170.02803738317758,470.199531396028,2.7654235068089372,1090,CP sum (costed),150721.16700000004,0.008974358974358974,0.9838709677419355
Costcla Credit Scoring PAKDD 2009,RandomForest,3,naive,170.02803738317758,470.199531396028,2.7654235068089372,1090,DKW sum (costed),150721.16700000004,0.008974358974358974,0.9838709677419355
Costcla Credit Scoring PAKDD 2009,RandomForest,3,naive,170.02803738317758,470.199531396028,2.7654235068089372,1090,CP minimax (costed),142327.07450000002,0.07179487179487179,0.8419354838709677
Costcla Credit Scoring PAKDD 2009,RandomForest,3,naive,170.02803738317758,470.199531396028,2.7654235068089372,1090,DKW minimax (costed),140520.92450000002,0.08461538461538462,0.8225806451612904
Costcla Credit Scoring PAKDD 2009,RandomForest,3,naive,170.02803738317758,470.199531396028,2.7654235068089372,1090,CP sum (prior-costed),150721.16700000004,0.008974358974358974,0.9838709677419355
Costcla Credit Scoring PAKDD 2009,RandomForest,3,naive,170.02803738317758,470.199531396028,2.7654235068089372,1090,DKW sum (prior-costed),150721.16700000004,0.008974358974358974,0.9838709677419355
Costcla Credit Scoring PAKDD 2009,RandomForest,3,naive,170.02803738317758,470.199531396028,2.7654235068089372,1090,CP minimax (prior-costed),144378.5695,0.05,0.8838709677419355
Costcla Credit Scoring PAKDD 2009,RandomForest,3,naive,170.02803738317758,470.199531396028,2.7654235068089372,1090,DKW minimax (prior-costed),144020.5845,0.05128205128205128,0.8806451612903226
Costcla Credit Scoring PAKDD 2009,RandomForest,3,naive,170.02803738317758,470.199531396028,2.7654235068089372,1090,Oracle (test),126133.59,0.42435897435897435,0.42258064516129035
Costcla Credit Scoring PAKDD 2009,RandomForest,3,split,170.02803738317758,470.199531396028,2.7654235068089372,1090,Baseline,151301.007,0.0,1.0
Costcla Credit Scoring PAKDD 2009,RandomForest,3,split,170.02803738317758,470.199531396028,2.7654235068089372,1090,Threshold (cost),150444.987,0.00641025641025641,0.9806451612903225
Costcla Credit Scoring PAKDD 2009,RandomForest,3,split,170.02803738317758,470.199531396028,2.7654235068089372,1090,CP sum (uncosted),151089.82950000002,0.005128205128205128,0.9870967741935484
Costcla Credit Scoring PAKDD 2009,RandomForest,3,split,170.02803738317758,470.199531396028,2.7654235068089372,1090,DKW sum (uncosted),151089.82950000002,0.005128205128205128,0.9870967741935484
Costcla Credit Scoring PAKDD 2009,RandomForest,3,split,170.02803738317758,470.199531396028,2.7654235068089372,1090,CP minimax (uncosted),117635.345,0.5025641025641026,0.3258064516129032
Costcla Credit Scoring PAKDD 2009,RandomForest,3,split,170.02803738317758,470.199531396028,2.7654235068089372,1090,DKW minimax (uncosted),117635.345,0.5025641025641026,0.3258064516129032
Costcla Credit Scoring PAKDD 2009,RandomForest,3,split,170.02803738317758,470.199531396028,2.7654235068089372,1090,CP sum (costed),130751.13,0.9923076923076923,0.0064516129032258064
Costcla Credit Scoring PAKDD 2009,RandomForest,3,split,170.02803738317758,470.199531396028,2.7654235068089372,1090,DKW sum (costed),130751.13,0.9923076923076923,0.0064516129032258064
Costcla Credit Scoring PAKDD 2009,RandomForest,3,split,170.02803738317758,470.199531396028,2.7654235068089372,1090,CP minimax (costed),124804.82250000001,0.9166666666666666,0.04516129032258064
Costcla Credit Scoring PAKDD 2009,RandomForest,3,split,170.02803738317758,470.199531396028,2.7654235068089372,1090,DKW minimax (costed),124087.0625,0.8512820512820513,0.1
Costcla Credit Scoring PAKDD 2009,RandomForest,3,split,170.02803738317758,470.199531396028,2.7654235068089372,1090,CP sum (prior-costed),151089.82950000002,0.005128205128205128,0.9870967741935484
Costcla Credit Scoring PAKDD 2009,RandomForest,3,split,170.02803738317758,470.199531396028,2.7654235068089372,1090,DKW sum (prior-costed),151089.82950000002,0.005128205128205128,0.9870967741935484
Costcla Credit Scoring PAKDD 2009,RandomForest,3,split,170.02803738317758,470.199531396028,2.7654235068089372,1090,CP minimax (prior-costed),115257.08499999999,0.38846153846153847,0.4032258064516129
Costcla Credit Scoring PAKDD 2009,RandomForest,3,split,170.02803738317758,470.199531396028,2.7654235068089372,1090,DKW minimax (prior-costed),115257.08499999999,0.38846153846153847,0.4032258064516129
Costcla Credit Scoring PAKDD 2009,RandomForest,3,split,170.02803738317758,470.199531396028,2.7654235068089372,1090,Oracle (test),115257.08499999999,0.38846153846153847,0.4032258064516129
Costcla Credit Scoring PAKDD 2009,RandomForest,4,naive,166.05023364485982,463.8173709112149,2.7932352802538354,1090,Baseline,153686.347,0.001282051282051282,0.9967741935483871
Costcla Credit Scoring PAKDD 2009,RandomForest,4,naive,166.05023364485982,463.8173709112149,2.7932352802538354,1090,Threshold (cost),150501.5145,0.008974358974358974,0.9612903225806452
Costcla Credit Scoring PAKDD 2009,RandomForest,4,naive,166.05023364485982,463.8173709112149,2.7932352802538354,1090,CP sum (uncosted),150501.5145,0.008974358974358974,0.9612903225806452
Costcla Credit Scoring PAKDD 2009,RandomForest,4,naive,166.05023364485982,463.8173709112149,2.7932352802538354,1090,DKW sum (uncosted),150501.5145,0.008974358974358974,0.9612903225806452
Costcla Credit Scoring PAKDD 2009,RandomForest,4,naive,166.05023364485982,463.8173709112149,2.7932352802538354,1090,CP minimax (uncosted),137322.1845,0.07051282051282051,0.8354838709677419
Costcla Credit Scoring PAKDD 2009,RandomForest,4,naive,166.05023364485982,463.8173709112149,2.7932352802538354,1090,DKW minimax (uncosted),135772.9045,0.07692307692307693,0.8225806451612904
Costcla Credit Scoring PAKDD 2009,RandomForest,4,naive,166.05023364485982,463.8173709112149,2.7932352802538354,1090,CP sum (costed),150501.5145,0.008974358974358974,0.9612903225806452
Costcla Credit Scoring PAKDD 2009,RandomForest,4,naive,166.05023364485982,463.8173709112149,2.7932352802538354,1090,DKW sum (costed),150501.5145,0.008974358974358974,0.9612903225806452
Costcla Credit Scoring PAKDD 2009,RandomForest,4,naive,166.05023364485982,463.8173709112149,2.7932352802538354,1090,CP minimax (costed),135695.372,0.08974358974358974,0.8129032258064516
Costcla Credit Scoring PAKDD 2009,RandomForest,4,naive,166.05023364485982,463.8173709112149,2.7932352802538354,1090,DKW minimax (costed),135587.592,0.09743589743589744,0.8064516129032258
Costcla Credit Scoring PAKDD 2009,RandomForest,4,naive,166.05023364485982,463.8173709112149,2.7932352802538354,1090,CP sum (prior-costed),150501.5145,0.008974358974358974,0.9612903225806452
Costcla Credit Scoring PAKDD 2009,RandomForest,4,naive,166.05023364485982,463.8173709112149,2.7932352802538354,1090,DKW sum (prior-costed),150501.5145,0.008974358974358974,0.9612903225806452
Costcla Credit Scoring PAKDD 2009,RandomForest,4,naive,166.05023364485982,463.8173709112149,2.7932352802538354,1090,CP minimax (prior-costed),138851.622,0.06794871794871794,0.8483870967741935
Costcla Credit Scoring PAKDD 2009,RandomForest,4,naive,166.05023364485982,463.8173709112149,2.7932352802538354,1090,DKW minimax (prior-costed),137897.622,0.07051282051282051,0.8419354838709677
Costcla Credit Scoring PAKDD 2009,RandomForest,4,naive,166.05023364485982,463.8173709112149,2.7932352802538354,1090,Oracle (test),122248.535,0.7423076923076923,0.1774193548387097
Costcla Credit Scoring PAKDD 2009,RandomForest,4,split,166.05023364485982,463.8173709112149,2.7932352802538354,1090,Baseline,155100.572,0.002564102564102564,0.9935483870967742
Costcla Credit Scoring PAKDD 2009,RandomForest,4,split,166.05023364485982,463.8173709112149,2.7932352802538354,1090,Threshold (cost),154172.8445,0.0038461538461538464,0.9838709677419355
Costcla Credit Scoring PAKDD 2009,RandomForest,4,split,166.05023364485982,463.8173709112149,2.7932352802538354,1090,CP sum (uncosted),154109.572,0.001282051282051282,0.9935483870967742
Costcla Credit Scoring PAKDD 2009,RandomForest,4,split,166.05023364485982,463.8173709112149,2.7932352802538354,1090,DKW sum (uncosted),154109.572,0.001282051282051282,0.9935483870967742
Costcla Credit Scoring PAKDD 2009,RandomForest,4,split,166.05023364485982,463.8173709112149,2.7932352802538354,1090,CP minimax (uncosted),123900.68000000001,0.5705128205128205,0.32903225806451614
Costcla Credit Scoring PAKDD 2009,RandomForest,4,split,166.05023364485982,463.8173709112149,2.7932352802538354,1090,DKW minimax (uncosted),124946.645,0.5076923076923077,0.3967741935483871
Costcla Credit Scoring PAKDD 2009,RandomForest,4,split,166.05023364485982,463.8173709112149,2.7932352802538354,1090,CP sum (costed),131899.115,0.9833333333333333,0.012903225806451613
Costcla Credit Scoring PAKDD 2009,RandomForest,4,split,166.05023364485982,463.8173709112149,2.7932352802538354,1090,DKW sum (costed),131899.115,0.9833333333333333,0.012903225806451613
Costcla Credit Scoring PAKDD 2009,RandomForest,4,split,166.05023364485982,463.8173709112149,2.7932352802538354,1090,CP minimax (costed),131899.115,0.9833333333333333,0.012903225806451613
Costcla Credit Scoring PAKDD 2009,RandomForest,4,split,166.05023364485982,463.8173709112149,2.7932352802538354,1090,DKW minimax (costed),127238.29000000001,0.9333333333333333,0.03870967741935484
Costcla Credit Scoring PAKDD 2009,RandomForest,4,split,166.05023364485982,463.8173709112149,2.7932352802538354,1090,CP sum (prior-costed),154109.572,0.001282051282051282,0.9935483870967742
Costcla Credit Scoring PAKDD 2009,RandomForest,4,split,166.05023364485982,463.8173709112149,2.7932352802538354,1090,DKW sum (prior-costed),154109.572,0.001282051282051282,0.9935483870967742
Costcla Credit Scoring PAKDD 2009,RandomForest,4,split,166.05023364485982,463.8173709112149,2.7932352802538354,1090,CP minimax (prior-costed),128186.97750000001,0.4025641025641026,0.5290322580645161
Costcla Credit Scoring PAKDD 2009,RandomForest,4,split,166.05023364485982,463.8173709112149,2.7932352802538354,1090,DKW minimax (prior-costed),128186.97750000001,0.4025641025641026,0.5290322580645161
Costcla Credit Scoring PAKDD 2009,RandomForest,4,split,166.05023364485982,463.8173709112149,2.7932352802538354,1090,Oracle (test),120940.5375,0.8269230769230769,0.1064516129032258
Costcla Credit Scoring PAKDD 2009,RandomForest,5,naive,149.86214953271028,438.9493024240654,2.929020461756131,1090,Baseline,163595.7675,0.0,0.9967741935483871
Costcla Credit Scoring PAKDD 2009,RandomForest,5,naive,149.86214953271028,438.9493024240654,2.929020461756131,1090,Threshold (cost),162810.2175,0.002564102564102564,0.9903225806451613
Costcla Credit Scoring PAKDD 2009,RandomForest,5,naive,149.86214953271028,438.9493024240654,2.929020461756131,1090,CP sum (uncosted),162810.2175,0.002564102564102564,0.9903225806451613
Costcla Credit Scoring PAKDD 2009,RandomForest,5,naive,149.86214953271028,438.9493024240654,2.929020461756131,1090,DKW sum (uncosted),162810.2175,0.002564102564102564,0.9903225806451613
Costcla Credit Scoring PAKDD 2009,RandomForest,5,naive,149.86214953271028,438.9493024240654,2.929020461756131,1090,CP minimax (uncosted),157373.395,0.05128205128205128,0.8774193548387097
Costcla Credit Scoring PAKDD 2009,RandomForest,5,naive,149.86214953271028,438.9493024240654,2.929020461756131,1090,DKW minimax (uncosted),156494.62,0.06153846153846154,0.867741935483871
Costcla Credit Scoring PAKDD 2009,RandomForest,5,naive,149.86214953271028,438.9493024240654,2.929020461756131,1090,CP sum (costed),162810.2175,0.002564102564102564,0.9903225806451613
Costcla Credit Scoring PAKDD 2009,RandomForest,5,naive,149.86214953271028,438.9493024240654,2.929020461756131,1090,DKW sum (costed),162810.2175,0.002564102564102564,0.9903225806451613
Costcla Credit Scoring PAKDD 2009,RandomForest,5,naive,149.86214953271028,438.9493024240654,2.929020461756131,1090,CP minimax (costed),154985.4225,0.07307692307692308,0.8483870967741935
Costcla Credit Scoring PAKDD 2009,RandomForest,5,naive,149.86214953271028,438.9493024240654,2.929020461756131,1090,DKW minimax (costed),152714.315,0.0782051282051282,0.832258064516129
Costcla Credit Scoring PAKDD 2009,RandomForest,5,naive,149.86214953271028,438.9493024240654,2.929020461756131,1090,CP sum (prior-costed),162810.2175,0.002564102564102564,0.9903225806451613
Costcla Credit Scoring PAKDD 2009,RandomForest,5,naive,149.86214953271028,438.9493024240654,2.929020461756131,1090,DKW sum (prior-costed),162810.2175,0.002564102564102564,0.9903225806451613
Costcla Credit Scoring PAKDD 2009,RandomForest,5,naive,149.86214953271028,438.9493024240654,2.929020461756131,1090,CP minimax (prior-costed),156561.91999999998,0.04358974358974359,0.8838709677419355
Costcla Credit Scoring PAKDD 2009,RandomForest,5,naive,149.86214953271028,438.9493024240654,2.929020461756131,1090,DKW minimax (prior-costed),156561.91999999998,0.04358974358974359,0.8838709677419355
Costcla Credit Scoring PAKDD 2009,RandomForest,5,naive,149.86214953271028,438.9493024240654,2.929020461756131,1090,Oracle (test),114458.63500000001,0.46025641025641023,0.3387096774193548
Costcla Credit Scoring PAKDD 2009,RandomForest,5,split,149.86214953271028,438.9493024240654,2.929020461756131,1090,Baseline,164589.7175,0.001282051282051282,1.0
Costcla Credit Scoring PAKDD 2009,RandomForest,5,split,149.86214953271028,438.9493024240654,2.929020461756131,1090,Threshold (cost),162930.8425,0.011538461538461539,0.9806451612903225
Costcla Credit Scoring PAKDD 2009,RandomForest,5,split,149.86214953271028,438.9493024240654,2.929020461756131,1090,CP sum (uncosted),162930.8425,0.011538461538461539,0.9806451612903225
Costcla Credit Scoring PAKDD 2009,RandomForest,5,split,149.86214953271028,438.9493024240654,2.929020461756131,1090,DKW sum (uncosted),162930.8425,0.011538461538461539,0.9806451612903225
Costcla Credit Scoring PAKDD 2009,RandomForest,5,split,149.86214953271028,438.9493024240654,2.929020461756131,1090,CP minimax (uncosted),129230.25749999999,0.5038461538461538,0.33548387096774196
Costcla Credit Scoring PAKDD 2009,RandomForest,5,split,149.86214953271028,438.9493024240654,2.929020461756131,1090,DKW minimax (uncosted),129230.25749999999,0.5038461538461538,0.33548387096774196
Costcla Credit Scoring PAKDD 2009,RandomForest,5,split,149.86214953271028,438.9493024240654,2.929020461756131,1090,CP sum (costed),135347.5675,0.9794871794871794,0.00967741935483871
Costcla Credit Scoring PAKDD 2009,RandomForest,5,split,149.86214953271028,438.9493024240654,2.929020461756131,1090,DKW sum (costed),135347.5675,0.9794871794871794,0.00967741935483871
Costcla Credit Scoring PAKDD 2009,RandomForest,5,split,149.86214953271028,438.9493024240654,2.929020461756131,1090,CP minimax (costed),132424.3825,0.95,0.03225806451612903
Costcla Credit Scoring PAKDD 2009,RandomForest,5,split,149.86214953271028,438.9493024240654,2.929020461756131,1090,DKW minimax (costed),132424.3825,0.95,0.03225806451612903
Costcla Credit Scoring PAKDD 2009,RandomForest,5,split,149.86214953271028,438.9493024240654,2.929020461756131,1090,CP sum (prior-costed),162930.8425,0.011538461538461539,0.9806451612903225
Costcla Credit Scoring PAKDD 2009,RandomForest,5,split,149.86214953271028,438.9493024240654,2.929020461756131,1090,DKW sum (prior-costed),162930.8425,0.011538461538461539,0.9806451612903225
Costcla Credit Scoring PAKDD 2009,RandomForest,5,split,149.86214953271028,438.9493024240654,2.929020461756131,1090,CP minimax (prior-costed),134562.4825,0.38846153846153847,0.4483870967741935
Costcla Credit Scoring PAKDD 2009,RandomForest,5,split,149.86214953271028,438.9493024240654,2.929020461756131,1090,DKW minimax (prior-costed),134562.4825,0.38846153846153847,0.4483870967741935
Costcla Credit Scoring PAKDD 2009,RandomForest,5,split,149.86214953271028,438.9493024240654,2.929020461756131,1090,Oracle (test),124747.0525,0.5307692307692308,0.3
Costcla Credit Scoring PAKDD 2009,RandomForest,6,naive,173.86098130841123,475.39629410046723,2.734347238367209,1090,Baseline,150790.9095,0.0,1.0
Costcla Credit Scoring PAKDD 2009,RandomForest,6,naive,173.86098130841123,475.39629410046723,2.734347238367209,1090,Threshold (cost),132867.0045,0.15,0.7483870967741936
Costcla Credit Scoring PAKDD 2009,RandomForest,6,naive,173.86098130841123,475.39629410046723,2.734347238367209,1090,CP sum (uncosted),151705.38450000001,0.007692307692307693,0.9903225806451613
Costcla Credit Scoring PAKDD 2009,RandomForest,6,naive,173.86098130841123,475.39629410046723,2.734347238367209,1090,DKW sum (uncosted),151705.38450000001,0.007692307692307693,0.9903225806451613
Costcla Credit Scoring PAKDD 2009,RandomForest,6,naive,173.86098130841123,475.39629410046723,2.734347238367209,1090,CP minimax (uncosted),141632.9545,0.05641025641025641,0.8838709677419355
Costcla Credit Scoring PAKDD 2009,RandomForest,6,naive,173.86098130841123,475.39629410046723,2.734347238367209,1090,DKW minimax (uncosted),143238.8295,0.07307692307692308,0.8709677419354839
Costcla Credit Scoring PAKDD 2009,RandomForest,6,naive,173.86098130841123,475.39629410046723,2.734347238367209,1090,CP sum (costed),151705.38450000001,0.007692307692307693,0.9903225806451613
Costcla Credit Scoring PAKDD 2009,RandomForest,6,naive,173.86098130841123,475.39629410046723,2.734347238367209,1090,DKW sum (costed),151705.38450000001,0.007692307692307693,0.9903225806451613
Costcla Credit Scoring PAKDD 2009,RandomForest,6,naive,173.86098130841123,475.39629410046723,2.734347238367209,1090,CP minimax (costed),142817.1345,0.08205128205128205,0.8483870967741935
Costcla Credit Scoring PAKDD 2009,RandomForest,6,naive,173.86098130841123,475.39629410046723,2.734347238367209,1090,DKW minimax (costed),142045.677,0.0858974358974359,0.8387096774193549
Costcla Credit Scoring PAKDD 2009,RandomForest,6,naive,173.86098130841123,475.39629410046723,2.734347238367209,1090,CP sum (prior-costed),151705.38450000001,0.007692307692307693,0.9903225806451613
Costcla Credit Scoring PAKDD 2009,RandomForest,6,naive,173.86098130841123,475.39629410046723,2.734347238367209,1090,DKW sum (prior-costed),151705.38450000001,0.007692307692307693,0.9903225806451613
Costcla Credit Scoring PAKDD 2009,RandomForest,6,naive,173.86098130841123,475.39629410046723,2.734347238367209,1090,CP minimax (prior-costed),141948.8295,0.04871794871794872,0.8903225806451613
Costcla Credit Scoring PAKDD 2009,RandomForest,6,naive,173.86098130841123,475.39629410046723,2.734347238367209,1090,DKW minimax (prior-costed),141632.9545,0.05641025641025641,0.8838709677419355
Costcla Credit Scoring PAKDD 2009,RandomForest,6,naive,173.86098130841123,475.39629410046723,2.734347238367209,1090,Oracle (test),118265.00200000001,0.31794871794871793,0.532258064516129
Costcla Credit Scoring PAKDD 2009,RandomForest,6,split,173.86098130841123,475.39629410046723,2.734347238367209,1090,Baseline,151131.9095,0.001282051282051282,1.0
Costcla Credit Scoring PAKDD 2009,RandomForest,6,split,173.86098130841123,475.39629410046723,2.734347238367209,1090,Threshold (cost),149503.342,0.014102564102564103,0.9741935483870968
Costcla Credit Scoring PAKDD 2009,RandomForest,6,split,173.86098130841123,475.39629410046723,2.734347238367209,1090,CP sum (uncosted),150868.32200000001,0.001282051282051282,0.9967741935483871
Costcla Credit Scoring PAKDD 2009,RandomForest,6,split,173.86098130841123,475.39629410046723,2.734347238367209,1090,DKW sum (uncosted),121148.1,0.5256410256410257,0.3709677419354839
Costcla Credit Scoring PAKDD 2009,RandomForest,6,split,173.86098130841123,475.39629410046723,2.734347238367209,1090,CP minimax (uncosted),121148.1,0.5256410256410257,0.3709677419354839
Costcla Credit Scoring PAKDD 2009,RandomForest,6,split,173.86098130841123,475.39629410046723,2.734347238367209,1090,DKW minimax (uncosted),121148.1,0.5256410256410257,0.3709677419354839
Costcla Credit Scoring PAKDD 2009,RandomForest,6,split,173.86098130841123,475.39629410046723,2.734347238367209,1090,CP sum (costed),124402.0,0.9948717948717949,0.0
Costcla Credit Scoring PAKDD 2009,RandomForest,6,split,173.86098130841123,475.39629410046723,2.734347238367209,1090,DKW sum (costed),124402.0,0.9948717948717949,0.0
Costcla Credit Scoring PAKDD 2009,RandomForest,6,split,173.86098130841123,475.39629410046723,2.734347238367209,1090,CP minimax (costed),123301.0825,0.9717948717948718,0.016129032258064516
Costcla Credit Scoring PAKDD 2009,RandomForest,6,split,173.86098130841123,475.39629410046723,2.734347238367209,1090,DKW minimax (costed),120225.5375,0.8320512820512821,0.1
Costcla Credit Scoring PAKDD 2009,RandomForest,6,split,173.86098130841123,475.39629410046723,2.734347238367209,1090,CP sum (prior-costed),150868.32200000001,0.001282051282051282,0.9967741935483871
Costcla Credit Scoring PAKDD 2009,RandomForest,6,split,173.86098130841123,475.39629410046723,2.734347238367209,1090,DKW sum (prior-costed),150868.32200000001,0.001282051282051282,0.9967741935483871
Costcla Credit Scoring PAKDD 2009,RandomForest,6,split,173.86098130841123,475.39629410046723,2.734347238367209,1090,CP minimax (prior-costed),130639.13699999999,0.3346153846153846,0.5838709677419355
Costcla Credit Scoring PAKDD 2009,RandomForest,6,split,173.86098130841123,475.39629410046723,2.734347238367209,1090,DKW minimax (prior-costed),130639.13699999999,0.3346153846153846,0.5838709677419355
Costcla Credit Scoring PAKDD 2009,RandomForest,6,split,173.86098130841123,475.39629410046723,2.734347238367209,1090,Oracle (test),114191.29499999998,0.6153846153846154,0.2709677419354839
Costcla Credit Scoring PAKDD 2009,RandomForest,7,naive,158.90654205607476,454.4229243574766,2.8596866968329118,1090,Baseline,154923.6645,0.0,0.9967741935483871
Costcla Credit Scoring PAKDD 2009,RandomForest,7,naive,158.90654205607476,454.4229243574766,2.8596866968329118,1090,Threshold (cost),153918.92950000003,0.011538461538461539,0.9903225806451613
Costcla Credit Scoring PAKDD 2009,RandomForest,7,naive,158.90654205607476,454.4229243574766,2.8596866968329118,1090,CP sum (uncosted),153918.92950000003,0.011538461538461539,0.9903225806451613
Costcla Credit Scoring PAKDD 2009,RandomForest,7,naive,158.90654205607476,454.4229243574766,2.8596866968329118,1090,DKW sum (uncosted),153918.92950000003,0.011538461538461539,0.9903225806451613
Costcla Credit Scoring PAKDD 2009,RandomForest,7,naive,158.90654205607476,454.4229243574766,2.8596866968329118,1090,CP minimax (uncosted),156243.097,0.08461538461538462,0.9064516129032258
Costcla Credit Scoring PAKDD 2009,RandomForest,7,naive,158.90654205607476,454.4229243574766,2.8596866968329118,1090,DKW minimax (uncosted),156792.097,0.09102564102564102,0.9064516129032258
Costcla Credit Scoring PAKDD 2009,RandomForest,7,naive,158.90654205607476,454.4229243574766,2.8596866968329118,1090,CP sum (costed),153918.92950000003,0.011538461538461539,0.9903225806451613
Costcla Credit Scoring PAKDD 2009,RandomForest,7,naive,158.90654205607476,454.4229243574766,2.8596866968329118,1090,DKW sum (costed),153918.92950000003,0.011538461538461539,0.9903225806451613
Costcla Credit Scoring PAKDD 2009,RandomForest,7,naive,158.90654205607476,454.4229243574766,2.8596866968329118,1090,CP minimax (costed),156110.272,0.10512820512820513,0.8870967741935484
Costcla Credit Scoring PAKDD 2009,RandomForest,7,naive,158.90654205607476,454.4229243574766,2.8596866968329118,1090,DKW minimax (costed),153799.23200000002,0.11153846153846154,0.867741935483871
Costcla Credit Scoring PAKDD 2009,RandomForest,7,naive,158.90654205607476,454.4229243574766,2.8596866968329118,1090,CP sum (prior-costed),153918.92950000003,0.011538461538461539,0.9903225806451613
Costcla Credit Scoring PAKDD 2009,RandomForest,7,naive,158.90654205607476,454.4229243574766,2.8596866968329118,1090,DKW sum (prior-costed),153918.92950000003,0.011538461538461539,0.9903225806451613
Costcla Credit Scoring PAKDD 2009,RandomForest,7,naive,158.90654205607476,454.4229243574766,2.8596866968329118,1090,CP minimax (prior-costed),155993.097,0.08205128205128205,0.9064516129032258
Costcla Credit Scoring PAKDD 2009,RandomForest,7,naive,158.90654205607476,454.4229243574766,2.8596866968329118,1090,DKW minimax (prior-costed),156243.097,0.08461538461538462,0.9064516129032258
Costcla Credit Scoring PAKDD 2009,RandomForest,7,naive,158.90654205607476,454.4229243574766,2.8596866968329118,1090,Oracle (test),127626.465,0.7346153846153847,0.1870967741935484
Costcla Credit Scoring PAKDD 2009,RandomForest,7,split,158.90654205607476,454.4229243574766,2.8596866968329118,1090,Baseline,154840.1045,0.001282051282051282,0.9967741935483871
Costcla Credit Scoring PAKDD 2009,RandomForest,7,split,158.90654205607476,454.4229243574766,2.8596866968329118,1090,Threshold (cost),154840.1045,0.001282051282051282,0.9967741935483871
Costcla Credit Scoring PAKDD 2009,RandomForest,7,split,158.90654205607476,454.4229243574766,2.8596866968329118,1090,CP sum (uncosted),155087.0145,0.0,1.0
Costcla Credit Scoring PAKDD 2009,RandomForest,7,split,158.90654205607476,454.4229243574766,2.8596866968329118,1090,DKW sum (uncosted),155087.0145,0.0,1.0
Costcla Credit Scoring PAKDD 2009,RandomForest,7,split,158.90654205607476,454.4229243574766,2.8596866968329118,1090,CP minimax (uncosted),148937.807,0.5448717948717948,0.5225806451612903
Costcla Credit Scoring PAKDD 2009,RandomForest,7,split,158.90654205607476,454.4229243574766,2.8596866968329118,1090,DKW minimax (uncosted),148469.5595,0.5230769230769231,0.5516129032258065
Costcla Credit Scoring PAKDD 2009,RandomForest,7,split,158.90654205607476,454.4229243574766,2.8596866968329118,1090,CP sum (costed),131322.6575,0.9076923076923077,0.0935483870967742
Costcla Credit Scoring PAKDD 2009,RandomForest,7,split,158.90654205607476,454.4229243574766,2.8596866968329118,1090,DKW sum (costed),131322.6575,0.9076923076923077,0.0935483870967742
Costcla Credit Scoring PAKDD 2009,RandomForest,7,split,158.90654205607476,454.4229243574766,2.8596866968329118,1090,CP minimax (costed),137321.6975,0.8628205128205129,0.15806451612903225
Costcla Credit Scoring PAKDD 2009,RandomForest,7,split,158.90654205607476,454.4229243574766,2.8596866968329118,1090,DKW minimax (costed),137321.6975,0.8628205128205129,0.15806451612903225
Costcla Credit Scoring PAKDD 2009,RandomForest,7,split,158.90654205607476,454.4229243574766,2.8596866968329118,1090,CP sum (prior-costed),155087.0145,0.0,1.0
Costcla Credit Scoring PAKDD 2009,RandomForest,7,split,158.90654205607476,454.4229243574766,2.8596866968329118,1090,DKW sum (prior-costed),155087.0145,0.0,1.0
Costcla Credit Scoring PAKDD 2009,RandomForest,7,split,158.90654205607476,454.4229243574766,2.8596866968329118,1090,CP minimax (prior-costed),148639.79450000002,0.44358974358974357,0.6129032258064516
Costcla Credit Scoring PAKDD 2009,RandomForest,7,split,158.90654205607476,454.4229243574766,2.8596866968329118,1090,DKW minimax (prior-costed),148639.79450000002,0.44358974358974357,0.6129032258064516
Costcla Credit Scoring PAKDD 2009,RandomForest,7,split,158.90654205607476,454.4229243574766,2.8596866968329118,1090,Oracle (test),125334.75749999999,0.7217948717948718,0.2
Costcla Credit Scoring PAKDD 2009,RandomForest,8,naive,161.18457943925233,456.92085569509345,2.8347678002739647,1090,Baseline,156999.8395,0.001282051282051282,1.0
Costcla Credit Scoring PAKDD 2009,RandomForest,8,naive,161.18457943925233,456.92085569509345,2.8347678002739647,1090,Threshold (cost),158113.86450000003,0.015384615384615385,0.9967741935483871
Costcla Credit Scoring PAKDD 2009,RandomForest,8,naive,161.18457943925233,456.92085569509345,2.8347678002739647,1090,CP sum (uncosted),158113.86450000003,0.015384615384615385,0.9967741935483871
Costcla Credit Scoring PAKDD 2009,RandomForest,8,naive,161.18457943925233,456.92085569509345,2.8347678002739647,1090,DKW sum (uncosted),158113.86450000003,0.015384615384615385,0.9967741935483871
Costcla Credit Scoring PAKDD 2009,RandomForest,8,naive,161.18457943925233,456.92085569509345,2.8347678002739647,1090,CP minimax (uncosted),157219.91999999998,0.05897435897435897,0.9354838709677419
Costcla Credit Scoring PAKDD 2009,RandomForest,8,naive,161.18457943925233,456.92085569509345,2.8347678002739647,1090,DKW minimax (uncosted),156775.015,0.06666666666666667,0.9258064516129032
Costcla Credit Scoring PAKDD 2009,RandomForest,8,naive,161.18457943925233,456.92085569509345,2.8347678002739647,1090,CP sum (costed),158113.86450000003,0.015384615384615385,0.9967741935483871
Costcla Credit Scoring PAKDD 2009,RandomForest,8,naive,161.18457943925233,456.92085569509345,2.8347678002739647,1090,DKW sum (costed),158113.86450000003,0.015384615384615385,0.9967741935483871
Costcla Credit Scoring PAKDD 2009,RandomForest,8,naive,161.18457943925233,456.92085569509345,2.8347678002739647,1090,CP minimax (costed),156521.41499999998,0.07179487179487179,0.9193548387096774
Costcla Credit Scoring PAKDD 2009,RandomForest,8,naive,161.18457943925233,456.92085569509345,2.8347678002739647,1090,DKW minimax (costed),159320.24,0.08333333333333333,0.9129032258064517
Costcla Credit Scoring PAKDD 2009,RandomForest,8,naive,161.18457943925233,456.92085569509345,2.8347678002739647,1090,CP sum (prior-costed),158113.86450000003,0.015384615384615385,0.9967741935483871
Costcla Credit Scoring PAKDD 2009,RandomForest,8,naive,161.18457943925233,456.92085569509345,2.8347678002739647,1090,DKW sum (prior-costed),158113.86450000003,0.015384615384615385,0.9967741935483871
Costcla Credit Scoring PAKDD 2009,RandomForest,8,naive,161.18457943925233,456.92085569509345,2.8347678002739647,1090,CP minimax (prior-costed),155244.3775,0.04871794871794872,0.9419354838709677
Costcla Credit Scoring PAKDD 2009,RandomForest,8,naive,161.18457943925233,456.92085569509345,2.8347678002739647,1090,DKW minimax (prior-costed),157219.91999999998,0.05897435897435897,0.9354838709677419
Costcla Credit Scoring PAKDD 2009,RandomForest,8,naive,161.18457943925233,456.92085569509345,2.8347678002739647,1090,Oracle (test),118715.815,0.8217948717948718,0.13225806451612904
Costcla Credit Scoring PAKDD 2009,RandomForest,8,split,161.18457943925233,456.92085569509345,2.8347678002739647,1090,Baseline,156935.8395,0.0,1.0
Costcla Credit Scoring PAKDD 2009,RandomForest,8,split,161.18457943925233,456.92085569509345,2.8347678002739647,1090,Threshold (cost),156935.8395,0.0,1.0
Costcla Credit Scoring PAKDD 2009,RandomForest,8,split,161.18457943925233,456.92085569509345,2.8347678002739647,1090,CP sum (uncosted),156935.8395,0.0,1.0
Costcla Credit Scoring PAKDD 2009,RandomForest,8,split,161.18457943925233,456.92085569509345,2.8347678002739647,1090,DKW sum (uncosted),156935.8395,0.0,1.0
Costcla Credit Scoring PAKDD 2009,RandomForest,8,split,161.18457943925233,456.92085569509345,2.8347678002739647,1090,CP minimax (uncosted),134424.39750000002,0.5769230769230769,0.4096774193548387
Costcla Credit Scoring PAKDD 2009,RandomForest,8,split,161.18457943925233,456.92085569509345,2.8347678002739647,1090,DKW minimax (uncosted),132152.765,0.5525641025641026,0.4290322580645161
Costcla Credit Scoring PAKDD 2009,RandomForest,8,split,161.18457943925233,456.92085569509345,2.8347678002739647,1090,CP sum (costed),129539.91500000001,0.9910256410256411,0.00967741935483871
Costcla Credit Scoring PAKDD 2009,RandomForest,8,split,161.18457943925233,456.92085569509345,2.8347678002739647,1090,DKW sum (costed),129539.91500000001,0.9910256410256411,0.00967741935483871
Costcla Credit Scoring PAKDD 2009,RandomForest,8,split,161.18457943925233,456.92085569509345,2.8347678002739647,1090,CP minimax (costed),128227.795,0.9064102564102564,0.08387096774193549
Costcla Credit Scoring PAKDD 2009,RandomForest,8,split,161.18457943925233,456.92085569509345,2.8347678002739647,1090,DKW minimax (costed),128074.475,0.8705128205128205,0.11612903225806452
Costcla Credit Scoring PAKDD 2009,RandomForest,8,split,161.18457943925233,456.92085569509345,2.8347678002739647,1090,CP sum (prior-costed),156935.8395,0.0,1.0
Costcla Credit Scoring PAKDD 2009,RandomForest,8,split,161.18457943925233,456.92085569509345,2.8347678002739647,1090,DKW sum (prior-costed),156935.8395,0.0,1.0
Costcla Credit Scoring PAKDD 2009,RandomForest,8,split,161.18457943925233,456.92085569509345,2.8347678002739647,1090,CP minimax (prior-costed),142282.95,0.39487179487179486,0.6096774193548387
Costcla Credit Scoring PAKDD 2009,RandomForest,8,split,161.18457943925233,456.92085569509345,2.8347678002739647,1090,DKW minimax (prior-costed),142282.95,0.39487179487179486,0.6096774193548387
Costcla Credit Scoring PAKDD 2009,RandomForest,8,split,161.18457943925233,456.92085569509345,2.8347678002739647,1090,Oracle (test),126763.9075,0.9628205128205128,0.03870967741935484
Costcla Credit Scoring PAKDD 2009,RandomForest,9,naive,166.37383177570092,463.01285134345795,2.782966806749242,1090,Baseline,154393.5195,0.0,1.0
Costcla Credit Scoring PAKDD 2009,RandomForest,9,naive,166.37383177570092,463.01285134345795,2.782966806749242,1090,Threshold (cost),154049.7695,0.00641025641025641,0.9967741935483871
Costcla Credit Scoring PAKDD 2009,RandomForest,9,naive,166.37383177570092,463.01285134345795,2.782966806749242,1090,CP sum (uncosted),154049.7695,0.00641025641025641,0.9967741935483871
Costcla Credit Scoring PAKDD 2009,RandomForest,9,naive,166.37383177570092,463.01285134345795,2.782966806749242,1090,DKW sum (uncosted),154049.7695,0.00641025641025641,0.9967741935483871
Costcla Credit Scoring PAKDD 2009,RandomForest,9,naive,166.37383177570092,463.01285134345795,2.782966806749242,1090,CP minimax (uncosted),149077.9295,0.057692307692307696,0.9096774193548387
Costcla Credit Scoring PAKDD 2009,RandomForest,9,naive,166.37383177570092,463.01285134345795,2.782966806749242,1090,DKW minimax (uncosted),148386.662,0.05897435897435897,0.9
Costcla Credit Scoring PAKDD 2009,RandomForest,9,naive,166.37383177570092,463.01285134345795,2.782966806749242,1090,CP sum (costed),154049.7695,0.00641025641025641,0.9967741935483871
Costcla Credit Scoring PAKDD 2009,RandomForest,9,naive,166.37383177570092,463.01285134345795,2.782966806749242,1090,DKW sum (costed),154049.7695,0.00641025641025641,0.9967741935483871
Costcla Credit Scoring PAKDD 2009,RandomForest,9,naive,166.37383177570092,463.01285134345795,2.782966806749242,1090,CP minimax (costed),148462.537,0.06538461538461539,0.8903225806451613
Costcla Credit Scoring PAKDD 2009,RandomForest,9,naive,166.37383177570092,463.01285134345795,2.782966806749242,1090,DKW minimax (costed),148137.487,0.08333333333333333,0.864516129032258
Costcla Credit Scoring PAKDD 2009,RandomForest,9,naive,166.37383177570092,463.01285134345795,2.782966806749242,1090,CP sum (prior-costed),154049.7695,0.00641025641025641,0.9967741935483871
Costcla Credit Scoring PAKDD 2009,RandomForest,9,naive,166.37383177570092,463.01285134345795,2.782966806749242,1090,DKW sum (prior-costed),154049.7695,0.00641025641025641,0.9967741935483871
Costcla Credit Scoring PAKDD 2009,RandomForest,9,naive,166.37383177570092,463.01285134345795,2.782966806749242,1090,CP minimax (prior-costed),149667.9295,0.05641025641025641,0.9129032258064517
Costcla Credit Scoring PAKDD 2009,RandomForest,9,naive,166.37383177570092,463.01285134345795,2.782966806749242,1090,DKW minimax (prior-costed),149667.9295,0.05641025641025641,0.9129032258064517
Costcla Credit Scoring PAKDD 2009,RandomForest,9,naive,166.37383177570092,463.01285134345795,2.782966806749242,1090,Oracle (test),124337.65,0.9038461538461539,0.06774193548387097
Costcla Credit Scoring PAKDD 2009,RandomForest,9,split,166.37383177570092,463.01285134345795,2.782966806749242,1090,Baseline,154393.5195,0.0,1.0
Costcla Credit Scoring PAKDD 2009,RandomForest,9,split,166.37383177570092,463.01285134345795,2.782966806749242,1090,Threshold (cost),153262.44449999998,0.007692307692307693,0.9903225806451613
Costcla Credit Scoring PAKDD 2009,RandomForest,9,split,166.37383177570092,463.01285134345795,2.782966806749242,1090,CP sum (uncosted),153607.2695,0.005128205128205128,0.9935483870967742
Costcla Credit Scoring PAKDD 2009,RandomForest,9,split,166.37383177570092,463.01285134345795,2.782966806749242,1090,DKW sum (uncosted),153607.2695,0.005128205128205128,0.9935483870967742
Costcla Credit Scoring PAKDD 2009,RandomForest,9,split,166.37383177570092,463.01285134345795,2.782966806749242,1090,CP minimax (uncosted),134667.74,0.5333333333333333,0.38064516129032255
Costcla Credit Scoring PAKDD 2009,RandomForest,9,split,166.37383177570092,463.01285134345795,2.782966806749242,1090,DKW minimax (uncosted),140846.5895,0.5051282051282051,0.41935483870967744
Costcla Credit Scoring PAKDD 2009,RandomForest,9,split,166.37383177570092,463.01285134345795,2.782966806749242,1090,CP sum (costed),128647.8925,0.9564102564102565,0.025806451612903226
Costcla Credit Scoring PAKDD 2009,RandomForest,9,split,166.37383177570092,463.01285134345795,2.782966806749242,1090,DKW sum (costed),128647.8925,0.9564102564102565,0.025806451612903226
Costcla Credit Scoring PAKDD 2009,RandomForest,9,split,166.37383177570092,463.01285134345795,2.782966806749242,1090,CP minimax (costed),126997.9175,0.9230769230769231,0.041935483870967745
Costcla Credit Scoring PAKDD 2009,RandomForest,9,split,166.37383177570092,463.01285134345795,2.782966806749242,1090,DKW minimax (costed),126997.9175,0.9230769230769231,0.041935483870967745
Costcla Credit Scoring PAKDD 2009,RandomForest,9,split,166.37383177570092,463.01285134345795,2.782966806749242,1090,CP sum (prior-costed),153607.2695,0.005128205128205128,0.9935483870967742
Costcla Credit Scoring PAKDD 2009,RandomForest,9,split,166.37383177570092,463.01285134345795,2.782966806749242,1090,DKW sum (prior-costed),153607.2695,0.005128205128205128,0.9935483870967742
Costcla Credit Scoring PAKDD 2009,RandomForest,9,split,166.37383177570092,463.01285134345795,2.782966806749242,1090,CP minimax (prior-costed),135359.16449999998,0.4166666666666667,0.5
Costcla Credit Scoring PAKDD 2009,RandomForest,9,split,166.37383177570092,463.01285134345795,2.782966806749242,1090,DKW minimax (prior-costed),135359.16449999998,0.4166666666666667,0.5
Costcla Credit Scoring PAKDD 2009,RandomForest,9,split,166.37383177570092,463.01285134345795,2.782966806749242,1090,Oracle (test),118686.185,0.8551282051282051,0.08387096774193549
Costcla Credit Scoring PAKDD 2009,GradientBoosting,0,naive,161.29322429906543,456.6853374707944,2.8313981536138253,1090,Baseline,157528.9645,0.02435897435897436,0.9774193548387097
Costcla Credit Scoring PAKDD 2009,GradientBoosting,0,naive,161.29322429906543,456.6853374707944,2.8313981536138253,1090,Threshold (cost),149586.76200000002,0.09743589743589744,0.8612903225806452
Costcla Credit Scoring PAKDD 2009,GradientBoosting,0,naive,161.29322429906543,456.6853374707944,2.8313981536138253,1090,CP sum (uncosted),148255.662,0.11153846153846154,0.8451612903225807
Costcla Credit Scoring PAKDD 2009,GradientBoosting,0,naive,161.29322429906543,456.6853374707944,2.8313981536138253,1090,DKW sum (uncosted),148255.662,0.11153846153846154,0.8451612903225807
Costcla Credit Scoring PAKDD 2009,GradientBoosting,0,naive,161.29322429906543,456.6853374707944,2.8313981536138253,1090,CP minimax (uncosted),140831.1895,0.22692307692307692,0.7129032258064516
Costcla Credit Scoring PAKDD 2009,GradientBoosting,0,naive,161.29322429906543,456.6853374707944,2.8313981536138253,1090,DKW minimax (uncosted),141754.4395,0.23974358974358975,0.7032258064516129
Costcla Credit Scoring PAKDD 2009,GradientBoosting,0,naive,161.29322429906543,456.6853374707944,2.8313981536138253,1090,CP sum (costed),144674.89250000002,0.32564102564102565,0.6419354838709678
Costcla Credit Scoring PAKDD 2009,GradientBoosting,0,naive,161.29322429906543,456.6853374707944,2.8313981536138253,1090,DKW sum (costed),144839.397,0.2141025641025641,0.7354838709677419
Costcla Credit Scoring PAKDD 2009,GradientBoosting,0,naive,161.29322429906543,456.6853374707944,2.8313981536138253,1090,CP minimax (costed),144707.63999999998,0.43333333333333335,0.5193548387096775
Costcla Credit Scoring PAKDD 2009,GradientBoosting,0,naive,161.29322429906543,456.6853374707944,2.8313981536138253,1090,DKW minimax (costed),142675.8925,0.517948717948718,0.44516129032258067
Costcla Credit Scoring PAKDD 2009,GradientBoosting,0,naive,161.29322429906543,456.6853374707944,2.8313981536138253,1090,CP sum (prior-costed),148255.662,0.11153846153846154,0.8451612903225807
Costcla Credit Scoring PAKDD 2009,GradientBoosting,0,naive,161.29322429906543,456.6853374707944,2.8313981536138253,1090,DKW sum (prior-costed),148255.662,0.11153846153846154,0.8451612903225807
Costcla Credit Scoring PAKDD 2009,GradientBoosting,0,naive,161.29322429906543,456.6853374707944,2.8313981536138253,1090,CP minimax (prior-costed),149632.307,0.19615384615384615,0.7677419354838709
Costcla Credit Scoring PAKDD 2009,GradientBoosting,0,naive,161.29322429906543,456.6853374707944,2.8313981536138253,1090,DKW minimax (prior-costed),149632.307,0.19615384615384615,0.7677419354838709
Costcla Credit Scoring PAKDD 2009,GradientBoosting,0,naive,161.29322429906543,456.6853374707944,2.8313981536138253,1090,Oracle (test),120884.1825,0.764102564102564,0.15483870967741936
Costcla Credit Scoring PAKDD 2009,GradientBoosting,0,split,161.29322429906543,456.6853374707944,2.8313981536138253,1090,Baseline,155270.0945,0.019230769230769232,0.967741935483871
Costcla Credit Scoring PAKDD 2009,GradientBoosting,0,split,161.29322429906543,456.6853374707944,2.8313981536138253,1090,Threshold (cost),156532.027,0.00641025641025641,0.9903225806451613
Costcla Credit Scoring PAKDD 2009,GradientBoosting,0,split,161.29322429906543,456.6853374707944,2.8313981536138253,1090,CP sum (uncosted),157232.2045,0.0038461538461538464,0.9935483870967742
Costcla Credit Scoring PAKDD 2009,GradientBoosting,0,split,161.29322429906543,456.6853374707944,2.8313981536138253,1090,DKW sum (uncosted),157232.2045,0.0038461538461538464,0.9935483870967742
Costcla Credit Scoring PAKDD 2009,GradientBoosting,0,split,161.29322429906543,456.6853374707944,2.8313981536138253,1090,CP minimax (uncosted),121884.4425,0.617948717948718,0.29354838709677417
Costcla Credit Scoring PAKDD 2009,GradientBoosting,0,split,161.29322429906543,456.6853374707944,2.8313981536138253,1090,DKW minimax (uncosted),124526.36499999999,0.6153846153846154,0.3064516129032258
Costcla Credit Scoring PAKDD 2009,GradientBoosting,0,split,161.29322429906543,456.6853374707944,2.8313981536138253,1090,CP sum (costed),129259.79500000001,0.9243589743589744,0.01935483870967742
Costcla Credit Scoring PAKDD 2009,GradientBoosting,0,split,161.29322429906543,456.6853374707944,2.8313981536138253,1090,DKW sum (costed),129259.79500000001,0.9243589743589744,0.01935483870967742
Costcla Credit Scoring PAKDD 2009,GradientBoosting,0,split,161.29322429906543,456.6853374707944,2.8313981536138253,1090,CP minimax (costed),128375.095,0.9115384615384615,0.02258064516129032
Costcla Credit Scoring PAKDD 2009,GradientBoosting,0,split,161.29322429906543,456.6853374707944,2.8313981536138253,1090,DKW minimax (costed),128899.99,0.867948717948718,0.05806451612903226
Costcla Credit Scoring PAKDD 2009,GradientBoosting,0,split,161.29322429906543,456.6853374707944,2.8313981536138253,1090,CP sum (prior-costed),157232.2045,0.0038461538461538464,0.9935483870967742
Costcla Credit Scoring PAKDD 2009,GradientBoosting,0,split,161.29322429906543,456.6853374707944,2.8313981536138253,1090,DKW sum (prior-costed),157232.2045,0.0038461538461538464,0.9935483870967742
Costcla Credit Scoring PAKDD 2009,GradientBoosting,0,split,161.29322429906543,456.6853374707944,2.8313981536138253,1090,CP minimax (prior-costed),127861.3725,0.4756410256410256,0.45806451612903226
Costcla Credit Scoring PAKDD 2009,GradientBoosting,0,split,161.29322429906543,456.6853374707944,2.8313981536138253,1090,DKW minimax (prior-costed),127861.3725,0.4756410256410256,0.45806451612903226
Costcla Credit Scoring PAKDD 2009,GradientBoosting,0,split,161.29322429906543,456.6853374707944,2.8313981536138253,1090,Oracle (test),121866.275,0.6038461538461538,0.3096774193548387
Costcla Credit Scoring PAKDD 2009,GradientBoosting,1,naive,173.71728971962617,475.6058768691589,2.7378154335516673,1090,Baseline,146384.617,0.01282051282051282,0.9838709677419355
Costcla Credit Scoring PAKDD 2009,GradientBoosting,1,naive,173.71728971962617,475.6058768691589,2.7378154335516673,1090,Threshold (cost),142950.6195,0.06153846153846154,0.8903225806451613
Costcla Credit Scoring PAKDD 2009,GradientBoosting,1,naive,173.71728971962617,475.6058768691589,2.7378154335516673,1090,CP sum (uncosted),141254.547,0.1423076923076923,0.8096774193548387
Costcla Credit Scoring PAKDD 2009,GradientBoosting,1,naive,173.71728971962617,475.6058768691589,2.7378154335516673,1090,DKW sum (uncosted),141254.547,0.1423076923076923,0.8096774193548387
Costcla Credit Scoring PAKDD 2009,GradientBoosting,1,naive,173.71728971962617,475.6058768691589,2.7378154335516673,1090,CP minimax (uncosted),132961.50699999998,0.24743589743589745,0.6903225806451613
Costcla Credit Scoring PAKDD 2009,GradientBoosting,1,naive,173.71728971962617,475.6058768691589,2.7378154335516673,1090,DKW minimax (uncosted),132602.512,0.2564102564102564,0.6838709677419355
Costcla Credit Scoring PAKDD 2009,GradientBoosting,1,naive,173.71728971962617,475.6058768691589,2.7378154335516673,1090,CP sum (costed),132869.5845,0.36666666666666664,0.5806451612903226
Costcla Credit Scoring PAKDD 2009,GradientBoosting,1,naive,173.71728971962617,475.6058768691589,2.7378154335516673,1090,DKW sum (costed),134420.992,0.3294871794871795,0.6161290322580645
Costcla Credit Scoring PAKDD 2009,GradientBoosting,1,naive,173.71728971962617,475.6058768691589,2.7378154335516673,1090,CP minimax (costed),132869.5845,0.36666666666666664,0.5806451612903226
Costcla Credit Scoring PAKDD 2009,GradientBoosting,1,naive,173.71728971962617,475.6058768691589,2.7378154335516673,1090,DKW minimax (costed),127756.1495,0.43846153846153846,0.4774193548387097
Costcla Credit Scoring PAKDD 2009,GradientBoosting,1,naive,173.71728971962617,475.6058768691589,2.7378154335516673,1090,CP sum (prior-costed),141254.547,0.1423076923076923,0.8096774193548387
Costcla Credit Scoring PAKDD 2009,GradientBoosting,1,naive,173.71728971962617,475.6058768691589,2.7378154335516673,1090,DKW sum (prior-costed),141254.547,0.1423076923076923,0.8096774193548387
Costcla Credit Scoring PAKDD 2009,GradientBoosting,1,naive,173.71728971962617,475.6058768691589,2.7378154335516673,1090,CP minimax (prior-costed),137504.13450000001,0.2128205128205128,0.7387096774193549
Costcla Credit Scoring PAKDD 2009,GradientBoosting,1,naive,173.71728971962617,475.6058768691589,2.7378154335516673,1090,DKW minimax (prior-costed),137504.13450000001,0.2128205128205128,0.7387096774193549
Costcla Credit Scoring PAKDD 2009,GradientBoosting,1,naive,173.71728971962617,475.6058768691589,2.7378154335516673,1090,Oracle (test),111706.7645,0.6935897435897436,0.1935483870967742
Costcla Credit Scoring PAKDD 2009,GradientBoosting,1,split,173.71728971962617,475.6058768691589,2.7378154335516673,1090,Baseline,148198.2695,0.017948717948717947,0.9709677419354839
Costcla Credit Scoring PAKDD 2009,GradientBoosting,1,split,173.71728971962617,475.6058768691589,2.7378154335516673,1090,Threshold (cost),149295.2695,0.021794871794871794,0.9709677419354839
Costcla Credit Scoring PAKDD 2009,GradientBoosting,1,split,173.71728971962617,475.6058768691589,2.7378154335516673,1090,CP sum (uncosted),147998.8845,0.01282051282051282,0.9774193548387097
Costcla Credit Scoring PAKDD 2009,GradientBoosting,1,split,173.71728971962617,475.6058768691589,2.7378154335516673,1090,DKW sum (uncosted),147998.8845,0.01282051282051282,0.9774193548387097
Costcla Credit Scoring PAKDD 2009,GradientBoosting,1,split,173.71728971962617,475.6058768691589,2.7378154335516673,1090,CP minimax (uncosted),114409.51699999999,0.5435897435897435,0.35161290322580646
Costcla Credit Scoring PAKDD 2009,GradientBoosting,1,split,173.71728971962617,475.6058768691589,2.7378154335516673,1090,DKW minimax (uncosted),116408.3745,0.532051282051282,0.36774193548387096
Costcla Credit Scoring PAKDD 2009,GradientBoosting,1,split,173.71728971962617,475.6058768691589,2.7378154335516673,1090,CP sum (costed),120435.6275,0.9076923076923077,0.06774193548387097
Costcla Credit Scoring PAKDD 2009,GradientBoosting,1,split,173.71728971962617,475.6058768691589,2.7378154335516673,1090,DKW sum (costed),120435.6275,0.9076923076923077,0.06774193548387097
Costcla Credit Scoring PAKDD 2009,GradientBoosting,1,split,173.71728971962617,475.6058768691589,2.7378154335516673,1090,CP minimax (costed),120142.1125,0.8871794871794871,0.07419354838709677
Costcla Credit Scoring PAKDD 2009,GradientBoosting,1,split,173.71728971962617,475.6058768691589,2.7378154335516673,1090,DKW minimax (costed),117856.0825,0.8641025641025641,0.0935483870967742
Costcla Credit Scoring PAKDD 2009,GradientBoosting,1,split,173.71728971962617,475.6058768691589,2.7378154335516673,1090,CP sum (prior-costed),147998.8845,0.01282051282051282,0.9774193548387097
Costcla Credit Scoring PAKDD 2009,GradientBoosting,1,split,173.71728971962617,475.6058768691589,2.7378154335516673,1090,DKW sum (prior-costed),147998.8845,0.01282051282051282,0.9774193548387097
Costcla Credit Scoring PAKDD 2009,GradientBoosting,1,split,173.71728971962617,475.6058768691589,2.7378154335516673,1090,CP minimax (prior-costed),123694.962,0.38076923076923075,0.5419354838709678
Costcla Credit Scoring PAKDD 2009,GradientBoosting,1,split,173.71728971962617,475.6058768691589,2.7378154335516673,1090,DKW minimax (prior-costed),123733.962,0.38333333333333336,0.5419354838709678
Costcla Credit Scoring PAKDD 2009,GradientBoosting,1,split,173.71728971962617,475.6058768691589,2.7378154335516673,1090,Oracle (test),111819.852,0.591025641025641,0.3
Costcla Credit Scoring PAKDD 2009,GradientBoosting,2,naive,156.22196261682242,449.9236866238318,2.8800283845325523,1090,Baseline,158773.527,0.0,0.9967741935483871
Costcla Credit Scoring PAKDD 2009,GradientBoosting,2,naive,156.22196261682242,449.9236866238318,2.8800283845325523,1090,Threshold (cost),152894.3395,0.04230769230769231,0.9225806451612903
Costcla Credit Scoring PAKDD 2009,GradientBoosting,2,naive,156.22196261682242,449.9236866238318,2.8800283845325523,1090,CP sum (uncosted),142705.55450000003,0.16538461538461538,0.7225806451612903
Costcla Credit Scoring PAKDD 2009,GradientBoosting,2,naive,156.22196261682242,449.9236866238318,2.8800283845325523,1090,DKW sum (uncosted),146644.2695,0.11666666666666667,0.7967741935483871
Costcla Credit Scoring PAKDD 2009,GradientBoosting,2,naive,156.22196261682242,449.9236866238318,2.8800283845325523,1090,CP minimax (uncosted),142705.55450000003,0.16538461538461538,0.7225806451612903
Costcla Credit Scoring PAKDD 2009,GradientBoosting,2,naive,156.22196261682242,449.9236866238318,2.8800283845325523,1090,DKW minimax (uncosted),139502.952,0.17307692307692307,0.6967741935483871
Costcla Credit Scoring PAKDD 2009,GradientBoosting,2,naive,156.22196261682242,449.9236866238318,2.8800283845325523,1090,CP sum (costed),142705.55450000003,0.16538461538461538,0.7225806451612903
Costcla Credit Scoring PAKDD 2009,GradientBoosting,2,naive,156.22196261682242,449.9236866238318,2.8800283845325523,1090,DKW sum (costed),142705.55450000003,0.16538461538461538,0.7225806451612903
Costcla Credit Scoring PAKDD 2009,GradientBoosting,2,naive,156.22196261682242,449.9236866238318,2.8800283845325523,1090,CP minimax (costed),134186.8245,0.2794871794871795,0.5935483870967742
Costcla Credit Scoring PAKDD 2009,GradientBoosting,2,naive,156.22196261682242,449.9236866238318,2.8800283845325523,1090,DKW minimax (costed),128887.62,0.34487179487179487,0.5032258064516129
Costcla Credit Scoring PAKDD 2009,GradientBoosting,2,naive,156.22196261682242,449.9236866238318,2.8800283845325523,1090,CP sum (prior-costed),146644.2695,0.11666666666666667,0.7967741935483871
Costcla Credit Scoring PAKDD 2009,GradientBoosting,2,naive,156.22196261682242,449.9236866238318,2.8800283845325523,1090,DKW sum (prior-costed),146644.2695,0.11666666666666667,0.7967741935483871
Costcla Credit Scoring PAKDD 2009,GradientBoosting,2,naive,156.22196261682242,449.9236866238318,2.8800283845325523,1090,CP minimax (prior-costed),141632.7195,0.1564102564102564,0.7387096774193549
Costcla Credit Scoring PAKDD 2009,GradientBoosting,2,naive,156.22196261682242,449.9236866238318,2.8800283845325523,1090,DKW minimax (prior-costed),141414.2645,0.15897435897435896,0.7354838709677419
Costcla Credit Scoring PAKDD 2009,GradientBoosting,2,naive,156.22196261682242,449.9236866238318,2.8800283845325523,1090,Oracle (test),120345.9075,0.6384615384615384,0.1774193548387097
Costcla Credit Scoring PAKDD 2009,GradientBoosting,2,split,156.22196261682242,449.9236866238318,2.8800283845325523,1090,Baseline,160774.1545,0.014102564102564103,0.9806451612903225
Costcla Credit Scoring PAKDD 2009,GradientBoosting,2,split,156.22196261682242,449.9236866238318,2.8800283845325523,1090,Threshold (cost),159525.7795,0.005128205128205128,0.9935483870967742
Costcla Credit Scoring PAKDD 2009,GradientBoosting,2,split,156.22196261682242,449.9236866238318,2.8800283845325523,1090,CP sum (uncosted),159405.7795,0.0038461538461538464,0.9935483870967742
Costcla Credit Scoring PAKDD 2009,GradientBoosting,2,split,156.22196261682242,449.9236866238318,2.8800283845325523,1090,DKW sum (uncosted),159405.7795,0.0038461538461538464,0.9935483870967742
Costcla Credit Scoring PAKDD 2009,GradientBoosting,2,split,156.22196261682242,449.9236866238318,2.8800283845325523,1090,CP minimax (uncosted),128502.645,0.5051282051282051,0.35161290322580646
Costcla Credit Scoring PAKDD 2009,GradientBoosting,2,split,156.22196261682242,449.9236866238318,2.8800283845325523,1090,DKW minimax (uncosted),129956.74250000001,0.491025641025641,0.3709677419354839
Costcla Credit Scoring PAKDD 2009,GradientBoosting,2,split,156.22196261682242,449.9236866238318,2.8800283845325523,1090,CP sum (costed),130760.60500000001,0.9282051282051282,0.05161290322580645
Costcla Credit Scoring PAKDD 2009,GradientBoosting,2,split,156.22196261682242,449.9236866238318,2.8800283845325523,1090,DKW sum (costed),127762.6625,0.732051282051282,0.17096774193548386
Costcla Credit Scoring PAKDD 2009,GradientBoosting,2,split,156.22196261682242,449.9236866238318,2.8800283845325523,1090,CP minimax (costed),129023.62999999999,0.7884615384615384,0.12903225806451613
Costcla Credit Scoring PAKDD 2009,GradientBoosting,2,split,156.22196261682242,449.9236866238318,2.8800283845325523,1090,DKW minimax (costed),129615.20999999999,0.7782051282051282,0.13870967741935483
Costcla Credit Scoring PAKDD 2009,GradientBoosting,2,split,156.22196261682242,449.9236866238318,2.8800283845325523,1090,CP sum (prior-costed),159405.7795,0.0038461538461538464,0.9935483870967742
Costcla Credit Scoring PAKDD 2009,GradientBoosting,2,split,156.22196261682242,449.9236866238318,2.8800283845325523,1090,DKW sum (prior-costed),159405.7795,0.0038461538461538464,0.9935483870967742
Costcla Credit Scoring PAKDD 2009,GradientBoosting,2,split,156.22196261682242,449.9236866238318,2.8800283845325523,1090,CP minimax (prior-costed),131748.71750000003,0.3641025641025641,0.5096774193548387
Costcla Credit Scoring PAKDD 2009,GradientBoosting,2,split,156.22196261682242,449.9236866238318,2.8800283845325523,1090,DKW minimax (prior-costed),131583.71750000003,0.3628205128205128,0.5096774193548387
Costcla Credit Scoring PAKDD 2009,GradientBoosting,2,split,156.22196261682242,449.9236866238318,2.8800283845325523,1090,Oracle (test),124429.64749999999,0.5525641025641026,0.2806451612903226
Costcla Credit Scoring PAKDD 2009,GradientBoosting,3,naive,170.02803738317758,470.199531396028,2.7654235068089372,1090,Baseline,150408.52700000003,0.015384615384615385,0.967741935483871
Costcla Credit Scoring PAKDD 2009,GradientBoosting,3,naive,170.02803738317758,470.199531396028,2.7654235068089372,1090,Threshold (cost),137984.617,0.08076923076923077,0.8064516129032258
Costcla Credit Scoring PAKDD 2009,GradientBoosting,3,naive,170.02803738317758,470.199531396028,2.7654235068089372,1090,CP sum (uncosted),137380.817,0.1423076923076923,0.7548387096774194
Costcla Credit Scoring PAKDD 2009,GradientBoosting,3,naive,170.02803738317758,470.199531396028,2.7654235068089372,1090,DKW sum (uncosted),137380.817,0.1423076923076923,0.7548387096774194
Costcla Credit Scoring PAKDD 2009,GradientBoosting,3,naive,170.02803738317758,470.199531396028,2.7654235068089372,1090,CP minimax (uncosted),138209.79700000002,0.17564102564102563,0.7161290322580646
Costcla Credit Scoring PAKDD 2009,GradientBoosting,3,naive,170.02803738317758,470.199531396028,2.7654235068089372,1090,DKW minimax (uncosted),134456.29700000002,0.23205128205128206,0.6548387096774193
Costcla Credit Scoring PAKDD 2009,GradientBoosting,3,naive,170.02803738317758,470.199531396028,2.7654235068089372,1090,CP sum (costed),134142.35700000002,0.2653846153846154,0.6290322580645161
Costcla Credit Scoring PAKDD 2009,GradientBoosting,3,naive,170.02803738317758,470.199531396028,2.7654235068089372,1090,DKW sum (costed),137380.817,0.1423076923076923,0.7548387096774194
Costcla Credit Scoring PAKDD 2009,GradientBoosting,3,naive,170.02803738317758,470.199531396028,2.7654235068089372,1090,CP minimax (costed),131069.1145,0.3076923076923077,0.5806451612903226
Costcla Credit Scoring PAKDD 2009,GradientBoosting,3,naive,170.02803738317758,470.199531396028,2.7654235068089372,1090,DKW minimax (costed),126663.307,0.36923076923076925,0.4967741935483871
Costcla Credit Scoring PAKDD 2009,GradientBoosting,3,naive,170.02803738317758,470.199531396028,2.7654235068089372,1090,CP sum (prior-costed),137380.817,0.1423076923076923,0.7548387096774194
Costcla Credit Scoring PAKDD 2009,GradientBoosting,3,naive,170.02803738317758,470.199531396028,2.7654235068089372,1090,DKW sum (prior-costed),137380.817,0.1423076923076923,0.7548387096774194
Costcla Credit Scoring PAKDD 2009,GradientBoosting,3,naive,170.02803738317758,470.199531396028,2.7654235068089372,1090,CP minimax (prior-costed),136709.497,0.14487179487179488,0.7516129032258064
Costcla Credit Scoring PAKDD 2009,GradientBoosting,3,naive,170.02803738317758,470.199531396028,2.7654235068089372,1090,DKW minimax (prior-costed),136717.35700000002,0.15,0.7451612903225806
Costcla Credit Scoring PAKDD 2009,GradientBoosting,3,naive,170.02803738317758,470.199531396028,2.7654235068089372,1090,Oracle (test),116232.725,0.8166666666666667,0.09032258064516129
Costcla Credit Scoring PAKDD 2009,GradientBoosting,3,split,170.02803738317758,470.199531396028,2.7654235068089372,1090,Baseline,148819.19700000001,0.016666666666666666,0.9419354838709677
Costcla Credit Scoring PAKDD 2009,GradientBoosting,3,split,170.02803738317758,470.199531396028,2.7654235068089372,1090,Threshold (cost),146695.082,0.07179487179487179,0.8354838709677419
Costcla Credit Scoring PAKDD 2009,GradientBoosting,3,split,170.02803738317758,470.199531396028,2.7654235068089372,1090,CP sum (uncosted),151390.007,0.002564102564102564,1.0
Costcla Credit Scoring PAKDD 2009,GradientBoosting,3,split,170.02803738317758,470.199531396028,2.7654235068089372,1090,DKW sum (uncosted),151390.007,0.002564102564102564,1.0
Costcla Credit Scoring PAKDD 2009,GradientBoosting,3,split,170.02803738317758,470.199531396028,2.7654235068089372,1090,CP minimax (uncosted),131032.987,0.5025641025641026,0.3935483870967742
Costcla Credit Scoring PAKDD 2009,GradientBoosting,3,split,170.02803738317758,470.199531396028,2.7654235068089372,1090,DKW minimax (uncosted),134032.747,0.4794871794871795,0.42258064516129035
Costcla Credit Scoring PAKDD 2009,GradientBoosting,3,split,170.02803738317758,470.199531396028,2.7654235068089372,1090,CP sum (costed),123824.7425,0.9192307692307692,0.02258064516129032
Costcla Credit Scoring PAKDD 2009,GradientBoosting,3,split,170.02803738317758,470.199531396028,2.7654235068089372,1090,DKW sum (costed),123824.7425,0.9192307692307692,0.02258064516129032
Costcla Credit Scoring PAKDD 2009,GradientBoosting,3,split,170.02803738317758,470.199531396028,2.7654235068089372,1090,CP minimax (costed),123240.805,0.8974358974358975,0.03870967741935484
Costcla Credit Scoring PAKDD 2009,GradientBoosting,3,split,170.02803738317758,470.199531396028,2.7654235068089372,1090,DKW minimax (costed),126370.0675,0.882051282051282,0.06451612903225806
Costcla Credit Scoring PAKDD 2009,GradientBoosting,3,split,170.02803738317758,470.199531396028,2.7654235068089372,1090,CP sum (prior-costed),151390.007,0.002564102564102564,1.0
Costcla Credit Scoring PAKDD 2009,GradientBoosting,3,split,170.02803738317758,470.199531396028,2.7654235068089372,1090,DKW sum (prior-costed),151390.007,0.002564102564102564,1.0
Costcla Credit Scoring PAKDD 2009,GradientBoosting,3,split,170.02803738317758,470.199531396028,2.7654235068089372,1090,CP minimax (prior-costed),133255.7895,0.38974358974358975,0.5064516129032258
Costcla Credit Scoring PAKDD 2009,GradientBoosting,3,split,170.02803738317758,470.199531396028,2.7654235068089372,1090,DKW minimax (prior-costed),133255.7895,0.38974358974358975,0.5064516129032258
Costcla Credit Scoring PAKDD 2009,GradientBoosting,3,split,170.02803738317758,470.199531396028,2.7654235068089372,1090,Oracle (test),122386.93,0.9,0.02903225806451613
Costcla Credit Scoring PAKDD 2009,GradientBoosting,4,naive,166.05023364485982,463.8173709112149,2.7932352802538354,1090,Baseline,147806.27699999997,0.011538461538461539,0.9516129032258065
Costcla Credit Scoring PAKDD 2009,GradientBoosting,4,naive,166.05023364485982,463.8173709112149,2.7932352802538354,1090,Threshold (cost),144156.91950000002,0.09743589743589744,0.832258064516129
Costcla Credit Scoring PAKDD 2009,GradientBoosting,4,naive,166.05023364485982,463.8173709112149,2.7932352802538354,1090,CP sum (uncosted),144156.91950000002,0.09743589743589744,0.832258064516129
Costcla Credit Scoring PAKDD 2009,GradientBoosting,4,naive,166.05023364485982,463.8173709112149,2.7932352802538354,1090,DKW sum (uncosted),144156.91950000002,0.09743589743589744,0.832258064516129
Costcla Credit Scoring PAKDD 2009,GradientBoosting,4,naive,166.05023364485982,463.8173709112149,2.7932352802538354,1090,CP minimax (uncosted),142028.5,0.1987179487179487,0.6935483870967742
Costcla Credit Scoring PAKDD 2009,GradientBoosting,4,naive,166.05023364485982,463.8173709112149,2.7932352802538354,1090,DKW minimax (uncosted),134460.93,0.2602564102564103,0.6290322580645161
Costcla Credit Scoring PAKDD 2009,GradientBoosting,4,naive,166.05023364485982,463.8173709112149,2.7932352802538354,1090,CP sum (costed),143357.04450000002,0.17051282051282052,0.7258064516129032
Costcla Credit Scoring PAKDD 2009,GradientBoosting,4,naive,166.05023364485982,463.8173709112149,2.7932352802538354,1090,DKW sum (costed),143357.04450000002,0.17051282051282052,0.7258064516129032
Costcla Credit Scoring PAKDD 2009,GradientBoosting,4,naive,166.05023364485982,463.8173709112149,2.7932352802538354,1090,CP minimax (costed),126582.3375,0.34615384615384615,0.5258064516129032
Costcla Credit Scoring PAKDD 2009,GradientBoosting,4,naive,166.05023364485982,463.8173709112149,2.7932352802538354,1090,DKW minimax (costed),125060.5525,0.541025641025641,0.3387096774193548
Costcla Credit Scoring PAKDD 2009,GradientBoosting,4,naive,166.05023364485982,463.8173709112149,2.7932352802538354,1090,CP sum (prior-costed),144156.91950000002,0.09743589743589744,0.832258064516129
Costcla Credit Scoring PAKDD 2009,GradientBoosting,4,naive,166.05023364485982,463.8173709112149,2.7932352802538354,1090,DKW sum (prior-costed),144156.91950000002,0.09743589743589744,0.832258064516129
Costcla Credit Scoring PAKDD 2009,GradientBoosting,4,naive,166.05023364485982,463.8173709112149,2.7932352802538354,1090,CP minimax (prior-costed),143357.04450000002,0.17051282051282052,0.7258064516129032
Costcla Credit Scoring PAKDD 2009,GradientBoosting,4,naive,166.05023364485982,463.8173709112149,2.7932352802538354,1090,DKW minimax (prior-costed),143994.63450000001,0.18076923076923077,0.7193548387096774
Costcla Credit Scoring PAKDD 2009,GradientBoosting,4,naive,166.05023364485982,463.8173709112149,2.7932352802538354,1090,Oracle (test),119640.3175,0.7205128205128205,0.1935483870967742
Costcla Credit Scoring PAKDD 2009,GradientBoosting,4,split,166.05023364485982,463.8173709112149,2.7932352802538354,1090,Baseline,148799.37199999997,0.020512820512820513,0.9516129032258065
Costcla Credit Scoring PAKDD 2009,GradientBoosting,4,split,166.05023364485982,463.8173709112149,2.7932352802538354,1090,Threshold (cost),152221.49949999998,0.005128205128205128,0.9806451612903225
Costcla Credit Scoring PAKDD 2009,GradientBoosting,4,split,166.05023364485982,463.8173709112149,2.7932352802538354,1090,CP sum (uncosted),153613.152,0.0,0.9967741935483871
Costcla Credit Scoring PAKDD 2009,GradientBoosting,4,split,166.05023364485982,463.8173709112149,2.7932352802538354,1090,DKW sum (uncosted),153613.152,0.0,0.9967741935483871
Costcla Credit Scoring PAKDD 2009,GradientBoosting,4,split,166.05023364485982,463.8173709112149,2.7932352802538354,1090,CP minimax (uncosted),144381.207,0.5076923076923077,0.5161290322580645
Costcla Credit Scoring PAKDD 2009,GradientBoosting,4,split,166.05023364485982,463.8173709112149,2.7932352802538354,1090,DKW minimax (uncosted),144381.207,0.5076923076923077,0.5161290322580645
Costcla Credit Scoring PAKDD 2009,GradientBoosting,4,split,166.05023364485982,463.8173709112149,2.7932352802538354,1090,CP sum (costed),136409.6925,0.95,0.08709677419354839
Costcla Credit Scoring PAKDD 2009,GradientBoosting,4,split,166.05023364485982,463.8173709112149,2.7932352802538354,1090,DKW sum (costed),136409.6925,0.95,0.08709677419354839
Costcla Credit Scoring PAKDD 2009,GradientBoosting,4,split,166.05023364485982,463.8173709112149,2.7932352802538354,1090,CP minimax (costed),139962.615,0.9282051282051282,0.12903225806451613
Costcla Credit Scoring PAKDD 2009,GradientBoosting,4,split,166.05023364485982,463.8173709112149,2.7932352802538354,1090,DKW minimax (costed),140451.55,0.9115384615384615,0.15806451612903225
Costcla Credit Scoring PAKDD 2009,GradientBoosting,4,split,166.05023364485982,463.8173709112149,2.7932352802538354,1090,CP sum (prior-costed),153613.152,0.0,0.9967741935483871
Costcla Credit Scoring PAKDD 2009,GradientBoosting,4,split,166.05023364485982,463.8173709112149,2.7932352802538354,1090,DKW sum (prior-costed),153613.152,0.0,0.9967741935483871
Costcla Credit Scoring PAKDD 2009,GradientBoosting,4,split,166.05023364485982,463.8173709112149,2.7932352802538354,1090,CP minimax (prior-costed),146074.86200000002,0.38461538461538464,0.6612903225806451
Costcla Credit Scoring PAKDD 2009,GradientBoosting,4,split,166.05023364485982,463.8173709112149,2.7932352802538354,1090,DKW minimax (prior-costed),146382.86200000002,0.3871794871794872,0.6612903225806451
Costcla Credit Scoring PAKDD 2009,GradientBoosting,4,split,166.05023364485982,463.8173709112149,2.7932352802538354,1090,Oracle (test),124817.9625,0.9064102564102564,0.054838709677419356
Costcla Credit Scoring PAKDD 2009,GradientBoosting,5,naive,149.86214953271028,438.9493024240654,2.929020461756131,1090,Baseline,162781.87749999997,0.0038461538461538464,0.9870967741935484
Costcla Credit Scoring PAKDD 2009,GradientBoosting,5,naive,149.86214953271028,438.9493024240654,2.929020461756131,1090,Threshold (cost),158896.91,0.052564102564102565,0.9096774193548387
Costcla Credit Scoring PAKDD 2009,GradientBoosting,5,naive,149.86214953271028,438.9493024240654,2.929020461756131,1090,CP sum (uncosted),155084.41,0.07692307692307693,0.8548387096774194
Costcla Credit Scoring PAKDD 2009,GradientBoosting,5,naive,149.86214953271028,438.9493024240654,2.929020461756131,1090,DKW sum (uncosted),155084.41,0.07692307692307693,0.8548387096774194
Costcla Credit Scoring PAKDD 2009,GradientBoosting,5,naive,149.86214953271028,438.9493024240654,2.929020461756131,1090,CP minimax (uncosted),148297.3725,0.21666666666666667,0.7032258064516129
Costcla Credit Scoring PAKDD 2009,GradientBoosting,5,naive,149.86214953271028,438.9493024240654,2.929020461756131,1090,DKW minimax (uncosted),147728.695,0.22179487179487178,0.6967741935483871
Costcla Credit Scoring PAKDD 2009,GradientBoosting,5,naive,149.86214953271028,438.9493024240654,2.929020461756131,1090,CP sum (costed),141182.14,0.3294871794871795,0.5483870967741935
Costcla Credit Scoring PAKDD 2009,GradientBoosting,5,naive,149.86214953271028,438.9493024240654,2.929020461756131,1090,DKW sum (costed),143739.9325,0.27564102564102566,0.6064516129032258
Costcla Credit Scoring PAKDD 2009,GradientBoosting,5,naive,149.86214953271028,438.9493024240654,2.929020461756131,1090,CP minimax (costed),141135.5,0.33589743589743587,0.5387096774193548
Costcla Credit Scoring PAKDD 2009,GradientBoosting,5,naive,149.86214953271028,438.9493024240654,2.929020461756131,1090,DKW minimax (costed),136107.58750000002,0.4205128205128205,0.4483870967741935
Costcla Credit Scoring PAKDD 2009,GradientBoosting,5,naive,149.86214953271028,438.9493024240654,2.929020461756131,1090,CP sum (prior-costed),155084.41,0.07692307692307693,0.8548387096774194
Costcla Credit Scoring PAKDD 2009,GradientBoosting,5,naive,149.86214953271028,438.9493024240654,2.929020461756131,1090,DKW sum (prior-costed),155084.41,0.07692307692307693,0.8548387096774194
Costcla Credit Scoring PAKDD 2009,GradientBoosting,5,naive,149.86214953271028,438.9493024240654,2.929020461756131,1090,CP minimax (prior-costed),149127.56,0.15128205128205127,0.7548387096774194
Costcla Credit Scoring PAKDD 2009,GradientBoosting,5,naive,149.86214953271028,438.9493024240654,2.929020461756131,1090,DKW minimax (prior-costed),149131.56,0.15256410256410258,0.7548387096774194
Costcla Credit Scoring PAKDD 2009,GradientBoosting,5,naive,149.86214953271028,438.9493024240654,2.929020461756131,1090,Oracle (test),120539.69750000001,0.7717948717948718,0.1032258064516129
Costcla Credit Scoring PAKDD 2009,GradientBoosting,5,split,149.86214953271028,438.9493024240654,2.929020461756131,1090,Baseline,162385.3625,0.011538461538461539,0.9741935483870968
Costcla Credit Scoring PAKDD 2009,GradientBoosting,5,split,149.86214953271028,438.9493024240654,2.929020461756131,1090,Threshold (cost),162929.7875,0.002564102564102564,0.9903225806451613
Costcla Credit Scoring PAKDD 2009,GradientBoosting,5,split,149.86214953271028,438.9493024240654,2.929020461756131,1090,CP sum (uncosted),162929.7875,0.002564102564102564,0.9903225806451613
Costcla Credit Scoring PAKDD 2009,GradientBoosting,5,split,149.86214953271028,438.9493024240654,2.929020461756131,1090,DKW sum (uncosted),162929.7875,0.002564102564102564,0.9903225806451613
Costcla Credit Scoring PAKDD 2009,GradientBoosting,5,split,149.86214953271028,438.9493024240654,2.929020461756131,1090,CP minimax (uncosted),143115.6275,0.4666666666666667,0.432258064516129
Costcla Credit Scoring PAKDD 2009,GradientBoosting,5,split,149.86214953271028,438.9493024240654,2.929020461756131,1090,DKW minimax (uncosted),142896.1275,0.4576923076923077,0.43548387096774194
Costcla Credit Scoring PAKDD 2009,GradientBoosting,5,split,149.86214953271028,438.9493024240654,2.929020461756131,1090,CP sum (costed),137346.0,0.9935897435897436,0.0
Costcla Credit Scoring PAKDD 2009,GradientBoosting,5,split,149.86214953271028,438.9493024240654,2.929020461756131,1090,DKW sum (costed),137346.0,0.9935897435897436,0.0
Costcla Credit Scoring PAKDD 2009,GradientBoosting,5,split,149.86214953271028,438.9493024240654,2.929020461756131,1090,CP minimax (costed),123080.9125,0.8282051282051283,0.07419354838709677
Costcla Credit Scoring PAKDD 2009,GradientBoosting,5,split,149.86214953271028,438.9493024240654,2.929020461756131,1090,DKW minimax (costed),122549.9125,0.8243589743589743,0.07419354838709677
Costcla Credit Scoring PAKDD 2009,GradientBoosting,5,split,149.86214953271028,438.9493024240654,2.929020461756131,1090,CP sum (prior-costed),162929.7875,0.002564102564102564,0.9903225806451613
Costcla Credit Scoring PAKDD 2009,GradientBoosting,5,split,149.86214953271028,438.9493024240654,2.929020461756131,1090,DKW sum (prior-costed),162929.7875,0.002564102564102564,0.9903225806451613
Costcla Credit Scoring PAKDD 2009,GradientBoosting,5,split,149.86214953271028,438.9493024240654,2.929020461756131,1090,CP minimax (prior-costed),140440.5025,0.3641025641025641,0.5129032258064516
Costcla Credit Scoring PAKDD 2009,GradientBoosting,5,split,149.86214953271028,438.9493024240654,2.929020461756131,1090,DKW minimax (prior-costed),141150.8825,0.36025641025641025,0.5225806451612903
Costcla Credit Scoring PAKDD 2009,GradientBoosting,5,split,149.86214953271028,438.9493024240654,2.929020461756131,1090,Oracle (test),118676.5875,0.782051282051282,0.0967741935483871
Costcla Credit Scoring PAKDD 2009,GradientBoosting,6,naive,173.86098130841123,475.39629410046723,2.734347238367209,1090,Baseline,149459.07200000001,0.014102564102564103,0.9838709677419355
Costcla Credit Scoring PAKDD 2009,GradientBoosting,6,naive,173.86098130841123,475.39629410046723,2.734347238367209,1090,Threshold (cost),140031.742,0.12307692307692308,0.8451612903225807
Costcla Credit Scoring PAKDD 2009,GradientBoosting,6,naive,173.86098130841123,475.39629410046723,2.734347238367209,1090,CP sum (uncosted),138987.517,0.15897435897435896,0.7806451612903226
Costcla Credit Scoring PAKDD 2009,GradientBoosting,6,naive,173.86098130841123,475.39629410046723,2.734347238367209,1090,DKW sum (uncosted),139028.5295,0.14487179487179488,0.8161290322580645
Costcla Credit Scoring PAKDD 2009,GradientBoosting,6,naive,173.86098130841123,475.39629410046723,2.734347238367209,1090,CP minimax (uncosted),138825.82,0.2076923076923077,0.7193548387096774
Costcla Credit Scoring PAKDD 2009,GradientBoosting,6,naive,173.86098130841123,475.39629410046723,2.734347238367209,1090,DKW minimax (uncosted),134439.035,0.22564102564102564,0.6870967741935484
Costcla Credit Scoring PAKDD 2009,GradientBoosting,6,naive,173.86098130841123,475.39629410046723,2.734347238367209,1090,CP sum (costed),131179.72,0.2782051282051282,0.632258064516129
Costcla Credit Scoring PAKDD 2009,GradientBoosting,6,naive,173.86098130841123,475.39629410046723,2.734347238367209,1090,DKW sum (costed),134439.035,0.22564102564102564,0.6870967741935484
Costcla Credit Scoring PAKDD 2009,GradientBoosting,6,naive,173.86098130841123,475.39629410046723,2.734347238367209,1090,CP minimax (costed),130542.8425,0.30641025641025643,0.5806451612903226
Costcla Credit Scoring PAKDD 2009,GradientBoosting,6,naive,173.86098130841123,475.39629410046723,2.734347238367209,1090,DKW minimax (costed),130115.4175,0.37948717948717947,0.4870967741935484
Costcla Credit Scoring PAKDD 2009,GradientBoosting,6,naive,173.86098130841123,475.39629410046723,2.734347238367209,1090,CP sum (prior-costed),139028.5295,0.14487179487179488,0.8161290322580645
Costcla Credit Scoring PAKDD 2009,GradientBoosting,6,naive,173.86098130841123,475.39629410046723,2.734347238367209,1090,DKW sum (prior-costed),140031.742,0.12307692307692308,0.8451612903225807
Costcla Credit Scoring PAKDD 2009,GradientBoosting,6,naive,173.86098130841123,475.39629410046723,2.734347238367209,1090,CP minimax (prior-costed),138878.29450000002,0.17307692307692307,0.7612903225806451
Costcla Credit Scoring PAKDD 2009,GradientBoosting,6,naive,173.86098130841123,475.39629410046723,2.734347238367209,1090,DKW minimax (prior-costed),138536.00199999998,0.17307692307692307,0.7580645161290323
Costcla Credit Scoring PAKDD 2009,GradientBoosting,6,naive,173.86098130841123,475.39629410046723,2.734347238367209,1090,Oracle (test),114943.9425,0.8038461538461539,0.10967741935483871
Costcla Credit Scoring PAKDD 2009,GradientBoosting,6,split,173.86098130841123,475.39629410046723,2.734347238367209,1090,Baseline,149828.7845,0.011538461538461539,0.9870967741935484
Costcla Credit Scoring PAKDD 2009,GradientBoosting,6,split,173.86098130841123,475.39629410046723,2.734347238367209,1090,Threshold (cost),149321.5995,0.04487179487179487,0.9516129032258065
Costcla Credit Scoring PAKDD 2009,GradientBoosting,6,split,173.86098130841123,475.39629410046723,2.734347238367209,1090,CP sum (uncosted),149674.6345,0.005128205128205128,0.9935483870967742
Costcla Credit Scoring PAKDD 2009,GradientBoosting,6,split,173.86098130841123,475.39629410046723,2.734347238367209,1090,DKW sum (uncosted),149674.6345,0.005128205128205128,0.9935483870967742
Costcla Credit Scoring PAKDD 2009,GradientBoosting,6,split,173.86098130841123,475.39629410046723,2.734347238367209,1090,CP minimax (uncosted),124746.1425,0.5205128205128206,0.36774193548387096
Costcla Credit Scoring PAKDD 2009,GradientBoosting,6,split,173.86098130841123,475.39629410046723,2.734347238367209,1090,DKW minimax (uncosted),123387.1425,0.5153846153846153,0.36774193548387096
Costcla Credit Scoring PAKDD 2009,GradientBoosting,6,split,173.86098130841123,475.39629410046723,2.734347238367209,1090,CP sum (costed),124475.65,0.9884615384615385,0.0032258064516129032
Costcla Credit Scoring PAKDD 2009,GradientBoosting,6,split,173.86098130841123,475.39629410046723,2.734347238367209,1090,DKW sum (costed),124475.65,0.9884615384615385,0.0032258064516129032
Costcla Credit Scoring PAKDD 2009,GradientBoosting,6,split,173.86098130841123,475.39629410046723,2.734347238367209,1090,CP minimax (costed),123923.715,0.9512820512820512,0.025806451612903226
Costcla Credit Scoring PAKDD 2009,GradientBoosting,6,split,173.86098130841123,475.39629410046723,2.734347238367209,1090,DKW minimax (costed),123587.16500000001,0.941025641025641,0.02903225806451613
Costcla Credit Scoring PAKDD 2009,GradientBoosting,6,split,173.86098130841123,475.39629410046723,2.734347238367209,1090,CP sum (prior-costed),149674.6345,0.005128205128205128,0.9935483870967742
Costcla Credit Scoring PAKDD 2009,GradientBoosting,6,split,173.86098130841123,475.39629410046723,2.734347238367209,1090,DKW sum (prior-costed),149674.6345,0.005128205128205128,0.9935483870967742
Costcla Credit Scoring PAKDD 2009,GradientBoosting,6,split,173.86098130841123,475.39629410046723,2.734347238367209,1090,CP minimax (prior-costed),124547.39749999999,0.3282051282051282,0.5612903225806452
Costcla Credit Scoring PAKDD 2009,GradientBoosting,6,split,173.86098130841123,475.39629410046723,2.734347238367209,1090,DKW minimax (prior-costed),124547.39749999999,0.3282051282051282,0.5612903225806452
Costcla Credit Scoring PAKDD 2009,GradientBoosting,6,split,173.86098130841123,475.39629410046723,2.734347238367209,1090,Oracle (test),118761.87,0.7269230769230769,0.19032258064516128
Costcla Credit Scoring PAKDD 2009,GradientBoosting,7,naive,158.90654205607476,454.4229243574766,2.8596866968329118,1090,Baseline,152458.142,0.021794871794871794,0.964516129032258
Costcla Credit Scoring PAKDD 2009,GradientBoosting,7,naive,158.90654205607476,454.4229243574766,2.8596866968329118,1090,Threshold (cost),150805.182,0.10256410256410256,0.8580645161290322
Costcla Credit Scoring PAKDD 2009,GradientBoosting,7,naive,158.90654205607476,454.4229243574766,2.8596866968329118,1090,CP sum (uncosted),142580.36700000003,0.23076923076923078,0.7161290322580646
Costcla Credit Scoring PAKDD 2009,GradientBoosting,7,naive,158.90654205607476,454.4229243574766,2.8596866968329118,1090,DKW sum (uncosted),142580.36700000003,0.23076923076923078,0.7161290322580646
Costcla Credit Scoring PAKDD 2009,GradientBoosting,7,naive,158.90654205607476,454.4229243574766,2.8596866968329118,1090,CP minimax (uncosted),140698.07450000002,0.25,0.6967741935483871
Costcla Credit Scoring PAKDD 2009,GradientBoosting,7,naive,158.90654205607476,454.4229243574766,2.8596866968329118,1090,DKW minimax (uncosted),140975.92200000002,0.2551282051282051,0.6903225806451613
Costcla Credit Scoring PAKDD 2009,GradientBoosting,7,naive,158.90654205607476,454.4229243574766,2.8596866968329118,1090,CP sum (costed),142580.36700000003,0.23076923076923078,0.7161290322580646
Costcla Credit Scoring PAKDD 2009,GradientBoosting,7,naive,158.90654205607476,454.4229243574766,2.8596866968329118,1090,DKW sum (costed),142580.36700000003,0.23076923076923078,0.7161290322580646
Costcla Credit Scoring PAKDD 2009,GradientBoosting,7,naive,158.90654205607476,454.4229243574766,2.8596866968329118,1090,CP minimax (costed),131644.372,0.47435897435897434,0.44193548387096776
Costcla Credit Scoring PAKDD 2009,GradientBoosting,7,naive,158.90654205607476,454.4229243574766,2.8596866968329118,1090,DKW minimax (costed),132633.5495,0.5243589743589744,0.3709677419354839
Costcla Credit Scoring PAKDD 2009,GradientBoosting,7,naive,158.90654205607476,454.4229243574766,2.8596866968329118,1090,CP sum (prior-costed),150805.182,0.10256410256410256,0.8580645161290322
Costcla Credit Scoring PAKDD 2009,GradientBoosting,7,naive,158.90654205607476,454.4229243574766,2.8596866968329118,1090,DKW sum (prior-costed),150805.182,0.10256410256410256,0.8580645161290322
Costcla Credit Scoring PAKDD 2009,GradientBoosting,7,naive,158.90654205607476,454.4229243574766,2.8596866968329118,1090,CP minimax (prior-costed),142542.767,0.22692307692307692,0.7225806451612903
Costcla Credit Scoring PAKDD 2009,GradientBoosting,7,naive,158.90654205607476,454.4229243574766,2.8596866968329118,1090,DKW minimax (prior-costed),142580.36700000003,0.23076923076923078,0.7161290322580646
Costcla Credit Scoring PAKDD 2009,GradientBoosting,7,naive,158.90654205607476,454.4229243574766,2.8596866968329118,1090,Oracle (test),130777.0495,0.517948717948718,0.3774193548387097
Costcla Credit Scoring PAKDD 2009,GradientBoosting,7,split,158.90654205607476,454.4229243574766,2.8596866968329118,1090,Baseline,151147.53199999998,0.03333333333333333,0.9451612903225807
Costcla Credit Scoring PAKDD 2009,GradientBoosting,7,split,158.90654205607476,454.4229243574766,2.8596866968329118,1090,Threshold (cost),155293.5145,0.0038461538461538464,0.9967741935483871
Costcla Credit Scoring PAKDD 2009,GradientBoosting,7,split,158.90654205607476,454.4229243574766,2.8596866968329118,1090,CP sum (uncosted),155087.0145,0.002564102564102564,1.0
Costcla Credit Scoring PAKDD 2009,GradientBoosting,7,split,158.90654205607476,454.4229243574766,2.8596866968329118,1090,DKW sum (uncosted),155087.0145,0.002564102564102564,1.0
Costcla Credit Scoring PAKDD 2009,GradientBoosting,7,split,158.90654205607476,454.4229243574766,2.8596866968329118,1090,CP minimax (uncosted),149493.34,0.5448717948717948,0.5096774193548387
Costcla Credit Scoring PAKDD 2009,GradientBoosting,7,split,158.90654205607476,454.4229243574766,2.8596866968329118,1090,DKW minimax (uncosted),150185.45750000002,0.5397435897435897,0.5129032258064516
Costcla Credit Scoring PAKDD 2009,GradientBoosting,7,split,158.90654205607476,454.4229243574766,2.8596866968329118,1090,CP sum (costed),137159.73,0.9461538461538461,0.07741935483870968
Costcla Credit Scoring PAKDD 2009,GradientBoosting,7,split,158.90654205607476,454.4229243574766,2.8596866968329118,1090,DKW sum (costed),137159.73,0.9461538461538461,0.07741935483870968
Costcla Credit Scoring PAKDD 2009,GradientBoosting,7,split,158.90654205607476,454.4229243574766,2.8596866968329118,1090,CP minimax (costed),137650.8,0.8948717948717949,0.13225806451612904
Costcla Credit Scoring PAKDD 2009,GradientBoosting,7,split,158.90654205607476,454.4229243574766,2.8596866968329118,1090,DKW minimax (costed),137650.8,0.8948717948717949,0.13225806451612904
Costcla Credit Scoring PAKDD 2009,GradientBoosting,7,split,158.90654205607476,454.4229243574766,2.8596866968329118,1090,CP sum (prior-costed),155087.0145,0.002564102564102564,1.0
Costcla Credit Scoring PAKDD 2009,GradientBoosting,7,split,158.90654205607476,454.4229243574766,2.8596866968329118,1090,DKW sum (prior-costed),155087.0145,0.002564102564102564,1.0
Costcla Credit Scoring PAKDD 2009,GradientBoosting,7,split,158.90654205607476,454.4229243574766,2.8596866968329118,1090,CP minimax (prior-costed),157058.8175,0.4269230769230769,0.667741935483871
Costcla Credit Scoring PAKDD 2009,GradientBoosting,7,split,158.90654205607476,454.4229243574766,2.8596866968329118,1090,DKW minimax (prior-costed),157058.8175,0.4269230769230769,0.667741935483871
Costcla Credit Scoring PAKDD 2009,GradientBoosting,7,split,158.90654205607476,454.4229243574766,2.8596866968329118,1090,Oracle (test),125733.5775,0.8397435897435898,0.10967741935483871
Costcla Credit Scoring PAKDD 2009,GradientBoosting,8,naive,161.18457943925233,456.92085569509345,2.8347678002739647,1090,Baseline,156079.8495,0.017948717948717947,0.9838709677419355
Costcla Credit Scoring PAKDD 2009,GradientBoosting,8,naive,161.18457943925233,456.92085569509345,2.8347678002739647,1090,Threshold (cost),150281.342,0.09358974358974359,0.8709677419354839
Costcla Credit Scoring PAKDD 2009,GradientBoosting,8,naive,161.18457943925233,456.92085569509345,2.8347678002739647,1090,CP sum (uncosted),150281.342,0.09358974358974359,0.8709677419354839
Costcla Credit Scoring PAKDD 2009,GradientBoosting,8,naive,161.18457943925233,456.92085569509345,2.8347678002739647,1090,DKW sum (uncosted),150281.342,0.09358974358974359,0.8709677419354839
Costcla Credit Scoring PAKDD 2009,GradientBoosting,8,naive,161.18457943925233,456.92085569509345,2.8347678002739647,1090,CP minimax (uncosted),149282.23249999998,0.2358974358974359,0.7032258064516129
Costcla Credit Scoring PAKDD 2009,GradientBoosting,8,naive,161.18457943925233,456.92085569509345,2.8347678002739647,1090,DKW minimax (uncosted),146786.25749999998,0.23846153846153847,0.6806451612903226
Costcla Credit Scoring PAKDD 2009,GradientBoosting,8,naive,161.18457943925233,456.92085569509345,2.8347678002739647,1090,CP sum (costed),146605.32,0.2705128205128205,0.6451612903225806
Costcla Credit Scoring PAKDD 2009,GradientBoosting,8,naive,161.18457943925233,456.92085569509345,2.8347678002739647,1090,DKW sum (costed),146605.32,0.2705128205128205,0.6451612903225806
Costcla Credit Scoring PAKDD 2009,GradientBoosting,8,naive,161.18457943925233,456.92085569509345,2.8347678002739647,1090,CP minimax (costed),141637.235,0.3,0.5903225806451613
Costcla Credit Scoring PAKDD 2009,GradientBoosting,8,naive,161.18457943925233,456.92085569509345,2.8347678002739647,1090,DKW minimax (costed),137354.58250000002,0.391025641025641,0.5193548387096775
Costcla Credit Scoring PAKDD 2009,GradientBoosting,8,naive,161.18457943925233,456.92085569509345,2.8347678002739647,1090,CP sum (prior-costed),150281.342,0.09358974358974359,0.8709677419354839
Costcla Credit Scoring PAKDD 2009,GradientBoosting,8,naive,161.18457943925233,456.92085569509345,2.8347678002739647,1090,DKW sum (prior-costed),150281.342,0.09358974358974359,0.8709677419354839
Costcla Credit Scoring PAKDD 2009,GradientBoosting,8,naive,161.18457943925233,456.92085569509345,2.8347678002739647,1090,CP minimax (prior-costed),145417.85499999998,0.16025641025641027,0.7774193548387097
Costcla Credit Scoring PAKDD 2009,GradientBoosting,8,naive,161.18457943925233,456.92085569509345,2.8347678002739647,1090,DKW minimax (prior-costed),145417.85499999998,0.16025641025641027,0.7774193548387097
Costcla Credit Scoring PAKDD 2009,GradientBoosting,8,naive,161.18457943925233,456.92085569509345,2.8347678002739647,1090,Oracle (test),126133.5725,0.8794871794871795,0.06129032258064516
Costcla Credit Scoring PAKDD 2009,GradientBoosting,8,split,161.18457943925233,456.92085569509345,2.8347678002739647,1090,Baseline,157821.25699999998,0.020512820512820513,0.9838709677419355
Costcla Credit Scoring PAKDD 2009,GradientBoosting,8,split,161.18457943925233,456.92085569509345,2.8347678002739647,1090,Threshold (cost),156348.98450000002,0.07564102564102564,0.9225806451612903
Costcla Credit Scoring PAKDD 2009,GradientBoosting,8,split,161.18457943925233,456.92085569509345,2.8347678002739647,1090,CP sum (uncosted),156935.8395,0.0,1.0
Costcla Credit Scoring PAKDD 2009,GradientBoosting,8,split,161.18457943925233,456.92085569509345,2.8347678002739647,1090,DKW sum (uncosted),156935.8395,0.0,1.0
Costcla Credit Scoring PAKDD 2009,GradientBoosting,8,split,161.18457943925233,456.92085569509345,2.8347678002739647,1090,CP minimax (uncosted),129258.58249999999,0.48846153846153845,0.45161290322580644
Costcla Credit Scoring PAKDD 2009,GradientBoosting,8,split,161.18457943925233,456.92085569509345,2.8347678002739647,1090,DKW minimax (uncosted),140024.3875,0.45256410256410257,0.5290322580645161
Costcla Credit Scoring PAKDD 2009,GradientBoosting,8,split,161.18457943925233,456.92085569509345,2.8347678002739647,1090,CP sum (costed),132624.0075,0.9782051282051282,0.01935483870967742
Costcla Credit Scoring PAKDD 2009,GradientBoosting,8,split,161.18457943925233,456.92085569509345,2.8347678002739647,1090,DKW sum (costed),132624.0075,0.9782051282051282,0.01935483870967742
Costcla Credit Scoring PAKDD 2009,GradientBoosting,8,split,161.18457943925233,456.92085569509345,2.8347678002739647,1090,CP minimax (costed),132667.3925,0.9653846153846154,0.02903225806451613
Costcla Credit Scoring PAKDD 2009,GradientBoosting,8,split,161.18457943925233,456.92085569509345,2.8347678002739647,1090,DKW minimax (costed),127221.22,0.9320512820512821,0.03870967741935484
Costcla Credit Scoring PAKDD 2009,GradientBoosting,8,split,161.18457943925233,456.92085569509345,2.8347678002739647,1090,CP sum (prior-costed),156935.8395,0.0,1.0
Costcla Credit Scoring PAKDD 2009,GradientBoosting,8,split,161.18457943925233,456.92085569509345,2.8347678002739647,1090,DKW sum (prior-costed),156935.8395,0.0,1.0
Costcla Credit Scoring PAKDD 2009,GradientBoosting,8,split,161.18457943925233,456.92085569509345,2.8347678002739647,1090,CP minimax (prior-costed),140178.515,0.35384615384615387,0.6161290322580645
Costcla Credit Scoring PAKDD 2009,GradientBoosting,8,split,161.18457943925233,456.92085569509345,2.8347678002739647,1090,DKW minimax (prior-costed),140178.515,0.35384615384615387,0.6161290322580645
Costcla Credit Scoring PAKDD 2009,GradientBoosting,8,split,161.18457943925233,456.92085569509345,2.8347678002739647,1090,Oracle (test),116695.495,0.7205128205128205,0.19032258064516128
Costcla Credit Scoring PAKDD 2009,GradientBoosting,9,naive,166.37383177570092,463.01285134345795,2.782966806749242,1090,Baseline,154348.87699999998,0.014102564102564103,0.9870967741935484
Costcla Credit Scoring PAKDD 2009,GradientBoosting,9,naive,166.37383177570092,463.01285134345795,2.782966806749242,1090,Threshold (cost),148544.827,0.06666666666666667,0.9290322580645162
Costcla Credit Scoring PAKDD 2009,GradientBoosting,9,naive,166.37383177570092,463.01285134345795,2.782966806749242,1090,CP sum (uncosted),134814.63199999998,0.2076923076923077,0.7129032258064516
Costcla Credit Scoring PAKDD 2009,GradientBoosting,9,naive,166.37383177570092,463.01285134345795,2.782966806749242,1090,DKW sum (uncosted),146298.547,0.09615384615384616,0.9
Costcla Credit Scoring PAKDD 2009,GradientBoosting,9,naive,166.37383177570092,463.01285134345795,2.782966806749242,1090,CP minimax (uncosted),135095.13199999998,0.1987179487179487,0.7161290322580646
Costcla Credit Scoring PAKDD 2009,GradientBoosting,9,naive,166.37383177570092,463.01285134345795,2.782966806749242,1090,DKW minimax (uncosted),134814.63199999998,0.20897435897435898,0.7129032258064516
Costcla Credit Scoring PAKDD 2009,GradientBoosting,9,naive,166.37383177570092,463.01285134345795,2.782966806749242,1090,CP sum (costed),135939.92950000003,0.23076923076923078,0.6806451612903226
Costcla Credit Scoring PAKDD 2009,GradientBoosting,9,naive,166.37383177570092,463.01285134345795,2.782966806749242,1090,DKW sum (costed),135939.92950000003,0.23076923076923078,0.6806451612903226
Costcla Credit Scoring PAKDD 2009,GradientBoosting,9,naive,166.37383177570092,463.01285134345795,2.782966806749242,1090,CP minimax (costed),137806.102,0.28076923076923077,0.6451612903225806
Costcla Credit Scoring PAKDD 2009,GradientBoosting,9,naive,166.37383177570092,463.01285134345795,2.782966806749242,1090,DKW minimax (costed),140275.602,0.35512820512820514,0.5967741935483871
Costcla Credit Scoring PAKDD 2009,GradientBoosting,9,naive,166.37383177570092,463.01285134345795,2.782966806749242,1090,CP sum (prior-costed),146298.547,0.09615384615384616,0.9
Costcla Credit Scoring PAKDD 2009,GradientBoosting,9,naive,166.37383177570092,463.01285134345795,2.782966806749242,1090,DKW sum (prior-costed),146298.547,0.09615384615384616,0.9
Costcla Credit Scoring PAKDD 2009,GradientBoosting,9,naive,166.37383177570092,463.01285134345795,2.782966806749242,1090,CP minimax (prior-costed),140788.3045,0.1641025641025641,0.7967741935483871
Costcla Credit Scoring PAKDD 2009,GradientBoosting,9,naive,166.37383177570092,463.01285134345795,2.782966806749242,1090,DKW minimax (prior-costed),140467.2545,0.16666666666666666,0.7903225806451613
Costcla Credit Scoring PAKDD 2009,GradientBoosting,9,naive,166.37383177570092,463.01285134345795,2.782966806749242,1090,Oracle (test),125261.6775,0.882051282051282,0.054838709677419356
Costcla Credit Scoring PAKDD 2009,GradientBoosting,9,split,166.37383177570092,463.01285134345795,2.782966806749242,1090,Baseline,154334.55200000003,0.008974358974358974,0.9903225806451613
Costcla Credit Scoring PAKDD 2009,GradientBoosting,9,split,166.37383177570092,463.01285134345795,2.782966806749242,1090,Threshold (cost),153525.84949999998,0.03717948717948718,0.964516129032258
Costcla Credit Scoring PAKDD 2009,GradientBoosting,9,split,166.37383177570092,463.01285134345795,2.782966806749242,1090,CP sum (uncosted),154393.5195,0.0,1.0
Costcla Credit Scoring PAKDD 2009,GradientBoosting,9,split,166.37383177570092,463.01285134345795,2.782966806749242,1090,DKW sum (uncosted),154393.5195,0.0,1.0
Costcla Credit Scoring PAKDD 2009,GradientBoosting,9,split,166.37383177570092,463.01285134345795,2.782966806749242,1090,CP minimax (uncosted),135500.3325,0.5717948717948718,0.38064516129032255
Costcla Credit Scoring PAKDD 2009,GradientBoosting,9,split,166.37383177570092,463.01285134345795,2.782966806749242,1090,DKW minimax (uncosted),134969.48249999998,0.5666666666666667,0.38387096774193546
Costcla Credit Scoring PAKDD 2009,GradientBoosting,9,split,166.37383177570092,463.01285134345795,2.782966806749242,1090,CP sum (costed),126167.615,0.8346153846153846,0.11935483870967742
Costcla Credit Scoring PAKDD 2009,GradientBoosting,9,split,166.37383177570092,463.01285134345795,2.782966806749242,1090,DKW sum (costed),126167.615,0.8346153846153846,0.11935483870967742
Costcla Credit Scoring PAKDD 2009,GradientBoosting,9,split,166.37383177570092,463.01285134345795,2.782966806749242,1090,CP minimax (costed),125276.49,0.8282051282051283,0.12580645161290321
Costcla Credit Scoring PAKDD 2009,GradientBoosting,9,split,166.37383177570092,463.01285134345795,2.782966806749242,1090,DKW minimax (costed),125276.49,0.8282051282051283,0.12580645161290321
Costcla Credit Scoring PAKDD 2009,GradientBoosting,9,split,166.37383177570092,463.01285134345795,2.782966806749242,1090,CP sum (prior-costed),154393.5195,0.0,1.0
Costcla Credit Scoring PAKDD 2009,GradientBoosting,9,split,166.37383177570092,463.01285134345795,2.782966806749242,1090,DKW sum (prior-costed),154393.5195,0.0,1.0
Costcla Credit Scoring PAKDD 2009,GradientBoosting,9,split,166.37383177570092,463.01285134345795,2.782966806749242,1090,CP minimax (prior-costed),142430.795,0.37435897435897436,0.5806451612903226
Costcla Credit Scoring PAKDD 2009,GradientBoosting,9,split,166.37383177570092,463.01285134345795,2.782966806749242,1090,DKW minimax (prior-costed),142430.795,0.37435897435897436,0.5806451612903226
Costcla Credit Scoring PAKDD 2009,GradientBoosting,9,split,166.37383177570092,463.01285134345795,2.782966806749242,1090,Oracle (test),121193.095,0.8769230769230769,0.06451612903225806
