dataset,model,seed,mode,n_cert,n_cert_minority,train_ratio,n_features,clf_fit_err,clf_test_err,optimism,method,fit,reason,Accuracy,G-Mean,F1,err_0,err_1,U_0,U_1,delta_0,delta_1,covered_0,covered_1,seconds
MIMIC-III Mortality,GradientBoosting,0,naive,3648,331,10.021148036253777,19,0.38564859048005923,0.46806167400881055,0.08241308352875132,Baseline,True,,0.5319383259911894,0.2932081284985681,0.15841584158415842,0.024229074889867842,0.9118942731277533,,,,,,,
MIMIC-III Mortality,GradientBoosting,0,naive,3648,331,10.021148036253777,19,0.38564859048005923,0.46806167400881055,0.08241308352875132,Threshold,True,,0.6233480176211453,0.5805960168234924,0.5128205128205128,0.14977973568281938,0.6035242290748899,,,,,,,
MIMIC-III Mortality,GradientBoosting,0,naive,3648,331,10.021148036253777,19,0.38564859048005923,0.46806167400881055,0.08241308352875132,SMOTE,True,,0.5440528634361234,0.34226126566110004,0.2099236641221374,0.03303964757709251,0.8788546255506607,,,,,,,
MIMIC-III Mortality,GradientBoosting,0,naive,3648,331,10.021148036253777,19,0.38564859048005923,0.46806167400881055,0.08241308352875132,Balanced Weights,False,,,,,,,,,,,,,
MIMIC-III Mortality,GradientBoosting,0,naive,3648,331,10.021148036253777,19,0.38564859048005923,0.46806167400881055,0.08241308352875132,Slacks Deltas,False,,,,,,,,,,,,,118.428
MIMIC-III Mortality,GradientBoosting,0,naive,3648,331,10.021148036253777,19,0.38564859048005923,0.46806167400881055,0.08241308352875132,Min Deltas,True,,0.6519823788546255,0.63294859231282,0.587467362924282,0.19162995594713655,0.5044052863436124,,,,,,,8.573
MIMIC-III Mortality,GradientBoosting,0,naive,3648,331,10.021148036253777,19,0.38564859048005923,0.46806167400881055,0.08241308352875132,F Deltas,True,,0.6244493392070485,0.5769075265951011,0.5065123010130246,0.13656387665198239,0.6145374449339207,,,,,,,0.039
MIMIC-III Mortality,GradientBoosting,0,naive,3648,331,10.021148036253777,19,0.38564859048005923,0.46806167400881055,0.08241308352875132,CP Sum,True,,0.6233480176211453,0.5805960168234924,0.5128205128205128,0.14977973568281938,0.6035242290748899,0.13813839855542787,0.3715330293450481,0.0014994997498749376,0.009995247623811907,False,False,0.418
MIMIC-III Mortality,GradientBoosting,0,naive,3648,331,10.021148036253777,19,0.38564859048005923,0.46806167400881055,0.08241308352875132,CP Minimax,True,,0.6552863436123348,0.6500596723953174,0.6242496998799519,0.2621145374449339,0.42731277533039647,0.27259862816625163,0.2686143326795611,0.0019992496248124065,0.007996248124062032,True,False,0.415
MIMIC-III Mortality,GradientBoosting,0,naive,3648,331,10.021148036253777,19,0.38564859048005923,0.46806167400881055,0.08241308352875132,DKW Sum,True,,0.6233480176211453,0.5805960168234924,0.5128205128205128,0.14977973568281938,0.6035242290748899,0.13902888944883987,0.34616615197178163,0.002998749374687344,0.013993246623311658,False,False,0.119
MIMIC-III Mortality,GradientBoosting,0,naive,3648,331,10.021148036253777,19,0.38564859048005923,0.46806167400881055,0.08241308352875132,DKW Minimax,True,,0.6563876651982379,0.6510291877325521,0.625,0.2599118942731278,0.42731277533039647,0.26254082049486643,0.2535694423532152,0.003498499249624813,0.012493996998499252,True,False,0.118
MIMIC-III Mortality,GradientBoosting,0,split,1277,116,10.021148036253777,19,0.3302325581395349,0.4614537444933921,0.1312211863538572,Baseline,True,,0.538546255506608,0.3050322823563311,0.1702970297029703,0.01762114537444934,0.9052863436123348,,,,,,,
MIMIC-III Mortality,GradientBoosting,0,split,1277,116,10.021148036253777,19,0.3302325581395349,0.4614537444933921,0.1312211863538572,Threshold,True,,0.6266519823788547,0.5736606434090654,0.5007363770250368,0.1211453744493392,0.6255506607929515,,,,,,,
MIMIC-III Mortality,GradientBoosting,0,split,1277,116,10.021148036253777,19,0.3302325581395349,0.4614537444933921,0.1312211863538572,SMOTE,True,,0.5572687224669604,0.37775812020921185,0.25,0.03303964757709251,0.8524229074889867,,,,,,,
MIMIC-III Mortality,GradientBoosting,0,split,1277,116,10.021148036253777,19,0.3302325581395349,0.4614537444933921,0.1312211863538572,Balanced Weights,False,,,,,,,,,,,,,
MIMIC-III Mortality,GradientBoosting,0,split,1277,116,10.021148036253777,19,0.3302325581395349,0.4614537444933921,0.1312211863538572,Slacks Deltas,False,,,,,,,,,,,,,7.201
MIMIC-III Mortality,GradientBoosting,0,split,1277,116,10.021148036253777,19,0.3302325581395349,0.4614537444933921,0.1312211863538572,Min Deltas,False,,,,,,,,,,,,,0.0
MIMIC-III Mortality,GradientBoosting,0,split,1277,116,10.021148036253777,19,0.3302325581395349,0.4614537444933921,0.1312211863538572,F Deltas,False,,,,,,,,,,,,,0.0
MIMIC-III Mortality,GradientBoosting,0,split,1277,116,10.021148036253777,19,0.3302325581395349,0.4614537444933921,0.1312211863538572,CP Sum,True,,0.6310572687224669,0.6199569973549369,0.581772784019975,0.2511013215859031,0.486784140969163,0.3225652014451813,0.6201068367216018,0.00449799899949975,0.03048499249624813,True,True,1.492
MIMIC-III Mortality,GradientBoosting,0,split,1277,116,10.021148036253777,19,0.3302325581395349,0.4614537444933921,0.1312211863538572,CP Minimax,True,,0.6310572687224669,0.6283519828605036,0.6514047866805411,0.42731277533039647,0.31057268722466963,0.5015088933228635,0.5030380503314444,0.006496998499249626,0.024487993996998504,True,True,1.475
MIMIC-III Mortality,GradientBoosting,0,split,1277,116,10.021148036253777,19,0.3302325581395349,0.4614537444933921,0.1312211863538572,DKW Sum,True,,0.6310572687224669,0.6199569973549369,0.581772784019975,0.2511013215859031,0.486784140969163,0.30841574870410254,0.5740200533877049,0.006496998499249626,0.04147948974487244,True,True,0.033
MIMIC-III Mortality,GradientBoosting,0,split,1277,116,10.021148036253777,19,0.3302325581395349,0.4614537444933921,0.1312211863538572,DKW Minimax,True,,0.6321585903083701,0.6306217792970236,0.6476793248945147,0.4118942731277533,0.3237885462555066,0.4688154321646374,0.45829823043926105,0.00899574787393697,0.03148449224612306,True,True,0.034
MIMIC-III Mortality,GradientBoosting,1,naive,3648,331,10.021148036253777,19,0.37613293051359514,0.46696035242290745,0.09082742190931231,Baseline,True,,0.5330396475770925,0.2724519135870701,0.13821138211382114,0.00881057268722467,0.9251101321585903,,,,,,,
MIMIC-III Mortality,GradientBoosting,1,naive,3648,331,10.021148036253777,19,0.37613293051359514,0.46696035242290745,0.09082742190931231,Threshold,True,,0.6409691629955947,0.6198983013488703,0.5710526315789474,0.1960352422907489,0.5220264317180616,,,,,,,
MIMIC-III Mortality,GradientBoosting,1,naive,3648,331,10.021148036253777,19,0.37613293051359514,0.46696035242290745,0.09082742190931231,SMOTE,True,,0.552863436123348,0.3760331882739339,0.24814814814814815,0.04185022026431718,0.8524229074889867,,,,,,,
MIMIC-III Mortality,GradientBoosting,1,naive,3648,331,10.021148036253777,19,0.37613293051359514,0.46696035242290745,0.09082742190931231,Balanced Weights,False,,,,,,,,,,,,,
MIMIC-III Mortality,GradientBoosting,1,naive,3648,331,10.021148036253777,19,0.37613293051359514,0.46696035242290745,0.09082742190931231,Slacks Deltas,False,,,,,,,,,,,,,118.988
MIMIC-III Mortality,GradientBoosting,1,naive,3648,331,10.021148036253777,19,0.37613293051359514,0.46696035242290745,0.09082742190931231,Min Deltas,True,,0.6354625550660793,0.6161970548279355,0.5684485006518905,0.2092511013215859,0.5198237885462555,,,,,,,8.334
MIMIC-III Mortality,GradientBoosting,1,naive,3648,331,10.021148036253777,19,0.37613293051359514,0.46696035242290745,0.09082742190931231,F Deltas,True,,0.6145374449339207,0.5482988994425285,0.46646341463414637,0.10792951541850221,0.6629955947136564,,,,,,,0.038
MIMIC-III Mortality,GradientBoosting,1,naive,3648,331,10.021148036253777,19,0.37613293051359514,0.46696035242290745,0.09082742190931231,CP Sum,True,,0.6409691629955947,0.6198983013488703,0.5710526315789474,0.1960352422907489,0.5220264317180616,0.20341497282033832,0.34887635642302794,0.0019992496248124065,0.009495497748874438,True,False,0.411
MIMIC-III Mortality,GradientBoosting,1,naive,3648,331,10.021148036253777,19,0.37613293051359514,0.46696035242290745,0.09082742190931231,CP Minimax,True,,0.6486784140969163,0.6428171733674047,0.6151990349819059,0.2643171806167401,0.43832599118942733,0.29146163920640644,0.28899405512174287,0.002498999499749875,0.008495997998999501,True,False,0.404
MIMIC-III Mortality,GradientBoosting,1,naive,3648,331,10.021148036253777,19,0.37613293051359514,0.46696035242290745,0.09082742190931231,DKW Sum,True,,0.6409691629955947,0.6198983013488703,0.5710526315789474,0.1960352422907489,0.5220264317180616,0.19962581438100752,0.32535942969556375,0.002998749374687344,0.01349349674837419,True,False,0.119
MIMIC-III Mortality,GradientBoosting,1,naive,3648,331,10.021148036253777,19,0.37613293051359514,0.46696035242290745,0.09082742190931231,DKW Minimax,True,,0.6497797356828194,0.6434734673659988,0.6150121065375302,0.2599118942731278,0.44052863436123346,0.28123240927991316,0.27169633057073783,0.003498499249624813,0.012493996998499252,True,False,0.119
MIMIC-III Mortality,GradientBoosting,1,split,1277,116,10.021148036253777,19,0.34906912024852227,0.4658590308370044,0.11678991058848215,Baseline,True,,0.5341409691629956,0.2727544699419143,0.1384928716904277,0.006607929515418502,0.9251101321585903,,,,,,,
MIMIC-III Mortality,GradientBoosting,1,split,1277,116,10.021148036253777,19,0.34906912024852227,0.4658590308370044,0.11678991058848215,Threshold,True,,0.5980176211453745,0.5090250706406367,0.41412520064205455,0.0881057268722467,0.7158590308370044,,,,,,,
MIMIC-III Mortality,GradientBoosting,1,split,1277,116,10.021148036253777,19,0.34906912024852227,0.4658590308370044,0.11678991058848215,SMOTE,True,,0.551762114537445,0.38711414579410075,0.2613430127041742,0.05506607929515418,0.8414096916299559,,,,,,,
MIMIC-III Mortality,GradientBoosting,1,split,1277,116,10.021148036253777,19,0.34906912024852227,0.4658590308370044,0.11678991058848215,Balanced Weights,False,,,,,,,,,,,,,
MIMIC-III Mortality,GradientBoosting,1,split,1277,116,10.021148036253777,19,0.34906912024852227,0.4658590308370044,0.11678991058848215,Slacks Deltas,False,,,,,,,,,,,,,7.11
MIMIC-III Mortality,GradientBoosting,1,split,1277,116,10.021148036253777,19,0.34906912024852227,0.4658590308370044,0.11678991058848215,Min Deltas,False,,,,,,,,,,,,,0.0
MIMIC-III Mortality,GradientBoosting,1,split,1277,116,10.021148036253777,19,0.34906912024852227,0.4658590308370044,0.11678991058848215,F Deltas,False,,,,,,,,,,,,,0.0
MIMIC-III Mortality,GradientBoosting,1,split,1277,116,10.021148036253777,19,0.34906912024852227,0.4658590308370044,0.11678991058848215,CP Sum,True,,0.6189427312775331,0.5723143482814756,0.5014409221902018,0.14537444933920704,0.6167400881057269,0.21620000947108028,0.7134415960142431,0.003498499249624813,0.03698174087043522,True,True,1.445
MIMIC-III Mortality,GradientBoosting,1,split,1277,116,10.021148036253777,19,0.34906912024852227,0.4658590308370044,0.11678991058848215,CP Minimax,True,,0.6178414096916299,0.6167715536340811,0.6312433581296493,0.4185022026431718,0.3458149779735683,0.47919396129105196,0.5030380503314444,0.005997248624312156,0.024487993996998504,True,True,1.453
MIMIC-III Mortality,GradientBoosting,1,split,1277,116,10.021148036253777,19,0.34906912024852227,0.4658590308370044,0.11678991058848215,DKW Sum,True,,0.6343612334801763,0.6112682055461156,0.5596816976127321,0.1960352422907489,0.5352422907488987,0.2579660986840223,0.6232324908698672,0.005997248624312156,0.04747648824412207,True,True,0.033
MIMIC-III Mortality,GradientBoosting,1,split,1277,116,10.021148036253777,19,0.34906912024852227,0.4658590308370044,0.11678991058848215,DKW Minimax,True,,0.6178414096916299,0.6170153570719461,0.6296691568836713,0.41409691629955947,0.3502202643171806,0.44583203797134835,0.45829823043926105,0.008495997998999501,0.03148449224612306,True,True,0.035
MIMIC-III Mortality,GradientBoosting,2,naive,3648,331,10.021148036253777,19,0.3702413730603219,0.4757709251101322,0.1055295520498103,Baseline,True,,0.5242290748898678,0.22941350777606237,0.1,0.004405286343612335,0.947136563876652,,,,,,,
MIMIC-III Mortality,GradientBoosting,2,naive,3648,331,10.021148036253777,19,0.3702413730603219,0.4757709251101322,0.1055295520498103,Threshold,True,,0.6255506607929515,0.6062512748037789,0.5572916666666666,0.22026431718061673,0.5286343612334802,,,,,,,
MIMIC-III Mortality,GradientBoosting,2,naive,3648,331,10.021148036253777,19,0.3702413730603219,0.4757709251101322,0.1055295520498103,SMOTE,True,,0.5451541850220264,0.3532754006491772,0.2222222222222222,0.039647577092511016,0.8700440528634361,,,,,,,
MIMIC-III Mortality,GradientBoosting,2,naive,3648,331,10.021148036253777,19,0.3702413730603219,0.4757709251101322,0.1055295520498103,Balanced Weights,False,,,,,,,,,,,,,
MIMIC-III Mortality,GradientBoosting,2,naive,3648,331,10.021148036253777,19,0.3702413730603219,0.4757709251101322,0.1055295520498103,Slacks Deltas,False,,,,,,,,,,,,,120.038
MIMIC-III Mortality,GradientBoosting,2,naive,3648,331,10.021148036253777,19,0.3702413730603219,0.4757709251101322,0.1055295520498103,Min Deltas,True,,0.6266519823788547,0.6076660988394719,0.5591677503250976,0.22026431718061673,0.526431718061674,,,,,,,8.516
MIMIC-III Mortality,GradientBoosting,2,naive,3648,331,10.021148036253777,19,0.3702413730603219,0.4757709251101322,0.1055295520498103,F Deltas,True,,0.6068281938325991,0.5488693326243007,0.46953937592867756,0.1343612334801762,0.6519823788546255,,,,,,,0.039
MIMIC-III Mortality,GradientBoosting,2,naive,3648,331,10.021148036253777,19,0.3702413730603219,0.4757709251101322,0.1055295520498103,CP Sum,True,,0.6255506607929515,0.6062512748037789,0.5572916666666666,0.22026431718061673,0.5286343612334802,0.2047036198937591,0.2958415100852926,0.0019992496248124065,0.008495997998999501,False,False,0.419
MIMIC-III Mortality,GradientBoosting,2,naive,3648,331,10.021148036253777,19,0.3702413730603219,0.4757709251101322,0.1055295520498103,CP Minimax,True,,0.6453744493392071,0.6383866408012968,0.6082725060827251,0.2599118942731278,0.44933920704845814,0.27133525214032095,0.26512587813149663,0.0019992496248124065,0.007996248124062032,True,False,0.413
MIMIC-III Mortality,GradientBoosting,2,naive,3648,331,10.021148036253777,19,0.3702413730603219,0.4757709251101322,0.1055295520498103,DKW Sum,True,,0.6255506607929515,0.6062512748037789,0.5572916666666666,0.22026431718061673,0.5286343612334802,0.2008317233348815,0.2777386266432454,0.002998749374687344,0.012493996998499252,False,False,0.121
MIMIC-III Mortality,GradientBoosting,2,naive,3648,331,10.021148036253777,19,0.3702413730603219,0.4757709251101322,0.1055295520498103,DKW Minimax,True,,0.6453744493392071,0.6383866408012968,0.6082725060827251,0.2599118942731278,0.44933920704845814,0.26163638877946094,0.2535694423532152,0.003498499249624813,0.012493996998499252,True,False,0.12
MIMIC-III Mortality,GradientBoosting,2,split,1277,116,10.021148036253777,19,0.3116279069767442,0.4625550660792952,0.150927159102551,Baseline,True,,0.5374449339207048,0.28097301707668676,0.14634146341463414,0.004405286343612335,0.920704845814978,,,,,,,
MIMIC-III Mortality,GradientBoosting,2,split,1277,116,10.021148036253777,19,0.3116279069767442,0.4625550660792952,0.150927159102551,Threshold,True,,0.6167400881057269,0.5529643448286592,0.4727272727272727,0.11013215859030837,0.6563876651982379,,,,,,,
MIMIC-III Mortality,GradientBoosting,2,split,1277,116,10.021148036253777,19,0.3116279069767442,0.4625550660792952,0.150927159102551,SMOTE,True,,0.566079295154185,0.3996750509168294,0.2757352941176471,0.03303964757709251,0.8348017621145375,,,,,,,
MIMIC-III Mortality,GradientBoosting,2,split,1277,116,10.021148036253777,19,0.3116279069767442,0.4625550660792952,0.150927159102551,Balanced Weights,False,,,,,,,,,,,,,
MIMIC-III Mortality,GradientBoosting,2,split,1277,116,10.021148036253777,19,0.3116279069767442,0.4625550660792952,0.150927159102551,Slacks Deltas,False,,,,,,,,,,,,,7.299
MIMIC-III Mortality,GradientBoosting,2,split,1277,116,10.021148036253777,19,0.3116279069767442,0.4625550660792952,0.150927159102551,Min Deltas,False,,,,,,,,,,,,,0.0
MIMIC-III Mortality,GradientBoosting,2,split,1277,116,10.021148036253777,19,0.3116279069767442,0.4625550660792952,0.150927159102551,F Deltas,False,,,,,,,,,,,,,0.0
MIMIC-III Mortality,GradientBoosting,2,split,1277,116,10.021148036253777,19,0.3116279069767442,0.4625550660792952,0.150927159102551,CP Sum,True,,0.6233480176211453,0.6188329813179869,0.5928571428571429,0.30176211453744495,0.45154185022026433,0.36299798840954645,0.5958305918757111,0.004997748874437219,0.02898574287143572,True,True,1.492
MIMIC-III Mortality,GradientBoosting,2,split,1277,116,10.021148036253777,19,0.3116279069767442,0.4625550660792952,0.150927159102551,CP Minimax,True,,0.6211453744493393,0.6192522780900644,0.6386554621848739,0.42731277533039647,0.3303964757709251,0.4922313376772214,0.4856458619640472,0.005997248624312156,0.023488494247123563,True,True,1.495
MIMIC-III Mortality,GradientBoosting,2,split,1277,116,10.021148036253777,19,0.3116279069767442,0.4625550660792952,0.150927159102551,DKW Sum,True,,0.6233480176211453,0.6188329813179869,0.5928571428571429,0.30176211453744495,0.45154185022026433,0.34683153766952524,0.5492957290615421,0.006996748374187095,0.0389807403701851,True,True,0.033
MIMIC-III Mortality,GradientBoosting,2,split,1277,116,10.021148036253777,19,0.3116279069767442,0.4625550660792952,0.150927159102551,DKW Minimax,True,,0.6189427312775331,0.6175262453249422,0.6342494714587738,0.42290748898678415,0.3392070484581498,0.45358397595584443,0.44995965273629634,0.008495997998999501,0.030984742371185595,True,True,0.035
MIMIC-III Mortality,GradientBoosting,3,naive,3648,331,10.021148036253777,19,0.3824767038245712,0.46365638766519823,0.08117968384062701,Baseline,True,,0.5363436123348018,0.294528892518886,0.1596806387225549,0.015418502202643172,0.9118942731277533,,,,,,,
MIMIC-III Mortality,GradientBoosting,3,naive,3648,331,10.021148036253777,19,0.3824767038245712,0.46365638766519823,0.08117968384062701,Threshold,True,,0.6475770925110133,0.6212351920565051,0.568733153638814,0.1696035242290749,0.5352422907488987,,,,,,,
MIMIC-III Mortality,GradientBoosting,3,naive,3648,331,10.021148036253777,19,0.3824767038245712,0.46365638766519823,0.08117968384062701,SMOTE,True,,0.5451541850220264,0.32561890875242316,0.1917808219178082,0.01762114537444934,0.8920704845814978,,,,,,,
MIMIC-III Mortality,GradientBoosting,3,naive,3648,331,10.021148036253777,19,0.3824767038245712,0.46365638766519823,0.08117968384062701,Balanced Weights,False,,,,,,,,,,,,,
MIMIC-III Mortality,GradientBoosting,3,naive,3648,331,10.021148036253777,19,0.3824767038245712,0.46365638766519823,0.08117968384062701,Slacks Deltas,False,,,,,,,,,,,,,118.572
MIMIC-III Mortality,GradientBoosting,3,naive,3648,331,10.021148036253777,19,0.3824767038245712,0.46365638766519823,0.08117968384062701,Min Deltas,True,,0.6475770925110133,0.6261514456938956,0.5778364116094987,0.18722466960352424,0.5176211453744494,,,,,,,8.34
MIMIC-III Mortality,GradientBoosting,3,naive,3648,331,10.021148036253777,19,0.3824767038245712,0.46365638766519823,0.08117968384062701,F Deltas,True,,0.6178414096916299,0.5525518190895871,0.471841704718417,0.10572687224669604,0.6585903083700441,,,,,,,0.038
MIMIC-III Mortality,GradientBoosting,3,naive,3648,331,10.021148036253777,19,0.3824767038245712,0.46365638766519823,0.08117968384062701,CP Sum,True,,0.6464757709251101,0.6197613223832494,0.5668016194331984,0.1696035242290749,0.5374449339207048,0.15860713790439077,0.40647642675947027,0.0014994997498749376,0.010994747373686845,False,False,0.415
MIMIC-III Mortality,GradientBoosting,3,naive,3648,331,10.021148036253777,19,0.3824767038245712,0.46365638766519823,0.08117968384062701,CP Minimax,True,,0.6629955947136564,0.6613800622321168,0.6466512702078522,0.2907488986784141,0.3832599118942731,0.30432593046066425,0.2992535183336072,0.002498999499749875,0.008495997998999501,True,False,0.41
MIMIC-III Mortality,GradientBoosting,3,naive,3648,331,10.021148036253777,19,0.3824767038245712,0.46365638766519823,0.08117968384062701,DKW Sum,True,,0.6464757709251101,0.6197613223832494,0.5668016194331984,0.1696035242290749,0.5374449339207048,0.1577204782338866,0.3787472558036238,0.002998749374687344,0.014992746373186596,False,False,0.121
MIMIC-III Mortality,GradientBoosting,3,naive,3648,331,10.021148036253777,19,0.3824767038245712,0.46365638766519823,0.08117968384062701,DKW Minimax,True,,0.6607929515418502,0.6579085357742545,0.6384976525821596,0.2775330396475771,0.4008810572687225,0.2857545678569406,0.283416033031774,0.003498499249624813,0.012993746873436721,True,False,0.119
MIMIC-III Mortality,GradientBoosting,3,split,1277,116,10.021148036253777,19,0.3558139534883721,0.4812775330396476,0.12546357955127552,Baseline,True,,0.5187224669603524,0.22814109914051195,0.09896907216494845,0.015418502202643172,0.947136563876652,,,,,,,
MIMIC-III Mortality,GradientBoosting,3,split,1277,116,10.021148036253777,19,0.3558139534883721,0.4812775330396476,0.12546357955127552,Threshold,True,,0.6189427312775331,0.5946198327034786,0.5398936170212766,0.2092511013215859,0.552863436123348,,,,,,,
MIMIC-III Mortality,GradientBoosting,3,split,1277,116,10.021148036253777,19,0.3558139534883721,0.4812775330396476,0.12546357955127552,SMOTE,True,,0.5209251101321586,0.26910134336497554,0.13518886679920478,0.03303964757709251,0.9251101321585903,,,,,,,
MIMIC-III Mortality,GradientBoosting,3,split,1277,116,10.021148036253777,19,0.3558139534883721,0.4812775330396476,0.12546357955127552,Balanced Weights,False,,,,,,,,,,,,,
MIMIC-III Mortality,GradientBoosting,3,split,1277,116,10.021148036253777,19,0.3558139534883721,0.4812775330396476,0.12546357955127552,Slacks Deltas,False,,,,,,,,,,,,,7.14
MIMIC-III Mortality,GradientBoosting,3,split,1277,116,10.021148036253777,19,0.3558139534883721,0.4812775330396476,0.12546357955127552,Min Deltas,False,,,,,,,,,,,,,0.0
MIMIC-III Mortality,GradientBoosting,3,split,1277,116,10.021148036253777,19,0.3558139534883721,0.4812775330396476,0.12546357955127552,F Deltas,False,,,,,,,,,,,,,0.0
MIMIC-III Mortality,GradientBoosting,3,split,1277,116,10.021148036253777,19,0.3558139534883721,0.4812775330396476,0.12546357955127552,CP Sum,True,,0.6035242290748899,0.5347798078069268,0.44954128440366975,0.11674008810572688,0.6762114537444934,0.16522980444577023,0.7505514559141617,0.002998749374687344,0.03998024012006003,True,True,1.459
MIMIC-III Mortality,GradientBoosting,3,split,1277,116,10.021148036253777,19,0.3558139534883721,0.4812775330396476,0.12546357955127552,CP Minimax,True,,0.6244493392070485,0.6241686041984473,0.6313513513513513,0.394273127753304,0.3568281938325991,0.48267494952199314,0.4856458619640472,0.005997248624312156,0.023488494247123563,True,True,1.469
MIMIC-III Mortality,GradientBoosting,3,split,1277,116,10.021148036253777,19,0.3558139534883721,0.4812775330396476,0.12546357955127552,DKW Sum,True,,0.6233480176211453,0.6135418964638446,0.5767326732673267,0.2665198237885463,0.486784140969163,0.3209917443878715,0.5327669496031305,0.006996748374187095,0.03748149074537269,True,True,0.033
MIMIC-III Mortality,GradientBoosting,3,split,1277,116,10.021148036253777,19,0.3558139534883721,0.4812775330396476,0.12546357955127552,DKW Minimax,True,,0.6244493392070485,0.6243706684238441,0.6281352235550709,0.3854625550660793,0.3656387665198238,0.44497071152862655,0.441624997626349,0.008495997998999501,0.03048499249624813,True,True,0.036
MIMIC-III Mortality,GradientBoosting,4,naive,3648,331,10.021148036253777,19,0.37915407854984895,0.4779735682819383,0.09881948973208937,Baseline,True,,0.5220264317180616,0.24614475849689854,0.11428571428571428,0.01762114537444934,0.9383259911894273,,,,,,,
MIMIC-III Mortality,GradientBoosting,4,naive,3648,331,10.021148036253777,19,0.37915407854984895,0.4779735682819383,0.09881948973208937,Threshold,True,,0.5947136563876652,0.5599177864425845,0.4931129476584022,0.20484581497797358,0.6057268722466961,,,,,,,
MIMIC-III Mortality,GradientBoosting,4,naive,3648,331,10.021148036253777,19,0.37915407854984895,0.4779735682819383,0.09881948973208937,SMOTE,True,,0.5363436123348018,0.32845243042041744,0.1950286806883365,0.039647577092511016,0.8876651982378855,,,,,,,
MIMIC-III Mortality,GradientBoosting,4,naive,3648,331,10.021148036253777,19,0.37915407854984895,0.4779735682819383,0.09881948973208937,Balanced Weights,False,,,,,,,,,,,,,
MIMIC-III Mortality,GradientBoosting,4,naive,3648,331,10.021148036253777,19,0.37915407854984895,0.4779735682819383,0.09881948973208937,Slacks Deltas,False,,,,,,,,,,,,,117.248
MIMIC-III Mortality,GradientBoosting,4,naive,3648,331,10.021148036253777,19,0.37915407854984895,0.4779735682819383,0.09881948973208937,Min Deltas,True,,0.6013215859030837,0.5885345497266352,0.5452261306532663,0.2753303964757709,0.5220264317180616,,,,,,,8.351
MIMIC-III Mortality,GradientBoosting,4,naive,3648,331,10.021148036253777,19,0.37915407854984895,0.4779735682819383,0.09881948973208937,F Deltas,True,,0.5914096916299559,0.5466195319678531,0.4722617354196302,0.1828193832599119,0.6343612334801763,,,,,,,0.038
MIMIC-III Mortality,GradientBoosting,4,naive,3648,331,10.021148036253777,19,0.37915407854984895,0.4779735682819383,0.09881948973208937,CP Sum,True,,0.5947136563876652,0.5599177864425845,0.4931129476584022,0.20484581497797358,0.6057268722466961,0.13281871614077748,0.40327021490148396,0.0014994997498749376,0.010994747373686845,False,False,0.41
MIMIC-III Mortality,GradientBoosting,4,naive,3648,331,10.021148036253777,19,0.37915407854984895,0.4779735682819383,0.09881948973208937,CP Minimax,True,,0.6211453744493393,0.6188917783595469,0.6,0.32599118942731276,0.43171806167400884,0.28363636686139093,0.2786621763671249,0.0019992496248124065,0.008495997998999501,False,False,0.403
MIMIC-III Mortality,GradientBoosting,4,naive,3648,331,10.021148036253777,19,0.37915407854984895,0.4779735682819383,0.09881948973208937,DKW Sum,True,,0.5947136563876652,0.5599177864425845,0.4931129476584022,0.20484581497797358,0.6057268722466961,0.13420525363334396,0.37572610776737003,0.002998749374687344,0.014992746373186596,False,False,0.121
MIMIC-III Mortality,GradientBoosting,4,naive,3648,331,10.021148036253777,19,0.37915407854984895,0.4779735682819383,0.09881948973208937,DKW Minimax,True,,0.6211453744493393,0.6188917783595469,0.6,0.32599118942731276,0.43171806167400884,0.2745999100336063,0.2656540344982303,0.003498499249624813,0.012493996998499252,False,False,0.118
MIMIC-III Mortality,GradientBoosting,4,split,1277,116,10.021148036253777,19,0.34186046511627904,0.4746696035242291,0.13280913840795006,Baseline,True,,0.525330396475771,0.25506950306985177,0.12219959266802444,0.015418502202643172,0.933920704845815,,,,,,,
MIMIC-III Mortality,GradientBoosting,4,split,1277,116,10.021148036253777,19,0.34186046511627904,0.4746696035242291,0.13280913840795006,Threshold,True,,0.5759911894273128,0.5379141448586665,0.46601941747572817,0.21806167400881057,0.6299559471365639,,,,,,,
MIMIC-III Mortality,GradientBoosting,4,split,1277,116,10.021148036253777,19,0.34186046511627904,0.4746696035242291,0.13280913840795006,SMOTE,True,,0.539647577092511,0.30537405532892214,0.17063492063492064,0.015418502202643172,0.9052863436123348,,,,,,,
MIMIC-III Mortality,GradientBoosting,4,split,1277,116,10.021148036253777,19,0.34186046511627904,0.4746696035242291,0.13280913840795006,Balanced Weights,False,,,,,,,,,,,,,
MIMIC-III Mortality,GradientBoosting,4,split,1277,116,10.021148036253777,19,0.34186046511627904,0.4746696035242291,0.13280913840795006,Slacks Deltas,False,,,,,,,,,,,,,7.148
MIMIC-III Mortality,GradientBoosting,4,split,1277,116,10.021148036253777,19,0.34186046511627904,0.4746696035242291,0.13280913840795006,Min Deltas,False,,,,,,,,,,,,,0.0
MIMIC-III Mortality,GradientBoosting,4,split,1277,116,10.021148036253777,19,0.34186046511627904,0.4746696035242291,0.13280913840795006,F Deltas,False,,,,,,,,,,,,,0.0
MIMIC-III Mortality,GradientBoosting,4,split,1277,116,10.021148036253777,19,0.34186046511627904,0.4746696035242291,0.13280913840795006,CP Sum,True,,0.5947136563876652,0.5902549453107668,0.5629453681710214,0.33259911894273125,0.4779735682819383,0.3152618159231596,0.6201068367216018,0.00449799899949975,0.03048499249624813,False,True,1.448
MIMIC-III Mortality,GradientBoosting,4,split,1277,116,10.021148036253777,19,0.34186046511627904,0.4746696035242291,0.13280913840795006,CP Minimax,True,,0.6068281938325991,0.6008736289540454,0.6375634517766497,0.4779735682819383,0.30837004405286345,0.5049695223865535,0.5119109617274318,0.006496998499249626,0.024487993996998504,True,True,1.456
MIMIC-III Mortality,GradientBoosting,4,split,1277,116,10.021148036253777,19,0.34186046511627904,0.4746696035242291,0.13280913840795006,DKW Sum,True,,0.5947136563876652,0.5902549453107668,0.5629453681710214,0.33259911894273125,0.4779735682819383,0.3015251371623282,0.5740200533877049,0.006496998499249626,0.04147948974487244,False,True,0.033
MIMIC-III Mortality,GradientBoosting,4,split,1277,116,10.021148036253777,19,0.34186046511627904,0.4746696035242291,0.13280913840795006,DKW Minimax,True,,0.6057268722466961,0.6010794884675914,0.6331967213114754,0.46916299559471364,0.31938325991189426,0.47312206437824633,0.46664061299995024,0.00899574787393697,0.03198424212106053,True,True,0.035
MIMIC-III Mortality,GradientBoosting,5,naive,3648,331,10.021148036253777,19,0.3806646525679758,0.47577092511013214,0.09510627254215631,Baseline,True,,0.5242290748898678,0.23825228692493325,0.10743801652892562,0.00881057268722467,0.9427312775330396,,,,,,,
MIMIC-III Mortality,GradientBoosting,5,naive,3648,331,10.021148036253777,19,0.3806646525679758,0.47577092511013214,0.09510627254215631,Threshold,True,,0.6222466960352423,0.5916465206415547,0.5320600272851296,0.18502202643171806,0.5704845814977973,,,,,,,
MIMIC-III Mortality,GradientBoosting,5,naive,3648,331,10.021148036253777,19,0.3806646525679758,0.47577092511013214,0.09510627254215631,SMOTE,True,,0.5814977973568282,0.45036916595934634,0.33797909407665505,0.05066079295154185,0.7863436123348018,,,,,,,
MIMIC-III Mortality,GradientBoosting,5,naive,3648,331,10.021148036253777,19,0.3806646525679758,0.47577092511013214,0.09510627254215631,Balanced Weights,False,,,,,,,,,,,,,
MIMIC-III Mortality,GradientBoosting,5,naive,3648,331,10.021148036253777,19,0.3806646525679758,0.47577092511013214,0.09510627254215631,Slacks Deltas,False,,,,,,,,,,,,,116.935
MIMIC-III Mortality,GradientBoosting,5,naive,3648,331,10.021148036253777,19,0.3806646525679758,0.47577092511013214,0.09510627254215631,Min Deltas,True,,0.6376651982378855,0.6322928835544857,0.6050420168067226,0.27973568281938327,0.44493392070484583,,,,,,,8.063
MIMIC-III Mortality,GradientBoosting,5,naive,3648,331,10.021148036253777,19,0.3806646525679758,0.47577092511013214,0.09510627254215631,F Deltas,True,,0.5914096916299559,0.5168566854720573,0.4265842349304482,0.1211453744493392,0.6960352422907489,,,,,,,0.038
MIMIC-III Mortality,GradientBoosting,5,naive,3648,331,10.021148036253777,19,0.3806646525679758,0.47577092511013214,0.09510627254215631,CP Sum,True,,0.6222466960352423,0.5916465206415547,0.5320600272851296,0.18502202643171806,0.5704845814977973,0.1582786757961784,0.3584356206498908,0.0014994997498749376,0.009995247623811907,False,False,0.411
MIMIC-III Mortality,GradientBoosting,5,naive,3648,331,10.021148036253777,19,0.3806646525679758,0.47577092511013214,0.09510627254215631,CP Minimax,True,,0.6321585903083701,0.6286954827677639,0.6061320754716981,0.30176211453744495,0.43392070484581496,0.27259862816625163,0.2686143326795611,0.0019992496248124065,0.007996248124062032,False,False,0.4
MIMIC-III Mortality,GradientBoosting,5,naive,3648,331,10.021148036253777,19,0.3806646525679758,0.47577092511013214,0.09510627254215631,DKW Sum,True,,0.6222466960352423,0.5916465206415547,0.5320600272851296,0.18502202643171806,0.5704845814977973,0.1574190009954181,0.3340815598267665,0.002998749374687344,0.013993246623311658,False,False,0.123
MIMIC-III Mortality,GradientBoosting,5,naive,3648,331,10.021148036253777,19,0.3806646525679758,0.47577092511013214,0.09510627254215631,DKW Minimax,True,,0.6332599118942731,0.6296863352072712,0.6068476977567887,0.29955947136563876,0.43392070484581496,0.26374672944874045,0.25659059038946896,0.003498499249624813,0.012493996998499252,False,False,0.12
MIMIC-III Mortality,GradientBoosting,5,split,1277,116,10.021148036253777,19,0.33488372093023255,0.4801762114537445,0.14529249052351195,Baseline,True,,0.5198237885462555,0.2283961479615105,0.09917355371900827,0.013215859030837005,0.947136563876652,,,,,,,
MIMIC-III Mortality,GradientBoosting,5,split,1277,116,10.021148036253777,19,0.33488372093023255,0.4801762114537445,0.14529249052351195,Threshold,True,,0.5947136563876652,0.5637389699752032,0.5,0.21585903083700442,0.5947136563876652,,,,,,,
MIMIC-III Mortality,GradientBoosting,5,split,1277,116,10.021148036253777,19,0.33488372093023255,0.4801762114537445,0.14529249052351195,SMOTE,True,,0.5605726872246696,0.41417892148924795,0.2938053097345133,0.06167400881057269,0.8171806167400881,,,,,,,
MIMIC-III Mortality,GradientBoosting,5,split,1277,116,10.021148036253777,19,0.33488372093023255,0.4801762114537445,0.14529249052351195,Balanced Weights,False,,,,,,,,,,,,,
MIMIC-III Mortality,GradientBoosting,5,split,1277,116,10.021148036253777,19,0.33488372093023255,0.4801762114537445,0.14529249052351195,Slacks Deltas,False,,,,,,,,,,,,,7.109
MIMIC-III Mortality,GradientBoosting,5,split,1277,116,10.021148036253777,19,0.33488372093023255,0.4801762114537445,0.14529249052351195,Min Deltas,False,,,,,,,,,,,,,0.0
MIMIC-III Mortality,GradientBoosting,5,split,1277,116,10.021148036253777,19,0.33488372093023255,0.4801762114537445,0.14529249052351195,F Deltas,False,,,,,,,,,,,,,0.0
MIMIC-III Mortality,GradientBoosting,5,split,1277,116,10.021148036253777,19,0.33488372093023255,0.4801762114537445,0.14529249052351195,CP Sum,True,,0.5969162995594713,0.569629246704656,0.5093833780160858,0.22466960352422907,0.5814977973568282,0.20126529980325855,0.6519094147819074,0.002998749374687344,0.032483991995998,False,True,1.457
MIMIC-III Mortality,GradientBoosting,5,split,1277,116,10.021148036253777,19,0.33488372093023255,0.4801762114537445,0.14529249052351195,CP Minimax,True,,0.6079295154185022,0.6045643630321729,0.6314699792960663,0.45594713656387664,0.32819383259911894,0.48267494952199314,0.4680529337695339,0.005997248624312156,0.022488994497248626,True,True,1.458
MIMIC-III Mortality,GradientBoosting,5,split,1277,116,10.021148036253777,19,0.33488372093023255,0.4801762114537445,0.14529249052351195,DKW Sum,True,,0.5980176211453745,0.575686824175097,0.5203679369250985,0.24008810572687225,0.5638766519823789,0.2183450823188199,0.5822017868301462,0.005997248624312156,0.04247898949474738,False,True,0.033
MIMIC-III Mortality,GradientBoosting,5,split,1277,116,10.021148036253777,19,0.33488372093023255,0.4801762114537445,0.14529249052351195,DKW Minimax,True,,0.6090308370044053,0.6066352819838855,0.6290491118077325,0.44493392070484583,0.3370044052863436,0.4475546908567919,0.441624997626349,0.008495997998999501,0.03048499249624813,True,True,0.035
MIMIC-III Mortality,GradientBoosting,6,naive,3648,331,10.021148036253777,19,0.3793048171690832,0.47466960352422904,0.09536478635514584,Baseline,True,,0.525330396475771,0.25106267574933927,0.11860940695296524,0.013215859030837005,0.9361233480176211,,,,,,,
MIMIC-III Mortality,GradientBoosting,6,naive,3648,331,10.021148036253777,19,0.3793048171690832,0.47466960352422904,0.09536478635514584,Threshold,True,,0.6387665198237885,0.6187663379167364,0.5706806282722513,0.2026431718061674,0.5198237885462555,,,,,,,
MIMIC-III Mortality,GradientBoosting,6,naive,3648,331,10.021148036253777,19,0.3793048171690832,0.47466960352422904,0.09536478635514584,SMOTE,True,,0.5495594713656388,0.357480233104288,0.22684310018903592,0.03303964757709251,0.8678414096916299,,,,,,,
MIMIC-III Mortality,GradientBoosting,6,naive,3648,331,10.021148036253777,19,0.3793048171690832,0.47466960352422904,0.09536478635514584,Balanced Weights,False,,,,,,,,,,,,,
MIMIC-III Mortality,GradientBoosting,6,naive,3648,331,10.021148036253777,19,0.3793048171690832,0.47466960352422904,0.09536478635514584,Slacks Deltas,False,,,,,,,,,,,,,116.402
MIMIC-III Mortality,GradientBoosting,6,naive,3648,331,10.021148036253777,19,0.3793048171690832,0.47466960352422904,0.09536478635514584,Min Deltas,True,,0.6398678414096917,0.614809754456556,0.5622489959839357,0.1828193832599119,0.5374449339207048,,,,,,,8.099
MIMIC-III Mortality,GradientBoosting,6,naive,3648,331,10.021148036253777,19,0.3793048171690832,0.47466960352422904,0.09536478635514584,F Deltas,True,,0.6310572687224669,0.5672907382083116,0.4901065449010654,0.09251101321585903,0.6453744493392071,,,,,,,0.04
MIMIC-III Mortality,GradientBoosting,6,naive,3648,331,10.021148036253777,19,0.3793048171690832,0.47466960352422904,0.09536478635514584,CP Sum,True,,0.6343612334801763,0.5786708751594857,0.5059523809523809,0.10572687224669604,0.6255506607929515,0.12078502722195923,0.40967758736271587,0.0014994997498749376,0.010994747373686845,True,False,0.42
MIMIC-III Mortality,GradientBoosting,6,naive,3648,331,10.021148036253777,19,0.3793048171690832,0.47466960352422904,0.09536478635514584,CP Minimax,True,,0.6321585903083701,0.6284600704890576,0.6052009456264775,0.29955947136563876,0.43612334801762115,0.27890956203345163,0.2720937461920953,0.0019992496248124065,0.007996248124062032,False,False,0.402
MIMIC-III Mortality,GradientBoosting,6,naive,3648,331,10.021148036253777,19,0.3793048171690832,0.47466960352422904,0.09536478635514584,DKW Sum,True,,0.6343612334801763,0.5786708751594857,0.5059523809523809,0.10572687224669604,0.6255506607929515,0.12335207304847812,0.38176840383987753,0.002998749374687344,0.014992746373186596,True,False,0.127
MIMIC-III Mortality,GradientBoosting,6,naive,3648,331,10.021148036253777,19,0.3793048171690832,0.47466960352422904,0.09536478635514584,DKW Minimax,True,,0.6343612334801763,0.6299251401850754,0.6047619047619047,0.2907488986784141,0.44052863436123346,0.26193786601792945,0.2626328864619765,0.003498499249624813,0.012493996998499252,False,False,0.129
MIMIC-III Mortality,GradientBoosting,6,split,1277,116,10.021148036253777,19,0.36046511627906974,0.473568281938326,0.11310316565925627,Baseline,True,,0.526431718061674,0.23878114947784412,0.1078838174273859,0.004405286343612335,0.9427312775330396,,,,,,,
MIMIC-III Mortality,GradientBoosting,6,split,1277,116,10.021148036253777,19,0.36046511627906974,0.473568281938326,0.11310316565925627,Threshold,True,,0.6255506607929515,0.5863128307882862,0.5211267605633803,0.15638766519823788,0.5925110132158591,,,,,,,
MIMIC-III Mortality,GradientBoosting,6,split,1277,116,10.021148036253777,19,0.36046511627906974,0.473568281938326,0.11310316565925627,SMOTE,True,,0.5550660792951542,0.372077223367212,0.24344569288389514,0.03303964757709251,0.8568281938325991,,,,,,,
MIMIC-III Mortality,GradientBoosting,6,split,1277,116,10.021148036253777,19,0.36046511627906974,0.473568281938326,0.11310316565925627,Balanced Weights,False,,,,,,,,,,,,,
MIMIC-III Mortality,GradientBoosting,6,split,1277,116,10.021148036253777,19,0.36046511627906974,0.473568281938326,0.11310316565925627,Slacks Deltas,False,,,,,,,,,,,,,7.487
MIMIC-III Mortality,GradientBoosting,6,split,1277,116,10.021148036253777,19,0.36046511627906974,0.473568281938326,0.11310316565925627,Min Deltas,False,,,,,,,,,,,,,0.0
MIMIC-III Mortality,GradientBoosting,6,split,1277,116,10.021148036253777,19,0.36046511627906974,0.473568281938326,0.11310316565925627,F Deltas,False,,,,,,,,,,,,,0.0
MIMIC-III Mortality,GradientBoosting,6,split,1277,116,10.021148036253777,19,0.36046511627906974,0.473568281938326,0.11310316565925627,CP Sum,True,,0.6200440528634361,0.5624293099032469,0.4858420268256334,0.11894273127753303,0.6409691629955947,0.18481396782774312,0.7357743046188054,0.002998749374687344,0.0389807403701851,True,True,1.449
MIMIC-III Mortality,GradientBoosting,6,split,1277,116,10.021148036253777,19,0.36046511627906974,0.473568281938326,0.11310316565925627,CP Minimax,True,,0.6277533039647577,0.6255235149535965,0.6464435146443515,0.4251101321585903,0.31938325991189426,0.49544530803764725,0.4943664907243081,0.006496998499249626,0.023988244122061034,True,True,1.456
MIMIC-III Mortality,GradientBoosting,6,split,1277,116,10.021148036253777,19,0.36046511627906974,0.473568281938326,0.11310316565925627,DKW Sum,True,,0.6200440528634361,0.5624293099032469,0.4858420268256334,0.11894273127753303,0.6409691629955947,0.18170549004381753,0.6961757039017699,0.005497498749374687,0.060469984992496256,True,True,0.033
MIMIC-III Mortality,GradientBoosting,6,split,1277,116,10.021148036253777,19,0.36046511627906974,0.473568281938326,0.11310316565925627,DKW Minimax,True,,0.6244493392070485,0.6232585044927497,0.6383881230116649,0.41409691629955947,0.3370044052863436,0.46364747350830665,0.44995965273629634,0.00899574787393697,0.030984742371185595,True,True,0.035
MIMIC-III Mortality,GradientBoosting,7,naive,3648,331,10.021148036253777,19,0.3747730951147025,0.4614537444933921,0.08668064937868958,Baseline,True,,0.538546255506608,0.2883528288697922,0.15353535353535352,0.006607929515418502,0.9162995594713657,,,,,,,
MIMIC-III Mortality,GradientBoosting,7,naive,3648,331,10.021148036253777,19,0.3747730951147025,0.4614537444933921,0.08668064937868958,Threshold,True,,0.6420704845814978,0.6342006037453085,0.602203182374541,0.2577092511013216,0.4581497797356828,,,,,,,
MIMIC-III Mortality,GradientBoosting,7,naive,3648,331,10.021148036253777,19,0.3747730951147025,0.4614537444933921,0.08668064937868958,SMOTE,True,,0.5506607929515418,0.36794031749464495,0.23880597014925373,0.039647577092511016,0.8590308370044053,,,,,,,
MIMIC-III Mortality,GradientBoosting,7,naive,3648,331,10.021148036253777,19,0.3747730951147025,0.4614537444933921,0.08668064937868958,Balanced Weights,False,,,,,,,,,,,,,
MIMIC-III Mortality,GradientBoosting,7,naive,3648,331,10.021148036253777,19,0.3747730951147025,0.4614537444933921,0.08668064937868958,Slacks Deltas,False,,,,,,,,,,,,,116.948
MIMIC-III Mortality,GradientBoosting,7,naive,3648,331,10.021148036253777,19,0.3747730951147025,0.4614537444933921,0.08668064937868958,Min Deltas,True,,0.6453744493392071,0.6334772658973787,0.5954773869346733,0.23127753303964757,0.4779735682819383,,,,,,,9.042
MIMIC-III Mortality,GradientBoosting,7,naive,3648,331,10.021148036253777,19,0.3747730951147025,0.4614537444933921,0.08668064937868958,F Deltas,True,,0.6145374449339207,0.5482988994425285,0.46646341463414637,0.10792951541850221,0.6629955947136564,,,,,,,0.038
MIMIC-III Mortality,GradientBoosting,7,naive,3648,331,10.021148036253777,19,0.3747730951147025,0.4614537444933921,0.08668064937868958,CP Sum,True,,0.6420704845814978,0.6342006037453085,0.602203182374541,0.2577092511013216,0.4581497797356828,0.2548740273393252,0.24080836153452043,0.0019992496248124065,0.007496498249124564,False,False,0.408
MIMIC-III Mortality,GradientBoosting,7,naive,3648,331,10.021148036253777,19,0.3747730951147025,0.4614537444933921,0.08668064937868958,CP Minimax,True,,0.6420704845814978,0.6342006037453085,0.602203182374541,0.2577092511013216,0.4581497797356828,0.25392216632295384,0.247915785519968,0.0019992496248124065,0.007496498249124564,False,False,0.402
MIMIC-III Mortality,GradientBoosting,7,naive,3648,331,10.021148036253777,19,0.3747730951147025,0.4614537444933921,0.08668064937868958,DKW Sum,True,,0.6420704845814978,0.6342006037453085,0.602203182374541,0.2577092511013216,0.4581497797356828,0.24776843580991015,0.22977831502900364,0.003498499249624813,0.011994247123561782,False,False,0.133
MIMIC-III Mortality,GradientBoosting,7,naive,3648,331,10.021148036253777,19,0.3747730951147025,0.4614537444933921,0.08668064937868958,DKW Minimax,True,,0.6420704845814978,0.6334887539014763,0.6002460024600246,0.2533039647577093,0.46255506607929514,0.2432462772328827,0.23884175913776495,0.003498499249624813,0.011994247123561782,False,False,0.126
MIMIC-III Mortality,GradientBoosting,7,split,1277,116,10.021148036253777,19,0.32558139534883723,0.45484581497797355,0.12926441962913632,Baseline,True,,0.5451541850220264,0.31655285404866235,0.18217821782178217,0.011013215859030838,0.8986784140969163,,,,,,,
MIMIC-III Mortality,GradientBoosting,7,split,1277,116,10.021148036253777,19,0.32558139534883723,0.45484581497797355,0.12926441962913632,Threshold,True,,0.6046255506607929,0.5617733349163275,0.4907801418439716,0.17180616740088106,0.6189427312775331,,,,,,,
MIMIC-III Mortality,GradientBoosting,7,split,1277,116,10.021148036253777,19,0.32558139534883723,0.45484581497797355,0.12926441962913632,SMOTE,True,,0.5495594713656388,0.37940488673469874,0.2522851919561243,0.05286343612334802,0.8480176211453745,,,,,,,
MIMIC-III Mortality,GradientBoosting,7,split,1277,116,10.021148036253777,19,0.32558139534883723,0.45484581497797355,0.12926441962913632,Balanced Weights,False,,,,,,,,,,,,,
MIMIC-III Mortality,GradientBoosting,7,split,1277,116,10.021148036253777,19,0.32558139534883723,0.45484581497797355,0.12926441962913632,Slacks Deltas,False,,,,,,,,,,,,,7.072
MIMIC-III Mortality,GradientBoosting,7,split,1277,116,10.021148036253777,19,0.32558139534883723,0.45484581497797355,0.12926441962913632,Min Deltas,False,,,,,,,,,,,,,0.0
MIMIC-III Mortality,GradientBoosting,7,split,1277,116,10.021148036253777,19,0.32558139534883723,0.45484581497797355,0.12926441962913632,F Deltas,False,,,,,,,,,,,,,0.0
MIMIC-III Mortality,GradientBoosting,7,split,1277,116,10.021148036253777,19,0.32558139534883723,0.45484581497797355,0.12926441962913632,CP Sum,True,,0.6079295154185022,0.5874701642558698,0.5352480417754569,0.2356828193832599,0.5484581497797357,0.27601123339904066,0.6360884105789006,0.003998249124562281,0.03148449224612306,True,True,1.446
MIMIC-III Mortality,GradientBoosting,7,split,1277,116,10.021148036253777,19,0.32558139534883723,0.45484581497797355,0.12926441962913632,CP Minimax,True,,0.6079295154185022,0.6063312963554275,0.6244725738396625,0.43612334801762115,0.34801762114537443,0.5015088933228635,0.4856458619640472,0.006496998499249626,0.023488494247123563,True,True,1.451
MIMIC-III Mortality,GradientBoosting,7,split,1277,116,10.021148036253777,19,0.32558139534883723,0.45484581497797355,0.12926441962913632,DKW Sum,True,,0.6079295154185022,0.5874701642558698,0.5352480417754569,0.2356828193832599,0.5484581497797357,0.26485671022579665,0.5903921293887163,0.005997248624312156,0.04347848924462232,True,True,0.033
MIMIC-III Mortality,GradientBoosting,7,split,1277,116,10.021148036253777,19,0.32558139534883723,0.45484581497797355,0.12926441962913632,DKW Minimax,True,,0.6101321585903083,0.6089820423212357,0.6242038216560509,0.42731277533039647,0.3524229074889868,0.47570604370641173,0.45829823043926105,0.00899574787393697,0.03148449224612306,True,True,0.035
MIMIC-III Mortality,GradientBoosting,8,naive,3648,331,10.021148036253777,19,0.3776435045317221,0.4691629955947137,0.09151949106299162,Baseline,True,,0.5308370044052864,0.256492099171976,0.12345679012345678,0.004405286343612335,0.933920704845815,,,,,,,
MIMIC-III Mortality,GradientBoosting,8,naive,3648,331,10.021148036253777,19,0.3776435045317221,0.4691629955947137,0.09151949106299162,Threshold,True,,0.6167400881057269,0.5862135244604634,0.5258855585831063,0.19162995594713655,0.5748898678414097,,,,,,,
MIMIC-III Mortality,GradientBoosting,8,naive,3648,331,10.021148036253777,19,0.3776435045317221,0.4691629955947137,0.09151949106299162,SMOTE,True,,0.566079295154185,0.3883154338509077,0.26217228464419473,0.022026431718061675,0.8458149779735683,,,,,,,
MIMIC-III Mortality,GradientBoosting,8,naive,3648,331,10.021148036253777,19,0.3776435045317221,0.4691629955947137,0.09151949106299162,Balanced Weights,False,,,,,,,,,,,,,
MIMIC-III Mortality,GradientBoosting,8,naive,3648,331,10.021148036253777,19,0.3776435045317221,0.4691629955947137,0.09151949106299162,Slacks Deltas,False,,,,,,,,,,,,,117.478
MIMIC-III Mortality,GradientBoosting,8,naive,3648,331,10.021148036253777,19,0.3776435045317221,0.4691629955947137,0.09151949106299162,Min Deltas,True,,0.6365638766519823,0.6284484905609085,0.5955882352941176,0.2621145374449339,0.4647577092511013,,,,,,,8.458
MIMIC-III Mortality,GradientBoosting,8,naive,3648,331,10.021148036253777,19,0.3776435045317221,0.4691629955947137,0.09151949106299162,F Deltas,True,,0.6167400881057269,0.5734957017761799,0.5042735042735043,0.15638766519823788,0.6101321585903083,,,,,,,0.039
MIMIC-III Mortality,GradientBoosting,8,naive,3648,331,10.021148036253777,19,0.3776435045317221,0.4691629955947137,0.09151949106299162,CP Sum,True,,0.6167400881057269,0.5862135244604634,0.5258855585831063,0.19162995594713655,0.5748898678414097,0.17398928518689355,0.31921453135453143,0.0014994997498749376,0.00899574787393697,False,False,0.413
MIMIC-III Mortality,GradientBoosting,8,naive,3648,331,10.021148036253777,19,0.3776435045317221,0.4691629955947137,0.09151949106299162,CP Minimax,True,,0.6409691629955947,0.6351866876139867,0.6072289156626506,0.27312775330396477,0.44493392070484583,0.2650123085688497,0.25812108869276446,0.0019992496248124065,0.007996248124062032,False,False,0.407
MIMIC-III Mortality,GradientBoosting,8,naive,3648,331,10.021148036253777,19,0.3776435045317221,0.4691629955947137,0.09151949106299162,DKW Sum,True,,0.6167400881057269,0.5862135244604634,0.5258855585831063,0.19162995594713655,0.5748898678414097,0.1718899084419059,0.29852177321304285,0.002998749374687344,0.012993746873436721,False,False,0.126
MIMIC-III Mortality,GradientBoosting,8,naive,3648,331,10.021148036253777,19,0.3776435045317221,0.4691629955947137,0.09151949106299162,DKW Minimax,True,,0.6376651982378855,0.6307563997429789,0.6002430133657352,0.2687224669603524,0.45594713656387664,0.2544009350562171,0.24790520324652632,0.003498499249624813,0.011994247123561782,False,False,0.125
MIMIC-III Mortality,GradientBoosting,8,split,1277,116,10.021148036253777,19,0.34418604651162793,0.48237885462555063,0.1381928081139227,Baseline,True,,0.5176211453744494,0.21388334373902881,0.0875,0.011013215859030838,0.9537444933920705,,,,,,,
MIMIC-III Mortality,GradientBoosting,8,split,1277,116,10.021148036253777,19,0.34418604651162793,0.48237885462555063,0.1381928081139227,Threshold,True,,0.6200440528634361,0.5816646403285445,0.5161290322580645,0.16519823788546256,0.5947136563876652,,,,,,,
MIMIC-III Mortality,GradientBoosting,8,split,1277,116,10.021148036253777,19,0.34418604651162793,0.48237885462555063,0.1381928081139227,SMOTE,True,,0.5462555066079295,0.3402923310022131,0.2076923076923077,0.02643171806167401,0.8810572687224669,,,,,,,
MIMIC-III Mortality,GradientBoosting,8,split,1277,116,10.021148036253777,19,0.34418604651162793,0.48237885462555063,0.1381928081139227,Balanced Weights,False,,,,,,,,,,,,,
MIMIC-III Mortality,GradientBoosting,8,split,1277,116,10.021148036253777,19,0.34418604651162793,0.48237885462555063,0.1381928081139227,Slacks Deltas,False,,,,,,,,,,,,,7.137
MIMIC-III Mortality,GradientBoosting,8,split,1277,116,10.021148036253777,19,0.34418604651162793,0.48237885462555063,0.1381928081139227,Min Deltas,False,,,,,,,,,,,,,0.0
MIMIC-III Mortality,GradientBoosting,8,split,1277,116,10.021148036253777,19,0.34418604651162793,0.48237885462555063,0.1381928081139227,F Deltas,False,,,,,,,,,,,,,0.0
MIMIC-III Mortality,GradientBoosting,8,split,1277,116,10.021148036253777,19,0.34418604651162793,0.48237885462555063,0.1381928081139227,CP Sum,True,,0.6299559471365639,0.6284137494961449,0.6129032258064516,0.32599118942731276,0.41409691629955947,0.33802527674573685,0.5030380503314444,0.00449799899949975,0.024487993996998504,True,True,1.47
MIMIC-III Mortality,GradientBoosting,8,split,1277,116,10.021148036253777,19,0.34418604651162793,0.48237885462555063,0.1381928081139227,CP Minimax,True,,0.6299559471365639,0.6288420884899478,0.643312101910828,0.40748898678414097,0.33259911894273125,0.4471181670236191,0.43163612555993847,0.005497498749374687,0.02148949474737369,True,True,1.475
MIMIC-III Mortality,GradientBoosting,8,split,1277,116,10.021148036253777,19,0.34418604651162793,0.48237885462555063,0.1381928081139227,DKW Sum,True,,0.6299559471365639,0.6284137494961449,0.6129032258064516,0.32599118942731276,0.41409691629955947,0.322714397273315,0.45829823043926105,0.006996748374187095,0.03148449224612306,False,True,0.034
MIMIC-III Mortality,GradientBoosting,8,split,1277,116,10.021148036253777,19,0.34418604651162793,0.48237885462555063,0.1381928081139227,DKW Minimax,True,,0.6321585903083701,0.631605769116285,0.6416309012875536,0.394273127753304,0.34140969162995594,0.41425012059700095,0.4000150996517509,0.007996248124062032,0.027986243121560783,True,True,0.035
MIMIC-III Mortality,GradientBoosting,9,naive,3648,331,10.021148036253777,19,0.37945555578831747,0.4680616740088106,0.08860611822049314,Baseline,True,,0.5319383259911894,0.26461070339526355,0.130879345603272,0.006607929515418502,0.9295154185022027,,,,,,,
MIMIC-III Mortality,GradientBoosting,9,naive,3648,331,10.021148036253777,19,0.37945555578831747,0.4680616740088106,0.08860611822049314,Threshold,True,,0.6266519823788547,0.5828478521022011,0.5150214592274678,0.14317180616740088,0.6035242290748899,,,,,,,
MIMIC-III Mortality,GradientBoosting,9,naive,3648,331,10.021148036253777,19,0.37945555578831747,0.4680616740088106,0.08860611822049314,SMOTE,True,,0.5484581497797357,0.33543876336214046,0.20233463035019456,0.01762114537444934,0.8854625550660793,,,,,,,
MIMIC-III Mortality,GradientBoosting,9,naive,3648,331,10.021148036253777,19,0.37945555578831747,0.4680616740088106,0.08860611822049314,Balanced Weights,False,,,,,,,,,,,,,
MIMIC-III Mortality,GradientBoosting,9,naive,3648,331,10.021148036253777,19,0.37945555578831747,0.4680616740088106,0.08860611822049314,Slacks Deltas,False,,,,,,,,,,,,,114.922
MIMIC-III Mortality,GradientBoosting,9,naive,3648,331,10.021148036253777,19,0.37945555578831747,0.4680616740088106,0.08860611822049314,Min Deltas,True,,0.6420704845814978,0.624090869768331,0.5784695201037614,0.20704845814977973,0.5088105726872246,,,,,,,7.819
MIMIC-III Mortality,GradientBoosting,9,naive,3648,331,10.021148036253777,19,0.37945555578831747,0.4680616740088106,0.08860611822049314,F Deltas,True,,0.6266519823788547,0.5828478521022011,0.5150214592274678,0.14317180616740088,0.6035242290748899,,,,,,,0.037
MIMIC-III Mortality,GradientBoosting,9,naive,3648,331,10.021148036253777,19,0.37945555578831747,0.4680616740088106,0.08860611822049314,CP Sum,True,,0.6266519823788547,0.5828478521022011,0.5150214592274678,0.14317180616740088,0.6035242290748899,0.13448291070762117,0.3906955137992346,0.0014994997498749376,0.010494997498749376,False,False,0.395
MIMIC-III Mortality,GradientBoosting,9,naive,3648,331,10.021148036253777,19,0.37945555578831747,0.4680616740088106,0.08860611822049314,CP Minimax,True,,0.6464757709251101,0.6432019786538091,0.6219081272084805,0.28854625550660795,0.4185022026431718,0.2855255801504575,0.28211442484961347,0.0019992496248124065,0.008495997998999501,False,False,0.388
MIMIC-III Mortality,GradientBoosting,9,naive,3648,331,10.021148036253777,19,0.37945555578831747,0.4680616740088106,0.08860611822049314,DKW Sum,True,,0.6266519823788547,0.5828478521022011,0.5150214592274678,0.14317180616740088,0.6035242290748899,0.13571263982568643,0.3639623235723835,0.002998749374687344,0.014492996498249127,False,False,0.121
MIMIC-III Mortality,GradientBoosting,9,naive,3648,331,10.021148036253777,19,0.37945555578831747,0.4680616740088106,0.08860611822049314,DKW Minimax,True,,0.6464757709251101,0.6432019786538091,0.6219081272084805,0.28854625550660795,0.4185022026431718,0.27520286451054327,0.2656540344982303,0.003498499249624813,0.012493996998499252,False,False,0.119
MIMIC-III Mortality,GradientBoosting,9,split,1277,116,10.021148036253777,19,0.3493010311947189,0.4691629955947137,0.1198619643999948,Baseline,True,,0.5308370044052864,0.256492099171976,0.12345679012345678,0.004405286343612335,0.933920704845815,,,,,,,
MIMIC-III Mortality,GradientBoosting,9,split,1277,116,10.021148036253777,19,0.3493010311947189,0.4691629955947137,0.1198619643999948,Threshold,True,,0.6068281938325991,0.5367765035185219,0.45161290322580644,0.11013215859030837,0.6762114537444934,,,,,,,
MIMIC-III Mortality,GradientBoosting,9,split,1277,116,10.021148036253777,19,0.3493010311947189,0.4691629955947137,0.1198619643999948,SMOTE,True,,0.5462555066079295,0.3259837479803124,0.19215686274509805,0.015418502202643172,0.8920704845814978,,,,,,,
MIMIC-III Mortality,GradientBoosting,9,split,1277,116,10.021148036253777,19,0.3493010311947189,0.4691629955947137,0.1198619643999948,Balanced Weights,False,,,,,,,,,,,,,
MIMIC-III Mortality,GradientBoosting,9,split,1277,116,10.021148036253777,19,0.3493010311947189,0.4691629955947137,0.1198619643999948,Slacks Deltas,False,,,,,,,,,,,,,6.784
MIMIC-III Mortality,GradientBoosting,9,split,1277,116,10.021148036253777,19,0.3493010311947189,0.4691629955947137,0.1198619643999948,Min Deltas,False,,,,,,,,,,,,,0.0
MIMIC-III Mortality,GradientBoosting,9,split,1277,116,10.021148036253777,19,0.3493010311947189,0.4691629955947137,0.1198619643999948,F Deltas,False,,,,,,,,,,,,,0.0
MIMIC-III Mortality,GradientBoosting,9,split,1277,116,10.021148036253777,19,0.3493010311947189,0.4691629955947137,0.1198619643999948,CP Sum,True,,0.6519823788546255,0.6511446874734662,0.6400911161731208,0.31497797356828194,0.381057268722467,0.40501872391229665,0.4856458619640472,0.004997748874437219,0.023488494247123563,True,True,1.396
MIMIC-III Mortality,GradientBoosting,9,split,1277,116,10.021148036253777,19,0.3493010311947189,0.4691629955947137,0.1198619643999948,CP Minimax,True,,0.6431718061674009,0.6409956547199593,0.6610878661087866,0.40969162995594716,0.3039647577092511,0.47919396129105196,0.4680529337695339,0.005997248624312156,0.022488994497248626,True,True,1.405
MIMIC-III Mortality,GradientBoosting,9,split,1277,116,10.021148036253777,19,0.3493010311947189,0.4691629955947137,0.1198619643999948,DKW Sum,True,,0.6519823788546255,0.6511446874734662,0.6400911161731208,0.31497797356828194,0.381057268722467,0.3869913998730339,0.441624997626349,0.007496498249124564,0.03048499249624813,True,True,0.031
MIMIC-III Mortality,GradientBoosting,9,split,1277,116,10.021148036253777,19,0.3493010311947189,0.4691629955947137,0.1198619643999948,DKW Minimax,True,,0.6420704845814978,0.641275643154798,0.6531483457844184,0.3898678414096916,0.32599118942731276,0.4354961206586868,0.43329438850470015,0.008495997998999501,0.029985242621310658,True,True,0.033
MIMIC-III Mortality,LDA,0,naive,3648,331,10.021148036253777,19,0.4536116699926316,0.46255506607929514,0.008943396086663558,Baseline,True,,0.5374449339207048,0.3140755996745556,0.1796875,0.02643171806167401,0.8986784140969163,,,,,,,
MIMIC-III Mortality,LDA,0,naive,3648,331,10.021148036253777,19,0.4536116699926316,0.46255506607929514,0.008943396086663558,Threshold,True,,0.6409691629955947,0.6399995694170766,0.6531914893617021,0.394273127753304,0.3237885462555066,,,,,,,
MIMIC-III Mortality,LDA,0,naive,3648,331,10.021148036253777,19,0.4536116699926316,0.46255506607929514,0.008943396086663558,SMOTE,True,,0.6453744493392071,0.642828494457804,0.6238317757009346,0.2973568281938326,0.4118942731277533,,,,,,,
MIMIC-III Mortality,LDA,0,naive,3648,331,10.021148036253777,19,0.4536116699926316,0.46255506607929514,0.008943396086663558,Balanced Weights,False,,,,,,,,,,,,,
MIMIC-III Mortality,LDA,0,naive,3648,331,10.021148036253777,19,0.4536116699926316,0.46255506607929514,0.008943396086663558,Slacks Deltas,False,,,,,,,,,,,,,117.542
MIMIC-III Mortality,LDA,0,naive,3648,331,10.021148036253777,19,0.4536116699926316,0.46255506607929514,0.008943396086663558,Min Deltas,True,,0.6629955947136564,0.6584982181869531,0.6348448687350835,0.2599118942731278,0.41409691629955947,,,,,,,1.173
MIMIC-III Mortality,LDA,0,naive,3648,331,10.021148036253777,19,0.4536116699926316,0.46255506607929514,0.008943396086663558,F Deltas,True,,0.6629955947136564,0.6584982181869531,0.6348448687350835,0.2599118942731278,0.41409691629955947,,,,,,,0.039
MIMIC-III Mortality,LDA,0,naive,3648,331,10.021148036253777,19,0.4536116699926316,0.46255506607929514,0.008943396086663558,CP Sum,True,,0.6409691629955947,0.6399995694170766,0.6531914893617021,0.394273127753304,0.3237885462555066,0.4552359392644455,0.3747931274102993,0.002998749374687344,0.009995247623811907,True,True,0.423
MIMIC-III Mortality,LDA,0,naive,3648,331,10.021148036253777,19,0.4536116699926316,0.46255506607929514,0.008943396086663558,CP Minimax,True,,0.6541850220264317,0.6541813138624342,0.6534216335540839,0.3436123348017621,0.34801762114537443,0.42685686603348066,0.422432545349062,0.002998749374687344,0.010994747373686845,True,True,0.423
MIMIC-III Mortality,LDA,0,naive,3648,331,10.021148036253777,19,0.4536116699926316,0.46255506607929514,0.008943396086663558,DKW Sum,True,,0.6409691629955947,0.6399995694170766,0.6531914893617021,0.394273127753304,0.3237885462555066,0.4424696216517886,0.3488565833911146,0.00449799899949975,0.014492996498249127,True,True,0.127
MIMIC-III Mortality,LDA,0,naive,3648,331,10.021148036253777,19,0.4536116699926316,0.46255506607929514,0.008943396086663558,DKW Minimax,True,,0.6519823788546255,0.6519674959606248,0.6504424778761062,0.3436123348017621,0.3524229074889868,0.4068953075125061,0.39958377012203394,0.00449799899949975,0.015492496248124064,True,True,0.121
MIMIC-III Mortality,LDA,0,split,1277,116,10.021148036253777,19,0.4439347197652846,0.45374449339207046,0.009809773626785867,Baseline,True,,0.5462555066079295,0.3402923310022131,0.2076923076923077,0.02643171806167401,0.8810572687224669,,,,,,,
MIMIC-III Mortality,LDA,0,split,1277,116,10.021148036253777,19,0.4439347197652846,0.45374449339207046,0.009809773626785867,Threshold,True,,0.6464757709251101,0.6463622516636556,0.6421404682274248,0.34140969162995594,0.3656387665198238,,,,,,,
MIMIC-III Mortality,LDA,0,split,1277,116,10.021148036253777,19,0.4439347197652846,0.45374449339207046,0.009809773626785867,SMOTE,True,,0.6420704845814978,0.6378163980427427,0.6135552913198573,0.2841409691629956,0.43171806167400884,,,,,,,
MIMIC-III Mortality,LDA,0,split,1277,116,10.021148036253777,19,0.4439347197652846,0.45374449339207046,0.009809773626785867,Balanced Weights,False,,,,,,,,,,,,,
MIMIC-III Mortality,LDA,0,split,1277,116,10.021148036253777,19,0.4439347197652846,0.45374449339207046,0.009809773626785867,Slacks Deltas,False,,,,,,,,,,,,,7.374
MIMIC-III Mortality,LDA,0,split,1277,116,10.021148036253777,19,0.4439347197652846,0.45374449339207046,0.009809773626785867,Min Deltas,False,,,,,,,,,,,,,0.0
MIMIC-III Mortality,LDA,0,split,1277,116,10.021148036253777,19,0.4439347197652846,0.45374449339207046,0.009809773626785867,F Deltas,False,,,,,,,,,,,,,0.0
MIMIC-III Mortality,LDA,0,split,1277,116,10.021148036253777,19,0.4439347197652846,0.45374449339207046,0.009809773626785867,CP Sum,True,,0.6398678414096917,0.6087429914612611,0.551440329218107,0.16299559471365638,0.5572687224669604,0.22856473119579518,0.7060215834556216,0.003498499249624813,0.03598224112056028,True,True,1.484
MIMIC-III Mortality,LDA,0,split,1277,116,10.021148036253777,19,0.4439347197652846,0.45374449339207046,0.009809773626785867,CP Minimax,True,,0.6387665198237885,0.6357821824218007,0.6597510373443983,0.42290748898678415,0.29955947136563876,0.5015088933228635,0.4856458619640472,0.006496998499249626,0.023488494247123563,True,True,1.472
MIMIC-III Mortality,LDA,0,split,1277,116,10.021148036253777,19,0.4439347197652846,0.45374449339207046,0.009809773626785867,DKW Sum,True,,0.6398678414096917,0.6087429914612611,0.551440329218107,0.16299559471365638,0.5572687224669604,0.22092906164698528,0.6638983207869035,0.005997248624312156,0.05397323661830916,True,True,0.032
MIMIC-III Mortality,LDA,0,split,1277,116,10.021148036253777,19,0.4439347197652846,0.45374449339207046,0.009809773626785867,DKW Minimax,True,,0.6420704845814978,0.6403216675969502,0.658254468980021,0.4052863436123348,0.31057268722466963,0.47226073793552453,0.45829823043926105,0.00899574787393697,0.03148449224612306,True,True,0.035
MIMIC-III Mortality,LDA,1,naive,3648,331,10.021148036253777,19,0.45527298262999266,0.45594713656387664,0.0006741539338839808,Baseline,True,,0.5440528634361234,0.3162001488092751,0.18181818181818182,0.013215859030837005,0.8986784140969163,,,,,,,
MIMIC-III Mortality,LDA,1,naive,3648,331,10.021148036253777,19,0.45527298262999266,0.45594713656387664,0.0006741539338839808,Threshold,True,,0.6552863436123348,0.6381966164956132,0.5950840879689522,0.1960352422907489,0.4933920704845815,,,,,,,
MIMIC-III Mortality,LDA,1,naive,3648,331,10.021148036253777,19,0.45527298262999266,0.45594713656387664,0.0006741539338839808,SMOTE,True,,0.6442731277533039,0.6420090872179357,0.6239813736903376,0.30176211453744495,0.40969162995594716,,,,,,,
MIMIC-III Mortality,LDA,1,naive,3648,331,10.021148036253777,19,0.45527298262999266,0.45594713656387664,0.0006741539338839808,Balanced Weights,False,,,,,,,,,,,,,
MIMIC-III Mortality,LDA,1,naive,3648,331,10.021148036253777,19,0.45527298262999266,0.45594713656387664,0.0006741539338839808,Slacks Deltas,False,,,,,,,,,,,,,118.888
MIMIC-III Mortality,LDA,1,naive,3648,331,10.021148036253777,19,0.45527298262999266,0.45594713656387664,0.0006741539338839808,Min Deltas,True,,0.6519823788546255,0.6490588101044233,0.6291079812206573,0.28634361233480177,0.40969162995594716,,,,,,,1.042
MIMIC-III Mortality,LDA,1,naive,3648,331,10.021148036253777,19,0.45527298262999266,0.45594713656387664,0.0006741539338839808,F Deltas,True,,0.6519823788546255,0.6490588101044233,0.6291079812206573,0.28634361233480177,0.40969162995594716,,,,,,,0.04
MIMIC-III Mortality,LDA,1,naive,3648,331,10.021148036253777,19,0.45527298262999266,0.45594713656387664,0.0006741539338839808,CP Sum,True,,0.6497797356828194,0.6295707518925056,0.5826771653543307,0.1894273127753304,0.5110132158590308,0.23259820770478606,0.5708954746369466,0.0019992496248124065,0.014992746373186596,True,True,0.426
MIMIC-III Mortality,LDA,1,naive,3648,331,10.021148036253777,19,0.45527298262999266,0.45594713656387664,0.0006741539338839808,CP Minimax,True,,0.6431718061674009,0.6411734993791912,0.660377358490566,0.40748898678414097,0.30616740088105726,0.42165424046053224,0.4192511786796772,0.002998749374687344,0.010994747373686845,True,True,0.423
MIMIC-III Mortality,LDA,1,naive,3648,331,10.021148036253777,19,0.45527298262999266,0.45594713656387664,0.0006741539338839808,DKW Sum,True,,0.6541850220264317,0.636285627341536,0.5922077922077922,0.19383259911894274,0.4977973568281938,0.23239309664801686,0.532827795504318,0.003498499249624813,0.02048999499749875,True,True,0.122
MIMIC-III Mortality,LDA,1,naive,3648,331,10.021148036253777,19,0.45527298262999266,0.45594713656387664,0.0006741539338839808,DKW Minimax,True,,0.6442731277533039,0.6429831960491048,0.6582010582010582,0.3964757709251101,0.31497797356828194,0.4005642855046677,0.39354147404952633,0.00449799899949975,0.015492496248124064,True,True,0.122
MIMIC-III Mortality,LDA,1,split,1277,116,10.021148036253777,19,0.4576627691245631,0.4658590308370044,0.00819626171244131,Baseline,True,,0.5341409691629956,0.2727544699419143,0.1384928716904277,0.006607929515418502,0.9251101321585903,,,,,,,
MIMIC-III Mortality,LDA,1,split,1277,116,10.021148036253777,19,0.4576627691245631,0.4658590308370044,0.00819626171244131,Threshold,True,,0.6365638766519823,0.6249298899138443,0.5864661654135338,0.2422907488986784,0.4845814977973568,,,,,,,
MIMIC-III Mortality,LDA,1,split,1277,116,10.021148036253777,19,0.4576627691245631,0.4658590308370044,0.00819626171244131,SMOTE,True,,0.6409691629955947,0.6391347867478331,0.6226851851851852,0.31057268722466963,0.40748898678414097,,,,,,,
MIMIC-III Mortality,LDA,1,split,1277,116,10.021148036253777,19,0.4576627691245631,0.4658590308370044,0.00819626171244131,Balanced Weights,False,,,,,,,,,,,,,
MIMIC-III Mortality,LDA,1,split,1277,116,10.021148036253777,19,0.4576627691245631,0.4658590308370044,0.00819626171244131,Slacks Deltas,False,,,,,,,,,,,,,7.286
MIMIC-III Mortality,LDA,1,split,1277,116,10.021148036253777,19,0.4576627691245631,0.4658590308370044,0.00819626171244131,Min Deltas,False,,,,,,,,,,,,,0.0
MIMIC-III Mortality,LDA,1,split,1277,116,10.021148036253777,19,0.4576627691245631,0.4658590308370044,0.00819626171244131,F Deltas,False,,,,,,,,,,,,,0.0
MIMIC-III Mortality,LDA,1,split,1277,116,10.021148036253777,19,0.4576627691245631,0.4658590308370044,0.00819626171244131,CP Sum,True,,0.6409691629955947,0.6306525522181626,0.5945273631840796,0.2444933920704846,0.473568281938326,0.30885611583523176,0.5628835608604339,0.00449799899949975,0.026986743371685846,True,True,1.445
MIMIC-III Mortality,LDA,1,split,1277,116,10.021148036253777,19,0.4576627691245631,0.4658590308370044,0.00819626171244131,CP Minimax,True,,0.6288546255506607,0.6265348713374569,0.6478578892371996,0.4251101321585903,0.31718061674008813,0.4547371815747992,0.44097456807074387,0.005997248624312156,0.02148949474737369,True,True,1.454
MIMIC-III Mortality,LDA,1,split,1277,116,10.021148036253777,19,0.4576627691245631,0.4658590308370044,0.00819626171244131,DKW Sum,True,,0.6409691629955947,0.6306525522181626,0.5945273631840796,0.2444933920704846,0.473568281938326,0.29549585206327567,0.5162627584802288,0.006496998499249626,0.03598224112056028,True,True,0.032
MIMIC-III Mortality,LDA,1,split,1277,116,10.021148036253777,19,0.4576627691245631,0.4658590308370044,0.00819626171244131,DKW Minimax,True,,0.6299559471365639,0.628564280242326,0.6448202959830867,0.4118942731277533,0.32819383259911894,0.42286338502421883,0.4166458323718821,0.007996248124062032,0.02898574287143572,True,True,0.034
MIMIC-III Mortality,LDA,2,naive,3648,331,10.021148036253777,19,0.43895814566906544,0.45374449339207046,0.014786347723005022,Baseline,True,,0.5462555066079295,0.334685813448856,0.20155038759689922,0.022026431718061675,0.8854625550660793,,,,,,,
MIMIC-III Mortality,LDA,2,naive,3648,331,10.021148036253777,19,0.43895814566906544,0.45374449339207046,0.014786347723005022,Threshold,True,,0.6508810572687225,0.6499850343937631,0.6385404789053591,0.31497797356828194,0.3832599118942731,,,,,,,
MIMIC-III Mortality,LDA,2,naive,3648,331,10.021148036253777,19,0.43895814566906544,0.45374449339207046,0.014786347723005022,SMOTE,True,,0.6585903083700441,0.655485291681264,0.6352941176470588,0.2775330396475771,0.4052863436123348,,,,,,,
MIMIC-III Mortality,LDA,2,naive,3648,331,10.021148036253777,19,0.43895814566906544,0.45374449339207046,0.014786347723005022,Balanced Weights,False,,,,,,,,,,,,,
MIMIC-III Mortality,LDA,2,naive,3648,331,10.021148036253777,19,0.43895814566906544,0.45374449339207046,0.014786347723005022,Slacks Deltas,False,,,,,,,,,,,,,118.693
MIMIC-III Mortality,LDA,2,naive,3648,331,10.021148036253777,19,0.43895814566906544,0.45374449339207046,0.014786347723005022,Min Deltas,True,,0.6508810572687225,0.6486400817376551,0.6309662398137369,0.29515418502202645,0.40308370044052866,,,,,,,1.316
MIMIC-III Mortality,LDA,2,naive,3648,331,10.021148036253777,19,0.43895814566906544,0.45374449339207046,0.014786347723005022,F Deltas,True,,0.6508810572687225,0.6486400817376551,0.6309662398137369,0.29515418502202645,0.40308370044052866,,,,,,,0.039
MIMIC-III Mortality,LDA,2,naive,3648,331,10.021148036253777,19,0.43895814566906544,0.45374449339207046,0.014786347723005022,CP Sum,True,,0.6508810572687225,0.6499850343937631,0.6385404789053591,0.31497797356828194,0.3832599118942731,0.3408389701122452,0.456542975030308,0.002498999499749875,0.011994247123561782,True,True,0.418
MIMIC-III Mortality,LDA,2,naive,3648,331,10.021148036253777,19,0.43895814566906544,0.45374449339207046,0.014786347723005022,CP Minimax,True,,0.6442731277533039,0.642839815348827,0.6589229144667371,0.3986784140969163,0.31277533039647576,0.41981689076868467,0.4160649228238751,0.002998749374687344,0.010994747373686845,True,True,0.411
MIMIC-III Mortality,LDA,2,naive,3648,331,10.021148036253777,19,0.43895814566906544,0.45374449339207046,0.014786347723005022,DKW Sum,True,,0.6508810572687225,0.6499850343937631,0.6385404789053591,0.31497797356828194,0.3832599118942731,0.3303279471338943,0.4261767080332969,0.003998249124562281,0.016491995997999002,True,True,0.12
MIMIC-III Mortality,LDA,2,naive,3648,331,10.021148036253777,19,0.43895814566906544,0.45374449339207046,0.014786347723005022,DKW Minimax,True,,0.6431718061674009,0.6424321375896017,0.6538461538461539,0.3876651982378855,0.32599118942731276,0.39363030901989227,0.39354147404952633,0.00449799899949975,0.015492496248124064,True,True,0.12
MIMIC-III Mortality,LDA,2,split,1277,116,10.021148036253777,19,0.43160460801656814,0.45044052863436124,0.0188359206177931,Baseline,True,,0.5495594713656388,0.341445216284506,0.20889748549323017,0.019823788546255508,0.8810572687224669,,,,,,,
MIMIC-III Mortality,LDA,2,split,1277,116,10.021148036253777,19,0.43160460801656814,0.45044052863436124,0.0188359206177931,Threshold,True,,0.6409691629955947,0.6332589542226047,0.6014669926650367,0.2599118942731278,0.4581497797356828,,,,,,,
MIMIC-III Mortality,LDA,2,split,1277,116,10.021148036253777,19,0.43160460801656814,0.45044052863436124,0.0188359206177931,SMOTE,True,,0.6420704845814978,0.6370172005953485,0.6107784431137725,0.2775330396475771,0.43832599118942733,,,,,,,
MIMIC-III Mortality,LDA,2,split,1277,116,10.021148036253777,19,0.43160460801656814,0.45044052863436124,0.0188359206177931,Balanced Weights,False,,,,,,,,,,,,,
MIMIC-III Mortality,LDA,2,split,1277,116,10.021148036253777,19,0.43160460801656814,0.45044052863436124,0.0188359206177931,Slacks Deltas,False,,,,,,,,,,,,,7.183
MIMIC-III Mortality,LDA,2,split,1277,116,10.021148036253777,19,0.43160460801656814,0.45044052863436124,0.0188359206177931,Min Deltas,False,,,,,,,,,,,,,0.0
MIMIC-III Mortality,LDA,2,split,1277,116,10.021148036253777,19,0.43160460801656814,0.45044052863436124,0.0188359206177931,F Deltas,False,,,,,,,,,,,,,0.0
MIMIC-III Mortality,LDA,2,split,1277,116,10.021148036253777,19,0.43160460801656814,0.45044052863436124,0.0188359206177931,CP Sum,True,,0.6090308370044053,0.5449038271741401,0.4629349470499244,0.11894273127753303,0.6629955947136564,0.174075824158678,0.7431840896537316,0.002998749374687344,0.03948049024512257,True,True,1.477
MIMIC-III Mortality,LDA,2,split,1277,116,10.021148036253777,19,0.43160460801656814,0.45044052863436124,0.0188359206177931,CP Minimax,True,,0.6376651982378855,0.633634250592132,0.6618705035971223,0.43392070484581496,0.2907488986784141,0.473966504544015,0.4589001753692209,0.005997248624312156,0.022488994497248626,True,True,1.491
MIMIC-III Mortality,LDA,2,split,1277,116,10.021148036253777,19,0.43160460801656814,0.45044052863436124,0.0188359206177931,DKW Sum,True,,0.6409691629955947,0.6354806874851398,0.6686991869918699,0.44273127753303965,0.2753303964757709,0.46192482062286305,0.4000150996517509,0.00899574787393697,0.027986243121560783,True,True,0.032
MIMIC-III Mortality,LDA,2,split,1277,116,10.021148036253777,19,0.43160460801656814,0.45044052863436124,0.0188359206177931,DKW Minimax,True,,0.6387665198237885,0.634865805205222,0.6625514403292181,0.43171806167400884,0.2907488986784141,0.44497071152862655,0.42496795479882654,0.008495997998999501,0.02948549274637319,True,True,0.035
MIMIC-III Mortality,LDA,3,naive,3648,331,10.021148036253777,19,0.46071551205134764,0.4647577092511013,0.004042197199753683,Baseline,True,,0.5352422907488987,0.276736497654852,0.14227642276422764,0.006607929515418502,0.9229074889867841,,,,,,,
MIMIC-III Mortality,LDA,3,naive,3648,331,10.021148036253777,19,0.46071551205134764,0.4647577092511013,0.004042197199753683,Threshold,True,,0.6607929515418502,0.6474422227620735,0.6091370558375635,0.20704845814977973,0.4713656387665198,,,,,,,
MIMIC-III Mortality,LDA,3,naive,3648,331,10.021148036253777,19,0.46071551205134764,0.4647577092511013,0.004042197199753683,SMOTE,True,,0.6508810572687225,0.6508577632481314,0.6527929901423878,0.35462555066079293,0.3436123348017621,,,,,,,
MIMIC-III Mortality,LDA,3,naive,3648,331,10.021148036253777,19,0.46071551205134764,0.4647577092511013,0.004042197199753683,Balanced Weights,False,,,,,,,,,,,,,
MIMIC-III Mortality,LDA,3,naive,3648,331,10.021148036253777,19,0.46071551205134764,0.4647577092511013,0.004042197199753683,Slacks Deltas,False,,,,,,,,,,,,,118.59
MIMIC-III Mortality,LDA,3,naive,3648,331,10.021148036253777,19,0.46071551205134764,0.4647577092511013,0.004042197199753683,Min Deltas,True,,0.6696035242290749,0.6695890329987702,0.6710526315789473,0.33480176211453744,0.32599118942731276,,,,,,,0.545
MIMIC-III Mortality,LDA,3,naive,3648,331,10.021148036253777,19,0.46071551205134764,0.4647577092511013,0.004042197199753683,F Deltas,True,,0.6696035242290749,0.6695890329987702,0.6710526315789473,0.33480176211453744,0.32599118942731276,,,,,,,0.038
MIMIC-III Mortality,LDA,3,naive,3648,331,10.021148036253777,19,0.46071551205134764,0.4647577092511013,0.004042197199753683,CP Sum,True,,0.6607929515418502,0.6474422227620735,0.6091370558375635,0.20704845814977973,0.4713656387665198,0.2408884652527934,0.6000121796425857,0.0019992496248124065,0.01599224612306153,True,True,0.41
MIMIC-III Mortality,LDA,3,naive,3648,331,10.021148036253777,19,0.46071551205134764,0.4647577092511013,0.004042197199753683,CP Minimax,True,,0.6585903083700441,0.6543185019343759,0.6823770491803278,0.41629955947136565,0.2665198237885463,0.45554034451946546,0.4502788803050069,0.002998749374687344,0.011994247123561782,True,True,0.402
MIMIC-III Mortality,LDA,3,naive,3648,331,10.021148036253777,19,0.46071551205134764,0.4647577092511013,0.004042197199753683,DKW Sum,True,,0.6607929515418502,0.6474422227620735,0.6091370558375635,0.20704845814977973,0.4713656387665198,0.23450343731729634,0.5681585515703524,0.003498499249624813,0.022488994497248626,True,True,0.119
MIMIC-III Mortality,LDA,3,naive,3648,331,10.021148036253777,19,0.46071551205134764,0.4647577092511013,0.004042197199753683,DKW Minimax,True,,0.6552863436123348,0.6518335346231001,0.6769865841073271,0.4118942731277533,0.2775330396475771,0.4283001914437693,0.4291978560695507,0.00449799899949975,0.016491995997999002,True,True,0.121
MIMIC-III Mortality,LDA,3,split,1277,116,10.021148036253777,19,0.4883656210898736,0.4746696035242291,-0.01369601756564448,Baseline,True,,0.525330396475771,0.23414418089723898,0.10395010395010396,0.004405286343612335,0.9449339207048458,,,,,,,
MIMIC-III Mortality,LDA,3,split,1277,116,10.021148036253777,19,0.4883656210898736,0.4746696035242291,-0.01369601756564448,Threshold,True,,0.6607929515418502,0.6557479956762166,0.6863543788187373,0.42070484581497797,0.2577092511013216,,,,,,,
MIMIC-III Mortality,LDA,3,split,1277,116,10.021148036253777,19,0.4883656210898736,0.4746696035242291,-0.01369601756564448,SMOTE,True,,0.6442731277533039,0.6441968779006488,0.6477644492911668,0.3656387665198238,0.3458149779735683,,,,,,,
MIMIC-III Mortality,LDA,3,split,1277,116,10.021148036253777,19,0.4883656210898736,0.4746696035242291,-0.01369601756564448,Balanced Weights,False,,,,,,,,,,,,,
MIMIC-III Mortality,LDA,3,split,1277,116,10.021148036253777,19,0.4883656210898736,0.4746696035242291,-0.01369601756564448,Slacks Deltas,False,,,,,,,,,,,,,7.086
MIMIC-III Mortality,LDA,3,split,1277,116,10.021148036253777,19,0.4883656210898736,0.4746696035242291,-0.01369601756564448,Min Deltas,True,,0.6585903083700441,0.6579675277973073,0.6485260770975056,0.31277533039647576,0.3700440528634361,,,,,,,0.217
MIMIC-III Mortality,LDA,3,split,1277,116,10.021148036253777,19,0.4883656210898736,0.4746696035242291,-0.01369601756564448,F Deltas,True,,0.6585903083700441,0.6579675277973073,0.6485260770975056,0.31277533039647576,0.3700440528634361,,,,,,,0.038
MIMIC-III Mortality,LDA,3,split,1277,116,10.021148036253777,19,0.4883656210898736,0.4746696035242291,-0.01369601756564448,CP Sum,True,,0.6596916299559471,0.6474197417390364,0.6103404791929382,0.21365638766519823,0.4669603524229075,0.27601123339904066,0.6201068367216018,0.003998249124562281,0.03048499249624813,True,True,1.45
MIMIC-III Mortality,LDA,3,split,1277,116,10.021148036253777,19,0.4883656210898736,0.4746696035242291,-0.01369601756564448,CP Minimax,True,,0.6629955947136564,0.6601208035253459,0.6825726141078838,0.3986784140969163,0.2753303964757709,0.47483824658002544,0.4589001753692209,0.005997248624312156,0.022488994497248626,True,True,1.462
MIMIC-III Mortality,LDA,3,split,1277,116,10.021148036253777,19,0.4883656210898736,0.4746696035242291,-0.01369601756564448,DKW Sum,True,,0.6596916299559471,0.6474197417390364,0.6103404791929382,0.21365638766519823,0.4669603524229075,0.26485671022579665,0.5740200533877049,0.005997248624312156,0.04147948974487244,True,True,0.032
MIMIC-III Mortality,LDA,3,split,1277,116,10.021148036253777,19,0.4883656210898736,0.4746696035242291,-0.01369601756564448,DKW Minimax,True,,0.6607929515418502,0.658494534311751,0.6784968684759917,0.394273127753304,0.2841409691629956,0.44497071152862655,0.43329438850470015,0.008495997998999501,0.029985242621310658,True,True,0.034
MIMIC-III Mortality,LDA,4,naive,3648,331,10.021148036253777,19,0.4735569851183184,0.46035242290748896,-0.01320456221082944,Baseline,True,,0.539647577092511,0.29551559174006037,0.1606425702811245,0.00881057268722467,0.9118942731277533,,,,,,,
MIMIC-III Mortality,LDA,4,naive,3648,331,10.021148036253777,19,0.4735569851183184,0.46035242290748896,-0.01320456221082944,Threshold,True,,0.6464757709251101,0.6396621398567983,0.6099635479951397,0.2599118942731278,0.44713656387665196,,,,,,,
MIMIC-III Mortality,LDA,4,naive,3648,331,10.021148036253777,19,0.4735569851183184,0.46035242290748896,-0.01320456221082944,SMOTE,True,,0.6343612334801763,0.6343268162469642,0.6319290465631929,0.3590308370044053,0.3722466960352423,,,,,,,
MIMIC-III Mortality,LDA,4,naive,3648,331,10.021148036253777,19,0.4735569851183184,0.46035242290748896,-0.01320456221082944,Balanced Weights,False,,,,,,,,,,,,,
MIMIC-III Mortality,LDA,4,naive,3648,331,10.021148036253777,19,0.4735569851183184,0.46035242290748896,-0.01320456221082944,Slacks Deltas,False,,,,,,,,,,,,,116.962
MIMIC-III Mortality,LDA,4,naive,3648,331,10.021148036253777,19,0.4735569851183184,0.46035242290748896,-0.01320456221082944,Min Deltas,True,,0.6431718061674009,0.6426284591651267,0.6523605150214592,0.3832599118942731,0.3303964757709251,,,,,,,0.241
MIMIC-III Mortality,LDA,4,naive,3648,331,10.021148036253777,19,0.4735569851183184,0.46035242290748896,-0.01320456221082944,F Deltas,True,,0.6431718061674009,0.6426284591651267,0.6523605150214592,0.3832599118942731,0.3303964757709251,,,,,,,0.037
MIMIC-III Mortality,LDA,4,naive,3648,331,10.021148036253777,19,0.4735569851183184,0.46035242290748896,-0.01320456221082944,CP Sum,True,,0.6464757709251101,0.6396621398567983,0.6099635479951397,0.2599118942731278,0.44713656387665196,0.27670185417199766,0.5414303692743065,0.0019992496248124065,0.013993246623311658,True,True,0.41
MIMIC-III Mortality,LDA,4,naive,3648,331,10.021148036253777,19,0.4735569851183184,0.46035242290748896,-0.01320456221082944,CP Minimax,True,,0.6442731277533039,0.6416235665109971,0.663891779396462,0.41409691629955947,0.2973568281938326,0.4274686299276951,0.422432545349062,0.002998749374687344,0.010994747373686845,True,True,0.402
MIMIC-III Mortality,LDA,4,naive,3648,331,10.021148036253777,19,0.4735569851183184,0.46035242290748896,-0.01320456221082944,DKW Sum,True,,0.6464757709251101,0.6396621398567983,0.6099635479951397,0.2599118942731278,0.44713656387665196,0.26857036526423633,0.5091499184615047,0.003498499249624813,0.019490495247623814,True,True,0.119
MIMIC-III Mortality,LDA,4,naive,3648,331,10.021148036253777,19,0.4735569851183184,0.46035242290748896,-0.01320456221082944,DKW Minimax,True,,0.6475770925110133,0.6455924215807822,0.6645702306079665,0.40308370044052866,0.30176211453744495,0.40297610341241563,0.39958377012203394,0.00449799899949975,0.015492496248124064,False,True,0.117
MIMIC-III Mortality,LDA,4,split,1277,116,10.021148036253777,19,0.463711869525823,0.47577092511013214,0.012059055584309142,Baseline,True,,0.5242290748898678,0.23825228692493325,0.10743801652892562,0.00881057268722467,0.9427312775330396,,,,,,,
MIMIC-III Mortality,LDA,4,split,1277,116,10.021148036253777,19,0.463711869525823,0.47577092511013214,0.012059055584309142,Threshold,True,,0.6365638766519823,0.6310370871141512,0.6033653846153846,0.27973568281938327,0.44713656387665196,,,,,,,
MIMIC-III Mortality,LDA,4,split,1277,116,10.021148036253777,19,0.463711869525823,0.47577092511013214,0.012059055584309142,SMOTE,True,,0.6189427312775331,0.6189074566272503,0.6164079822616408,0.3744493392070485,0.3876651982378855,,,,,,,
MIMIC-III Mortality,LDA,4,split,1277,116,10.021148036253777,19,0.463711869525823,0.47577092511013214,0.012059055584309142,Balanced Weights,False,,,,,,,,,,,,,
MIMIC-III Mortality,LDA,4,split,1277,116,10.021148036253777,19,0.463711869525823,0.47577092511013214,0.012059055584309142,Slacks Deltas,False,,,,,,,,,,,,,7.021
MIMIC-III Mortality,LDA,4,split,1277,116,10.021148036253777,19,0.463711869525823,0.47577092511013214,0.012059055584309142,Min Deltas,False,,,,,,,,,,,,,0.0
MIMIC-III Mortality,LDA,4,split,1277,116,10.021148036253777,19,0.463711869525823,0.47577092511013214,0.012059055584309142,F Deltas,False,,,,,,,,,,,,,0.0
MIMIC-III Mortality,LDA,4,split,1277,116,10.021148036253777,19,0.463711869525823,0.47577092511013214,0.012059055584309142,CP Sum,True,,0.5969162995594713,0.5056733382769453,0.4096774193548387,0.08590308370044053,0.7202643171806168,0.09886684041258527,0.800354615771149,0.0019992496248124065,0.04597723861930966,True,True,1.446
MIMIC-III Mortality,LDA,4,split,1277,116,10.021148036253777,19,0.463711869525823,0.47577092511013214,0.012059055584309142,CP Minimax,True,,0.6332599118942731,0.6301407572169537,0.6549222797927461,0.42951541850220265,0.3039647577092511,0.4818050003762837,0.476875071980288,0.005997248624312156,0.022988744372186096,True,True,1.452
MIMIC-III Mortality,LDA,4,split,1277,116,10.021148036253777,19,0.463711869525823,0.47577092511013214,0.012059055584309142,DKW Sum,True,,0.6354625550660793,0.6303563004957791,0.6035928143712574,0.2841409691629956,0.44493392070484583,0.3218530708305933,0.5162627584802288,0.006996748374187095,0.03598224112056028,True,True,0.032
MIMIC-III Mortality,LDA,4,split,1277,116,10.021148036253777,19,0.463711869525823,0.47577092511013214,0.012059055584309142,DKW Minimax,True,,0.6277533039647577,0.6255235149535965,0.6464435146443515,0.4251101321585903,0.31938325991189426,0.45616795528400983,0.441624997626349,0.008495997998999501,0.03048499249624813,True,True,0.033
MIMIC-III Mortality,LDA,5,naive,3648,331,10.021148036253777,19,0.4410748619899137,0.46475770925110127,0.02368284726118758,Baseline,True,,0.5352422907488987,0.30078784167597467,0.16600790513833993,0.022026431718061675,0.9074889867841409,,,,,,,
MIMIC-III Mortality,LDA,5,naive,3648,331,10.021148036253777,19,0.4410748619899137,0.46475770925110127,0.02368284726118758,Threshold,True,,0.6354625550660793,0.6311639322177788,0.6064209274673008,0.2907488986784141,0.43832599118942733,,,,,,,
MIMIC-III Mortality,LDA,5,naive,3648,331,10.021148036253777,19,0.4410748619899137,0.46475770925110127,0.02368284726118758,SMOTE,True,,0.6112334801762115,0.6102792487975767,0.5974914481185861,0.35462555066079293,0.42290748898678415,,,,,,,
MIMIC-III Mortality,LDA,5,naive,3648,331,10.021148036253777,19,0.4410748619899137,0.46475770925110127,0.02368284726118758,Balanced Weights,False,,,,,,,,,,,,,
MIMIC-III Mortality,LDA,5,naive,3648,331,10.021148036253777,19,0.4410748619899137,0.46475770925110127,0.02368284726118758,Slacks Deltas,False,,,,,,,,,,,,,116.241
MIMIC-III Mortality,LDA,5,naive,3648,331,10.021148036253777,19,0.4410748619899137,0.46475770925110127,0.02368284726118758,Min Deltas,True,,0.6288546255506607,0.6259305789293603,0.6049237983587339,0.31057268722466963,0.43171806167400884,,,,,,,1.605
MIMIC-III Mortality,LDA,5,naive,3648,331,10.021148036253777,19,0.4410748619899137,0.46475770925110127,0.02368284726118758,F Deltas,True,,0.6288546255506607,0.6259305789293603,0.6049237983587339,0.31057268722466963,0.43171806167400884,,,,,,,0.037
MIMIC-III Mortality,LDA,5,naive,3648,331,10.021148036253777,19,0.4410748619899137,0.46475770925110127,0.02368284726118758,CP Sum,True,,0.6233480176211453,0.5966073618990613,0.5403225806451613,0.1960352422907489,0.5572687224669604,0.20953101176215919,0.576832655369969,0.0019992496248124065,0.014992746373186596,True,True,0.408
MIMIC-III Mortality,LDA,5,naive,3648,331,10.021148036253777,19,0.4410748619899137,0.46475770925110127,0.02368284726118758,CP Minimax,True,,0.6398678414096917,0.6389563746414224,0.6517571884984026,0.394273127753304,0.32599118942731276,0.4182853141828289,0.4160649228238751,0.002998749374687344,0.010994747373686845,True,True,0.397
MIMIC-III Mortality,LDA,5,naive,3648,331,10.021148036253777,19,0.4410748619899137,0.46475770925110127,0.02368284726118758,DKW Sum,True,,0.6321585903083701,0.6107838565356873,0.5605263157894737,0.20484581497797358,0.5308370044052864,0.21912809815540304,0.5298066474680643,0.003498499249624813,0.02048999499749875,True,False,0.127
MIMIC-III Mortality,LDA,5,naive,3648,331,10.021148036253777,19,0.4410748619899137,0.46475770925110127,0.02368284726118758,DKW Minimax,True,,0.6387665198237885,0.6381243924224688,0.6488222698072805,0.3898678414096916,0.33259911894273125,0.3999613310277307,0.39354147404952633,0.00449799899949975,0.015492496248124064,True,True,0.124
MIMIC-III Mortality,LDA,5,split,1277,116,10.021148036253777,19,0.44021767269275575,0.46916299559471364,0.028945322901957893,Baseline,True,,0.5308370044052864,0.28610630627541,0.15139442231075698,0.022026431718061675,0.9162995594713657,,,,,,,
MIMIC-III Mortality,LDA,5,split,1277,116,10.021148036253777,19,0.44021767269275575,0.46916299559471364,0.028945322901957893,Threshold,True,,0.6277533039647577,0.6180170857532247,0.5816831683168316,0.2621145374449339,0.48237885462555063,,,,,,,
MIMIC-III Mortality,LDA,5,split,1277,116,10.021148036253777,19,0.44021767269275575,0.46916299559471364,0.028945322901957893,SMOTE,True,,0.6057268722466961,0.6049414210657703,0.5931818181818181,0.3634361233480176,0.4251101321585903,,,,,,,
MIMIC-III Mortality,LDA,5,split,1277,116,10.021148036253777,19,0.44021767269275575,0.46916299559471364,0.028945322901957893,Balanced Weights,False,,,,,,,,,,,,,
MIMIC-III Mortality,LDA,5,split,1277,116,10.021148036253777,19,0.44021767269275575,0.46916299559471364,0.028945322901957893,Slacks Deltas,False,,,,,,,,,,,,,6.938
MIMIC-III Mortality,LDA,5,split,1277,116,10.021148036253777,19,0.44021767269275575,0.46916299559471364,0.028945322901957893,Min Deltas,False,,,,,,,,,,,,,0.0
MIMIC-III Mortality,LDA,5,split,1277,116,10.021148036253777,19,0.44021767269275575,0.46916299559471364,0.028945322901957893,F Deltas,False,,,,,,,,,,,,,0.0
MIMIC-III Mortality,LDA,5,split,1277,116,10.021148036253777,19,0.44021767269275575,0.46916299559471364,0.028945322901957893,CP Sum,True,,0.6299559471365639,0.6213913656683484,0.5872235872235873,0.2665198237885463,0.473568281938326,0.2843485852888402,0.5876565111366157,0.003998249124562281,0.028485992996498254,True,True,1.446
MIMIC-III Mortality,LDA,5,split,1277,116,10.021148036253777,19,0.44021767269275575,0.46916299559471364,0.028945322901957893,CP Minimax,True,,0.6255506607929515,0.6218128384947867,0.6494845360824743,0.44273127753303965,0.30616740088105726,0.4626155725812632,0.4589001753692209,0.005997248624312156,0.022488994497248626,True,True,1.455
MIMIC-III Mortality,LDA,5,split,1277,116,10.021148036253777,19,0.44021767269275575,0.46916299559471364,0.028945322901957893,DKW Sum,True,,0.6299559471365639,0.6213913656683484,0.5872235872235873,0.2665198237885463,0.473568281938326,0.2722400381097873,0.5411474654661915,0.006496998499249626,0.03798124062031016,True,True,0.033
MIMIC-III Mortality,LDA,5,split,1277,116,10.021148036253777,19,0.44021767269275575,0.46916299559471364,0.028945322901957893,DKW Minimax,True,,0.6222466960352423,0.6195029367840333,0.6430801248699272,0.43612334801762115,0.31938325991189426,0.4354961206586868,0.42496795479882654,0.008495997998999501,0.02948549274637319,False,True,0.035
MIMIC-III Mortality,LDA,6,naive,3648,331,10.021148036253777,19,0.4508951870206307,0.4647577092511013,0.01386252223047063,Baseline,True,,0.5352422907488987,0.29419925739319824,0.1593625498007968,0.01762114537444934,0.9118942731277533,,,,,,,
MIMIC-III Mortality,LDA,6,naive,3648,331,10.021148036253777,19,0.4508951870206307,0.4647577092511013,0.01386252223047063,Threshold,True,,0.6464757709251101,0.6461370304812846,0.6389201349831272,0.33259911894273125,0.3744493392070485,,,,,,,
MIMIC-III Mortality,LDA,6,naive,3648,331,10.021148036253777,19,0.4508951870206307,0.4647577092511013,0.01386252223047063,SMOTE,True,,0.6618942731277533,0.6595068247392012,0.6417736289381564,0.28193832599118945,0.394273127753304,,,,,,,
MIMIC-III Mortality,LDA,6,naive,3648,331,10.021148036253777,19,0.4508951870206307,0.4647577092511013,0.01386252223047063,Balanced Weights,False,,,,,,,,,,,,,
MIMIC-III Mortality,LDA,6,naive,3648,331,10.021148036253777,19,0.4508951870206307,0.4647577092511013,0.01386252223047063,Slacks Deltas,False,,,,,,,,,,,,,116.462
MIMIC-III Mortality,LDA,6,naive,3648,331,10.021148036253777,19,0.4508951870206307,0.4647577092511013,0.01386252223047063,Min Deltas,True,,0.6420704845814978,0.6419939731201826,0.6384872080088988,0.34801762114537443,0.36784140969163,,,,,,,0.146
MIMIC-III Mortality,LDA,6,naive,3648,331,10.021148036253777,19,0.4508951870206307,0.4647577092511013,0.01386252223047063,F Deltas,True,,0.6420704845814978,0.6419939731201826,0.6384872080088988,0.34801762114537443,0.36784140969163,,,,,,,0.038
MIMIC-III Mortality,LDA,6,naive,3648,331,10.021148036253777,19,0.4508951870206307,0.4647577092511013,0.01386252223047063,CP Sum,True,,0.6464757709251101,0.6461370304812846,0.6389201349831272,0.33259911894273125,0.3744493392070485,0.36131601144287506,0.46874835794573394,0.002498999499749875,0.012493996998499252,True,True,0.408
MIMIC-III Mortality,LDA,6,naive,3648,331,10.021148036253777,19,0.4508951870206307,0.4647577092511013,0.01386252223047063,CP Minimax,True,,0.6420704845814978,0.6411621490663113,0.6538871139510117,0.3920704845814978,0.3237885462555066,0.4237970695638066,0.422432545349062,0.002998749374687344,0.010994747373686845,True,True,0.402
MIMIC-III Mortality,LDA,6,naive,3648,331,10.021148036253777,19,0.4508951870206307,0.4647577092511013,0.01386252223047063,DKW Sum,True,,0.6464757709251101,0.6461370304812846,0.6389201349831272,0.33259911894273125,0.3744493392070485,0.35022544487281504,0.4379744444780361,0.003998249124562281,0.016991745872936472,True,True,0.126
MIMIC-III Mortality,LDA,6,naive,3648,331,10.021148036253777,19,0.4508951870206307,0.4647577092511013,0.01386252223047063,DKW Minimax,True,,0.6431718061674009,0.6424321375896017,0.6538461538461539,0.3876651982378855,0.32599118942731276,0.4074982619894431,0.39958377012203394,0.00449799899949975,0.015492496248124064,True,True,0.124
MIMIC-III Mortality,LDA,6,split,1277,116,10.021148036253777,19,0.47836109073650607,0.4801762114537445,0.0018151207172384387,Baseline,True,,0.5198237885462555,0.22383666970176458,0.0954356846473029,0.011013215859030838,0.9493392070484582,,,,,,,
MIMIC-III Mortality,LDA,6,split,1277,116,10.021148036253777,19,0.47836109073650607,0.4801762114537445,0.0018151207172384387,Threshold,True,,0.6442731277533039,0.6442495948109985,0.6423034330011074,0.3502202643171806,0.36123348017621143,,,,,,,
MIMIC-III Mortality,LDA,6,split,1277,116,10.021148036253777,19,0.47836109073650607,0.4801762114537445,0.0018151207172384387,SMOTE,True,,0.6530837004405287,0.6504700283167248,0.631578947368421,0.28854625550660795,0.4052863436123348,,,,,,,
MIMIC-III Mortality,LDA,6,split,1277,116,10.021148036253777,19,0.47836109073650607,0.4801762114537445,0.0018151207172384387,Balanced Weights,False,,,,,,,,,,,,,
MIMIC-III Mortality,LDA,6,split,1277,116,10.021148036253777,19,0.47836109073650607,0.4801762114537445,0.0018151207172384387,Slacks Deltas,False,,,,,,,,,,,,,7.01
MIMIC-III Mortality,LDA,6,split,1277,116,10.021148036253777,19,0.47836109073650607,0.4801762114537445,0.0018151207172384387,Min Deltas,False,,,,,,,,,,,,,0.0
MIMIC-III Mortality,LDA,6,split,1277,116,10.021148036253777,19,0.47836109073650607,0.4801762114537445,0.0018151207172384387,F Deltas,False,,,,,,,,,,,,,0.0
MIMIC-III Mortality,LDA,6,split,1277,116,10.021148036253777,19,0.47836109073650607,0.4801762114537445,0.0018151207172384387,CP Sum,True,,0.6277533039647577,0.5724160659306003,0.49851632047477745,0.1145374449339207,0.6299559471365639,0.16621552753127655,0.7357743046188054,0.002998749374687344,0.0389807403701851,True,True,1.435
MIMIC-III Mortality,LDA,6,split,1277,116,10.021148036253777,19,0.47836109073650607,0.4801762114537445,0.0018151207172384387,CP Minimax,True,,0.6255506607929515,0.624292959153947,0.6398305084745762,0.41409691629955947,0.33480176211453744,0.4652380437720023,0.44996525166159757,0.005997248624312156,0.02198924462231116,True,True,1.443
MIMIC-III Mortality,LDA,6,split,1277,116,10.021148036253777,19,0.47836109073650607,0.4801762114537445,0.0018151207172384387,DKW Sum,True,,0.6486784140969163,0.6473972599353405,0.6337543053960965,0.31057268722466963,0.3920704845814978,0.3766554825603724,0.46664061299995024,0.007496498249124564,0.03198424212106053,True,True,0.033
MIMIC-III Mortality,LDA,6,split,1277,116,10.021148036253777,19,0.47836109073650607,0.4801762114537445,0.0018151207172384387,DKW Minimax,True,,0.6288546255506607,0.628251599125881,0.6387995712754555,0.3986784140969163,0.3436123348017621,0.44152540575773935,0.42496795479882654,0.008495997998999501,0.02948549274637319,True,True,0.035
MIMIC-III Mortality,LDA,7,naive,3648,331,10.021148036253777,19,0.44257906035647177,0.4548458149779736,0.01226675462150184,Baseline,True,,0.5451541850220264,0.3285558125589493,0.1949317738791423,0.019823788546255508,0.8898678414096917,,,,,,,
MIMIC-III Mortality,LDA,7,naive,3648,331,10.021148036253777,19,0.44257906035647177,0.4548458149779736,0.01226675462150184,Threshold,True,,0.6376651982378855,0.6331210343790388,0.6078665077473182,0.28634361233480177,0.43832599118942733,,,,,,,
MIMIC-III Mortality,LDA,7,naive,3648,331,10.021148036253777,19,0.44257906035647177,0.4548458149779736,0.01226675462150184,SMOTE,True,,0.6398678414096917,0.6355990126737118,0.6111771700356718,0.28634361233480177,0.43392070484581496,,,,,,,
MIMIC-III Mortality,LDA,7,naive,3648,331,10.021148036253777,19,0.44257906035647177,0.4548458149779736,0.01226675462150184,Balanced Weights,False,,,,,,,,,,,,,
MIMIC-III Mortality,LDA,7,naive,3648,331,10.021148036253777,19,0.44257906035647177,0.4548458149779736,0.01226675462150184,Slacks Deltas,False,,,,,,,,,,,,,116.357
MIMIC-III Mortality,LDA,7,naive,3648,331,10.021148036253777,19,0.44257906035647177,0.4548458149779736,0.01226675462150184,Min Deltas,True,,0.6343612334801763,0.6275793869912123,0.5970873786407767,0.27312775330396477,0.4581497797356828,,,,,,,1.001
MIMIC-III Mortality,LDA,7,naive,3648,331,10.021148036253777,19,0.44257906035647177,0.4548458149779736,0.01226675462150184,F Deltas,True,,0.6343612334801763,0.6275793869912123,0.5970873786407767,0.27312775330396477,0.4581497797356828,,,,,,,0.038
MIMIC-III Mortality,LDA,7,naive,3648,331,10.021148036253777,19,0.44257906035647177,0.4548458149779736,0.01226675462150184,CP Sum,True,,0.6376651982378855,0.6331210343790388,0.6078665077473182,0.28634361233480177,0.43832599118942733,0.3083970920301723,0.47185603077228777,0.002498999499749875,0.012493996998499252,True,True,0.411
MIMIC-III Mortality,LDA,7,naive,3648,331,10.021148036253777,19,0.44257906035647177,0.4548458149779736,0.01226675462150184,CP Minimax,True,,0.6497797356828194,0.6496863966410849,0.6535947712418301,0.36123348017621143,0.3392070484581498,0.41031445556676355,0.40647642675947027,0.002998749374687344,0.010994747373686845,True,True,0.403
MIMIC-III Mortality,LDA,7,naive,3648,331,10.021148036253777,19,0.44257906035647177,0.4548458149779736,0.01226675462150184,DKW Sum,True,,0.6376651982378855,0.6331210343790388,0.6078665077473182,0.28634361233480177,0.43832599118942733,0.2993210435880229,0.4409955925142898,0.003498499249624813,0.016991745872936472,True,True,0.128
MIMIC-III Mortality,LDA,7,naive,3648,331,10.021148036253777,19,0.44257906035647177,0.4548458149779736,0.01226675462150184,DKW Minimax,True,,0.6486784140969163,0.6486699998706354,0.6498353457738749,0.35462555066079293,0.34801762114537443,0.3927258773044868,0.38176840383987753,0.00449799899949975,0.014992746373186596,True,True,0.125
MIMIC-III Mortality,LDA,7,split,1277,116,10.021148036253777,19,0.44974543728696553,0.4548458149779736,0.005100377691008073,Baseline,True,,0.5451541850220264,0.32561890875242316,0.1917808219178082,0.01762114537444934,0.8920704845814978,,,,,,,
MIMIC-III Mortality,LDA,7,split,1277,116,10.021148036253777,19,0.44974543728696553,0.4548458149779736,0.005100377691008073,Threshold,True,,0.6409691629955947,0.6329102654732006,0.6004901960784313,0.2577092511013216,0.460352422907489,,,,,,,
MIMIC-III Mortality,LDA,7,split,1277,116,10.021148036253777,19,0.44974543728696553,0.4548458149779736,0.005100377691008073,SMOTE,True,,0.6376651982378855,0.635560845664972,0.6178861788617886,0.31057268722466963,0.41409691629955947,,,,,,,
MIMIC-III Mortality,LDA,7,split,1277,116,10.021148036253777,19,0.44974543728696553,0.4548458149779736,0.005100377691008073,Balanced Weights,False,,,,,,,,,,,,,
MIMIC-III Mortality,LDA,7,split,1277,116,10.021148036253777,19,0.44974543728696553,0.4548458149779736,0.005100377691008073,Slacks Deltas,False,,,,,,,,,,,,,7.104
MIMIC-III Mortality,LDA,7,split,1277,116,10.021148036253777,19,0.44974543728696553,0.4548458149779736,0.005100377691008073,Min Deltas,False,,,,,,,,,,,,,0.0
MIMIC-III Mortality,LDA,7,split,1277,116,10.021148036253777,19,0.44974543728696553,0.4548458149779736,0.005100377691008073,F Deltas,False,,,,,,,,,,,,,0.0
MIMIC-III Mortality,LDA,7,split,1277,116,10.021148036253777,19,0.44974543728696553,0.4548458149779736,0.005100377691008073,CP Sum,True,,0.6343612334801763,0.6158859724495921,0.5688311688311688,0.21365638766519823,0.5176211453744494,0.2611198894347717,0.5958305918757111,0.003998249124562281,0.02898574287143572,True,True,1.456
MIMIC-III Mortality,LDA,7,split,1277,116,10.021148036253777,19,0.44974543728696553,0.4548458149779736,0.005100377691008073,CP Minimax,True,,0.6486784140969163,0.6483408244752504,0.6558791801510249,0.3722466960352423,0.3303964757709251,0.4573651476494695,0.44996525166159757,0.005997248624312156,0.02198924462231116,True,True,1.459
MIMIC-III Mortality,LDA,7,split,1277,116,10.021148036253777,19,0.44974543728696553,0.4548458149779736,0.005100377691008073,DKW Sum,True,,0.6343612334801763,0.6158859724495921,0.5688311688311688,0.21365638766519823,0.5176211453744494,0.251075487142248,0.5492957290615421,0.005997248624312156,0.0389807403701851,True,True,0.033
MIMIC-III Mortality,LDA,7,split,1277,116,10.021148036253777,19,0.44974543728696553,0.4548458149779736,0.005100377691008073,DKW Minimax,True,,0.6475770925110133,0.6473935128921547,0.6529284164859002,0.36784140969163,0.3370044052863436,0.42975399656599317,0.4166458323718821,0.007996248124062032,0.02898574287143572,True,True,0.036
MIMIC-III Mortality,LDA,8,naive,3648,331,10.021148036253777,19,0.45059370978216223,0.4548458149779736,0.004252105195811373,Baseline,True,,0.5451541850220264,0.3102835533557768,0.17564870259481039,0.006607929515418502,0.9030837004405287,,,,,,,
MIMIC-III Mortality,LDA,8,naive,3648,331,10.021148036253777,19,0.45059370978216223,0.4548458149779736,0.004252105195811373,Threshold,True,,0.6585903083700441,0.640813975188306,0.5974025974025974,0.1894273127753304,0.4933920704845815,,,,,,,
MIMIC-III Mortality,LDA,8,naive,3648,331,10.021148036253777,19,0.45059370978216223,0.4548458149779736,0.004252105195811373,SMOTE,True,,0.6453744493392071,0.6417520991460256,0.6193853427895981,0.28634361233480177,0.42290748898678415,,,,,,,
MIMIC-III Mortality,LDA,8,naive,3648,331,10.021148036253777,19,0.45059370978216223,0.4548458149779736,0.004252105195811373,Balanced Weights,False,,,,,,,,,,,,,
MIMIC-III Mortality,LDA,8,naive,3648,331,10.021148036253777,19,0.45059370978216223,0.4548458149779736,0.004252105195811373,Slacks Deltas,False,,,,,,,,,,,,,116.595
MIMIC-III Mortality,LDA,8,naive,3648,331,10.021148036253777,19,0.45059370978216223,0.4548458149779736,0.004252105195811373,Min Deltas,True,,0.6354625550660793,0.634422415062368,0.6217142857142857,0.32819383259911894,0.4008810572687225,,,,,,,0.492
MIMIC-III Mortality,LDA,8,naive,3648,331,10.021148036253777,19,0.45059370978216223,0.4548458149779736,0.004252105195811373,F Deltas,True,,0.6354625550660793,0.634422415062368,0.6217142857142857,0.32819383259911894,0.4008810572687225,,,,,,,0.038
MIMIC-III Mortality,LDA,8,naive,3648,331,10.021148036253777,19,0.45059370978216223,0.4548458149779736,0.004252105195811373,CP Sum,True,,0.6585903083700441,0.640813975188306,0.5974025974025974,0.1894273127753304,0.4933920704845815,0.25550846633734786,0.5502157808107102,0.0019992496248124065,0.014492996498249127,True,True,0.413
MIMIC-III Mortality,LDA,8,naive,3648,331,10.021148036253777,19,0.45059370978216223,0.4548458149779736,0.004252105195811373,CP Minimax,True,,0.6354625550660793,0.6354616007139018,0.6358635863586358,0.3656387665198238,0.3634361233480176,0.41246155926379174,0.40647642675947027,0.002998749374687344,0.010994747373686845,True,True,0.405
MIMIC-III Mortality,LDA,8,naive,3648,331,10.021148036253777,19,0.45059370978216223,0.4548458149779736,0.004252105195811373,DKW Sum,True,,0.6585903083700441,0.640813975188306,0.5974025974025974,0.1894273127753304,0.4933920704845815,0.24837139028684713,0.5179650304145418,0.003498499249624813,0.019990245122561284,True,True,0.133
MIMIC-III Mortality,LDA,8,naive,3648,331,10.021148036253777,19,0.45059370978216223,0.4548458149779736,0.004252105195811373,DKW Minimax,True,,0.6332599118942731,0.6332589542226048,0.6328555678059536,0.3656387665198238,0.36784140969163,0.39453474073529776,0.3874991779770188,0.00449799899949975,0.015492496248124064,True,True,0.127
MIMIC-III Mortality,LDA,8,split,1277,116,10.021148036253777,19,0.45859041290934976,0.4592511013215859,0.0006606884122361545,Baseline,True,,0.5407488986784141,0.29244598820797796,0.15757575757575756,0.004405286343612335,0.9140969162995595,,,,,,,
MIMIC-III Mortality,LDA,8,split,1277,116,10.021148036253777,19,0.45859041290934976,0.4592511013215859,0.0006606884122361545,Threshold,True,,0.6464757709251101,0.6393359151409688,0.6090133982947625,0.2577092511013216,0.44933920704845814,,,,,,,
MIMIC-III Mortality,LDA,8,split,1277,116,10.021148036253777,19,0.45859041290934976,0.4592511013215859,0.0006606884122361545,SMOTE,True,,0.6376651982378855,0.6333815244268345,0.6087990487514863,0.28854625550660795,0.43612334801762115,,,,,,,
MIMIC-III Mortality,LDA,8,split,1277,116,10.021148036253777,19,0.45859041290934976,0.4592511013215859,0.0006606884122361545,Balanced Weights,False,,,,,,,,,,,,,
MIMIC-III Mortality,LDA,8,split,1277,116,10.021148036253777,19,0.45859041290934976,0.4592511013215859,0.0006606884122361545,Slacks Deltas,False,,,,,,,,,,,,,7.06
MIMIC-III Mortality,LDA,8,split,1277,116,10.021148036253777,19,0.45859041290934976,0.4592511013215859,0.0006606884122361545,Min Deltas,False,,,,,,,,,,,,,0.0
MIMIC-III Mortality,LDA,8,split,1277,116,10.021148036253777,19,0.45859041290934976,0.4592511013215859,0.0006606884122361545,F Deltas,False,,,,,,,,,,,,,0.0
MIMIC-III Mortality,LDA,8,split,1277,116,10.021148036253777,19,0.45859041290934976,0.4592511013215859,0.0006606884122361545,CP Sum,True,,0.6453744493392071,0.5990541556056238,0.5333333333333333,0.1145374449339207,0.5947136563876652,0.175055269970477,0.6597599125754573,0.002998749374687344,0.032983741870935473,True,True,1.462
MIMIC-III Mortality,LDA,8,split,1277,116,10.021148036253777,19,0.45859041290934976,0.4592511013215859,0.0006606884122361545,CP Minimax,True,,0.6409691629955947,0.6406625362224224,0.6479481641468683,0.3788546255506608,0.3392070484581498,0.4506292272878024,0.44996525166159757,0.005497498749374687,0.02198924462231116,True,True,1.47
MIMIC-III Mortality,LDA,8,split,1277,116,10.021148036253777,19,0.45859041290934976,0.4592511013215859,0.0006606884122361545,DKW Sum,True,,0.6585903083700441,0.6357859978970677,0.5877659574468085,0.1696035242290749,0.513215859030837,0.23298763184509036,0.5492957290615421,0.005997248624312156,0.0389807403701851,True,True,0.034
MIMIC-III Mortality,LDA,8,split,1277,116,10.021148036253777,19,0.45859041290934976,0.4592511013215859,0.0006606884122361545,DKW Minimax,True,,0.6387665198237885,0.6386297894068765,0.6434782608695652,0.3744493392070485,0.34801762114537443,0.42200205858149703,0.40832816396067473,0.007996248124062032,0.028485992996498254,True,True,0.036
MIMIC-III Mortality,LDA,9,naive,3648,331,10.021148036253777,19,0.4623736368629244,0.45704845814977973,-0.00532517871314464,Baseline,True,,0.5429515418502202,0.30959479878086515,0.1749502982107356,0.011013215859030838,0.9030837004405287,,,,,,,
MIMIC-III Mortality,LDA,9,naive,3648,331,10.021148036253777,19,0.4623736368629244,0.45704845814977973,-0.00532517871314464,Threshold,True,,0.6343612334801763,0.6118750849346137,0.5608465608465608,0.19823788546255505,0.5330396475770925,,,,,,,
MIMIC-III Mortality,LDA,9,naive,3648,331,10.021148036253777,19,0.4623736368629244,0.45704845814977973,-0.00532517871314464,SMOTE,True,,0.6354625550660793,0.6325690542964398,0.611957796014068,0.3039647577092511,0.4251101321585903,,,,,,,
MIMIC-III Mortality,LDA,9,naive,3648,331,10.021148036253777,19,0.4623736368629244,0.45704845814977973,-0.00532517871314464,Balanced Weights,False,,,,,,,,,,,,,
MIMIC-III Mortality,LDA,9,naive,3648,331,10.021148036253777,19,0.4623736368629244,0.45704845814977973,-0.00532517871314464,Slacks Deltas,False,,,,,,,,,,,,,116.951
MIMIC-III Mortality,LDA,9,naive,3648,331,10.021148036253777,19,0.4623736368629244,0.45704845814977973,-0.00532517871314464,Min Deltas,True,,0.6277533039647577,0.6251355885451345,0.6051401869158879,0.31497797356828194,0.42951541850220265,,,,,,,0.907
MIMIC-III Mortality,LDA,9,naive,3648,331,10.021148036253777,19,0.4623736368629244,0.45704845814977973,-0.00532517871314464,F Deltas,True,,0.6277533039647577,0.6251355885451345,0.6051401869158879,0.31497797356828194,0.42951541850220265,,,,,,,0.038
MIMIC-III Mortality,LDA,9,naive,3648,331,10.021148036253777,19,0.4623736368629244,0.45704845814977973,-0.00532517871314464,CP Sum,True,,0.6343612334801763,0.6118750849346137,0.5608465608465608,0.19823788546255505,0.5330396475770925,0.22780614054850004,0.567921087917211,0.0019992496248124065,0.014992746373186596,True,True,0.413
MIMIC-III Mortality,LDA,9,naive,3648,331,10.021148036253777,19,0.4623736368629244,0.45704845814977973,-0.00532517871314464,CP Minimax,True,,0.6409691629955947,0.6405110614511309,0.6494623655913978,0.3832599118942731,0.33480176211453744,0.4289977554061973,0.422432545349062,0.002998749374687344,0.010994747373686845,True,True,0.404
MIMIC-III Mortality,LDA,9,naive,3648,331,10.021148036253777,19,0.4623736368629244,0.45704845814977973,-0.00532517871314464,DKW Sum,True,,0.6343612334801763,0.6118750849346137,0.5608465608465608,0.19823788546255505,0.5330396475770925,0.22214287054008802,0.5356110787177853,0.003498499249624813,0.02098974487243622,True,True,0.122
MIMIC-III Mortality,LDA,9,naive,3648,331,10.021148036253777,19,0.4623736368629244,0.45704845814977973,-0.00532517871314464,DKW Minimax,True,,0.6442731277533039,0.6441140283243432,0.6492942453854506,0.3700440528634361,0.34140969162995594,0.40297610341241563,0.3965626220857802,0.00449799899949975,0.015492496248124064,True,True,0.12
MIMIC-III Mortality,LDA,9,split,1277,116,10.021148036253777,19,0.45556262674202874,0.46255506607929514,0.0069924393372663984,Baseline,True,,0.5374449339207048,0.29818777681456277,0.16334661354581673,0.015418502202643172,0.9096916299559471,,,,,,,
MIMIC-III Mortality,LDA,9,split,1277,116,10.021148036253777,19,0.45556262674202874,0.46255506607929514,0.0069924393372663984,Threshold,True,,0.6233480176211453,0.5847799841635493,0.5196629213483146,0.16079295154185022,0.5925110132158591,,,,,,,
MIMIC-III Mortality,LDA,9,split,1277,116,10.021148036253777,19,0.45556262674202874,0.46255506607929514,0.0069924393372663984,SMOTE,True,,0.6233480176211453,0.6198356861492712,0.5966981132075472,0.31057268722466963,0.44273127753303965,,,,,,,
MIMIC-III Mortality,LDA,9,split,1277,116,10.021148036253777,19,0.45556262674202874,0.46255506607929514,0.0069924393372663984,Balanced Weights,False,,,,,,,,,,,,,
MIMIC-III Mortality,LDA,9,split,1277,116,10.021148036253777,19,0.45556262674202874,0.46255506607929514,0.0069924393372663984,Slacks Deltas,False,,,,,,,,,,,,,6.973
MIMIC-III Mortality,LDA,9,split,1277,116,10.021148036253777,19,0.45556262674202874,0.46255506607929514,0.0069924393372663984,Min Deltas,False,,,,,,,,,,,,,0.0
MIMIC-III Mortality,LDA,9,split,1277,116,10.021148036253777,19,0.45556262674202874,0.46255506607929514,0.0069924393372663984,F Deltas,False,,,,,,,,,,,,,0.0
MIMIC-III Mortality,LDA,9,split,1277,116,10.021148036253777,19,0.45556262674202874,0.46255506607929514,0.0069924393372663984,CP Sum,True,,0.6200440528634361,0.5878705662594635,0.5267489711934157,0.1828193832599119,0.5770925110132159,0.23330004141520436,0.6519094147819074,0.003498499249624813,0.032483991995998,True,True,1.437
MIMIC-III Mortality,LDA,9,split,1277,116,10.021148036253777,19,0.45556262674202874,0.46255506607929514,0.0069924393372663984,CP Minimax,True,,0.6343612334801763,0.6329792521136208,0.6490486257928119,0.40748898678414097,0.3237885462555066,0.480934852739483,0.4680529337695339,0.005997248624312156,0.022488994497248626,True,True,1.448
MIMIC-III Mortality,LDA,9,split,1277,116,10.021148036253777,19,0.45556262674202874,0.46255506607929514,0.0069924393372663984,DKW Sum,True,,0.6387665198237885,0.6320319448268178,0.6019417475728155,0.2687224669603524,0.45374449339207046,0.3161676866885987,0.5162627584802288,0.006496998499249626,0.03598224112056028,True,True,0.034
MIMIC-III Mortality,LDA,9,split,1277,116,10.021148036253777,19,0.45556262674202874,0.46255506607929514,0.0069924393372663984,DKW Minimax,True,,0.6387665198237885,0.6386297894068765,0.6434782608695652,0.3744493392070485,0.34801762114537443,0.4337734677732432,0.43329438850470015,0.008495997998999501,0.029985242621310658,True,True,0.036
MIMIC-III Mortality,Linear,0,naive,3648,331,10.021148036253777,19,0.48912131680885884,0.4779735682819383,-0.01114774852692052,Baseline,True,,0.5220264317180616,0.21964671123027152,0.09205020920502092,0.004405286343612335,0.9515418502202643,,,,,,,
MIMIC-III Mortality,Linear,0,naive,3648,331,10.021148036253777,19,0.48912131680885884,0.4779735682819383,-0.01114774852692052,Threshold,True,,0.6442731277533039,0.6434810070840519,0.655282817502668,0.3876651982378855,0.3237885462555066,,,,,,,
MIMIC-III Mortality,Linear,0,naive,3648,331,10.021148036253777,19,0.48912131680885884,0.4779735682819383,-0.01114774852692052,SMOTE,True,,0.6530837004405287,0.6508503089854656,0.6332945285215367,0.29295154185022027,0.4008810572687225,,,,,,,
MIMIC-III Mortality,Linear,0,naive,3648,331,10.021148036253777,19,0.48912131680885884,0.4779735682819383,-0.01114774852692052,Balanced Weights,True,,0.6497797356828194,0.6461820809976706,0.624113475177305,0.28193832599118945,0.4185022026431718,,,,,,,
MIMIC-III Mortality,Linear,0,naive,3648,331,10.021148036253777,19,0.48912131680885884,0.4779735682819383,-0.01114774852692052,Slacks Deltas,False,,,,,,,,,,,,,117.295
MIMIC-III Mortality,Linear,0,naive,3648,331,10.021148036253777,19,0.48912131680885884,0.4779735682819383,-0.01114774852692052,Min Deltas,True,,0.6596916299559471,0.6564837466265969,0.6360424028268551,0.2753303964757709,0.4052863436123348,,,,,,,1.36
MIMIC-III Mortality,Linear,0,naive,3648,331,10.021148036253777,19,0.48912131680885884,0.4779735682819383,-0.01114774852692052,F Deltas,True,,0.6596916299559471,0.6564837466265969,0.6360424028268551,0.2753303964757709,0.4052863436123348,,,,,,,0.04
MIMIC-III Mortality,Linear,0,naive,3648,331,10.021148036253777,19,0.48912131680885884,0.4779735682819383,-0.01114774852692052,CP Sum,True,,0.6442731277533039,0.6434810070840519,0.655282817502668,0.3876651982378855,0.3237885462555066,0.44182648571320227,0.38746307040366545,0.002998749374687344,0.010494997498749376,True,True,0.425
MIMIC-III Mortality,Linear,0,naive,3648,331,10.021148036253777,19,0.48912131680885884,0.4779735682819383,-0.01114774852692052,CP Minimax,True,,0.6497797356828194,0.6496863966410849,0.6535947712418301,0.36123348017621143,0.3392070484581498,0.4207356394613379,0.4160649228238751,0.002998749374687344,0.010994747373686845,True,True,0.423
MIMIC-III Mortality,Linear,0,naive,3648,331,10.021148036253777,19,0.48912131680885884,0.4779735682819383,-0.01114774852692052,DKW Sum,True,,0.6442731277533039,0.6434810070840519,0.655282817502668,0.3876651982378855,0.3237885462555066,0.4292046231591748,0.3609411755361297,0.00449799899949975,0.014492996498249127,True,True,0.127
MIMIC-III Mortality,Linear,0,naive,3648,331,10.021148036253777,19,0.48912131680885884,0.4779735682819383,-0.01114774852692052,DKW Minimax,True,,0.6541850220264317,0.6541516477937224,0.6564551422319475,0.3524229074889868,0.3392070484581498,0.4020716716970102,0.3965626220857802,0.00449799899949975,0.015492496248124064,True,True,0.122
MIMIC-III Mortality,Linear,0,split,1277,116,10.021148036253777,19,0.48046123311904043,0.4746696035242291,-0.005791629594811332,Baseline,True,,0.525330396475771,0.23414418089723898,0.10395010395010396,0.004405286343612335,0.9449339207048458,,,,,,,
MIMIC-III Mortality,Linear,0,split,1277,116,10.021148036253777,19,0.48046123311904043,0.4746696035242291,-0.005791629594811332,Threshold,True,,0.6398678414096917,0.6394497333625289,0.6480086114101185,0.3832599118942731,0.3370044052863436,,,,,,,
MIMIC-III Mortality,Linear,0,split,1277,116,10.021148036253777,19,0.48046123311904043,0.4746696035242291,-0.005791629594811332,SMOTE,True,,0.6453744493392071,0.6422055381195391,0.6211764705882353,0.2907488986784141,0.4185022026431718,,,,,,,
MIMIC-III Mortality,Linear,0,split,1277,116,10.021148036253777,19,0.48046123311904043,0.4746696035242291,-0.005791629594811332,Balanced Weights,True,,0.6464757709251101,0.642741694335457,0.6201183431952663,0.2841409691629956,0.42290748898678415,,,,,,,
MIMIC-III Mortality,Linear,0,split,1277,116,10.021148036253777,19,0.48046123311904043,0.4746696035242291,-0.005791629594811332,Slacks Deltas,False,,,,,,,,,,,,,7.166
MIMIC-III Mortality,Linear,0,split,1277,116,10.021148036253777,19,0.48046123311904043,0.4746696035242291,-0.005791629594811332,Min Deltas,False,,,,,,,,,,,,,0.0
MIMIC-III Mortality,Linear,0,split,1277,116,10.021148036253777,19,0.48046123311904043,0.4746696035242291,-0.005791629594811332,F Deltas,False,,,,,,,,,,,,,0.0
MIMIC-III Mortality,Linear,0,split,1277,116,10.021148036253777,19,0.48046123311904043,0.4746696035242291,-0.005791629594811332,CP Sum,True,,0.6541850220264317,0.6424510172710886,0.6055276381909548,0.22246696035242292,0.46916299559471364,0.30553556568000617,0.6440189325413677,0.003998249124562281,0.03198424212106053,True,True,1.486
MIMIC-III Mortality,Linear,0,split,1277,116,10.021148036253777,19,0.48046123311904043,0.4746696035242291,-0.005791629594811332,CP Minimax,True,,0.6453744493392071,0.6435526299999165,0.6617647058823529,0.40308370044052866,0.30616740088105726,0.48962741731592957,0.4943664907243081,0.005997248624312156,0.023988244122061034,True,True,1.472
MIMIC-III Mortality,Linear,0,split,1277,116,10.021148036253777,19,0.48046123311904043,0.4746696035242291,-0.005791629594811332,DKW Sum,True,,0.6486784140969163,0.6428171733674047,0.6151990349819059,0.2643171806167401,0.43832599118942733,0.3218530708305933,0.5658473278843351,0.006996748374187095,0.0404799899949975,True,True,0.033
MIMIC-III Mortality,Linear,0,split,1277,116,10.021148036253777,19,0.48046123311904043,0.4746696035242291,-0.005791629594811332,DKW Minimax,True,,0.6409691629955947,0.6398744758426823,0.6539278131634819,0.3964757709251101,0.32158590308370044,0.45789060816945343,0.44995965273629634,0.008495997998999501,0.030984742371185595,True,True,0.039
MIMIC-III Mortality,Linear,1,naive,3648,331,10.021148036253777,19,0.4827775434978828,0.4889867841409692,0.006209240643086367,Baseline,True,,0.5110132158590308,0.16221984704424644,0.05128205128205128,0.004405286343612335,0.973568281938326,,,,,,,
MIMIC-III Mortality,Linear,1,naive,3648,331,10.021148036253777,19,0.4827775434978828,0.4889867841409692,0.006209240643086367,Threshold,True,,0.6497797356828194,0.6449232383988099,0.6196172248803827,0.2709251101321586,0.42951541850220265,,,,,,,
MIMIC-III Mortality,Linear,1,naive,3648,331,10.021148036253777,19,0.4827775434978828,0.4889867841409692,0.006209240643086367,SMOTE,True,,0.6508810572687225,0.6496042471903538,0.6360505166475315,0.30837004405286345,0.3898678414096916,,,,,,,
MIMIC-III Mortality,Linear,1,naive,3648,331,10.021148036253777,19,0.4827775434978828,0.4889867841409692,0.006209240643086367,Balanced Weights,True,,0.6431718061674009,0.6402080043906591,0.6197183098591549,0.29515418502202645,0.4185022026431718,,,,,,,
MIMIC-III Mortality,Linear,1,naive,3648,331,10.021148036253777,19,0.4827775434978828,0.4889867841409692,0.006209240643086367,Slacks Deltas,False,,,,,,,,,,,,,117.852
MIMIC-III Mortality,Linear,1,naive,3648,331,10.021148036253777,19,0.4827775434978828,0.4889867841409692,0.006209240643086367,Min Deltas,True,,0.6453744493392071,0.6446373081192192,0.634090909090909,0.3237885462555066,0.3854625550660793,,,,,,,1.232
MIMIC-III Mortality,Linear,1,naive,3648,331,10.021148036253777,19,0.4827775434978828,0.4889867841409692,0.006209240643086367,F Deltas,True,,0.6453744493392071,0.6446373081192192,0.634090909090909,0.3237885462555066,0.3854625550660793,,,,,,,0.04
MIMIC-III Mortality,Linear,1,naive,3648,331,10.021148036253777,19,0.4827775434978828,0.4889867841409692,0.006209240643086367,CP Sum,True,,0.6475770925110133,0.6409351005981748,0.6116504854368932,0.2599118942731278,0.44493392070484583,0.2877285852157025,0.5113609480816486,0.0019992496248124065,0.01349349674837419,True,True,0.417
MIMIC-III Mortality,Linear,1,naive,3648,331,10.021148036253777,19,0.4827775434978828,0.4889867841409692,0.006209240643086367,CP Minimax,True,,0.6519823788546255,0.649652791303167,0.6701461377870563,0.40308370044052866,0.29295154185022027,0.42685686603348066,0.422432545349062,0.002998749374687344,0.010994747373686845,True,True,0.426
MIMIC-III Mortality,Linear,1,naive,3648,331,10.021148036253777,19,0.4827775434978828,0.4889867841409692,0.006209240643086367,DKW Sum,True,,0.6475770925110133,0.6409351005981748,0.6116504854368932,0.2599118942731278,0.44493392070484583,0.2791220686106337,0.4794522561165868,0.003498499249624813,0.018490995497748876,True,True,0.119
MIMIC-III Mortality,Linear,1,naive,3648,331,10.021148036253777,19,0.4827775434978828,0.4889867841409692,0.006209240643086367,DKW Minimax,True,,0.6464757709251101,0.6451902429901678,0.6603174603174603,0.394273127753304,0.31277533039647576,0.40297610341241563,0.3965626220857802,0.00449799899949975,0.015492496248124064,True,True,0.119
MIMIC-III Mortality,Linear,1,split,1277,116,10.021148036253777,19,0.4918572291495879,0.4933920704845815,0.0015348413349935974,Baseline,True,,0.5066079295154186,0.13245195047024588,0.034482758620689655,0.004405286343612335,0.9823788546255506,,,,,,,
MIMIC-III Mortality,Linear,1,split,1277,116,10.021148036253777,19,0.4918572291495879,0.4933920704845815,0.0015348413349935974,Threshold,True,,0.6365638766519823,0.6104024592497526,0.5564516129032258,0.1828193832599119,0.5440528634361234,,,,,,,
MIMIC-III Mortality,Linear,1,split,1277,116,10.021148036253777,19,0.4918572291495879,0.4933920704845815,0.0015348413349935974,SMOTE,True,,0.6464757709251101,0.6445733326714455,0.6280417149478563,0.3039647577092511,0.40308370044052866,,,,,,,
MIMIC-III Mortality,Linear,1,split,1277,116,10.021148036253777,19,0.4918572291495879,0.4933920704845815,0.0015348413349935974,Balanced Weights,True,,0.6420704845814978,0.6394117962064715,0.6198830409356725,0.29955947136563876,0.41629955947136565,,,,,,,
MIMIC-III Mortality,Linear,1,split,1277,116,10.021148036253777,19,0.4918572291495879,0.4933920704845815,0.0015348413349935974,Slacks Deltas,False,,,,,,,,,,,,,7.219
MIMIC-III Mortality,Linear,1,split,1277,116,10.021148036253777,19,0.4918572291495879,0.4933920704845815,0.0015348413349935974,Min Deltas,False,,,,,,,,,,,,,0.0
MIMIC-III Mortality,Linear,1,split,1277,116,10.021148036253777,19,0.4918572291495879,0.4933920704845815,0.0015348413349935974,F Deltas,False,,,,,,,,,,,,,0.0
MIMIC-III Mortality,Linear,1,split,1277,116,10.021148036253777,19,0.4918572291495879,0.4933920704845815,0.0015348413349935974,CP Sum,True,,0.6387665198237885,0.6120455374825143,0.5579514824797843,0.17841409691629956,0.5440528634361234,0.2323538542281861,0.6120554831384506,0.003498499249624813,0.029985242621310658,True,True,1.446
MIMIC-III Mortality,Linear,1,split,1277,116,10.021148036253777,19,0.4918572291495879,0.4933920704845815,0.0015348413349935974,CP Minimax,True,,0.6332599118942731,0.6314866956918114,0.6498422712933754,0.41409691629955947,0.31938325991189426,0.45123035679076856,0.44097456807074387,0.005997248624312156,0.02148949474737369,True,True,1.452
MIMIC-III Mortality,Linear,1,split,1277,116,10.021148036253777,19,0.4918572291495879,0.4933920704845815,0.0015348413349935974,DKW Sum,True,,0.6387665198237885,0.6120455374825143,0.5579514824797843,0.17841409691629956,0.5440528634361234,0.22437436741787245,0.5658473278843351,0.005997248624312156,0.0404799899949975,True,True,0.031
MIMIC-III Mortality,Linear,1,split,1277,116,10.021148036253777,19,0.4918572291495879,0.4933920704845815,0.0015348413349935974,DKW Minimax,True,,0.6332599118942731,0.6314866956918114,0.6498422712933754,0.41409691629955947,0.31938325991189426,0.4320508148877997,0.40832816396067473,0.008495997998999501,0.028485992996498254,True,True,0.034
MIMIC-III Mortality,Linear,2,naive,3648,331,10.021148036253777,19,0.47416631524682423,0.4812775330396476,0.0071112177928233655,Baseline,True,,0.5187224669603524,0.19889758074835784,0.07610993657505286,0.0022026431718061676,0.960352422907489,,,,,,,
MIMIC-III Mortality,Linear,2,naive,3648,331,10.021148036253777,19,0.47416631524682423,0.4812775330396476,0.0071112177928233655,Threshold,True,,0.6420704845814978,0.6183506346911957,0.5672436750998668,0.18502202643171806,0.5308370044052864,,,,,,,
MIMIC-III Mortality,Linear,2,naive,3648,331,10.021148036253777,19,0.47416631524682423,0.4812775330396476,0.0071112177928233655,SMOTE,True,,0.6541850220264317,0.6516734891575114,0.633177570093458,0.28854625550660795,0.40308370044052866,,,,,,,
MIMIC-III Mortality,Linear,2,naive,3648,331,10.021148036253777,19,0.47416631524682423,0.4812775330396476,0.0071112177928233655,Balanced Weights,True,,0.6442731277533039,0.6421904286453026,0.6248548199767712,0.3039647577092511,0.40748898678414097,,,,,,,
MIMIC-III Mortality,Linear,2,naive,3648,331,10.021148036253777,19,0.47416631524682423,0.4812775330396476,0.0071112177928233655,Slacks Deltas,False,,,,,,,,,,,,,118.253
MIMIC-III Mortality,Linear,2,naive,3648,331,10.021148036253777,19,0.47416631524682423,0.4812775330396476,0.0071112177928233655,Min Deltas,True,,0.6475770925110133,0.6452316000135744,0.627039627039627,0.2973568281938326,0.40748898678414097,,,,,,,1.74
MIMIC-III Mortality,Linear,2,naive,3648,331,10.021148036253777,19,0.47416631524682423,0.4812775330396476,0.0071112177928233655,F Deltas,True,,0.6475770925110133,0.6452316000135744,0.627039627039627,0.2973568281938326,0.40748898678414097,,,,,,,0.039
MIMIC-III Mortality,Linear,2,naive,3648,331,10.021148036253777,19,0.47416631524682423,0.4812775330396476,0.0071112177928233655,CP Sum,True,,0.6420704845814978,0.6183506346911957,0.5672436750998668,0.18502202643171806,0.5308370044052864,0.22620724443297427,0.5591964710694051,0.0019992496248124065,0.014492996498249127,True,True,0.422
MIMIC-III Mortality,Linear,2,naive,3648,331,10.021148036253777,19,0.47416631524682423,0.4812775330396476,0.0071112177928233655,CP Minimax,True,,0.6585903083700441,0.6568051476647199,0.6743697478991597,0.3898678414096916,0.29295154185022027,0.4348047423083623,0.4284895518773402,0.002998749374687344,0.011494497248624313,True,True,0.413
MIMIC-III Mortality,Linear,2,naive,3648,331,10.021148036253777,19,0.47416631524682423,0.4812775330396476,0.0071112177928233655,DKW Sum,True,,0.6420704845814978,0.6183506346911957,0.5672436750998668,0.18502202643171806,0.5308370044052864,0.22063548434774555,0.5267854994318105,0.003498499249624813,0.02048999499749875,True,False,0.121
MIMIC-III Mortality,Linear,2,naive,3648,331,10.021148036253777,19,0.47416631524682423,0.4812775330396476,0.0071112177928233655,DKW Minimax,True,,0.6585903083700441,0.6573958198145491,0.6716101694915254,0.381057268722467,0.30176211453744495,0.41413076123575,0.4026049181582877,0.00449799899949975,0.015492496248124064,True,True,0.118
MIMIC-III Mortality,Linear,2,split,1277,116,10.021148036253777,19,0.4688333261422962,0.4790748898678414,0.010241563725545189,Baseline,True,,0.5209251101321586,0.21940360466852768,0.0918580375782881,0.006607929515418502,0.9515418502202643,,,,,,,
MIMIC-III Mortality,Linear,2,split,1277,116,10.021148036253777,19,0.4688333261422962,0.4790748898678414,0.010241563725545189,Threshold,True,,0.6365638766519823,0.6197417514880876,0.5747422680412371,0.21806167400881057,0.5088105726872246,,,,,,,
MIMIC-III Mortality,Linear,2,split,1277,116,10.021148036253777,19,0.4688333261422962,0.4790748898678414,0.010241563725545189,SMOTE,True,,0.6409691629955947,0.6375539151030283,0.6155660377358491,0.29295154185022027,0.4251101321585903,,,,,,,
MIMIC-III Mortality,Linear,2,split,1277,116,10.021148036253777,19,0.4688333261422962,0.4790748898678414,0.010241563725545189,Balanced Weights,True,,0.6387665198237885,0.6326610844204877,0.6038647342995169,0.27312775330396477,0.44933920704845814,,,,,,,
MIMIC-III Mortality,Linear,2,split,1277,116,10.021148036253777,19,0.4688333261422962,0.4790748898678414,0.010241563725545189,Slacks Deltas,False,,,,,,,,,,,,,7.319
MIMIC-III Mortality,Linear,2,split,1277,116,10.021148036253777,19,0.4688333261422962,0.4790748898678414,0.010241563725545189,Min Deltas,False,,,,,,,,,,,,,0.0
MIMIC-III Mortality,Linear,2,split,1277,116,10.021148036253777,19,0.4688333261422962,0.4790748898678414,0.010241563725545189,F Deltas,False,,,,,,,,,,,,,0.0
MIMIC-III Mortality,Linear,2,split,1277,116,10.021148036253777,19,0.4688333261422962,0.4790748898678414,0.010241563725545189,CP Sum,True,,0.6277533039647577,0.5963592829986609,0.536986301369863,0.1762114537444934,0.5682819383259912,0.22001290907334173,0.6984119391073603,0.003498499249624813,0.03548249124562282,True,True,1.487
MIMIC-III Mortality,Linear,2,split,1277,116,10.021148036253777,19,0.4688333261422962,0.4790748898678414,0.010241563725545189,CP Minimax,True,,0.6607929515418502,0.6572555832443233,0.6824742268041237,0.40748898678414097,0.2709251101321586,0.46873184252286904,0.4589001753692209,0.005997248624312156,0.022488994497248626,True,True,1.492
MIMIC-III Mortality,Linear,2,split,1277,116,10.021148036253777,19,0.4688333261422962,0.4790748898678414,0.010241563725545189,DKW Sum,True,,0.6596916299559471,0.657827413104602,0.6757607555089192,0.3898678414096916,0.2907488986784141,0.4372187735441304,0.42496795479882654,0.008495997998999501,0.02948549274637319,True,True,0.033
MIMIC-III Mortality,Linear,2,split,1277,116,10.021148036253777,19,0.4688333261422962,0.4790748898678414,0.010241563725545189,DKW Minimax,True,,0.6596916299559471,0.657827413104602,0.6757607555089192,0.3898678414096916,0.2907488986784141,0.4372187735441304,0.42496795479882654,0.008495997998999501,0.02948549274637319,True,True,0.036
MIMIC-III Mortality,Linear,3,naive,3648,331,10.021148036253777,19,0.49153951036817567,0.486784140969163,-0.0047553693990126655,Baseline,True,,0.513215859030837,0.16903044090704555,0.05555555555555555,0.0022026431718061676,0.9713656387665198,,,,,,,
MIMIC-III Mortality,Linear,3,naive,3648,331,10.021148036253777,19,0.49153951036817567,0.486784140969163,-0.0047553693990126655,Threshold,True,,0.6574889867841409,0.6517069902979452,0.6248492159227985,0.2555066079295154,0.42951541850220265,,,,,,,
MIMIC-III Mortality,Linear,3,naive,3648,331,10.021148036253777,19,0.49153951036817567,0.486784140969163,-0.0047553693990126655,SMOTE,True,,0.6508810572687225,0.6508577632481314,0.6527929901423878,0.35462555066079293,0.3436123348017621,,,,,,,
MIMIC-III Mortality,Linear,3,naive,3648,331,10.021148036253777,19,0.49153951036817567,0.486784140969163,-0.0047553693990126655,Balanced Weights,True,,0.6585903083700441,0.6584097994932767,0.6532438478747203,0.32599118942731276,0.3568281938325991,,,,,,,
MIMIC-III Mortality,Linear,3,naive,3648,331,10.021148036253777,19,0.49153951036817567,0.486784140969163,-0.0047553693990126655,Slacks Deltas,False,,,,,,,,,,,,,118.248
MIMIC-III Mortality,Linear,3,naive,3648,331,10.021148036253777,19,0.49153951036817567,0.486784140969163,-0.0047553693990126655,Min Deltas,True,,0.6640969162995595,0.6634308580446414,0.6737967914438503,0.3656387665198238,0.30616740088105726,,,,,,,0.608
MIMIC-III Mortality,Linear,3,naive,3648,331,10.021148036253777,19,0.49153951036817567,0.486784140969163,-0.0047553693990126655,F Deltas,True,,0.6640969162995595,0.6634308580446414,0.6737967914438503,0.3656387665198238,0.30616740088105726,,,,,,,0.038
MIMIC-III Mortality,Linear,3,naive,3648,331,10.021148036253777,19,0.49153951036817567,0.486784140969163,-0.0047553693990126655,CP Sum,True,,0.6574889867841409,0.6517069902979452,0.6248492159227985,0.2555066079295154,0.42951541850220265,0.26691026140270846,0.576832655369969,0.0019992496248124065,0.014992746373186596,True,True,0.412
MIMIC-III Mortality,Linear,3,naive,3648,331,10.021148036253777,19,0.49153951036817567,0.486784140969163,-0.0047553693990126655,CP Minimax,True,,0.6585903083700441,0.6540626415142718,0.6830265848670757,0.4185022026431718,0.2643171806167401,0.4528001314227588,0.4534131813642514,0.002998749374687344,0.011994247123561782,True,True,0.407
MIMIC-III Mortality,Linear,3,naive,3648,331,10.021148036253777,19,0.49153951036817567,0.486784140969163,-0.0047553693990126655,DKW Sum,True,,0.6574889867841409,0.6517069902979452,0.6248492159227985,0.2555066079295154,0.42951541850220265,0.25922457087171297,0.544441538428364,0.003498499249624813,0.02148949474737369,True,True,0.125
MIMIC-III Mortality,Linear,3,naive,3648,331,10.021148036253777,19,0.49153951036817567,0.486784140969163,-0.0047553693990126655,DKW Minimax,True,,0.6585903083700441,0.6548076954725182,0.6810699588477366,0.4118942731277533,0.2709251101321586,0.43221939554385974,0.4261767080332969,0.00449799899949975,0.016491995997999002,True,True,0.126
MIMIC-III Mortality,Linear,3,split,1277,116,10.021148036253777,19,0.495580748155499,0.4933920704845815,-0.002188677670917516,Baseline,True,,0.5066079295154186,0.12403443370309326,0.030303030303030304,0.0022026431718061676,0.9845814977973568,,,,,,,
MIMIC-III Mortality,Linear,3,split,1277,116,10.021148036253777,19,0.495580748155499,0.4933920704845815,-0.002188677670917516,Threshold,True,,0.6519823788546255,0.6519228452400327,0.6550218340611353,0.3568281938325991,0.3392070484581498,,,,,,,
MIMIC-III Mortality,Linear,3,split,1277,116,10.021148036253777,19,0.495580748155499,0.4933920704845815,-0.002188677670917516,SMOTE,True,,0.6453744493392071,0.6452391191875783,0.65,0.36784140969163,0.34140969162995594,,,,,,,
MIMIC-III Mortality,Linear,3,split,1277,116,10.021148036253777,19,0.495580748155499,0.4933920704845815,-0.002188677670917516,Balanced Weights,True,,0.6596916299559471,0.6596833562026665,0.6608122941822173,0.3436123348017621,0.3370044052863436,,,,,,,
MIMIC-III Mortality,Linear,3,split,1277,116,10.021148036253777,19,0.495580748155499,0.4933920704845815,-0.002188677670917516,Slacks Deltas,False,,,,,,,,,,,,,7.03
MIMIC-III Mortality,Linear,3,split,1277,116,10.021148036253777,19,0.495580748155499,0.4933920704845815,-0.002188677670917516,Min Deltas,True,,0.6519823788546255,0.6517442117676451,0.658008658008658,0.3656387665198238,0.3303964757709251,,,,,,,0.189
MIMIC-III Mortality,Linear,3,split,1277,116,10.021148036253777,19,0.495580748155499,0.4933920704845815,-0.002188677670917516,F Deltas,True,,0.6519823788546255,0.6517442117676451,0.658008658008658,0.3656387665198238,0.3303964757709251,,,,,,,0.037
MIMIC-III Mortality,Linear,3,split,1277,116,10.021148036253777,19,0.495580748155499,0.4933920704845815,-0.002188677670917516,CP Sum,True,,0.6640969162995595,0.6604624724256349,0.6390532544378699,0.2665198237885463,0.4052863436123348,0.3106877880936625,0.5958305918757111,0.00449799899949975,0.02898574287143572,True,True,1.456
MIMIC-III Mortality,Linear,3,split,1277,116,10.021148036253777,19,0.495580748155499,0.4933920704845815,-0.002188677670917516,CP Minimax,True,,0.6563876651982379,0.6530530558663057,0.6776859504132231,0.40969162995594716,0.2775330396475771,0.477452273752819,0.4680529337695339,0.005997248624312156,0.022488994497248626,True,True,1.457
MIMIC-III Mortality,Linear,3,split,1277,116,10.021148036253777,19,0.495580748155499,0.4933920704845815,-0.002188677670917516,DKW Sum,True,,0.6508810572687225,0.6508577632481314,0.6527929901423878,0.35462555066079293,0.3436123348017621,0.37923946188853774,0.46664061299995024,0.007496498249124564,0.03198424212106053,True,True,0.031
MIMIC-III Mortality,Linear,3,split,1277,116,10.021148036253777,19,0.495580748155499,0.4933920704845815,-0.002188677670917516,DKW Minimax,True,,0.6552863436123348,0.6526814920633874,0.6742976066597295,0.40308370044052866,0.28634361233480177,0.44497071152862655,0.43329438850470015,0.008495997998999501,0.029985242621310658,True,True,0.033
MIMIC-III Mortality,Linear,4,naive,3648,331,10.021148036253777,19,0.4841373788967755,0.4911894273127753,0.007052048415999823,Baseline,True,,0.5088105726872246,0.14064182810876277,0.03879310344827586,0.0022026431718061676,0.9801762114537445,,,,,,,
MIMIC-III Mortality,Linear,4,naive,3648,331,10.021148036253777,19,0.4841373788967755,0.4911894273127753,0.007052048415999823,Threshold,True,,0.6299559471365639,0.6206413739304305,0.5851851851851851,0.2621145374449339,0.4779735682819383,,,,,,,
MIMIC-III Mortality,Linear,4,naive,3648,331,10.021148036253777,19,0.4841373788967755,0.4911894273127753,0.007052048415999823,SMOTE,True,,0.6332599118942731,0.6332129842792228,0.6304106548279689,0.3590308370044053,0.3744493392070485,,,,,,,
MIMIC-III Mortality,Linear,4,naive,3648,331,10.021148036253777,19,0.4841373788967755,0.4911894273127753,0.007052048415999823,Balanced Weights,True,,0.6453744493392071,0.6452391191875783,0.640625,0.34140969162995594,0.36784140969163,,,,,,,
MIMIC-III Mortality,Linear,4,naive,3648,331,10.021148036253777,19,0.4841373788967755,0.4911894273127753,0.007052048415999823,Slacks Deltas,False,,,,,,,,,,,,,116.845
MIMIC-III Mortality,Linear,4,naive,3648,331,10.021148036253777,19,0.4841373788967755,0.4911894273127753,0.007052048415999823,Min Deltas,True,,0.6387665198237885,0.6369257998917293,0.6554621848739496,0.40969162995594716,0.31277533039647576,,,,,,,1.046
MIMIC-III Mortality,Linear,4,naive,3648,331,10.021148036253777,19,0.4841373788967755,0.4911894273127753,0.007052048415999823,F Deltas,True,,0.6387665198237885,0.6369257998917293,0.6554621848739496,0.40969162995594716,0.31277533039647576,,,,,,,0.039
MIMIC-III Mortality,Linear,4,naive,3648,331,10.021148036253777,19,0.4841373788967755,0.4911894273127753,0.007052048415999823,CP Sum,True,,0.6299559471365639,0.6206413739304305,0.5851851851851851,0.2621145374449339,0.4779735682819383,0.2656450622358771,0.5354004164848021,0.0019992496248124065,0.013993246623311658,True,True,0.411
MIMIC-III Mortality,Linear,4,naive,3648,331,10.021148036253777,19,0.4841373788967755,0.4911894273127753,0.007052048415999823,CP Minimax,True,,0.6376651982378855,0.6357363949324596,0.6547743966421826,0.4118942731277533,0.31277533039647576,0.4265509596934279,0.4192511786796772,0.002998749374687344,0.010994747373686845,True,True,0.404
MIMIC-III Mortality,Linear,4,naive,3648,331,10.021148036253777,19,0.4841373788967755,0.4911894273127753,0.007052048415999823,DKW Sum,True,,0.6299559471365639,0.6206413739304305,0.5851851851851851,0.2621145374449339,0.4779735682819383,0.258018661917839,0.5031076223889972,0.003498499249624813,0.019490495247623814,False,True,0.119
MIMIC-III Mortality,Linear,4,naive,3648,331,10.021148036253777,19,0.4841373788967755,0.4911894273127753,0.007052048415999823,DKW Minimax,True,,0.6442731277533039,0.643119000909975,0.6574761399787911,0.394273127753304,0.31718061674008813,0.3933288317814238,0.3965626220857802,0.00449799899949975,0.015492496248124064,False,True,0.117
MIMIC-III Mortality,Linear,4,split,1277,116,10.021148036253777,19,0.4839528411787548,0.4966960352422908,0.012743194063535968,Baseline,True,,0.5033039647577092,0.09376121873917516,0.017429193899782137,0.0022026431718061676,0.9911894273127754,,,,,,,
MIMIC-III Mortality,Linear,4,split,1277,116,10.021148036253777,19,0.4839528411787548,0.4966960352422908,0.012743194063535968,Threshold,True,,0.6266519823788547,0.6113436024147729,0.5670498084291188,0.2356828193832599,0.5110132158590308,,,,,,,
MIMIC-III Mortality,Linear,4,split,1277,116,10.021148036253777,19,0.4839528411787548,0.4966960352422908,0.012743194063535968,SMOTE,True,,0.6233480176211453,0.6233324510439374,0.6216814159292036,0.3722466960352423,0.381057268722467,,,,,,,
MIMIC-III Mortality,Linear,4,split,1277,116,10.021148036253777,19,0.4839528411787548,0.4966960352422908,0.012743194063535968,Balanced Weights,True,,0.6343612334801763,0.6337146423266873,0.6235827664399093,0.3370044052863436,0.394273127753304,,,,,,,
MIMIC-III Mortality,Linear,4,split,1277,116,10.021148036253777,19,0.4839528411787548,0.4966960352422908,0.012743194063535968,Slacks Deltas,False,,,,,,,,,,,,,7.136
MIMIC-III Mortality,Linear,4,split,1277,116,10.021148036253777,19,0.4839528411787548,0.4966960352422908,0.012743194063535968,Min Deltas,False,,,,,,,,,,,,,0.0
MIMIC-III Mortality,Linear,4,split,1277,116,10.021148036253777,19,0.4839528411787548,0.4966960352422908,0.012743194063535968,F Deltas,False,,,,,,,,,,,,,0.0
MIMIC-III Mortality,Linear,4,split,1277,116,10.021148036253777,19,0.4839528411787548,0.4966960352422908,0.012743194063535968,CP Sum,True,,0.6277533039647577,0.611720447363819,0.5666666666666667,0.23127753303964757,0.513215859030837,0.2695074523344725,0.6039634850613025,0.003998249124562281,0.02948549274637319,True,True,1.446
MIMIC-III Mortality,Linear,4,split,1277,116,10.021148036253777,19,0.4839528411787548,0.4966960352422908,0.012743194063535968,CP Minimax,True,,0.6200440528634361,0.6135932936373253,0.6511627906976745,0.46916299559471364,0.2907488986784141,0.48354470034941976,0.4680529337695339,0.005997248624312156,0.022488994497248626,True,True,1.453
MIMIC-III Mortality,Linear,4,split,1277,116,10.021148036253777,19,0.4839528411787548,0.4966960352422908,0.012743194063535968,DKW Sum,True,,0.6277533039647577,0.611720447363819,0.5666666666666667,0.23127753303964757,0.513215859030837,0.2588274251267441,0.5576840380922871,0.005997248624312156,0.03948049024512257,True,True,0.031
MIMIC-III Mortality,Linear,4,split,1277,116,10.021148036253777,19,0.4839528411787548,0.4966960352422908,0.012743194063535968,DKW Minimax,True,,0.6200440528634361,0.6158977885745383,0.645426515930113,0.45154185022026433,0.30837004405286345,0.4501386701849573,0.441624997626349,0.008495997998999501,0.03048499249624813,False,True,0.033
MIMIC-III Mortality,Linear,5,naive,3648,331,10.021148036253777,19,0.46767180331661395,0.4878854625550661,0.020213659238452142,Baseline,True,,0.512114537444934,0.1623991946358305,0.05139186295503212,0.0022026431718061676,0.973568281938326,,,,,,,
MIMIC-III Mortality,Linear,5,naive,3648,331,10.021148036253777,19,0.46767180331661395,0.4878854625550661,0.020213659238452142,Threshold,True,,0.6277533039647577,0.605626743826763,0.554089709762533,0.20704845814977973,0.5374449339207048,,,,,,,
MIMIC-III Mortality,Linear,5,naive,3648,331,10.021148036253777,19,0.46767180331661395,0.4878854625550661,0.020213659238452142,SMOTE,True,,0.6134361233480177,0.6128179249630425,0.6024915062287656,0.3590308370044053,0.41409691629955947,,,,,,,
MIMIC-III Mortality,Linear,5,naive,3648,331,10.021148036253777,19,0.46767180331661395,0.4878854625550661,0.020213659238452142,Balanced Weights,True,,0.6145374449339207,0.6122595269549869,0.5930232558139535,0.33259911894273125,0.43832599118942733,,,,,,,
MIMIC-III Mortality,Linear,5,naive,3648,331,10.021148036253777,19,0.46767180331661395,0.4878854625550661,0.020213659238452142,Slacks Deltas,False,,,,,,,,,,,,,116.386
MIMIC-III Mortality,Linear,5,naive,3648,331,10.021148036253777,19,0.46767180331661395,0.4878854625550661,0.020213659238452142,Min Deltas,True,,0.6233480176211453,0.6224717927426056,0.6104783599088838,0.3436123348017621,0.40969162995594716,,,,,,,2.221
MIMIC-III Mortality,Linear,5,naive,3648,331,10.021148036253777,19,0.46767180331661395,0.4878854625550661,0.020213659238452142,F Deltas,True,,0.6233480176211453,0.6224717927426056,0.6104783599088838,0.3436123348017621,0.40969162995594716,,,,,,,0.039
MIMIC-III Mortality,Linear,5,naive,3648,331,10.021148036253777,19,0.46767180331661395,0.4878854625550661,0.020213659238452142,CP Sum,True,,0.6277533039647577,0.605626743826763,0.554089709762533,0.20704845814977973,0.5374449339207048,0.22108548886109108,0.5562068147422796,0.0019992496248124065,0.014492996498249127,True,True,0.407
MIMIC-III Mortality,Linear,5,naive,3648,331,10.021148036253777,19,0.46767180331661395,0.4878854625550661,0.020213659238452142,CP Minimax,True,,0.6200440528634361,0.6195264308370514,0.6294307196562836,0.4052863436123348,0.35462555066079293,0.4127682218038432,0.40967758736271587,0.002998749374687344,0.010994747373686845,True,True,0.397
MIMIC-III Mortality,Linear,5,naive,3648,331,10.021148036253777,19,0.46767180331661395,0.4878854625550661,0.020213659238452142,DKW Sum,True,,0.6277533039647577,0.605626743826763,0.554089709762533,0.20704845814977973,0.5374449339207048,0.2158118485322496,0.5237643513955568,0.003498499249624813,0.02048999499749875,True,False,0.125
MIMIC-III Mortality,Linear,5,naive,3648,331,10.021148036253777,19,0.46767180331661395,0.4878854625550661,0.020213659238452142,DKW Minimax,True,,0.6189427312775331,0.6186251870146945,0.6263498920086393,0.4008810572687225,0.36123348017621143,0.3951376952122348,0.3874991779770188,0.00449799899949975,0.015492496248124064,False,True,0.123
MIMIC-III Mortality,Linear,5,split,1277,116,10.021148036253777,19,0.47162272943003836,0.4900881057268722,0.01846537629683387,Baseline,True,,0.5099118942731278,0.14079697633917965,0.038876889848812095,0.0,0.9801762114537445,,,,,,,
MIMIC-III Mortality,Linear,5,split,1277,116,10.021148036253777,19,0.47162272943003836,0.4900881057268722,0.01846537629683387,Threshold,True,,0.6222466960352423,0.6137593166284954,0.5791411042944785,0.2753303964757709,0.4801762114537445,,,,,,,
MIMIC-III Mortality,Linear,5,split,1277,116,10.021148036253777,19,0.47162272943003836,0.4900881057268722,0.01846537629683387,SMOTE,True,,0.6079295154185022,0.6071469137501098,0.5954545454545455,0.36123348017621143,0.42290748898678415,,,,,,,
MIMIC-III Mortality,Linear,5,split,1277,116,10.021148036253777,19,0.47162272943003836,0.4900881057268722,0.01846537629683387,Balanced Weights,True,,0.6156387665198237,0.6128654247053891,0.591812865497076,0.32599118942731276,0.44273127753303965,,,,,,,
MIMIC-III Mortality,Linear,5,split,1277,116,10.021148036253777,19,0.47162272943003836,0.4900881057268722,0.01846537629683387,Slacks Deltas,False,,,,,,,,,,,,,7.072
MIMIC-III Mortality,Linear,5,split,1277,116,10.021148036253777,19,0.47162272943003836,0.4900881057268722,0.01846537629683387,Min Deltas,False,,,,,,,,,,,,,0.0
MIMIC-III Mortality,Linear,5,split,1277,116,10.021148036253777,19,0.47162272943003836,0.4900881057268722,0.01846537629683387,F Deltas,False,,,,,,,,,,,,,0.0
MIMIC-III Mortality,Linear,5,split,1277,116,10.021148036253777,19,0.47162272943003836,0.4900881057268722,0.01846537629683387,CP Sum,True,,0.6288546255506607,0.6252558714725381,0.602125147579693,0.3039647577092511,0.43832599118942733,0.31251827858806813,0.5459215657433975,0.00449799899949975,0.02648699349674838,True,True,1.452
MIMIC-III Mortality,Linear,5,split,1277,116,10.021148036253777,19,0.47162272943003836,0.4900881057268722,0.01846537629683387,CP Minimax,True,,0.6156387665198237,0.6122000929377663,0.6390899689762151,0.44933920704845814,0.31938325991189426,0.4626155725812632,0.44996525166159757,0.005997248624312156,0.02198924462231116,True,True,1.457
MIMIC-III Mortality,Linear,5,split,1277,116,10.021148036253777,19,0.47162272943003836,0.4900881057268722,0.01846537629683387,DKW Sum,True,,0.6288546255506607,0.6252558714725381,0.602125147579693,0.3039647577092511,0.43832599118942733,0.2989411578341628,0.4997851432480476,0.006496998499249626,0.03448299149574788,False,True,0.034
MIMIC-III Mortality,Linear,5,split,1277,116,10.021148036253777,19,0.47162272943003836,0.4900881057268722,0.01846537629683387,DKW Minimax,True,,0.6211453744493393,0.6202660379932077,0.6332622601279317,0.4118942731277533,0.3458149779735683,0.40219155039889587,0.4166458323718821,0.007996248124062032,0.02898574287143572,False,True,0.036
MIMIC-III Mortality,Linear,6,naive,3648,331,10.021148036253777,19,0.4824760662594143,0.486784140969163,0.004308074709748699,Baseline,True,,0.513215859030837,0.16903044090704555,0.05555555555555555,0.0022026431718061676,0.9713656387665198,,,,,,,
MIMIC-III Mortality,Linear,6,naive,3648,331,10.021148036253777,19,0.4824760662594143,0.486784140969163,0.004308074709748699,Threshold,True,,0.6431718061674009,0.6418087965371501,0.6575052854122622,0.3986784140969163,0.31497797356828194,,,,,,,
MIMIC-III Mortality,Linear,6,naive,3648,331,10.021148036253777,19,0.4824760662594143,0.486784140969163,0.004308074709748699,SMOTE,True,,0.6541850220264317,0.65204562736434,0.6348837209302326,0.29295154185022027,0.3986784140969163,,,,,,,
MIMIC-III Mortality,Linear,6,naive,3648,331,10.021148036253777,19,0.4824760662594143,0.486784140969163,0.004308074709748699,Balanced Weights,True,,0.6596916299559471,0.6566980314631281,0.63689776733255,0.2775330396475771,0.40308370044052866,,,,,,,
MIMIC-III Mortality,Linear,6,naive,3648,331,10.021148036253777,19,0.4824760662594143,0.486784140969163,0.004308074709748699,Slacks Deltas,False,,,,,,,,,,,,,116.2
MIMIC-III Mortality,Linear,6,naive,3648,331,10.021148036253777,19,0.4824760662594143,0.486784140969163,0.004308074709748699,Min Deltas,True,,0.6541850220264317,0.6541701892443234,0.6526548672566371,0.34140969162995594,0.3502202643171806,,,,,,,0.642
MIMIC-III Mortality,Linear,6,naive,3648,331,10.021148036253777,19,0.4824760662594143,0.486784140969163,0.004308074709748699,F Deltas,True,,0.6541850220264317,0.6541701892443234,0.6526548672566371,0.34140969162995594,0.3502202643171806,,,,,,,0.039
MIMIC-III Mortality,Linear,6,naive,3648,331,10.021148036253777,19,0.4824760662594143,0.486784140969163,0.004308074709748699,CP Sum,True,,0.6431718061674009,0.6418087965371501,0.6575052854122622,0.3986784140969163,0.31497797356828194,0.43511021191776134,0.40327021490148396,0.002998749374687344,0.010994747373686845,True,True,0.41
MIMIC-III Mortality,Linear,6,naive,3648,331,10.021148036253777,19,0.4824760662594143,0.486784140969163,0.004308074709748699,CP Minimax,True,,0.6409691629955947,0.6402269496597137,0.6517094017094017,0.3898678414096916,0.32819383259911894,0.4237970695638066,0.4192511786796772,0.002998749374687344,0.010994747373686845,True,True,0.401
MIMIC-III Mortality,Linear,6,naive,3648,331,10.021148036253777,19,0.4824760662594143,0.486784140969163,0.004308074709748699,DKW Sum,True,,0.6431718061674009,0.6418087965371501,0.6575052854122622,0.3986784140969163,0.31497797356828194,0.42257212391286786,0.37572610776737003,0.00449799899949975,0.014992746373186596,True,True,0.125
MIMIC-III Mortality,Linear,6,naive,3648,331,10.021148036253777,19,0.4824760662594143,0.486784140969163,0.004308074709748699,DKW Minimax,True,,0.6464757709251101,0.6459793289321228,0.6552094522019334,0.3788546255506608,0.32819383259911894,0.40448348960475816,0.39958377012203394,0.00449799899949975,0.015492496248124064,True,True,0.121
MIMIC-III Mortality,Linear,6,split,1277,116,10.021148036253777,19,0.4916253182033913,0.4900881057268723,-0.001537212476519001,Baseline,True,,0.5099118942731278,0.14824950370452722,0.043010752688172046,0.0022026431718061676,0.9779735682819384,,,,,,,
MIMIC-III Mortality,Linear,6,split,1277,116,10.021148036253777,19,0.4916253182033913,0.4900881057268723,-0.001537212476519001,Threshold,True,,0.6409691629955947,0.6398744758426823,0.6539278131634819,0.3964757709251101,0.32158590308370044,,,,,,,
MIMIC-III Mortality,Linear,6,split,1277,116,10.021148036253777,19,0.4916253182033913,0.4900881057268723,-0.001537212476519001,SMOTE,True,,0.6574889867841409,0.6552706102579439,0.6379511059371362,0.28854625550660795,0.3964757709251101,,,,,,,
MIMIC-III Mortality,Linear,6,split,1277,116,10.021148036253777,19,0.4916253182033913,0.4900881057268723,-0.001537212476519001,Balanced Weights,True,,0.6475770925110133,0.6452316000135744,0.627039627039627,0.2973568281938326,0.40748898678414097,,,,,,,
MIMIC-III Mortality,Linear,6,split,1277,116,10.021148036253777,19,0.4916253182033913,0.4900881057268723,-0.001537212476519001,Slacks Deltas,False,,,,,,,,,,,,,6.953
MIMIC-III Mortality,Linear,6,split,1277,116,10.021148036253777,19,0.4916253182033913,0.4900881057268723,-0.001537212476519001,Min Deltas,False,,,,,,,,,,,,,0.0
MIMIC-III Mortality,Linear,6,split,1277,116,10.021148036253777,19,0.4916253182033913,0.4900881057268723,-0.001537212476519001,F Deltas,False,,,,,,,,,,,,,0.0
MIMIC-III Mortality,Linear,6,split,1277,116,10.021148036253777,19,0.4916253182033913,0.4900881057268723,-0.001537212476519001,CP Sum,True,,0.6354625550660793,0.5870033721507385,0.5181950509461426,0.1211453744493392,0.6079295154185022,0.191608232818063,0.7060215834556216,0.002998749374687344,0.03598224112056028,True,True,1.437
MIMIC-III Mortality,Linear,6,split,1277,116,10.021148036253777,19,0.4916253182033913,0.4900881057268723,-0.001537212476519001,CP Minimax,True,,0.6409691629955947,0.6396014594848118,0.6553911205073996,0.4008810572687225,0.31718061674008813,0.473966504544015,0.4856458619640472,0.005997248624312156,0.023488494247123563,True,True,1.445
MIMIC-III Mortality,Linear,6,split,1277,116,10.021148036253777,19,0.4916253182033913,0.4900881057268723,-0.001537212476519001,DKW Sum,True,,0.6552863436123348,0.6491858706335253,0.6215235792019347,0.2555066079295154,0.43392070484581496,0.3390795996850291,0.5081481592239849,0.006996748374187095,0.03498274137068535,True,True,0.035
MIMIC-III Mortality,Linear,6,split,1277,116,10.021148036253777,19,0.4916253182033913,0.4900881057268723,-0.001537212476519001,DKW Minimax,True,,0.6420704845814978,0.6414798819125074,0.6516613076098606,0.3854625550660793,0.3303964757709251,0.4466933644140701,0.441624997626349,0.008495997998999501,0.03048499249624813,True,True,0.036
MIMIC-III Mortality,Linear,7,naive,3648,331,10.021148036253777,19,0.4793009917781419,0.47687224669603523,-0.0024287450821066647,Baseline,True,,0.5231277533039648,0.215070933898399,0.08842105263157894,0.0,0.9537444933920705,,,,,,,
MIMIC-III Mortality,Linear,7,naive,3648,331,10.021148036253777,19,0.4793009917781419,0.47687224669603523,-0.0024287450821066647,Threshold,True,,0.6519823788546255,0.647666990074091,0.6238095238095238,0.27312775330396477,0.42290748898678415,,,,,,,
MIMIC-III Mortality,Linear,7,naive,3648,331,10.021148036253777,19,0.4793009917781419,0.47687224669603523,-0.0024287450821066647,SMOTE,True,,0.6409691629955947,0.637321774937683,0.6146572104018913,0.2907488986784141,0.42731277533039647,,,,,,,
MIMIC-III Mortality,Linear,7,naive,3648,331,10.021148036253777,19,0.4793009917781419,0.47687224669603523,-0.0024287450821066647,Balanced Weights,True,,0.6508810572687225,0.6474047539566506,0.6257378984651711,0.28193832599118945,0.41629955947136565,,,,,,,
MIMIC-III Mortality,Linear,7,naive,3648,331,10.021148036253777,19,0.4793009917781419,0.47687224669603523,-0.0024287450821066647,Slacks Deltas,False,,,,,,,,,,,,,116.035
MIMIC-III Mortality,Linear,7,naive,3648,331,10.021148036253777,19,0.4793009917781419,0.47687224669603523,-0.0024287450821066647,Min Deltas,True,,0.6508810572687225,0.645039831461608,0.617611580217129,0.2621145374449339,0.43612334801762115,,,,,,,1.617
MIMIC-III Mortality,Linear,7,naive,3648,331,10.021148036253777,19,0.4793009917781419,0.47687224669603523,-0.0024287450821066647,F Deltas,True,,0.6508810572687225,0.645039831461608,0.617611580217129,0.2621145374449339,0.43612334801762115,,,,,,,0.038
MIMIC-III Mortality,Linear,7,naive,3648,331,10.021148036253777,19,0.4793009917781419,0.47687224669603523,-0.0024287450821066647,CP Sum,True,,0.6519823788546255,0.647666990074091,0.6238095238095238,0.27312775330396477,0.42290748898678415,0.3090230996360558,0.4749593575862101,0.002498999499749875,0.012493996998499252,True,True,0.413
MIMIC-III Mortality,Linear,7,naive,3648,331,10.021148036253777,19,0.4793009917781419,0.47687224669603523,-0.0024287450821066647,CP Minimax,True,,0.6464757709251101,0.6458891964733429,0.6559485530546624,0.381057268722467,0.32599118942731276,0.41062123464417083,0.40967758736271587,0.002998749374687344,0.010994747373686845,True,True,0.404
MIMIC-III Mortality,Linear,7,naive,3648,331,10.021148036253777,19,0.4793009917781419,0.47687224669603523,-0.0024287450821066647,DKW Sum,True,,0.6519823788546255,0.647666990074091,0.6238095238095238,0.27312775330396477,0.42290748898678415,0.2999239980649599,0.44401674055054363,0.003498499249624813,0.016991745872936472,True,True,0.121
MIMIC-III Mortality,Linear,7,naive,3648,331,10.021148036253777,19,0.4793009917781419,0.47687224669603523,-0.0024287450821066647,DKW Minimax,True,,0.6464757709251101,0.6462046050780929,0.652972972972973,0.3722466960352423,0.33480176211453744,0.3939317862583608,0.3847895518761314,0.00449799899949975,0.014992746373186596,True,True,0.118
MIMIC-III Mortality,Linear,7,split,1277,116,10.021148036253777,19,0.4837144582991759,0.4757709251101322,-0.007943533189043728,Baseline,True,,0.5242290748898678,0.22941350777606237,0.1,0.004405286343612335,0.947136563876652,,,,,,,
MIMIC-III Mortality,Linear,7,split,1277,116,10.021148036253777,19,0.4837144582991759,0.4757709251101322,-0.007943533189043728,Threshold,True,,0.6464757709251101,0.638660176473694,0.6070991432068543,0.2533039647577093,0.45374449339207046,,,,,,,
MIMIC-III Mortality,Linear,7,split,1277,116,10.021148036253777,19,0.4837144582991759,0.4757709251101322,-0.007943533189043728,SMOTE,True,,0.6420704845814978,0.6403216675969502,0.6242774566473989,0.31057268722466963,0.4052863436123348,,,,,,,
MIMIC-III Mortality,Linear,7,split,1277,116,10.021148036253777,19,0.4837144582991759,0.4757709251101322,-0.007943533189043728,Balanced Weights,True,,0.6530837004405287,0.6500596723953175,0.6298472385428907,0.2841409691629956,0.40969162995594716,,,,,,,
MIMIC-III Mortality,Linear,7,split,1277,116,10.021148036253777,19,0.4837144582991759,0.4757709251101322,-0.007943533189043728,Slacks Deltas,False,,,,,,,,,,,,,7.154
MIMIC-III Mortality,Linear,7,split,1277,116,10.021148036253777,19,0.4837144582991759,0.4757709251101322,-0.007943533189043728,Min Deltas,False,,,,,,,,,,,,,0.0
MIMIC-III Mortality,Linear,7,split,1277,116,10.021148036253777,19,0.4837144582991759,0.4757709251101322,-0.007943533189043728,F Deltas,False,,,,,,,,,,,,,0.0
MIMIC-III Mortality,Linear,7,split,1277,116,10.021148036253777,19,0.4837144582991759,0.4757709251101322,-0.007943533189043728,CP Sum,True,,0.6431718061674009,0.6294474396296653,0.5888324873096447,0.22466960352422907,0.4889867841409692,0.2806464622501032,0.5958305918757111,0.003998249124562281,0.02898574287143572,True,True,1.455
MIMIC-III Mortality,Linear,7,split,1277,116,10.021148036253777,19,0.4837144582991759,0.4757709251101322,-0.007943533189043728,CP Minimax,True,,0.6475770925110133,0.646493594452947,0.6602972399150743,0.3898678414096916,0.31497797356828194,0.4573651476494695,0.44097456807074387,0.005997248624312156,0.02148949474737369,True,True,1.457
MIMIC-III Mortality,Linear,7,split,1277,116,10.021148036253777,19,0.4837144582991759,0.4757709251101322,-0.007943533189043728,DKW Sum,True,,0.6431718061674009,0.6294474396296653,0.5888324873096447,0.22466960352422907,0.4889867841409692,0.2687947323389001,0.5492957290615421,0.006496998499249626,0.0389807403701851,True,True,0.032
MIMIC-III Mortality,Linear,7,split,1277,116,10.021148036253777,19,0.4837144582991759,0.4757709251101322,-0.007943533189043728,DKW Minimax,True,,0.6486784140969163,0.6482659885744442,0.6566200215285253,0.3744493392070485,0.32819383259911894,0.4271700172378278,0.40832816396067473,0.007996248124062032,0.028485992996498254,True,True,0.034
MIMIC-III Mortality,Linear,8,naive,3648,331,10.021148036253777,19,0.4845895947544782,0.4834801762114537,-0.0011094185430244874,Baseline,True,,0.5165198237885462,0.18752243747835032,0.06794055201698514,0.0022026431718061676,0.9647577092511013,,,,,,,
MIMIC-III Mortality,Linear,8,naive,3648,331,10.021148036253777,19,0.4845895947544782,0.4834801762114537,-0.0011094185430244874,Threshold,True,,0.6453744493392071,0.6339021833922124,0.5964912280701754,0.23348017621145375,0.47577092511013214,,,,,,,
MIMIC-III Mortality,Linear,8,naive,3648,331,10.021148036253777,19,0.4845895947544782,0.4834801762114537,-0.0011094185430244874,SMOTE,True,,0.6453744493392071,0.6422055381195391,0.6211764705882353,0.2907488986784141,0.4185022026431718,,,,,,,
MIMIC-III Mortality,Linear,8,naive,3648,331,10.021148036253777,19,0.4845895947544782,0.4834801762114537,-0.0011094185430244874,Balanced Weights,True,,0.6442731277533039,0.6397759000419189,0.6150178784266984,0.27973568281938327,0.43171806167400884,,,,,,,
MIMIC-III Mortality,Linear,8,naive,3648,331,10.021148036253777,19,0.4845895947544782,0.4834801762114537,-0.0011094185430244874,Slacks Deltas,False,,,,,,,,,,,,,116.651
MIMIC-III Mortality,Linear,8,naive,3648,331,10.021148036253777,19,0.4845895947544782,0.4834801762114537,-0.0011094185430244874,Min Deltas,True,,0.6453744493392071,0.64452816970856,0.6332574031890661,0.32158590308370044,0.3876651982378855,,,,,,,0.933
MIMIC-III Mortality,Linear,8,naive,3648,331,10.021148036253777,19,0.4845895947544782,0.4834801762114537,-0.0011094185430244874,F Deltas,True,,0.6453744493392071,0.64452816970856,0.6332574031890661,0.32158590308370044,0.3876651982378855,,,,,,,0.038
MIMIC-III Mortality,Linear,8,naive,3648,331,10.021148036253777,19,0.4845895947544782,0.4834801762114537,-0.0011094185430244874,CP Sum,True,,0.6453744493392071,0.6339021833922124,0.5964912280701754,0.23348017621145375,0.47577092511013214,0.29523070464178547,0.49323047810161424,0.002498999499749875,0.012993746873436721,True,True,0.412
MIMIC-III Mortality,Linear,8,naive,3648,331,10.021148036253777,19,0.4845895947544782,0.4834801762114537,-0.0011094185430244874,CP Minimax,True,,0.6387665198237885,0.6383866408012969,0.646551724137931,0.3832599118942731,0.3392070484581498,0.42960929204084314,0.4192511786796772,0.002998749374687344,0.010994747373686845,True,True,0.407
MIMIC-III Mortality,Linear,8,naive,3648,331,10.021148036253777,19,0.4845895947544782,0.4834801762114537,-0.0011094185430244874,DKW Sum,True,,0.6453744493392071,0.6339021833922124,0.5964912280701754,0.23348017621145375,0.47577092511013214,0.2866589995723461,0.4618640815744388,0.003498499249624813,0.01749149574787394,True,False,0.124
MIMIC-III Mortality,Linear,8,naive,3648,331,10.021148036253777,19,0.4845895947544782,0.4834801762114537,-0.0011094185430244874,DKW Minimax,True,,0.6376651982378855,0.6376185948442992,0.6404371584699453,0.3700440528634361,0.35462555066079293,0.40297610341241563,0.39958377012203394,0.00449799899949975,0.015492496248124064,True,True,0.124
MIMIC-III Mortality,Linear,8,split,1277,116,10.021148036253777,19,0.48720606635889024,0.486784140969163,-0.00042192538972724014,Baseline,True,,0.513215859030837,0.16257834438102145,0.05150214592274678,0.0,0.973568281938326,,,,,,,
MIMIC-III Mortality,Linear,8,split,1277,116,10.021148036253777,19,0.48720606635889024,0.486784140969163,-0.00042192538972724014,Threshold,True,,0.6442731277533039,0.6289076641959601,0.586427656850192,0.21585903083700442,0.4955947136563877,,,,,,,
MIMIC-III Mortality,Linear,8,split,1277,116,10.021148036253777,19,0.48720606635889024,0.486784140969163,-0.00042192538972724014,SMOTE,True,,0.6387665198237885,0.6355646624689864,0.6141176470588235,0.2973568281938326,0.4251101321585903,,,,,,,
MIMIC-III Mortality,Linear,8,split,1277,116,10.021148036253777,19,0.48720606635889024,0.486784140969163,-0.00042192538972724014,Balanced Weights,True,,0.6486784140969163,0.6436770087543172,0.6179640718562874,0.2709251101321586,0.43171806167400884,,,,,,,
MIMIC-III Mortality,Linear,8,split,1277,116,10.021148036253777,19,0.48720606635889024,0.486784140969163,-0.00042192538972724014,Slacks Deltas,False,,,,,,,,,,,,,7.205
MIMIC-III Mortality,Linear,8,split,1277,116,10.021148036253777,19,0.48720606635889024,0.486784140969163,-0.00042192538972724014,Min Deltas,False,,,,,,,,,,,,,0.0
MIMIC-III Mortality,Linear,8,split,1277,116,10.021148036253777,19,0.48720606635889024,0.486784140969163,-0.00042192538972724014,F Deltas,False,,,,,,,,,,,,,0.0
MIMIC-III Mortality,Linear,8,split,1277,116,10.021148036253777,19,0.48720606635889024,0.486784140969163,-0.00042192538972724014,CP Sum,True,,0.6244493392070485,0.5496996016376567,0.46635367762128327,0.07929515418502203,0.6718061674008811,0.13467269548040897,0.6984119391073603,0.002498999499749875,0.03548249124562282,True,True,1.46
MIMIC-III Mortality,Linear,8,split,1277,116,10.021148036253777,19,0.48720606635889024,0.486784140969163,-0.00042192538972724014,CP Minimax,True,,0.6365638766519823,0.6357058681073989,0.6481876332622601,0.3964757709251101,0.3303964757709251,0.4573651476494695,0.44097456807074387,0.005997248624312156,0.02148949474737369,True,True,1.472
MIMIC-III Mortality,Linear,8,split,1277,116,10.021148036253777,19,0.48720606635889024,0.486784140969163,-0.00042192538972724014,DKW Sum,True,,0.6497797356828194,0.6370971654544719,0.5984848484848485,0.22246696035242292,0.4779735682819383,0.2842986083078924,0.5081481592239849,0.006496998499249626,0.03498274137068535,True,True,0.033
MIMIC-III Mortality,Linear,8,split,1277,116,10.021148036253777,19,0.48720606635889024,0.486784140969163,-0.00042192538972724014,DKW Minimax,True,,0.6332599118942731,0.6329140982616042,0.6407766990291263,0.3876651982378855,0.3458149779735683,0.42975399656599317,0.4166458323718821,0.007996248124062032,0.02898574287143572,True,True,0.035
MIMIC-III Mortality,Linear,9,naive,3648,331,10.021148036253777,19,0.47854729868197066,0.4823788546255507,0.003831555943580034,Baseline,True,,0.5176211453744494,0.19329370422413059,0.07203389830508475,0.0022026431718061676,0.9625550660792952,,,,,,,
MIMIC-III Mortality,Linear,9,naive,3648,331,10.021148036253777,19,0.47854729868197066,0.4823788546255507,0.003831555943580034,Threshold,True,,0.6310572687224669,0.599475146766208,0.5404663923182441,0.17180616740088106,0.566079295154185,,,,,,,
MIMIC-III Mortality,Linear,9,naive,3648,331,10.021148036253777,19,0.47854729868197066,0.4823788546255507,0.003831555943580034,SMOTE,True,,0.6321585903083701,0.6299443947063093,0.6116279069767442,0.31497797356828194,0.42070484581497797,,,,,,,
MIMIC-III Mortality,Linear,9,naive,3648,331,10.021148036253777,19,0.47854729868197066,0.4823788546255507,0.003831555943580034,Balanced Weights,True,,0.6409691629955947,0.6365791196748205,0.611904761904762,0.2841409691629956,0.43392070484581496,,,,,,,
MIMIC-III Mortality,Linear,9,naive,3648,331,10.021148036253777,19,0.47854729868197066,0.4823788546255507,0.003831555943580034,Slacks Deltas,False,,,,,,,,,,,,,117.564
MIMIC-III Mortality,Linear,9,naive,3648,331,10.021148036253777,19,0.47854729868197066,0.4823788546255507,0.003831555943580034,Min Deltas,True,,0.6354625550660793,0.6333508840995822,0.6155632984901278,0.31277533039647576,0.41629955947136565,,,,,,,1.244
MIMIC-III Mortality,Linear,9,naive,3648,331,10.021148036253777,19,0.47854729868197066,0.4823788546255507,0.003831555943580034,F Deltas,True,,0.6354625550660793,0.6333508840995822,0.6155632984901278,0.31277533039647576,0.41629955947136565,,,,,,,0.038
MIMIC-III Mortality,Linear,9,naive,3648,331,10.021148036253777,19,0.47854729868197066,0.4823788546255507,0.003831555943580034,CP Sum,True,,0.6310572687224669,0.599475146766208,0.5404663923182441,0.17180616740088106,0.566079295154185,0.19607048691010265,0.5943403150539565,0.0014994997498749376,0.015492496248124064,True,True,0.41
MIMIC-III Mortality,Linear,9,naive,3648,331,10.021148036253777,19,0.47854729868197066,0.4823788546255507,0.003831555943580034,CP Minimax,True,,0.6343612334801763,0.6339787148227141,0.6422413793103449,0.3876651982378855,0.3436123348017621,0.4250211837800476,0.422432545349062,0.002998749374687344,0.010994747373686845,True,True,0.403
MIMIC-III Mortality,Linear,9,naive,3648,331,10.021148036253777,19,0.47854729868197066,0.4823788546255507,0.003831555943580034,DKW Sum,True,,0.6310572687224669,0.599475146766208,0.5404663923182441,0.17180616740088106,0.566079295154185,0.1923903606577636,0.5621162554978448,0.002998749374687344,0.022488994497248626,True,False,0.12
MIMIC-III Mortality,Linear,9,naive,3648,331,10.021148036253777,19,0.47854729868197066,0.4823788546255507,0.003831555943580034,DKW Minimax,True,,0.6365638766519823,0.6363199386267043,0.6428571428571429,0.381057268722467,0.3458149779735683,0.4077997392279116,0.39958377012203394,0.00449799899949975,0.015492496248124064,True,True,0.117
MIMIC-III Mortality,Linear,9,split,1277,116,10.021148036253777,19,0.47581007032834277,0.486784140969163,0.010974070640820233,Baseline,True,,0.513215859030837,0.16903044090704555,0.05555555555555555,0.0022026431718061676,0.9713656387665198,,,,,,,
MIMIC-III Mortality,Linear,9,split,1277,116,10.021148036253777,19,0.47581007032834277,0.486784140969163,0.010974070640820233,Threshold,True,,0.6332599118942731,0.6186016587330752,0.575796178343949,0.23127753303964757,0.5022026431718062,,,,,,,
MIMIC-III Mortality,Linear,9,split,1277,116,10.021148036253777,19,0.47581007032834277,0.486784140969163,0.010974070640820233,SMOTE,True,,0.6255506607929515,0.6225029685517426,0.6009389671361502,0.31277533039647576,0.43612334801762115,,,,,,,
MIMIC-III Mortality,Linear,9,split,1277,116,10.021148036253777,19,0.47581007032834277,0.486784140969163,0.010974070640820233,Balanced Weights,True,,0.6387665198237885,0.6340973202856732,0.6085918854415274,0.2841409691629956,0.43832599118942733,,,,,,,
MIMIC-III Mortality,Linear,9,split,1277,116,10.021148036253777,19,0.47581007032834277,0.486784140969163,0.010974070640820233,Slacks Deltas,False,,,,,,,,,,,,,7.043
MIMIC-III Mortality,Linear,9,split,1277,116,10.021148036253777,19,0.47581007032834277,0.486784140969163,0.010974070640820233,Min Deltas,False,,,,,,,,,,,,,0.0
MIMIC-III Mortality,Linear,9,split,1277,116,10.021148036253777,19,0.47581007032834277,0.486784140969163,0.010974070640820233,F Deltas,False,,,,,,,,,,,,,0.0
MIMIC-III Mortality,Linear,9,split,1277,116,10.021148036253777,19,0.47581007032834277,0.486784140969163,0.010974070640820233,CP Sum,True,,0.6233480176211453,0.5959360906814397,0.5390835579514824,0.19383259911894274,0.5594713656387665,0.24368007364009658,0.6281177557726492,0.003498499249624813,0.030984742371185595,True,True,1.434
MIMIC-III Mortality,Linear,9,split,1277,116,10.021148036253777,19,0.47581007032834277,0.486784140969163,0.010974070640820233,CP Minimax,True,,0.6200440528634361,0.6189780039175651,0.6333687566418703,0.41629955947136565,0.3436123348017621,0.4818050003762837,0.4680529337695339,0.005997248624312156,0.022488994497248626,True,True,1.446
MIMIC-III Mortality,Linear,9,split,1277,116,10.021148036253777,19,0.47581007032834277,0.486784140969163,0.010974070640820233,DKW Sum,True,,0.6321585903083701,0.6195655856123053,0.5793450881612091,0.2422907488986784,0.4933920704845815,0.2834372818651706,0.5327669496031305,0.006496998499249626,0.03748149074537269,True,True,0.033
MIMIC-III Mortality,Linear,9,split,1277,116,10.021148036253777,19,0.47581007032834277,0.486784140969163,0.010974070640820233,DKW Minimax,True,,0.6233480176211453,0.6226899906285328,0.6338329764453962,0.4052863436123348,0.34801762114537443,0.45875193461217517,0.441624997626349,0.008495997998999501,0.03048499249624813,True,True,0.035
MIMIC-III Mortality,MLP,0,naive,3648,331,10.021148036253777,19,0.45150770497492093,0.47026431718061673,0.0187566122056958,Baseline,True,,0.5297356828193832,0.26402333152020613,0.13034623217922606,0.011013215859030838,0.9295154185022027,,,,,,,
MIMIC-III Mortality,MLP,0,naive,3648,331,10.021148036253777,19,0.45150770497492093,0.47026431718061673,0.0187566122056958,Threshold,True,,0.6365638766519823,0.6345447605297212,0.6540880503144654,0.41409691629955947,0.31277533039647576,,,,,,,
MIMIC-III Mortality,MLP,0,naive,3648,331,10.021148036253777,19,0.45150770497492093,0.47026431718061673,0.0187566122056958,SMOTE,True,,0.5814977973568282,0.5354144861786392,0.4586894586894587,0.19162995594713655,0.6453744493392071,,,,,,,
MIMIC-III Mortality,MLP,0,naive,3648,331,10.021148036253777,19,0.45150770497492093,0.47026431718061673,0.0187566122056958,Balanced Weights,False,,,,,,,,,,,,,
MIMIC-III Mortality,MLP,0,naive,3648,331,10.021148036253777,19,0.45150770497492093,0.47026431718061673,0.0187566122056958,Slacks Deltas,False,,,,,,,,,,,,,117.932
MIMIC-III Mortality,MLP,0,naive,3648,331,10.021148036253777,19,0.45150770497492093,0.47026431718061673,0.0187566122056958,Min Deltas,True,,0.6464757709251101,0.639001931404137,0.608058608058608,0.2555066079295154,0.45154185022026433,,,,,,,3.145
MIMIC-III Mortality,MLP,0,naive,3648,331,10.021148036253777,19,0.45150770497492093,0.47026431718061673,0.0187566122056958,F Deltas,True,,0.6464757709251101,0.639001931404137,0.608058608058608,0.2555066079295154,0.45154185022026433,,,,,,,0.038
MIMIC-III Mortality,MLP,0,naive,3648,331,10.021148036253777,19,0.45150770497492093,0.47026431718061673,0.0187566122056958,CP Sum,True,,0.6376651982378855,0.633634250592132,0.6618705035971223,0.43392070484581496,0.2907488986784141,0.484117493658175,0.24080836153452043,0.003498499249624813,0.007496498249124564,True,False,0.422
MIMIC-III Mortality,MLP,0,naive,3648,331,10.021148036253777,19,0.45150770497492093,0.47026431718061673,0.0187566122056958,CP Minimax,True,,0.6420704845814978,0.642069540051141,0.6416758544652701,0.3568281938325991,0.3590308370044053,0.3823265940605942,0.3777334477598229,0.002998749374687344,0.010494997498749376,True,True,0.428
MIMIC-III Mortality,MLP,0,naive,3648,331,10.021148036253777,19,0.45150770497492093,0.47026431718061673,0.0187566122056958,DKW Sum,True,,0.6365638766519823,0.6345447605297212,0.6540880503144654,0.41409691629955947,0.31277533039647576,0.4449033362470867,0.2535694423532152,0.004997748874437219,0.012493996998499252,True,False,0.12
MIMIC-III Mortality,MLP,0,naive,3648,331,10.021148036253777,19,0.45150770497492093,0.47026431718061673,0.0187566122056958,DKW Minimax,True,,0.6442731277533039,0.6442495948109985,0.6423034330011074,0.3502202643171806,0.36123348017621143,0.3674096474655193,0.3609411755361297,0.003998249124562281,0.014492996498249127,True,False,0.119
MIMIC-III Mortality,MLP,0,split,1277,116,10.021148036253777,19,0.48232299262199596,0.4757709251101322,-0.006552067511863768,Baseline,True,,0.5242290748898678,0.22941350777606237,0.1,0.004405286343612335,0.947136563876652,,,,,,,
MIMIC-III Mortality,MLP,0,split,1277,116,10.021148036253777,19,0.48232299262199596,0.4757709251101322,-0.006552067511863768,Threshold,True,,0.6475770925110133,0.6454157945590192,0.6652719665271967,0.4052863436123348,0.29955947136563876,,,,,,,
MIMIC-III Mortality,MLP,0,split,1277,116,10.021148036253777,19,0.48232299262199596,0.4757709251101322,-0.006552067511863768,SMOTE,True,,0.5671806167400881,0.5143725974540484,0.4312590448625181,0.19383259911894274,0.6718061674008811,,,,,,,
MIMIC-III Mortality,MLP,0,split,1277,116,10.021148036253777,19,0.48232299262199596,0.4757709251101322,-0.006552067511863768,Balanced Weights,False,,,,,,,,,,,,,
MIMIC-III Mortality,MLP,0,split,1277,116,10.021148036253777,19,0.48232299262199596,0.4757709251101322,-0.006552067511863768,Slacks Deltas,False,,,,,,,,,,,,,7.179
MIMIC-III Mortality,MLP,0,split,1277,116,10.021148036253777,19,0.48232299262199596,0.4757709251101322,-0.006552067511863768,Min Deltas,False,,,,,,,,,,,,,0.0
MIMIC-III Mortality,MLP,0,split,1277,116,10.021148036253777,19,0.48232299262199596,0.4757709251101322,-0.006552067511863768,F Deltas,False,,,,,,,,,,,,,0.0
MIMIC-III Mortality,MLP,0,split,1277,116,10.021148036253777,19,0.48232299262199596,0.4757709251101322,-0.006552067511863768,CP Sum,True,,0.6662995594713657,0.6660947367857903,0.6606942889137738,0.31718061674008813,0.3502202643171806,0.4014625053335421,0.5459215657433975,0.004997748874437219,0.02648699349674838,True,True,1.491
MIMIC-III Mortality,MLP,0,split,1277,116,10.021148036253777,19,0.48232299262199596,0.4757709251101322,-0.006552067511863768,CP Minimax,True,,0.6508810572687225,0.6491559762758637,0.6666666666666666,0.3964757709251101,0.30176211453744495,0.4818050003762837,0.476875071980288,0.005997248624312156,0.022988744372186096,True,True,1.472
MIMIC-III Mortality,MLP,0,split,1277,116,10.021148036253777,19,0.48232299262199596,0.4757709251101322,-0.006552067511863768,DKW Sum,True,,0.6662995594713657,0.6660947367857903,0.6606942889137738,0.31718061674008813,0.3502202643171806,0.3835460941021468,0.4997851432480476,0.007496498249124564,0.03448299149574788,True,True,0.032
MIMIC-III Mortality,MLP,0,split,1277,116,10.021148036253777,19,0.48232299262199596,0.4757709251101322,-0.006552067511863768,DKW Minimax,True,,0.6530837004405287,0.6515208510524362,0.6680716543730242,0.3920704845814978,0.30176211453744495,0.45530662884128803,0.441624997626349,0.008495997998999501,0.03048499249624813,True,True,0.035
MIMIC-III Mortality,MLP,1,naive,3648,331,10.021148036253777,19,0.4706929513528677,0.47026431718061673,-0.00042863417225097455,Baseline,True,,0.5297356828193832,0.24806886740618656,0.11594202898550725,0.0022026431718061676,0.9383259911894273,,,,,,,
MIMIC-III Mortality,MLP,1,naive,3648,331,10.021148036253777,19,0.4706929513528677,0.47026431718061673,-0.00042863417225097455,Threshold,True,,0.6398678414096917,0.6080252749710247,0.5502063273727648,0.16079295154185022,0.5594713656387665,,,,,,,
MIMIC-III Mortality,MLP,1,naive,3648,331,10.021148036253777,19,0.4706929513528677,0.47026431718061673,-0.00042863417225097455,SMOTE,True,,0.5859030837004405,0.5559220028248442,0.4918918918918919,0.2290748898678414,0.5991189427312775,,,,,,,
MIMIC-III Mortality,MLP,1,naive,3648,331,10.021148036253777,19,0.4706929513528677,0.47026431718061673,-0.00042863417225097455,Balanced Weights,False,,,,,,,,,,,,,
MIMIC-III Mortality,MLP,1,naive,3648,331,10.021148036253777,19,0.4706929513528677,0.47026431718061673,-0.00042863417225097455,Slacks Deltas,False,,,,,,,,,,,,,118.91
MIMIC-III Mortality,MLP,1,naive,3648,331,10.021148036253777,19,0.4706929513528677,0.47026431718061673,-0.00042863417225097455,Min Deltas,True,,0.6354625550660793,0.6193776201170723,0.5750962772785623,0.22246696035242292,0.5066079295154186,,,,,,,3.162
MIMIC-III Mortality,MLP,1,naive,3648,331,10.021148036253777,19,0.4706929513528677,0.47026431718061673,-0.00042863417225097455,F Deltas,True,,0.6354625550660793,0.6193776201170723,0.5750962772785623,0.22246696035242292,0.5066079295154186,,,,,,,0.038
MIMIC-III Mortality,MLP,1,naive,3648,331,10.021148036253777,19,0.4706929513528677,0.47026431718061673,-0.00042863417225097455,CP Sum,True,,0.6398678414096917,0.6080252749710247,0.5502063273727648,0.16079295154185022,0.5594713656387665,0.19153977526984386,0.5502157808107102,0.0014994997498749376,0.014492996498249127,True,False,0.415
MIMIC-III Mortality,MLP,1,naive,3648,331,10.021148036253777,19,0.4706929513528677,0.47026431718061673,-0.00042863417225097455,CP Minimax,True,,0.6387665198237885,0.6383866408012969,0.646551724137931,0.3832599118942731,0.3392070484581498,0.3863335833630377,0.38098209035613356,0.002998749374687344,0.010494997498749376,True,True,0.407
MIMIC-III Mortality,MLP,1,naive,3648,331,10.021148036253777,19,0.4706929513528677,0.47026431718061673,-0.00042863417225097455,DKW Sum,True,,0.6398678414096917,0.6080252749710247,0.5502063273727648,0.16079295154185022,0.5594713656387665,0.18816967931920467,0.5179650304145418,0.002998749374687344,0.019990245122561284,True,False,0.122
MIMIC-III Mortality,MLP,1,naive,3648,331,10.021148036253777,19,0.4706929513528677,0.47026431718061673,-0.00042863417225097455,DKW Minimax,True,,0.6354625550660793,0.6354386958316439,0.6374589266155531,0.3700440528634361,0.3590308370044053,0.36891703365786177,0.3609411755361297,0.003998249124562281,0.014492996498249127,False,True,0.121
MIMIC-III Mortality,MLP,1,split,1277,116,10.021148036253777,19,0.4960445700478923,0.4955947136563877,-0.00044985639150463275,Baseline,True,,0.5044052863436124,0.10482822937701138,0.021739130434782608,0.0022026431718061676,0.9889867841409692,,,,,,,
MIMIC-III Mortality,MLP,1,split,1277,116,10.021148036253777,19,0.4960445700478923,0.4955947136563877,-0.00044985639150463275,Threshold,True,,0.6299559471365639,0.6224562042524953,0.5902439024390244,0.27312775330396477,0.4669603524229075,,,,,,,
MIMIC-III Mortality,MLP,1,split,1277,116,10.021148036253777,19,0.4960445700478923,0.4955947136563877,-0.00044985639150463275,SMOTE,True,,0.5649779735682819,0.5169411598839104,0.43651925820256776,0.20704845814977973,0.6629955947136564,,,,,,,
MIMIC-III Mortality,MLP,1,split,1277,116,10.021148036253777,19,0.4960445700478923,0.4955947136563877,-0.00044985639150463275,Balanced Weights,False,,,,,,,,,,,,,
MIMIC-III Mortality,MLP,1,split,1277,116,10.021148036253777,19,0.4960445700478923,0.4955947136563877,-0.00044985639150463275,Slacks Deltas,False,,,,,,,,,,,,,7.055
MIMIC-III Mortality,MLP,1,split,1277,116,10.021148036253777,19,0.4960445700478923,0.4955947136563877,-0.00044985639150463275,Min Deltas,False,,,,,,,,,,,,,0.0
MIMIC-III Mortality,MLP,1,split,1277,116,10.021148036253777,19,0.4960445700478923,0.4955947136563877,-0.00044985639150463275,F Deltas,False,,,,,,,,,,,,,0.0
MIMIC-III Mortality,MLP,1,split,1277,116,10.021148036253777,19,0.4960445700478923,0.4955947136563877,-0.00044985639150463275,CP Sum,True,,0.6299559471365639,0.610795771363419,0.5625,0.21585903083700442,0.5242290748898678,0.25682004105401385,0.5958305918757111,0.003498499249624813,0.02898574287143572,True,True,1.448
MIMIC-III Mortality,MLP,1,split,1277,116,10.021148036253777,19,0.4960445700478923,0.4955947136563877,-0.00044985639150463275,CP Minimax,True,,0.6321585903083701,0.6311754623267889,0.6446808510638298,0.40308370044052866,0.33259911894273125,0.4564893634754181,0.44996525166159757,0.005997248624312156,0.02198924462231116,True,True,1.453
MIMIC-III Mortality,MLP,1,split,1277,116,10.021148036253777,19,0.4960445700478923,0.4955947136563877,-0.00044985639150463275,DKW Sum,True,,0.6299559471365639,0.610795771363419,0.5625,0.21585903083700442,0.5242290748898678,0.24676885492863904,0.5492957290615421,0.005997248624312156,0.0389807403701851,True,True,0.032
MIMIC-III Mortality,MLP,1,split,1277,116,10.021148036253777,19,0.4960445700478923,0.4955947136563877,-0.00044985639150463275,DKW Minimax,True,,0.6343612334801763,0.6338103334774519,0.6437768240343348,0.3920704845814978,0.3392070484581498,0.42975399656599317,0.4166458323718821,0.007996248124062032,0.02898574287143572,True,True,0.034
MIMIC-III Mortality,MLP,2,naive,3648,331,10.021148036253777,19,0.46993607043091207,0.48237885462555063,0.012442784194638568,Baseline,True,,0.5176211453744494,0.20896107886575196,0.08368200836820083,0.00881057268722467,0.9559471365638766,,,,,,,
MIMIC-III Mortality,MLP,2,naive,3648,331,10.021148036253777,19,0.46993607043091207,0.48237885462555063,0.012442784194638568,Threshold,True,,0.6541850220264317,0.6518633061883318,0.634032634032634,0.2907488986784141,0.4008810572687225,,,,,,,
MIMIC-III Mortality,MLP,2,naive,3648,331,10.021148036253777,19,0.46993607043091207,0.48237885462555063,0.012442784194638568,SMOTE,True,,0.5870044052863436,0.560277264790367,0.4993324432576769,0.23788546255506607,0.5881057268722467,,,,,,,
MIMIC-III Mortality,MLP,2,naive,3648,331,10.021148036253777,19,0.46993607043091207,0.48237885462555063,0.012442784194638568,Balanced Weights,False,,,,,,,,,,,,,
MIMIC-III Mortality,MLP,2,naive,3648,331,10.021148036253777,19,0.46993607043091207,0.48237885462555063,0.012442784194638568,Slacks Deltas,False,,,,,,,,,,,,,118.888
MIMIC-III Mortality,MLP,2,naive,3648,331,10.021148036253777,19,0.46993607043091207,0.48237885462555063,0.012442784194638568,Min Deltas,True,,0.6464757709251101,0.6339481033591959,0.5952080706179067,0.22687224669603523,0.4801762114537445,,,,,,,2.479
MIMIC-III Mortality,MLP,2,naive,3648,331,10.021148036253777,19,0.46993607043091207,0.48237885462555063,0.012442784194638568,F Deltas,True,,0.6464757709251101,0.6339481033591959,0.5952080706179067,0.22687224669603523,0.4801762114537445,,,,,,,0.038
MIMIC-III Mortality,MLP,2,naive,3648,331,10.021148036253777,19,0.46993607043091207,0.48237885462555063,0.012442784194638568,CP Sum,True,,0.6310572687224669,0.5933905987835325,0.5301542776998598,0.15418502202643172,0.5837004405286343,0.17431543560672252,0.597075599585027,0.0014994997498749376,0.01599224612306153,True,True,0.419
MIMIC-III Mortality,MLP,2,naive,3648,331,10.021148036253777,19,0.46993607043091207,0.48237885462555063,0.012442784194638568,CP Minimax,True,,0.6541850220264317,0.6541256888799324,0.6572052401746725,0.35462555066079293,0.3370044052863436,0.4069387828613004,0.40327021490148396,0.002998749374687344,0.010994747373686845,True,True,0.411
MIMIC-III Mortality,MLP,2,naive,3648,331,10.021148036253777,19,0.46993607043091207,0.48237885462555063,0.012442784194638568,DKW Sum,True,,0.6541850220264317,0.6518633061883318,0.634032634032634,0.2907488986784141,0.4008810572687225,0.31857033483362296,0.41438670953223394,0.003998249124562281,0.01599224612306153,True,True,0.124
MIMIC-III Mortality,MLP,2,naive,3648,331,10.021148036253777,19,0.46993607043091207,0.48237885462555063,0.012442784194638568,DKW Minimax,True,,0.6475770925110133,0.6475733465083898,0.6467991169977925,0.3502202643171806,0.35462555066079293,0.3860933780581799,0.38176840383987753,0.00449799899949975,0.014992746373186596,True,True,0.122
MIMIC-III Mortality,MLP,2,split,1277,116,10.021148036253777,19,0.4690652370884929,0.4812775330396476,0.012212295951154695,Baseline,True,,0.5187224669603524,0.20919312899707074,0.08385744234800839,0.006607929515418502,0.9559471365638766,,,,,,,
MIMIC-III Mortality,MLP,2,split,1277,116,10.021148036253777,19,0.4690652370884929,0.4812775330396476,0.012212295951154695,Threshold,True,,0.6299559471365639,0.6008009558143549,0.5434782608695652,0.18061674008810572,0.5594713656387665,,,,,,,
MIMIC-III Mortality,MLP,2,split,1277,116,10.021148036253777,19,0.4690652370884929,0.4812775330396476,0.012212295951154695,SMOTE,True,,0.5704845814977973,0.5234325566926558,0.4444444444444444,0.2026431718061674,0.6563876651982379,,,,,,,
MIMIC-III Mortality,MLP,2,split,1277,116,10.021148036253777,19,0.4690652370884929,0.4812775330396476,0.012212295951154695,Balanced Weights,False,,,,,,,,,,,,,
MIMIC-III Mortality,MLP,2,split,1277,116,10.021148036253777,19,0.4690652370884929,0.4812775330396476,0.012212295951154695,Slacks Deltas,False,,,,,,,,,,,,,7.129
MIMIC-III Mortality,MLP,2,split,1277,116,10.021148036253777,19,0.4690652370884929,0.4812775330396476,0.012212295951154695,Min Deltas,False,,,,,,,,,,,,,0.0
MIMIC-III Mortality,MLP,2,split,1277,116,10.021148036253777,19,0.4690652370884929,0.4812775330396476,0.012212295951154695,F Deltas,False,,,,,,,,,,,,,0.0
MIMIC-III Mortality,MLP,2,split,1277,116,10.021148036253777,19,0.4690652370884929,0.4812775330396476,0.012212295951154695,CP Sum,True,,0.6442731277533039,0.6317017797224663,0.592686002522068,0.2290748898678414,0.48237885462555063,0.2898918729558339,0.6281177557726492,0.003998249124562281,0.030984742371185595,True,True,1.479
MIMIC-III Mortality,MLP,2,split,1277,116,10.021148036253777,19,0.4690652370884929,0.4812775330396476,0.012212295951154695,CP Minimax,True,,0.6409691629955947,0.6379951289379149,0.6618257261410788,0.42070484581497797,0.2973568281938326,0.480934852739483,0.476875071980288,0.005997248624312156,0.022988744372186096,True,True,1.491
MIMIC-III Mortality,MLP,2,split,1277,116,10.021148036253777,19,0.4690652370884929,0.4812775330396476,0.012212295951154695,DKW Sum,True,,0.6442731277533039,0.6317017797224663,0.592686002522068,0.2290748898678414,0.48237885462555063,0.27740799676611805,0.5822017868301462,0.006496998499249626,0.04247898949474738,True,True,0.032
MIMIC-III Mortality,MLP,2,split,1277,116,10.021148036253777,19,0.4690652370884929,0.4812775330396476,0.012212295951154695,DKW Minimax,True,,0.6409691629955947,0.6387855078447741,0.6589958158995816,0.4118942731277533,0.30616740088105726,0.4466933644140701,0.441624997626349,0.008495997998999501,0.03048499249624813,True,True,0.034
MIMIC-III Mortality,MLP,3,naive,3648,331,10.021148036253777,19,0.4941084425467267,0.4889867841409692,-0.005121658405757512,Baseline,True,,0.5110132158590308,0.15548539122214183,0.04721030042918455,0.0022026431718061676,0.9757709251101322,,,,,,,
MIMIC-III Mortality,MLP,3,naive,3648,331,10.021148036253777,19,0.4941084425467267,0.4889867841409692,-0.005121658405757512,Threshold,True,,0.6662995594713657,0.6523840886523102,0.6140127388535032,0.19823788546255505,0.46916299559471364,,,,,,,
MIMIC-III Mortality,MLP,3,naive,3648,331,10.021148036253777,19,0.4941084425467267,0.4889867841409692,-0.005121658405757512,SMOTE,True,,0.5914096916299559,0.5706588953493598,0.516297262059974,0.2533039647577093,0.5638766519823789,,,,,,,
MIMIC-III Mortality,MLP,3,naive,3648,331,10.021148036253777,19,0.4941084425467267,0.4889867841409692,-0.005121658405757512,Balanced Weights,False,,,,,,,,,,,,,
MIMIC-III Mortality,MLP,3,naive,3648,331,10.021148036253777,19,0.4941084425467267,0.4889867841409692,-0.005121658405757512,Slacks Deltas,False,,,,,,,,,,,,,118.27
MIMIC-III Mortality,MLP,3,naive,3648,331,10.021148036253777,19,0.4941084425467267,0.4889867841409692,-0.005121658405757512,Min Deltas,True,,0.6640969162995595,0.6633284688383762,0.6530147895335608,0.3039647577092511,0.36784140969163,,,,,,,1.9
MIMIC-III Mortality,MLP,3,naive,3648,331,10.021148036253777,19,0.4941084425467267,0.4889867841409692,-0.005121658405757512,F Deltas,True,,0.6640969162995595,0.6633284688383762,0.6530147895335608,0.3039647577092511,0.36784140969163,,,,,,,0.038
MIMIC-III Mortality,MLP,3,naive,3648,331,10.021148036253777,19,0.4941084425467267,0.4889867841409692,-0.005121658405757512,CP Sum,True,,0.6651982378854625,0.6486213822037632,0.6072351421188631,0.18722466960352424,0.48237885462555063,0.216597199299707,0.597075599585027,0.0019992496248124065,0.01599224612306153,True,True,0.411
MIMIC-III Mortality,MLP,3,naive,3648,331,10.021148036253777,19,0.4941084425467267,0.4889867841409692,-0.005121658405757512,CP Minimax,True,,0.6541850220264317,0.6518633061883318,0.6722338204592901,0.4008810572687225,0.2907488986784141,0.43785871547072,0.4316563525762263,0.002998749374687344,0.011494497248624313,True,True,0.404
MIMIC-III Mortality,MLP,3,naive,3648,331,10.021148036253777,19,0.4941084425467267,0.4889867841409692,-0.005121658405757512,DKW Sum,True,,0.6651982378854625,0.6486213822037632,0.6072351421188631,0.18722466960352424,0.48237885462555063,0.21159116719369067,0.5651374035340986,0.003498499249624813,0.022488994497248626,True,True,0.121
MIMIC-III Mortality,MLP,3,naive,3648,331,10.021148036253777,19,0.4941084425467267,0.4889867841409692,-0.005121658405757512,DKW Minimax,True,,0.6563876651982379,0.6549077127714044,0.6708860759493671,0.3876651982378855,0.29955947136563876,0.41563814742809246,0.4113655614959802,0.00449799899949975,0.01599224612306153,True,True,0.119
MIMIC-III Mortality,MLP,3,split,1277,116,10.021148036253777,19,0.4906976744186046,0.4955947136563877,0.004897039237783063,Baseline,True,,0.5044052863436124,0.10482822937701138,0.021739130434782608,0.0022026431718061676,0.9889867841409692,,,,,,,
MIMIC-III Mortality,MLP,3,split,1277,116,10.021148036253777,19,0.4906976744186046,0.4955947136563877,0.004897039237783063,Threshold,True,,0.6508810572687225,0.650201460993833,0.6401816118047673,0.31938325991189426,0.3788546255506608,,,,,,,
MIMIC-III Mortality,MLP,3,split,1277,116,10.021148036253777,19,0.4906976744186046,0.4955947136563877,0.004897039237783063,SMOTE,True,,0.5550660792951542,0.5201223662782535,0.44808743169398907,0.2511013215859031,0.6387665198237885,,,,,,,
MIMIC-III Mortality,MLP,3,split,1277,116,10.021148036253777,19,0.4906976744186046,0.4955947136563877,0.004897039237783063,Balanced Weights,False,,,,,,,,,,,,,
MIMIC-III Mortality,MLP,3,split,1277,116,10.021148036253777,19,0.4906976744186046,0.4955947136563877,0.004897039237783063,Slacks Deltas,False,,,,,,,,,,,,,7.04
MIMIC-III Mortality,MLP,3,split,1277,116,10.021148036253777,19,0.4906976744186046,0.4955947136563877,0.004897039237783063,Min Deltas,True,,0.6475770925110133,0.6466174075044588,0.6595744680851063,0.3876651982378855,0.31718061674008813,,,,,,,0.265
MIMIC-III Mortality,MLP,3,split,1277,116,10.021148036253777,19,0.4906976744186046,0.4955947136563877,0.004897039237783063,F Deltas,True,,0.6475770925110133,0.6466174075044588,0.6595744680851063,0.3876651982378855,0.31718061674008813,,,,,,,0.036
MIMIC-III Mortality,MLP,3,split,1277,116,10.021148036253777,19,0.4906976744186046,0.4955947136563877,0.004897039237783063,CP Sum,True,,0.6607929515418502,0.6533167378838719,0.6234718826405868,0.24008810572687225,0.43832599118942733,0.2991049736747905,0.6120554831384506,0.003998249124562281,0.029985242621310658,True,True,1.449
MIMIC-III Mortality,MLP,3,split,1277,116,10.021148036253777,19,0.4906976744186046,0.4955947136563877,0.004897039237783063,CP Minimax,True,,0.6420704845814978,0.6361483636947352,0.6707193515704154,0.44493392070484583,0.2709251101321586,0.4945783018356758,0.4856458619640472,0.006496998499249626,0.023488494247123563,True,True,1.457
MIMIC-III Mortality,MLP,3,split,1277,116,10.021148036253777,19,0.4906976744186046,0.4955947136563877,0.004897039237783063,DKW Sum,True,,0.6607929515418502,0.6533167378838719,0.6234718826405868,0.24008810572687225,0.43832599118942733,0.286021261193336,0.5658473278843351,0.006496998499249626,0.0404799899949975,True,True,0.032
MIMIC-III Mortality,MLP,3,split,1277,116,10.021148036253777,19,0.4906976744186046,0.4955947136563877,0.004897039237783063,DKW Minimax,True,,0.6497797356828194,0.6457013801083789,0.6735112936344969,0.42290748898678415,0.2775330396475771,0.46364747350830665,0.44995965273629634,0.00899574787393697,0.030984742371185595,True,True,0.034
MIMIC-III Mortality,MLP,4,naive,3648,331,10.021148036253777,19,0.4601189332259795,0.4746696035242291,0.01455067029824958,Baseline,True,,0.525330396475771,0.22507952583818425,0.09643605870020965,0.0,0.9493392070484582,,,,,,,
MIMIC-III Mortality,MLP,4,naive,3648,331,10.021148036253777,19,0.4601189332259795,0.4746696035242291,0.01455067029824958,Threshold,True,,0.6431718061674009,0.6385348205026206,0.6133651551312649,0.27973568281938327,0.43392070484581496,,,,,,,
MIMIC-III Mortality,MLP,4,naive,3648,331,10.021148036253777,19,0.4601189332259795,0.4746696035242291,0.01455067029824958,SMOTE,True,,0.5848017621145375,0.5481617301350731,0.4785615491009682,0.21145374449339208,0.6189427312775331,,,,,,,
MIMIC-III Mortality,MLP,4,naive,3648,331,10.021148036253777,19,0.4601189332259795,0.4746696035242291,0.01455067029824958,Balanced Weights,False,,,,,,,,,,,,,
MIMIC-III Mortality,MLP,4,naive,3648,331,10.021148036253777,19,0.4601189332259795,0.4746696035242291,0.01455067029824958,Slacks Deltas,False,,,,,,,,,,,,,117.011
MIMIC-III Mortality,MLP,4,naive,3648,331,10.021148036253777,19,0.4601189332259795,0.4746696035242291,0.01455067029824958,Min Deltas,True,,0.6398678414096917,0.6381129878741837,0.6219653179190752,0.31277533039647576,0.40748898678414097,,,,,,,1.793
MIMIC-III Mortality,MLP,4,naive,3648,331,10.021148036253777,19,0.4601189332259795,0.4746696035242291,0.01455067029824958,F Deltas,True,,0.6398678414096917,0.6381129878741837,0.6219653179190752,0.31277533039647576,0.40748898678414097,,,,,,,0.038
MIMIC-III Mortality,MLP,4,naive,3648,331,10.021148036253777,19,0.4601189332259795,0.4746696035242291,0.01455067029824958,CP Sum,True,,0.6431718061674009,0.6385348205026206,0.6133651551312649,0.27973568281938327,0.43392070484581496,0.3005646542407734,0.4659055790241236,0.002498999499749875,0.011994247123561782,True,True,0.408
MIMIC-III Mortality,MLP,4,naive,3648,331,10.021148036253777,19,0.4601189332259795,0.4746696035242291,0.01455067029824958,CP Minimax,True,,0.6387665198237885,0.6379114739019639,0.650319829424307,0.394273127753304,0.32819383259911894,0.3980295209335424,0.39714456058179504,0.002998749374687344,0.010494997498749376,True,True,0.402
MIMIC-III Mortality,MLP,4,naive,3648,331,10.021148036253777,19,0.4601189332259795,0.4746696035242291,0.01455067029824958,DKW Sum,True,,0.6431718061674009,0.6385348205026206,0.6133651551312649,0.27973568281938327,0.43392070484581496,0.2917841126263105,0.4352401521420582,0.003498499249624813,0.016491995997999002,True,True,0.118
MIMIC-III Mortality,MLP,4,naive,3648,331,10.021148036253777,19,0.4601189332259795,0.4746696035242291,0.01455067029824958,DKW Minimax,True,,0.6354625550660793,0.6349575024405099,0.644468313641246,0.3898678414096916,0.3392070484581498,0.3797702142427276,0.3727049597311163,0.003998249124562281,0.014992746373186596,False,True,0.119
MIMIC-III Mortality,MLP,4,split,1277,116,10.021148036253777,19,0.481627259783406,0.4955947136563877,0.013967453872981705,Baseline,True,,0.5044052863436124,0.09386465089278641,0.017467248908296942,0.0,0.9911894273127754,,,,,,,
MIMIC-III Mortality,MLP,4,split,1277,116,10.021148036253777,19,0.481627259783406,0.4955947136563877,0.013967453872981705,Threshold,True,,0.6255506607929515,0.6210516378798099,0.5952380952380952,0.29955947136563876,0.44933920704845814,,,,,,,
MIMIC-III Mortality,MLP,4,split,1277,116,10.021148036253777,19,0.481627259783406,0.4955947136563877,0.013967453872981705,SMOTE,True,,0.5616740088105727,0.5194503250390723,0.4425770308123249,0.22466960352422907,0.6519823788546255,,,,,,,
MIMIC-III Mortality,MLP,4,split,1277,116,10.021148036253777,19,0.481627259783406,0.4955947136563877,0.013967453872981705,Balanced Weights,False,,,,,,,,,,,,,
MIMIC-III Mortality,MLP,4,split,1277,116,10.021148036253777,19,0.481627259783406,0.4955947136563877,0.013967453872981705,Slacks Deltas,False,,,,,,,,,,,,,7.012
MIMIC-III Mortality,MLP,4,split,1277,116,10.021148036253777,19,0.481627259783406,0.4955947136563877,0.013967453872981705,Min Deltas,True,,0.6266519823788547,0.6263722345780237,0.6335135135135135,0.3920704845814978,0.35462555066079293,,,,,,,0.112
MIMIC-III Mortality,MLP,4,split,1277,116,10.021148036253777,19,0.481627259783406,0.4955947136563877,0.013967453872981705,F Deltas,True,,0.6266519823788547,0.6263722345780237,0.6335135135135135,0.3920704845814978,0.35462555066079293,,,,,,,0.037
MIMIC-III Mortality,MLP,4,split,1277,116,10.021148036253777,19,0.481627259783406,0.4955947136563877,0.013967453872981705,CP Sum,True,,0.6013215859030837,0.56124195181678,0.49157303370786515,0.1828193832599119,0.6145374449339207,0.18091813835553155,0.7060215834556216,0.002998749374687344,0.03598224112056028,False,True,1.446
MIMIC-III Mortality,MLP,4,split,1277,116,10.021148036253777,19,0.481627259783406,0.4955947136563877,0.013967453872981705,CP Minimax,True,,0.6277533039647577,0.6257057572822793,0.6457023060796646,0.42290748898678415,0.32158590308370044,0.4564893634754181,0.4589001753692209,0.005997248624312156,0.022488994497248626,True,True,1.45
MIMIC-III Mortality,MLP,4,split,1277,116,10.021148036253777,19,0.481627259783406,0.4955947136563877,0.013967453872981705,DKW Sum,True,,0.6288546255506607,0.6284291902064804,0.6372443487621098,0.394273127753304,0.34801762114537443,0.4073595090552266,0.42496795479882654,0.007996248124062032,0.02948549274637319,True,True,0.031
MIMIC-III Mortality,MLP,4,split,1277,116,10.021148036253777,19,0.481627259783406,0.4955947136563877,0.013967453872981705,DKW Minimax,True,,0.6299559471365639,0.628564280242326,0.6448202959830867,0.4118942731277533,0.32819383259911894,0.42975399656599317,0.4166458323718821,0.007996248124062032,0.02898574287143572,True,True,0.033
MIMIC-III Mortality,MLP,5,naive,3648,331,10.021148036253777,19,0.46314008126223327,0.486784140969163,0.023644059706929732,Baseline,True,,0.513215859030837,0.16903044090704555,0.05555555555555555,0.0022026431718061676,0.9713656387665198,,,,,,,
MIMIC-III Mortality,MLP,5,naive,3648,331,10.021148036253777,19,0.46314008126223327,0.486784140969163,0.023644059706929732,Threshold,True,,0.6200440528634361,0.6196908642680418,0.6119235095613048,0.3590308370044053,0.4008810572687225,,,,,,,
MIMIC-III Mortality,MLP,5,naive,3648,331,10.021148036253777,19,0.46314008126223327,0.486784140969163,0.023644059706929732,SMOTE,True,,0.5825991189427313,0.5583602689236372,0.49933949801849403,0.2511013215859031,0.5837004405286343,,,,,,,
MIMIC-III Mortality,MLP,5,naive,3648,331,10.021148036253777,19,0.46314008126223327,0.486784140969163,0.023644059706929732,Balanced Weights,False,,,,,,,,,,,,,
MIMIC-III Mortality,MLP,5,naive,3648,331,10.021148036253777,19,0.46314008126223327,0.486784140969163,0.023644059706929732,Slacks Deltas,False,,,,,,,,,,,,,116.194
MIMIC-III Mortality,MLP,5,naive,3648,331,10.021148036253777,19,0.46314008126223327,0.486784140969163,0.023644059706929732,Min Deltas,True,,0.6244493392070485,0.6136486396252281,0.5753424657534246,0.2599118942731278,0.4911894273127753,,,,,,,2.863
MIMIC-III Mortality,MLP,5,naive,3648,331,10.021148036253777,19,0.46314008126223327,0.486784140969163,0.023644059706929732,F Deltas,True,,0.6255506607929515,0.6149754490437056,0.5771144278606966,0.2599118942731278,0.4889867841409692,,,,,,,0.037
MIMIC-III Mortality,MLP,5,naive,3648,331,10.021148036253777,19,0.46314008126223327,0.486784140969163,0.023644059706929732,CP Sum,True,,0.6200440528634361,0.6196908642680418,0.6119235095613048,0.3590308370044053,0.4008810572687225,0.36224483426689175,0.39714456058179504,0.002498999499749875,0.010494997498749376,True,False,0.408
MIMIC-III Mortality,MLP,5,naive,3648,331,10.021148036253777,19,0.46314008126223327,0.486784140969163,0.023644059706929732,CP Minimax,True,,0.6178414096916299,0.6177933108873851,0.6207650273224044,0.3898678414096916,0.3744493392070485,0.3946464091098302,0.38746307040366545,0.002998749374687344,0.010494997498749376,True,True,0.4
MIMIC-III Mortality,MLP,5,naive,3648,331,10.021148036253777,19,0.46314008126223327,0.486784140969163,0.023644059706929732,DKW Sum,True,,0.6200440528634361,0.6196908642680418,0.6119235095613048,0.3590308370044053,0.4008810572687225,0.35112987658822054,0.36968381169486253,0.003998249124562281,0.014992746373186596,False,False,0.127
MIMIC-III Mortality,MLP,5,naive,3648,331,10.021148036253777,19,0.46314008126223327,0.486784140969163,0.023644059706929732,DKW Minimax,True,,0.6211453744493393,0.6211102248935603,0.6186252771618626,0.3722466960352423,0.3854625550660793,0.36891703365786177,0.36698347160863726,0.003998249124562281,0.014492996498249127,False,False,0.121
MIMIC-III Mortality,MLP,5,split,1277,116,10.021148036253777,19,0.4567415972731588,0.4900881057268723,0.03334650845371351,Baseline,True,,0.5099118942731278,0.14824950370452722,0.043010752688172046,0.0022026431718061676,0.9779735682819384,,,,,,,
MIMIC-III Mortality,MLP,5,split,1277,116,10.021148036253777,19,0.4567415972731588,0.4900881057268723,0.03334650845371351,Threshold,True,,0.6255506607929515,0.624428944029801,0.6109839816933639,0.3370044052863436,0.4118942731277533,,,,,,,
MIMIC-III Mortality,MLP,5,split,1277,116,10.021148036253777,19,0.4567415972731588,0.4900881057268723,0.03334650845371351,SMOTE,True,,0.5814977973568282,0.5363424816132958,0.4602272727272727,0.19383259911894274,0.6431718061674009,,,,,,,
MIMIC-III Mortality,MLP,5,split,1277,116,10.021148036253777,19,0.4567415972731588,0.4900881057268723,0.03334650845371351,Balanced Weights,False,,,,,,,,,,,,,
MIMIC-III Mortality,MLP,5,split,1277,116,10.021148036253777,19,0.4567415972731588,0.4900881057268723,0.03334650845371351,Slacks Deltas,False,,,,,,,,,,,,,6.984
MIMIC-III Mortality,MLP,5,split,1277,116,10.021148036253777,19,0.4567415972731588,0.4900881057268723,0.03334650845371351,Min Deltas,True,,0.6266519823788547,0.625465341330571,0.6116838487972509,0.33480176211453744,0.4118942731277533,,,,,,,0.424
MIMIC-III Mortality,MLP,5,split,1277,116,10.021148036253777,19,0.4567415972731588,0.4900881057268723,0.03334650845371351,F Deltas,True,,0.6266519823788547,0.625465341330571,0.6116838487972509,0.33480176211453744,0.4118942731277533,,,,,,,0.036
MIMIC-III Mortality,MLP,5,split,1277,116,10.021148036253777,19,0.4567415972731588,0.4900881057268723,0.03334650845371351,CP Sum,True,,0.6211453744493393,0.6180759604102422,0.596244131455399,0.31718061674008813,0.44052863436123346,0.3470828668141015,0.4943664907243081,0.00449799899949975,0.023988244122061034,True,True,1.449
MIMIC-III Mortality,MLP,5,split,1277,116,10.021148036253777,19,0.4567415972731588,0.4900881057268723,0.03334650845371351,CP Minimax,True,,0.6068281938325991,0.6059871287106806,0.6189967982924226,0.4251101321585903,0.36123348017621143,0.4471181670236191,0.44097456807074387,0.005497498749374687,0.02148949474737369,True,True,1.455
MIMIC-III Mortality,MLP,5,split,1277,116,10.021148036253777,19,0.4567415972731588,0.4900881057268723,0.03334650845371351,DKW Sum,True,,0.6211453744493393,0.6180759604102422,0.596244131455399,0.31718061674008813,0.44052863436123346,0.33132766170053296,0.44995965273629634,0.006996748374187095,0.030984742371185595,True,True,0.033
MIMIC-III Mortality,MLP,5,split,1277,116,10.021148036253777,19,0.4567415972731588,0.4900881057268723,0.03334650845371351,DKW Minimax,True,,0.6057268722466961,0.6050496815291417,0.6167023554603854,0.42290748898678415,0.3656387665198238,0.42372471146694063,0.40832816396067473,0.007996248124062032,0.028485992996498254,True,True,0.034
MIMIC-III Mortality,MLP,6,naive,3648,331,10.021148036253777,19,0.4389708969722031,0.4768722466960353,0.03790134972383219,Baseline,True,,0.5231277533039648,0.22915959125356747,0.0997920997920998,0.006607929515418502,0.947136563876652,,,,,,,
MIMIC-III Mortality,MLP,6,naive,3648,331,10.021148036253777,19,0.4389708969722031,0.4768722466960353,0.03790134972383219,Threshold,True,,0.6145374449339207,0.6129564555896201,0.5967741935483871,0.34140969162995594,0.42951541850220265,,,,,,,
MIMIC-III Mortality,MLP,6,naive,3648,331,10.021148036253777,19,0.4389708969722031,0.4768722466960353,0.03790134972383219,SMOTE,True,,0.6068281938325991,0.5829643767285734,0.5271523178807948,0.22466960352422907,0.5616740088105727,,,,,,,
MIMIC-III Mortality,MLP,6,naive,3648,331,10.021148036253777,19,0.4389708969722031,0.4768722466960353,0.03790134972383219,Balanced Weights,False,,,,,,,,,,,,,
MIMIC-III Mortality,MLP,6,naive,3648,331,10.021148036253777,19,0.4389708969722031,0.4768722466960353,0.03790134972383219,Slacks Deltas,False,,,,,,,,,,,,,116.185
MIMIC-III Mortality,MLP,6,naive,3648,331,10.021148036253777,19,0.4389708969722031,0.4768722466960353,0.03790134972383219,Min Deltas,True,,0.6233480176211453,0.6167715536340811,0.585956416464891,0.28634361233480177,0.4669603524229075,,,,,,,2.584
MIMIC-III Mortality,MLP,6,naive,3648,331,10.021148036253777,19,0.4389708969722031,0.4768722466960353,0.03790134972383219,F Deltas,True,,0.6233480176211453,0.6167715536340811,0.585956416464891,0.28634361233480177,0.4669603524229075,,,,,,,0.037
MIMIC-III Mortality,MLP,6,naive,3648,331,10.021148036253777,19,0.4389708969722031,0.4768722466960353,0.03790134972383219,CP Sum,True,,0.6145374449339207,0.6129564555896201,0.5967741935483871,0.34140969162995594,0.42951541850220265,0.34363620777055803,0.322574788035781,0.002498999499749875,0.00899574787393697,True,False,0.405
MIMIC-III Mortality,MLP,6,naive,3648,331,10.021148036253777,19,0.4389708969722031,0.4768722466960353,0.03790134972383219,CP Minimax,True,,0.6145374449339207,0.6122595269549869,0.5930232558139535,0.33259911894273125,0.43832599118942733,0.3364845589062102,0.33227570213764923,0.002498999499749875,0.009495497748874438,True,False,0.399
MIMIC-III Mortality,MLP,6,naive,3648,331,10.021148036253777,19,0.4389708969722031,0.4768722466960353,0.03790134972383219,DKW Sum,True,,0.6145374449339207,0.6129564555896201,0.5967741935483871,0.34140969162995594,0.42951541850220265,0.3330412422801108,0.30154292124929666,0.003998249124562281,0.012993746873436721,False,False,0.123
MIMIC-III Mortality,MLP,6,naive,3648,331,10.021148036253777,19,0.4389708969722031,0.4768722466960353,0.03790134972383219,DKW Minimax,True,,0.6167400881057269,0.6142768619993102,0.5944055944055944,0.32819383259911894,0.43832599118942733,0.3233939706491189,0.31629598558680244,0.003998249124562281,0.01349349674837419,False,False,0.119
MIMIC-III Mortality,MLP,6,split,1277,116,10.021148036253777,19,0.49790632955084785,0.4966960352422907,-0.001210294308557125,Baseline,True,,0.5033039647577092,0.08128917219051073,0.01312910284463895,0.0,0.9933920704845814,,,,,,,
MIMIC-III Mortality,MLP,6,split,1277,116,10.021148036253777,19,0.49790632955084785,0.4966960352422907,-0.001210294308557125,Threshold,True,,0.6409691629955947,0.6221482515397612,0.5755208333333334,0.20484581497797358,0.513215859030837,,,,,,,
MIMIC-III Mortality,MLP,6,split,1277,116,10.021148036253777,19,0.49790632955084785,0.4966960352422907,-0.001210294308557125,SMOTE,True,,0.5936123348017621,0.5499025616779253,0.4765957446808511,0.1828193832599119,0.6299559471365639,,,,,,,
MIMIC-III Mortality,MLP,6,split,1277,116,10.021148036253777,19,0.49790632955084785,0.4966960352422907,-0.001210294308557125,Balanced Weights,False,,,,,,,,,,,,,
MIMIC-III Mortality,MLP,6,split,1277,116,10.021148036253777,19,0.49790632955084785,0.4966960352422907,-0.001210294308557125,Slacks Deltas,False,,,,,,,,,,,,,6.992
MIMIC-III Mortality,MLP,6,split,1277,116,10.021148036253777,19,0.49790632955084785,0.4966960352422907,-0.001210294308557125,Min Deltas,True,,0.6519823788546255,0.6518893551925655,0.6481069042316259,0.3370044052863436,0.3590308370044053,,,,,,,0.223
MIMIC-III Mortality,MLP,6,split,1277,116,10.021148036253777,19,0.49790632955084785,0.4966960352422907,-0.001210294308557125,F Deltas,True,,0.6519823788546255,0.6518893551925655,0.6481069042316259,0.3370044052863436,0.3590308370044053,,,,,,,0.036
MIMIC-III Mortality,MLP,6,split,1277,116,10.021148036253777,19,0.49790632955084785,0.4966960352422907,-0.001210294308557125,CP Sum,True,,0.6530837004405287,0.6397986496516707,0.6007604562737643,0.21585903083700442,0.4779735682819383,0.32074107191872653,0.5545409152308078,0.00449799899949975,0.02648699349674838,True,True,1.429
MIMIC-III Mortality,MLP,6,split,1277,116,10.021148036253777,19,0.49790632955084785,0.4966960352422907,-0.001210294308557125,CP Minimax,True,,0.6409691629955947,0.6403292444266651,0.6509635974304069,0.3876651982378855,0.3303964757709251,0.473966504544015,0.4680529337695339,0.005997248624312156,0.022488994497248626,True,True,1.435
MIMIC-III Mortality,MLP,6,split,1277,116,10.021148036253777,19,0.49790632955084785,0.4966960352422907,-0.001210294308557125,DKW Sum,True,,0.6530837004405287,0.6397986496516707,0.6007604562737643,0.21585903083700442,0.4779735682819383,0.30669309581865895,0.5081481592239849,0.006496998499249626,0.03498274137068535,True,True,0.033
MIMIC-III Mortality,MLP,6,split,1277,116,10.021148036253777,19,0.49790632955084785,0.4966960352422907,-0.001210294308557125,DKW Minimax,True,,0.6497797356828194,0.6497648023371729,0.6513157894736842,0.35462555066079293,0.3458149779735683,0.4303281620023561,0.43329438850470015,0.008495997998999501,0.029985242621310658,True,True,0.035
MIMIC-III Mortality,MLP,7,naive,3648,331,10.021148036253777,19,0.4308118845788472,0.46365638766519823,0.03284450308635101,Baseline,True,,0.5363436123348018,0.2911491038212917,0.156312625250501,0.013215859030837005,0.9140969162995595,,,,,,,
MIMIC-III Mortality,MLP,7,naive,3648,331,10.021148036253777,19,0.4308118845788472,0.46365638766519823,0.03284450308635101,Threshold,True,,0.6134361233480177,0.6032669312303904,0.5650557620817844,0.2753303964757709,0.4977973568281938,,,,,,,
MIMIC-III Mortality,MLP,7,naive,3648,331,10.021148036253777,19,0.4308118845788472,0.46365638766519823,0.03284450308635101,SMOTE,True,,0.5704845814977973,0.5341125838318124,0.4628099173553719,0.2290748898678414,0.6299559471365639,,,,,,,
MIMIC-III Mortality,MLP,7,naive,3648,331,10.021148036253777,19,0.4308118845788472,0.46365638766519823,0.03284450308635101,Balanced Weights,False,,,,,,,,,,,,,
MIMIC-III Mortality,MLP,7,naive,3648,331,10.021148036253777,19,0.4308118845788472,0.46365638766519823,0.03284450308635101,Slacks Deltas,False,,,,,,,,,,,,,116.596
MIMIC-III Mortality,MLP,7,naive,3648,331,10.021148036253777,19,0.4308118845788472,0.46365638766519823,0.03284450308635101,Min Deltas,True,,0.6090308370044053,0.5819731737307704,0.5234899328859061,0.21145374449339208,0.5704845814977973,,,,,,,4.788
MIMIC-III Mortality,MLP,7,naive,3648,331,10.021148036253777,19,0.4308118845788472,0.46365638766519823,0.03284450308635101,F Deltas,True,,0.6079295154185022,0.5790899286398232,0.518918918918919,0.20704845814977973,0.5770925110132159,,,,,,,0.037
MIMIC-III Mortality,MLP,7,naive,3648,331,10.021148036253777,19,0.4308118845788472,0.46365638766519823,0.03284450308635101,CP Sum,True,,0.6134361233480177,0.6032669312303904,0.5650557620817844,0.2753303964757709,0.4977973568281938,0.24534430305295976,0.422432545349062,0.0019992496248124065,0.010994747373686845,False,False,0.409
MIMIC-III Mortality,MLP,7,naive,3648,331,10.021148036253777,19,0.4308118845788472,0.46365638766519823,0.03284450308635101,CP Minimax,True,,0.6156387665198237,0.6150227821551125,0.6047565118912798,0.3568281938325991,0.4118942731277533,0.34922597910885367,0.3422550221917106,0.002498999499749875,0.009495497748874438,False,False,0.401
MIMIC-III Mortality,MLP,7,naive,3648,331,10.021148036253777,19,0.4308118845788472,0.46365638766519823,0.03284450308635101,DKW Sum,True,,0.6134361233480177,0.6032669312303904,0.5650557620817844,0.2753303964757709,0.4977973568281938,0.23872411865585527,0.39354147404952633,0.003498499249624813,0.015492496248124064,False,False,0.129
MIMIC-III Mortality,MLP,7,naive,3648,331,10.021148036253777,19,0.4308118845788472,0.46365638766519823,0.03284450308635101,DKW Minimax,True,,0.6167400881057269,0.6158544616747055,0.6036446469248291,0.3502202643171806,0.41629955947136565,0.33273976504164227,0.32535942969556375,0.003998249124562281,0.01349349674837419,False,False,0.126
MIMIC-III Mortality,MLP,7,split,1277,116,10.021148036253777,19,0.47185464037623503,0.4768722466960353,0.00501760631980025,Baseline,True,,0.5231277533039648,0.22915959125356747,0.0997920997920998,0.006607929515418502,0.947136563876652,,,,,,,
MIMIC-III Mortality,MLP,7,split,1277,116,10.021148036253777,19,0.47185464037623503,0.4768722466960353,0.00501760631980025,Threshold,True,,0.6431718061674009,0.634422415062368,0.6009852216748769,0.2511013215859031,0.46255506607929514,,,,,,,
MIMIC-III Mortality,MLP,7,split,1277,116,10.021148036253777,19,0.47185464037623503,0.4768722466960353,0.00501760631980025,SMOTE,True,,0.5627753303964758,0.5210915623831276,0.44475524475524475,0.22466960352422907,0.6497797356828194,,,,,,,
MIMIC-III Mortality,MLP,7,split,1277,116,10.021148036253777,19,0.47185464037623503,0.4768722466960353,0.00501760631980025,Balanced Weights,False,,,,,,,,,,,,,
MIMIC-III Mortality,MLP,7,split,1277,116,10.021148036253777,19,0.47185464037623503,0.4768722466960353,0.00501760631980025,Slacks Deltas,False,,,,,,,,,,,,,7.038
MIMIC-III Mortality,MLP,7,split,1277,116,10.021148036253777,19,0.47185464037623503,0.4768722466960353,0.00501760631980025,Min Deltas,False,,,,,,,,,,,,,0.0
MIMIC-III Mortality,MLP,7,split,1277,116,10.021148036253777,19,0.47185464037623503,0.4768722466960353,0.00501760631980025,F Deltas,False,,,,,,,,,,,,,0.0
MIMIC-III Mortality,MLP,7,split,1277,116,10.021148036253777,19,0.47185464037623503,0.4768722466960353,0.00501760631980025,CP Sum,True,,0.6420704845814978,0.6399806174169119,0.6596858638743456,0.40969162995594716,0.30616740088105726,0.46785869535883595,0.422522347237719,0.005997248624312156,0.02098974487243622,True,True,1.452
MIMIC-III Mortality,MLP,7,split,1277,116,10.021148036253777,19,0.47185464037623503,0.4768722466960353,0.00501760631980025,CP Minimax,True,,0.6420704845814978,0.6407761188022036,0.656084656084656,0.3986784140969163,0.31718061674008813,0.45911610362779376,0.44996525166159757,0.005997248624312156,0.02198924462231116,True,True,1.461
MIMIC-III Mortality,MLP,7,split,1277,116,10.021148036253777,19,0.47185464037623503,0.4768722466960353,0.00501760631980025,DKW Sum,True,,0.6420704845814978,0.6399806174169119,0.6596858638743456,0.40969162995594716,0.30616740088105726,0.4484160172995137,0.38308610774447854,0.008495997998999501,0.027486493246623316,True,True,0.034
MIMIC-III Mortality,MLP,7,split,1277,116,10.021148036253777,19,0.47185464037623503,0.4768722466960353,0.00501760631980025,DKW Minimax,True,,0.6431718061674009,0.6424321375896017,0.6538461538461539,0.3876651982378855,0.32599118942731276,0.4337734677732432,0.4166458323718821,0.008495997998999501,0.02898574287143572,True,True,0.035
MIMIC-III Mortality,MLP,8,naive,3648,331,10.021148036253777,19,0.48428811751600975,0.4834801762114537,-0.0008079413045560258,Baseline,True,,0.5165198237885462,0.18176811485266747,0.06396588486140725,0.0,0.9669603524229075,,,,,,,
MIMIC-III Mortality,MLP,8,naive,3648,331,10.021148036253777,19,0.48428811751600975,0.4834801762114537,-0.0008079413045560258,Threshold,True,,0.6519823788546255,0.6218128384947869,0.5671232876712329,0.15198237885462554,0.5440528634361234,,,,,,,
MIMIC-III Mortality,MLP,8,naive,3648,331,10.021148036253777,19,0.48428811751600975,0.4834801762114537,-0.0008079413045560258,SMOTE,True,,0.5770925110132159,0.5277525685241211,0.4482758620689655,0.1894273127753304,0.6563876651982379,,,,,,,
MIMIC-III Mortality,MLP,8,naive,3648,331,10.021148036253777,19,0.48428811751600975,0.4834801762114537,-0.0008079413045560258,Balanced Weights,False,,,,,,,,,,,,,
MIMIC-III Mortality,MLP,8,naive,3648,331,10.021148036253777,19,0.48428811751600975,0.4834801762114537,-0.0008079413045560258,Slacks Deltas,False,,,,,,,,,,,,,116.979
MIMIC-III Mortality,MLP,8,naive,3648,331,10.021148036253777,19,0.48428811751600975,0.4834801762114537,-0.0008079413045560258,Min Deltas,True,,0.6552863436123348,0.6472323695137051,0.6159509202453988,0.2422907488986784,0.44713656387665196,,,,,,,2.155
MIMIC-III Mortality,MLP,8,naive,3648,331,10.021148036253777,19,0.48428811751600975,0.4834801762114537,-0.0008079413045560258,F Deltas,True,,0.6552863436123348,0.6472323695137051,0.6159509202453988,0.2422907488986784,0.44713656387665196,,,,,,,0.037
MIMIC-III Mortality,MLP,8,naive,3648,331,10.021148036253777,19,0.48428811751600975,0.4834801762114537,-0.0008079413045560258,CP Sum,True,,0.6519823788546255,0.6218128384947869,0.5671232876712329,0.15198237885462554,0.5440528634361234,0.21242370325166443,0.576832655369969,0.0019992496248124065,0.014992746373186596,True,True,0.411
MIMIC-III Mortality,MLP,8,naive,3648,331,10.021148036253777,19,0.48428811751600975,0.4834801762114537,-0.0008079413045560258,CP Minimax,True,,0.6354625550660793,0.6354539658448829,0.6366630076838639,0.36784140969163,0.36123348017621143,0.413381497046839,0.40967758736271587,0.002998749374687344,0.010994747373686845,True,True,0.405
MIMIC-III Mortality,MLP,8,naive,3648,331,10.021148036253777,19,0.48428811751600975,0.4834801762114537,-0.0008079413045560258,DKW Sum,True,,0.6519823788546255,0.6218128384947869,0.5671232876712329,0.15198237885462554,0.5440528634361234,0.20806717705812539,0.544441538428364,0.002998749374687344,0.02148949474737369,True,True,0.126
MIMIC-III Mortality,MLP,8,naive,3648,331,10.021148036253777,19,0.48428811751600975,0.4834801762114537,-0.0008079413045560258,DKW Minimax,True,,0.6376651982378855,0.6376642471822661,0.6380638063806381,0.3634361233480176,0.36123348017621143,0.39724803588151425,0.3905203260132726,0.00449799899949975,0.015492496248124064,True,True,0.124
MIMIC-III Mortality,MLP,8,split,1277,116,10.021148036253777,19,0.49534883720930234,0.5,0.0046511627906976605,Baseline,True,,0.5,0.0,0.0,0.0,1.0,,,,,,,
MIMIC-III Mortality,MLP,8,split,1277,116,10.021148036253777,19,0.49534883720930234,0.5,0.0046511627906976605,Threshold,True,,0.6607929515418502,0.6526331732312108,0.6216216216216216,0.2356828193832599,0.44273127753303965,,,,,,,
MIMIC-III Mortality,MLP,8,split,1277,116,10.021148036253777,19,0.49534883720930234,0.5,0.0046511627906976605,SMOTE,True,,0.566079295154185,0.5195857365772512,0.4403409090909091,0.2092511013215859,0.6585903083700441,,,,,,,
MIMIC-III Mortality,MLP,8,split,1277,116,10.021148036253777,19,0.49534883720930234,0.5,0.0046511627906976605,Balanced Weights,False,,,,,,,,,,,,,
MIMIC-III Mortality,MLP,8,split,1277,116,10.021148036253777,19,0.49534883720930234,0.5,0.0046511627906976605,Slacks Deltas,False,,,,,,,,,,,,,7.055
MIMIC-III Mortality,MLP,8,split,1277,116,10.021148036253777,19,0.49534883720930234,0.5,0.0046511627906976605,Min Deltas,True,,0.6453744493392071,0.6426284591651267,0.6229508196721312,0.29515418502202645,0.41409691629955947,,,,,,,0.624
MIMIC-III Mortality,MLP,8,split,1277,116,10.021148036253777,19,0.49534883720930234,0.5,0.0046511627906976605,F Deltas,True,,0.6453744493392071,0.6426284591651267,0.6229508196721312,0.29515418502202645,0.41409691629955947,,,,,,,0.036
MIMIC-III Mortality,MLP,8,split,1277,116,10.021148036253777,19,0.49534883720930234,0.5,0.0046511627906976605,CP Sum,True,,0.6442731277533039,0.5860603942372262,0.5142857142857142,0.0881057268722467,0.6233480176211453,0.1622682266883268,0.6753409880901354,0.002998749374687344,0.03398324162081041,True,True,1.457
MIMIC-III Mortality,MLP,8,split,1277,116,10.021148036253777,19,0.49534883720930234,0.5,0.0046511627906976605,CP Minimax,True,,0.6310572687224669,0.6306333193184219,0.6393972012917115,0.3920704845814978,0.3458149779735683,0.4573651476494695,0.44097456807074387,0.005997248624312156,0.02148949474737369,True,True,1.467
MIMIC-III Mortality,MLP,8,split,1277,116,10.021148036253777,19,0.49534883720930234,0.5,0.0046511627906976605,DKW Sum,True,,0.6585903083700441,0.6259228278030444,0.5706371191135734,0.13656387665198239,0.5462555066079295,0.21489977654793274,0.5740200533877049,0.005997248624312156,0.04147948974487244,True,True,0.035
MIMIC-III Mortality,MLP,8,split,1277,116,10.021148036253777,19,0.49534883720930234,0.5,0.0046511627906976605,DKW Minimax,True,,0.6299559471365639,0.6298173039880711,0.6347826086956522,0.3832599118942731,0.3568281938325991,0.4194180792533317,0.4166458323718821,0.007996248124062032,0.02898574287143572,True,True,0.036
MIMIC-III Mortality,MLP,9,naive,3648,331,10.021148036253777,19,0.42310827586897853,0.45594713656387664,0.03283886069489811,Baseline,True,,0.5440528634361234,0.3130931561360916,0.17857142857142858,0.011013215859030838,0.9008810572687225,,,,,,,
MIMIC-III Mortality,MLP,9,naive,3648,331,10.021148036253777,19,0.42310827586897853,0.45594713656387664,0.03283886069489811,Threshold,True,,0.6299559471365639,0.6090895845991667,0.5590551181102362,0.2092511013215859,0.5308370044052864,,,,,,,
MIMIC-III Mortality,MLP,9,naive,3648,331,10.021148036253777,19,0.42310827586897853,0.45594713656387664,0.03283886069489811,SMOTE,True,,0.5814977973568282,0.5390628856258962,0.4647887323943662,0.20044052863436124,0.6365638766519823,,,,,,,
MIMIC-III Mortality,MLP,9,naive,3648,331,10.021148036253777,19,0.42310827586897853,0.45594713656387664,0.03283886069489811,Balanced Weights,False,,,,,,,,,,,,,
MIMIC-III Mortality,MLP,9,naive,3648,331,10.021148036253777,19,0.42310827586897853,0.45594713656387664,0.03283886069489811,Slacks Deltas,False,,,,,,,,,,,,,116.947
MIMIC-III Mortality,MLP,9,naive,3648,331,10.021148036253777,19,0.42310827586897853,0.45594713656387664,0.03283886069489811,Min Deltas,True,,0.6266519823788547,0.6023252504018352,0.5486018641810919,0.20044052863436124,0.5462555066079295,,,,,,,4.705
MIMIC-III Mortality,MLP,9,naive,3648,331,10.021148036253777,19,0.42310827586897853,0.45594713656387664,0.03283886069489811,F Deltas,True,,0.6156387665198237,0.576966391706891,0.5105189340813464,0.1696035242290749,0.5991189427312775,,,,,,,0.036
MIMIC-III Mortality,MLP,9,naive,3648,331,10.021148036253777,19,0.42310827586897853,0.45594713656387664,0.03283886069489811,CP Sum,True,,0.6266519823788547,0.6214733411039958,0.5940119760479042,0.29295154185022027,0.45374449339207046,0.3055789870115442,0.32592821171512654,0.002498999499749875,0.00899574787393697,True,False,0.397
MIMIC-III Mortality,MLP,9,naive,3648,331,10.021148036253777,19,0.42310827586897853,0.45594713656387664,0.03283886069489811,CP Minimax,True,,0.6266519823788547,0.6237176096453672,0.6025791324736225,0.31277533039647576,0.43392070484581496,0.32526957161349895,0.31921453135453143,0.002498999499749875,0.00899574787393697,True,False,0.389
MIMIC-III Mortality,MLP,9,naive,3648,331,10.021148036253777,19,0.42310827586897853,0.45594713656387664,0.03283886069489811,DKW Sum,True,,0.6299559471365639,0.6090895845991667,0.5590551181102362,0.2092511013215859,0.5308370044052864,0.21370150786297012,0.3847895518761314,0.003498499249624813,0.014992746373186596,True,False,0.122
MIMIC-III Mortality,MLP,9,naive,3648,331,10.021148036253777,19,0.42310827586897853,0.45594713656387664,0.03283886069489811,DKW Minimax,True,,0.6266519823788547,0.6225497293381785,0.597864768683274,0.30176211453744495,0.44493392070484583,0.3056520655958613,0.30154292124929666,0.003498499249624813,0.012993746873436721,True,False,0.119
MIMIC-III Mortality,MLP,9,split,1277,116,10.021148036253777,19,0.4625523147948397,0.4757709251101322,0.013218610315292478,Baseline,True,,0.5242290748898678,0.22483150424677778,0.09623430962343096,0.0022026431718061676,0.9493392070484582,,,,,,,
MIMIC-III Mortality,MLP,9,split,1277,116,10.021148036253777,19,0.4625523147948397,0.4757709251101322,0.013218610315292478,Threshold,True,,0.6497797356828194,0.6248056617265692,0.5737265415549598,0.17180616740088106,0.5286343612334802,,,,,,,
MIMIC-III Mortality,MLP,9,split,1277,116,10.021148036253777,19,0.4625523147948397,0.4757709251101322,0.013218610315292478,SMOTE,True,,0.5781938325991189,0.5264916191750973,0.44573082489146165,0.1828193832599119,0.6607929515418502,,,,,,,
MIMIC-III Mortality,MLP,9,split,1277,116,10.021148036253777,19,0.4625523147948397,0.4757709251101322,0.013218610315292478,Balanced Weights,False,,,,,,,,,,,,,
MIMIC-III Mortality,MLP,9,split,1277,116,10.021148036253777,19,0.4625523147948397,0.4757709251101322,0.013218610315292478,Slacks Deltas,False,,,,,,,,,,,,,6.813
MIMIC-III Mortality,MLP,9,split,1277,116,10.021148036253777,19,0.4625523147948397,0.4757709251101322,0.013218610315292478,Min Deltas,False,,,,,,,,,,,,,0.0
MIMIC-III Mortality,MLP,9,split,1277,116,10.021148036253777,19,0.4625523147948397,0.4757709251101322,0.013218610315292478,F Deltas,False,,,,,,,,,,,,,0.0
MIMIC-III Mortality,MLP,9,split,1277,116,10.021148036253777,19,0.4625523147948397,0.4757709251101322,0.013218610315292478,CP Sum,True,,0.6497797356828194,0.6295707518925056,0.5826771653543307,0.1894273127753304,0.5110132158590308,0.2797200944570023,0.6039634850613025,0.003998249124562281,0.02948549274637319,True,True,1.401
MIMIC-III Mortality,MLP,9,split,1277,116,10.021148036253777,19,0.4625523147948397,0.4757709251101322,0.013218610315292478,CP Minimax,True,,0.6332599118942731,0.6316480155809399,0.649104320337197,0.4118942731277533,0.32158590308370044,0.4626155725812632,0.44996525166159757,0.005997248624312156,0.02198924462231116,True,True,1.407
MIMIC-III Mortality,MLP,9,split,1277,116,10.021148036253777,19,0.4625523147948397,0.4757709251101322,0.013218610315292478,DKW Sum,True,,0.6442731277533039,0.6312561671930217,0.5916561314791403,0.22687224669603523,0.4845814977973568,0.2911892198496667,0.5327669496031305,0.006496998499249626,0.03748149074537269,True,True,0.032
MIMIC-III Mortality,MLP,9,split,1277,116,10.021148036253777,19,0.4625523147948397,0.4757709251101322,0.013218610315292478,DKW Minimax,True,,0.6354625550660793,0.6342923971462445,0.6489925768822906,0.40308370044052866,0.32599118942731276,0.438941426429574,0.42496795479882654,0.008495997998999501,0.02948549274637319,True,True,0.035
MIMIC-III Mortality,NearestClassMean,0,naive,3648,331,10.021148036253777,19,0.3648940230088157,0.3557268722466961,-0.009167150762119602,Baseline,True,,0.6442731277533039,0.6434810070840519,0.6325369738339022,0.3237885462555066,0.3876651982378855,,,,,,,
MIMIC-III Mortality,NearestClassMean,0,naive,3648,331,10.021148036253777,19,0.3648940230088157,0.3557268722466961,-0.009167150762119602,Threshold,True,,0.6321585903083701,0.6286954827677639,0.6061320754716981,0.30176211453744495,0.43392070484581496,,,,,,,
MIMIC-III Mortality,NearestClassMean,0,naive,3648,331,10.021148036253777,19,0.3648940230088157,0.3557268722466961,-0.009167150762119602,SMOTE,True,,0.6376651982378855,0.6376642471822661,0.6372657111356119,0.36123348017621143,0.3634361233480176,,,,,,,
MIMIC-III Mortality,NearestClassMean,0,naive,3648,331,10.021148036253777,19,0.3648940230088157,0.3557268722466961,-0.009167150762119602,Balanced Weights,False,,,,,,,,,,,,,
MIMIC-III Mortality,NearestClassMean,0,naive,3648,331,10.021148036253777,19,0.3648940230088157,0.3557268722466961,-0.009167150762119602,Slacks Deltas,False,,,,,,,,,,,,,116.73
MIMIC-III Mortality,NearestClassMean,0,naive,3648,331,10.021148036253777,19,0.3648940230088157,0.3557268722466961,-0.009167150762119602,Min Deltas,True,,0.6442731277533039,0.642839815348827,0.6283084004602992,0.31277533039647576,0.3986784140969163,,,,,,,1.74
MIMIC-III Mortality,NearestClassMean,0,naive,3648,331,10.021148036253777,19,0.3648940230088157,0.3557268722466961,-0.009167150762119602,F Deltas,True,,0.6431718061674009,0.6406170975517583,0.6625,0.41409691629955947,0.29955947136563876,,,,,,,0.039
MIMIC-III Mortality,NearestClassMean,0,naive,3648,331,10.021148036253777,19,0.3648940230088157,0.3557268722466961,-0.009167150762119602,CP Sum,True,,0.6321585903083701,0.6286954827677639,0.6061320754716981,0.30176211453744495,0.43392070484581496,0.35201853578432885,0.520495596636325,0.002498999499749875,0.01349349674837419,True,True,0.438
MIMIC-III Mortality,NearestClassMean,0,naive,3648,331,10.021148036253777,19,0.3648940230088157,0.3557268722466961,-0.009167150762119602,CP Minimax,True,,0.6365638766519823,0.6360148845259114,0.6459227467811158,0.3898678414096916,0.3370044052863436,0.44396186031368107,0.4411284894276819,0.002998749374687344,0.011494497248624313,True,True,0.436
MIMIC-III Mortality,NearestClassMean,0,naive,3648,331,10.021148036253777,19,0.3648940230088157,0.3557268722466961,-0.009167150762119602,DKW Sum,True,,0.6321585903083701,0.6286954827677639,0.6061320754716981,0.30176211453744495,0.43392070484581496,0.34118112771876014,0.4885157002253482,0.003998249124562281,0.018490995497748876,True,True,0.126
MIMIC-III Mortality,NearestClassMean,0,naive,3648,331,10.021148036253777,19,0.3648940230088157,0.3557268722466961,-0.009167150762119602,DKW Minimax,True,,0.6376651982378855,0.637390284107532,0.6443243243243243,0.381057268722467,0.3436123348017621,0.42347655562827335,0.41740785756848775,0.00449799899949975,0.01599224612306153,True,True,0.127
MIMIC-III Mortality,NearestClassMean,0,split,1277,116,10.021148036253777,19,0.3651076498252578,0.35462555066079293,-0.010482099164464853,Baseline,True,,0.6453744493392071,0.6448329583234661,0.6357466063348416,0.32819383259911894,0.381057268722467,,,,,,,
MIMIC-III Mortality,NearestClassMean,0,split,1277,116,10.021148036253777,19,0.3651076498252578,0.35462555066079293,-0.010482099164464853,Threshold,True,,0.6222466960352423,0.6167400881057269,0.5882352941176471,0.29515418502202645,0.460352422907489,,,,,,,
MIMIC-III Mortality,NearestClassMean,0,split,1277,116,10.021148036253777,19,0.3651076498252578,0.35462555066079293,-0.010482099164464853,SMOTE,True,,0.6398678414096917,0.6397531496231914,0.6354515050167224,0.34801762114537443,0.3722466960352423,,,,,,,
MIMIC-III Mortality,NearestClassMean,0,split,1277,116,10.021148036253777,19,0.3651076498252578,0.35462555066079293,-0.010482099164464853,Balanced Weights,False,,,,,,,,,,,,,
MIMIC-III Mortality,NearestClassMean,0,split,1277,116,10.021148036253777,19,0.3651076498252578,0.35462555066079293,-0.010482099164464853,Slacks Deltas,False,,,,,,,,,,,,,7.164
MIMIC-III Mortality,NearestClassMean,0,split,1277,116,10.021148036253777,19,0.3651076498252578,0.35462555066079293,-0.010482099164464853,Min Deltas,False,,,,,,,,,,,,,0.0
MIMIC-III Mortality,NearestClassMean,0,split,1277,116,10.021148036253777,19,0.3651076498252578,0.35462555066079293,-0.010482099164464853,F Deltas,False,,,,,,,,,,,,,0.0
MIMIC-III Mortality,NearestClassMean,0,split,1277,116,10.021148036253777,19,0.3651076498252578,0.35462555066079293,-0.010482099164464853,CP Sum,True,,0.5925110132158591,0.5345892573616091,0.6754385964912281,0.6629955947136564,0.15198237885462554,0.7428931986672738,0.22001831933287708,0.010994747373686845,0.01349349674837419,True,True,1.544
MIMIC-III Mortality,NearestClassMean,0,split,1277,116,10.021148036253777,19,0.3651076498252578,0.35462555066079293,-0.010482099164464853,CP Minimax,True,,0.6420704845814978,0.6397986496516707,0.6603970741901777,0.4118942731277533,0.3039647577092511,0.513607547152865,0.5030380503314444,0.006496998499249626,0.024487993996998504,True,True,1.53
MIMIC-III Mortality,NearestClassMean,0,split,1277,116,10.021148036253777,19,0.3651076498252578,0.35462555066079293,-0.010482099164464853,DKW Sum,True,,0.6420704845814978,0.6342006037453085,0.6746746746746747,0.4581497797356828,0.2577092511013216,0.5335331996815486,0.38308610774447854,0.010494997498749376,0.027486493246623316,True,True,0.035
MIMIC-III Mortality,NearestClassMean,0,split,1277,116,10.021148036253777,19,0.3651076498252578,0.35462555066079293,-0.010482099164464853,DKW Minimax,True,,0.6453744493392071,0.6440161014475592,0.6596194503171248,0.3964757709251101,0.31277533039647576,0.47915134947729887,0.46664061299995024,0.00899574787393697,0.03198424212106053,True,True,0.039
MIMIC-III Mortality,NearestClassMean,1,naive,3648,331,10.021148036253777,19,0.35918508243262076,0.3590308370044053,-0.0001542454282154604,Baseline,True,,0.6409691629955947,0.6403292444266651,0.6303854875283447,0.3303964757709251,0.3876651982378855,,,,,,,
MIMIC-III Mortality,NearestClassMean,1,naive,3648,331,10.021148036253777,19,0.35918508243262076,0.3590308370044053,-0.0001542454282154604,Threshold,True,,0.6266519823788547,0.602953201031915,0.549800796812749,0.2026431718061674,0.5440528634361234,,,,,,,
MIMIC-III Mortality,NearestClassMean,1,naive,3648,331,10.021148036253777,19,0.35918508243262076,0.3590308370044053,-0.0001542454282154604,SMOTE,True,,0.6365638766519823,0.636468599488335,0.6325167037861915,0.3524229074889868,0.3744493392070485,,,,,,,
MIMIC-III Mortality,NearestClassMean,1,naive,3648,331,10.021148036253777,19,0.35918508243262076,0.3590308370044053,-0.0001542454282154604,Balanced Weights,False,,,,,,,,,,,,,
MIMIC-III Mortality,NearestClassMean,1,naive,3648,331,10.021148036253777,19,0.35918508243262076,0.3590308370044053,-0.0001542454282154604,Slacks Deltas,False,,,,,,,,,,,,,116.735
MIMIC-III Mortality,NearestClassMean,1,naive,3648,331,10.021148036253777,19,0.35918508243262076,0.3590308370044053,-0.0001542454282154604,Min Deltas,True,,0.6442731277533039,0.6429831960491048,0.6291618828932262,0.31497797356828194,0.3964757709251101,,,,,,,1.932
MIMIC-III Mortality,NearestClassMean,1,naive,3648,331,10.021148036253777,19,0.35918508243262076,0.3590308370044053,-0.0001542454282154604,F Deltas,True,,0.6409691629955947,0.6403292444266651,0.6303854875283447,0.3303964757709251,0.3876651982378855,,,,,,,0.039
MIMIC-III Mortality,NearestClassMean,1,naive,3648,331,10.021148036253777,19,0.35918508243262076,0.3590308370044053,-0.0001542454282154604,CP Sum,True,,0.6266519823788547,0.602953201031915,0.549800796812749,0.2026431718061674,0.5440528634361234,0.20953101176215919,0.6202651895648887,0.0019992496248124065,0.016491995997999002,True,True,0.437
MIMIC-III Mortality,NearestClassMean,1,naive,3648,331,10.021148036253777,19,0.35918508243262076,0.3590308370044053,-0.0001542454282154604,CP Minimax,True,,0.6211453744493393,0.6186996873369741,0.6409185803757829,0.43392070484581496,0.3237885462555066,0.43572110289646404,0.4284895518773402,0.002998749374687344,0.011494497248624313,True,True,0.425
MIMIC-III Mortality,NearestClassMean,1,naive,3648,331,10.021148036253777,19,0.35918508243262076,0.3590308370044053,-0.0001542454282154604,DKW Sum,True,,0.6266519823788547,0.602953201031915,0.549800796812749,0.2026431718061674,0.5440528634361234,0.20535388191190893,0.5886600061801399,0.002998749374687344,0.023988244122061034,True,True,0.122
MIMIC-III Mortality,NearestClassMean,1,naive,3648,331,10.021148036253777,19,0.35918508243262076,0.3590308370044053,-0.0001542454282154604,DKW Minimax,True,,0.6233480176211453,0.6214616309895057,0.6407563025210085,0.4251101321585903,0.32819383259911894,0.41563814742809246,0.4083444134597264,0.00449799899949975,0.01599224612306153,False,True,0.121
MIMIC-III Mortality,NearestClassMean,1,split,1277,116,10.021148036253777,19,0.3672466238080856,0.3557268722466961,-0.011519751561389513,Baseline,True,,0.6442731277533039,0.6440010344525416,0.6374859708193041,0.3370044052863436,0.3744493392070485,,,,,,,
MIMIC-III Mortality,NearestClassMean,1,split,1277,116,10.021148036253777,19,0.3672466238080856,0.3557268722466961,-0.011519751561389513,Threshold,True,,0.6288546255506607,0.5985923443688069,0.5402455661664393,0.17841409691629956,0.5638766519823789,,,,,,,
MIMIC-III Mortality,NearestClassMean,1,split,1277,116,10.021148036253777,19,0.3672466238080856,0.3557268722466961,-0.011519751561389513,SMOTE,True,,0.6376651982378855,0.6376414214218461,0.6396495071193866,0.36784140969163,0.3568281938325991,,,,,,,
MIMIC-III Mortality,NearestClassMean,1,split,1277,116,10.021148036253777,19,0.3672466238080856,0.3557268722466961,-0.011519751561389513,Balanced Weights,False,,,,,,,,,,,,,
MIMIC-III Mortality,NearestClassMean,1,split,1277,116,10.021148036253777,19,0.3672466238080856,0.3557268722466961,-0.011519751561389513,Slacks Deltas,False,,,,,,,,,,,,,7.501
MIMIC-III Mortality,NearestClassMean,1,split,1277,116,10.021148036253777,19,0.3672466238080856,0.3557268722466961,-0.011519751561389513,Min Deltas,True,,0.6409691629955947,0.6407836902583431,0.6464208242950108,0.3744493392070485,0.3436123348017621,,,,,,,0.364
MIMIC-III Mortality,NearestClassMean,1,split,1277,116,10.021148036253777,19,0.3672466238080856,0.3557268722466961,-0.011519751561389513,F Deltas,True,,0.6409691629955947,0.6407836902583431,0.6464208242950108,0.3744493392070485,0.3436123348017621,,,,,,,0.04
MIMIC-III Mortality,NearestClassMean,1,split,1277,116,10.021148036253777,19,0.3672466238080856,0.3557268722466961,-0.011519751561389513,CP Sum,True,,0.6321585903083701,0.620007862732078,0.5804020100502513,0.2444933920704846,0.4911894273127753,0.2935809207897741,0.5628835608604339,0.003998249124562281,0.026986743371685846,True,True,1.51
MIMIC-III Mortality,NearestClassMean,1,split,1277,116,10.021148036253777,19,0.3672466238080856,0.3557268722466961,-0.011519751561389513,CP Minimax,True,,0.6310572687224669,0.6274711476569113,0.6542827657378741,0.43612334801762115,0.30176211453744495,0.4730945623677551,0.4589001753692209,0.005997248624312156,0.022488994497248626,True,True,1.534
MIMIC-III Mortality,NearestClassMean,1,split,1277,116,10.021148036253777,19,0.3672466238080856,0.3557268722466961,-0.011519751561389513,DKW Sum,True,,0.6321585903083701,0.620007862732078,0.5804020100502513,0.2444933920704846,0.4911894273127753,0.28085330253700524,0.5162627584802288,0.006496998499249626,0.03598224112056028,True,True,0.033
MIMIC-III Mortality,NearestClassMean,1,split,1277,116,10.021148036253777,19,0.3672466238080856,0.3557268722466961,-0.011519751561389513,DKW Minimax,True,,0.6354625550660793,0.6329754197197364,0.6548488008342023,0.42070484581497797,0.30837004405286345,0.4337734677732432,0.42496795479882654,0.008495997998999501,0.02948549274637319,True,True,0.035
MIMIC-III Mortality,NearestClassMean,2,naive,3648,331,10.021148036253777,19,0.33653603563807066,0.3502202643171806,0.013684228679109955,Baseline,True,,0.6497797356828194,0.6466324135361269,0.6258823529411764,0.28634361233480177,0.41409691629955947,,,,,,,
MIMIC-III Mortality,NearestClassMean,2,naive,3648,331,10.021148036253777,19,0.33653603563807066,0.3502202643171806,0.013684228679109955,Threshold,True,,0.6486784140969163,0.6418881644712365,0.6123936816524909,0.2577092511013216,0.44493392070484583,,,,,,,
MIMIC-III Mortality,NearestClassMean,2,naive,3648,331,10.021148036253777,19,0.33653603563807066,0.3502202643171806,0.013684228679109955,SMOTE,True,,0.6420704845814978,0.6403216675969502,0.6242774566473989,0.31057268722466963,0.4052863436123348,,,,,,,
MIMIC-III Mortality,NearestClassMean,2,naive,3648,331,10.021148036253777,19,0.33653603563807066,0.3502202643171806,0.013684228679109955,Balanced Weights,False,,,,,,,,,,,,,
MIMIC-III Mortality,NearestClassMean,2,naive,3648,331,10.021148036253777,19,0.33653603563807066,0.3502202643171806,0.013684228679109955,Slacks Deltas,False,,,,,,,,,,,,,117.727
MIMIC-III Mortality,NearestClassMean,2,naive,3648,331,10.021148036253777,19,0.33653603563807066,0.3502202643171806,0.013684228679109955,Min Deltas,True,,0.6508810572687225,0.6471723989442446,0.6248520710059171,0.27973568281938327,0.4185022026431718,,,,,,,2.277
MIMIC-III Mortality,NearestClassMean,2,naive,3648,331,10.021148036253777,19,0.33653603563807066,0.3502202643171806,0.013684228679109955,F Deltas,True,,0.6475770925110133,0.6448404821458386,0.6252927400468384,0.29295154185022027,0.4118942731277533,,,,,,,0.038
MIMIC-III Mortality,NearestClassMean,2,naive,3648,331,10.021148036253777,19,0.33653603563807066,0.3502202643171806,0.013684228679109955,CP Sum,True,,0.6486784140969163,0.6418881644712365,0.6123936816524909,0.2577092511013216,0.44493392070484583,0.304639227359167,0.49937350043899925,0.002498999499749875,0.012993746873436721,True,True,0.451
MIMIC-III Mortality,NearestClassMean,2,naive,3648,331,10.021148036253777,19,0.33653603563807066,0.3502202643171806,0.013684228679109955,CP Minimax,True,,0.6552863436123348,0.6552113754176901,0.658669574700109,0.35462555066079293,0.33480176211453744,0.41951060834836373,0.4192511786796772,0.002998749374687344,0.010994747373686845,True,True,0.43
MIMIC-III Mortality,NearestClassMean,2,naive,3648,331,10.021148036253777,19,0.33653603563807066,0.3502202643171806,0.013684228679109955,DKW Sum,True,,0.6486784140969163,0.6418881644712365,0.6123936816524909,0.2577092511013216,0.44493392070484583,0.29570331672640093,0.4676337448716462,0.003498499249624813,0.01799124562281141,True,True,0.123
MIMIC-III Mortality,NearestClassMean,2,naive,3648,331,10.021148036253777,19,0.33653603563807066,0.3502202643171806,0.013684228679109955,DKW Minimax,True,,0.6541850220264317,0.6541813138624342,0.654945054945055,0.34801762114537443,0.3436123348017621,0.40237314893547865,0.39354147404952633,0.00449799899949975,0.015492496248124064,True,True,0.131
MIMIC-III Mortality,NearestClassMean,2,split,1277,116,10.021148036253777,19,0.3361187815506752,0.355726872246696,0.01960809069602082,Baseline,True,,0.6442731277533039,0.6395104281311494,0.6140979689366786,0.2775330396475771,0.43392070484581496,,,,,,,
MIMIC-III Mortality,NearestClassMean,2,split,1277,116,10.021148036253777,19,0.3361187815506752,0.355726872246696,0.01960809069602082,Threshold,True,,0.6387665198237885,0.6271733931675705,0.5889724310776943,0.24008810572687225,0.48237885462555063,,,,,,,
MIMIC-III Mortality,NearestClassMean,2,split,1277,116,10.021148036253777,19,0.3361187815506752,0.355726872246696,0.01960809069602082,SMOTE,True,,0.6376651982378855,0.635560845664972,0.6178861788617886,0.31057268722466963,0.41409691629955947,,,,,,,
MIMIC-III Mortality,NearestClassMean,2,split,1277,116,10.021148036253777,19,0.3361187815506752,0.355726872246696,0.01960809069602082,Balanced Weights,False,,,,,,,,,,,,,
MIMIC-III Mortality,NearestClassMean,2,split,1277,116,10.021148036253777,19,0.3361187815506752,0.355726872246696,0.01960809069602082,Slacks Deltas,False,,,,,,,,,,,,,7.316
MIMIC-III Mortality,NearestClassMean,2,split,1277,116,10.021148036253777,19,0.3361187815506752,0.355726872246696,0.01960809069602082,Min Deltas,True,,0.6431718061674009,0.6426284591651267,0.6523605150214592,0.3832599118942731,0.3303964757709251,,,,,,,0.104
MIMIC-III Mortality,NearestClassMean,2,split,1277,116,10.021148036253777,19,0.3361187815506752,0.355726872246696,0.01960809069602082,F Deltas,True,,0.6431718061674009,0.6426284591651267,0.6523605150214592,0.3832599118942731,0.3303964757709251,,,,,,,0.041
MIMIC-III Mortality,NearestClassMean,2,split,1277,116,10.021148036253777,19,0.3361187815506752,0.355726872246696,0.01960809069602082,CP Sum,True,,0.6398678414096917,0.6301253584471797,0.5947955390334573,0.2488986784140969,0.4713656387665198,0.3027814392590869,0.6120554831384506,0.003998249124562281,0.029985242621310658,True,True,1.537
MIMIC-III Mortality,NearestClassMean,2,split,1277,116,10.021148036253777,19,0.3361187815506752,0.355726872246696,0.01960809069602082,CP Minimax,True,,0.6376651982378855,0.6347817377698765,0.6583592938733126,0.42290748898678415,0.30176211453744495,0.4922313376772214,0.4856458619640472,0.005997248624312156,0.023488494247123563,True,True,1.544
MIMIC-III Mortality,NearestClassMean,2,split,1277,116,10.021148036253777,19,0.3361187815506752,0.355726872246696,0.01960809069602082,DKW Sum,True,,0.6420704845814978,0.6352096015833532,0.6051032806804374,0.2643171806167401,0.45154185022026433,0.30497044293321535,0.5492957290615421,0.006496998499249626,0.0389807403701851,True,True,0.034
MIMIC-III Mortality,NearestClassMean,2,split,1277,116,10.021148036253777,19,0.3361187815506752,0.355726872246696,0.01960809069602082,DKW Minimax,True,,0.6387665198237885,0.6363885556472981,0.6576200417536534,0.41629955947136565,0.30616740088105726,0.4653701263937502,0.44995965273629634,0.00899574787393697,0.030984742371185595,True,True,0.038
MIMIC-III Mortality,NearestClassMean,3,naive,3648,331,10.021148036253777,19,0.36897671703127805,0.3491189427312775,-0.01985777430000052,Baseline,True,,0.6508810572687225,0.6508055816164827,0.6543075245365322,0.3590308370044053,0.3392070484581498,,,,,,,
MIMIC-III Mortality,NearestClassMean,3,naive,3648,331,10.021148036253777,19,0.36897671703127805,0.3491189427312775,-0.01985777430000052,Threshold,True,,0.6618942731277533,0.6586971168528647,0.6383981154299175,0.27312775330396477,0.40308370044052866,,,,,,,
MIMIC-III Mortality,NearestClassMean,3,naive,3648,331,10.021148036253777,19,0.36897671703127805,0.3491189427312775,-0.01985777430000052,SMOTE,True,,0.6420704845814978,0.6415706338238212,0.6509129967776585,0.3832599118942731,0.33259911894273125,,,,,,,
MIMIC-III Mortality,NearestClassMean,3,naive,3648,331,10.021148036253777,19,0.36897671703127805,0.3491189427312775,-0.01985777430000052,Balanced Weights,False,,,,,,,,,,,,,
MIMIC-III Mortality,NearestClassMean,3,naive,3648,331,10.021148036253777,19,0.36897671703127805,0.3491189427312775,-0.01985777430000052,Slacks Deltas,False,,,,,,,,,,,,,117.546
MIMIC-III Mortality,NearestClassMean,3,naive,3648,331,10.021148036253777,19,0.36897671703127805,0.3491189427312775,-0.01985777430000052,Min Deltas,True,,0.6464757709251101,0.6455736337690898,0.65814696485623,0.3876651982378855,0.31938325991189426,,,,,,,1.423
MIMIC-III Mortality,NearestClassMean,3,naive,3648,331,10.021148036253777,19,0.36897671703127805,0.3491189427312775,-0.01985777430000052,F Deltas,True,,0.6464757709251101,0.6455736337690898,0.65814696485623,0.3876651982378855,0.31938325991189426,,,,,,,0.039
MIMIC-III Mortality,NearestClassMean,3,naive,3648,331,10.021148036253777,19,0.36897671703127805,0.3491189427312775,-0.01985777430000052,CP Sum,True,,0.6508810572687225,0.630425566613289,0.5834428383705651,0.18722466960352424,0.5110132158590308,0.215634585838608,0.64878868814028,0.0019992496248124065,0.01749149574787394,True,True,0.431
MIMIC-III Mortality,NearestClassMean,3,naive,3648,331,10.021148036253777,19,0.36897671703127805,0.3491189427312775,-0.01985777430000052,CP Minimax,True,,0.6442731277533039,0.6407609756215235,0.6666666666666666,0.42290748898678415,0.28854625550660795,0.4588877672208422,0.4534131813642514,0.002998749374687344,0.011994247123561782,True,True,0.419
MIMIC-III Mortality,NearestClassMean,3,naive,3648,331,10.021148036253777,19,0.36897671703127805,0.3491189427312775,-0.01985777430000052,DKW Sum,True,,0.6618942731277533,0.6586971168528647,0.6383981154299175,0.27312775330396477,0.40308370044052866,0.2866589995723461,0.5386322267540391,0.003498499249624813,0.02098974487243622,True,True,0.124
MIMIC-III Mortality,NearestClassMean,3,naive,3648,331,10.021148036253777,19,0.36897671703127805,0.3491189427312775,-0.01985777430000052,DKW Minimax,True,,0.6420704845814978,0.6389943388359028,0.6632124352331606,0.42070484581497797,0.29515418502202645,0.4388518947901666,0.4291978560695507,0.00449799899949975,0.016491995997999002,True,True,0.121
MIMIC-III Mortality,NearestClassMean,3,split,1277,116,10.021148036253777,19,0.37532467532467534,0.3491189427312775,-0.026205732593397812,Baseline,True,,0.6508810572687225,0.6507235734553019,0.6558089033659066,0.3634361233480176,0.33480176211453744,,,,,,,
MIMIC-III Mortality,NearestClassMean,3,split,1277,116,10.021148036253777,19,0.37532467532467534,0.3491189427312775,-0.026205732593397812,Threshold,True,,0.6530837004405287,0.6491485024713414,0.6263345195729537,0.2753303964757709,0.4185022026431718,,,,,,,
MIMIC-III Mortality,NearestClassMean,3,split,1277,116,10.021148036253777,19,0.37532467532467534,0.3491189427312775,-0.026205732593397812,SMOTE,True,,0.6409691629955947,0.6403292444266651,0.6509635974304069,0.3876651982378855,0.3303964757709251,,,,,,,
MIMIC-III Mortality,NearestClassMean,3,split,1277,116,10.021148036253777,19,0.37532467532467534,0.3491189427312775,-0.026205732593397812,Balanced Weights,False,,,,,,,,,,,,,
MIMIC-III Mortality,NearestClassMean,3,split,1277,116,10.021148036253777,19,0.37532467532467534,0.3491189427312775,-0.026205732593397812,Slacks Deltas,False,,,,,,,,,,,,,7.026
MIMIC-III Mortality,NearestClassMean,3,split,1277,116,10.021148036253777,19,0.37532467532467534,0.3491189427312775,-0.026205732593397812,Min Deltas,True,,0.6354625550660793,0.630633319318422,0.6618998978549541,0.44273127753303965,0.28634361233480177,,,,,,,0.214
MIMIC-III Mortality,NearestClassMean,3,split,1277,116,10.021148036253777,19,0.37532467532467534,0.3491189427312775,-0.026205732593397812,F Deltas,True,,0.6354625550660793,0.630633319318422,0.6618998978549541,0.44273127753303965,0.28634361233480177,,,,,,,0.037
MIMIC-III Mortality,NearestClassMean,3,split,1277,116,10.021148036253777,19,0.37532467532467534,0.3491189427312775,-0.026205732593397812,CP Sum,True,,0.6431718061674009,0.6299058850752828,0.589873417721519,0.22687224669603523,0.486784140969163,0.2676460675453112,0.6519094147819074,0.003998249124562281,0.032483991995998,True,True,1.506
MIMIC-III Mortality,NearestClassMean,3,split,1277,116,10.021148036253777,19,0.37532467532467534,0.3491189427312775,-0.026205732593397812,CP Minimax,True,,0.6354625550660793,0.630633319318422,0.6618998978549541,0.44273127753303965,0.28634361233480177,0.48354470034941976,0.476875071980288,0.005997248624312156,0.022988744372186096,True,True,1.516
MIMIC-III Mortality,NearestClassMean,3,split,1277,116,10.021148036253777,19,0.37532467532467534,0.3491189427312775,-0.026205732593397812,DKW Sum,True,,0.6431718061674009,0.6299058850752828,0.589873417721519,0.22687224669603523,0.486784140969163,0.2571047722413005,0.6067971761316622,0.005997248624312156,0.04547748874437219,True,True,0.032
MIMIC-III Mortality,NearestClassMean,3,split,1277,116,10.021148036253777,19,0.37532467532467534,0.3491189427312775,-0.026205732593397812,DKW Minimax,True,,0.6365638766519823,0.6324002976185502,0.6611909650924025,0.43612334801762115,0.2907488986784141,0.46106349418014125,0.441624997626349,0.00899574787393697,0.03048499249624813,True,True,0.035
MIMIC-III Mortality,NearestClassMean,4,naive,3648,331,10.021148036253777,19,0.34677669826864627,0.37665198237885467,0.0298752841102084,Baseline,True,,0.6233480176211453,0.6232507201348861,0.6191536748329621,0.3656387665198238,0.3876651982378855,,,,,,,
MIMIC-III Mortality,NearestClassMean,4,naive,3648,331,10.021148036253777,19,0.34677669826864627,0.37665198237885467,0.0298752841102084,Threshold,True,,0.6299559471365639,0.6234491908990754,0.5932203389830508,0.27973568281938327,0.460352422907489,,,,,,,
MIMIC-III Mortality,NearestClassMean,4,naive,3648,331,10.021148036253777,19,0.34677669826864627,0.37665198237885467,0.0298752841102084,SMOTE,True,,0.6167400881057269,0.6167361548018062,0.6175824175824176,0.3854625550660793,0.381057268722467,,,,,,,
MIMIC-III Mortality,NearestClassMean,4,naive,3648,331,10.021148036253777,19,0.34677669826864627,0.37665198237885467,0.0298752841102084,Balanced Weights,False,,,,,,,,,,,,,
MIMIC-III Mortality,NearestClassMean,4,naive,3648,331,10.021148036253777,19,0.34677669826864627,0.37665198237885467,0.0298752841102084,Slacks Deltas,False,,,,,,,,,,,,,116.067
MIMIC-III Mortality,NearestClassMean,4,naive,3648,331,10.021148036253777,19,0.34677669826864627,0.37665198237885467,0.0298752841102084,Min Deltas,True,,0.6233480176211453,0.6232507201348861,0.6191536748329621,0.3656387665198238,0.3876651982378855,,,,,,,1.641
MIMIC-III Mortality,NearestClassMean,4,naive,3648,331,10.021148036253777,19,0.34677669826864627,0.37665198237885467,0.0298752841102084,F Deltas,True,,0.6211453744493393,0.621141469041367,0.621978021978022,0.381057268722467,0.3766519823788546,,,,,,,0.038
MIMIC-III Mortality,NearestClassMean,4,naive,3648,331,10.021148036253777,19,0.34677669826864627,0.37665198237885467,0.0298752841102084,CP Sum,True,,0.6299559471365639,0.6234491908990754,0.5932203389830508,0.27973568281938327,0.460352422907489,0.286155128148073,0.5235323754837679,0.0019992496248124065,0.01349349674837419,True,True,0.426
MIMIC-III Mortality,NearestClassMean,4,naive,3648,331,10.021148036253777,19,0.34677669826864627,0.37665198237885467,0.0298752841102084,CP Minimax,True,,0.6123348017621145,0.6107481106578442,0.6286919831223629,0.43171806167400884,0.3436123348017621,0.43449925661034317,0.4284895518773402,0.002998749374687344,0.011494497248624313,True,True,0.419
MIMIC-III Mortality,NearestClassMean,4,naive,3648,331,10.021148036253777,19,0.34677669826864627,0.37665198237885467,0.0298752841102084,DKW Sum,True,,0.6299559471365639,0.6234491908990754,0.5932203389830508,0.27973568281938327,0.460352422907489,0.27761468241829124,0.49127698493555283,0.003498499249624813,0.018990745372686347,False,True,0.12
MIMIC-III Mortality,NearestClassMean,4,naive,3648,331,10.021148036253777,19,0.34677669826864627,0.37665198237885467,0.0298752841102084,DKW Minimax,True,,0.6156387665198237,0.6146913738345947,0.6283280085197018,0.4185022026431718,0.3502202643171806,0.411718943328002,0.40532326542347263,0.00449799899949975,0.01599224612306153,False,True,0.12
MIMIC-III Mortality,NearestClassMean,4,split,1277,116,10.021148036253777,19,0.35997324934202013,0.38656387665198233,0.0265906273099622,Baseline,True,,0.6134361233480177,0.6133560399801755,0.6095661846496107,0.3766519823788546,0.3964757709251101,,,,,,,
MIMIC-III Mortality,NearestClassMean,4,split,1277,116,10.021148036253777,19,0.35997324934202013,0.38656387665198233,0.0265906273099622,Threshold,True,,0.6288546255506607,0.6224951747458346,0.592503022974607,0.28193832599118945,0.460352422907489,,,,,,,
MIMIC-III Mortality,NearestClassMean,4,split,1277,116,10.021148036253777,19,0.35997324934202013,0.38656387665198233,0.0265906273099622,SMOTE,True,,0.5892070484581498,0.5887529643066567,0.5984930032292788,0.43392070484581496,0.3876651982378855,,,,,,,
MIMIC-III Mortality,NearestClassMean,4,split,1277,116,10.021148036253777,19,0.35997324934202013,0.38656387665198233,0.0265906273099622,Balanced Weights,False,,,,,,,,,,,,,
MIMIC-III Mortality,NearestClassMean,4,split,1277,116,10.021148036253777,19,0.35997324934202013,0.38656387665198233,0.0265906273099622,Slacks Deltas,False,,,,,,,,,,,,,7.0
MIMIC-III Mortality,NearestClassMean,4,split,1277,116,10.021148036253777,19,0.35997324934202013,0.38656387665198233,0.0265906273099622,Min Deltas,True,,0.6046255506607929,0.60158374817996,0.6272066458982347,0.45594713656387664,0.33480176211453744,,,,,,,0.139
MIMIC-III Mortality,NearestClassMean,4,split,1277,116,10.021148036253777,19,0.35997324934202013,0.38656387665198233,0.0265906273099622,F Deltas,True,,0.6046255506607929,0.60158374817996,0.6272066458982347,0.45594713656387664,0.33480176211453744,,,,,,,0.038
MIMIC-III Mortality,NearestClassMean,4,split,1277,116,10.021148036253777,19,0.35997324934202013,0.38656387665198233,0.0265906273099622,CP Sum,True,,0.6123348017621145,0.5770546781155647,0.5124653739612188,0.1828193832599119,0.5925110132158591,0.2133352891595397,0.6675704436118679,0.003498499249624813,0.033483491745872944,True,True,1.497
MIMIC-III Mortality,NearestClassMean,4,split,1277,116,10.021148036253777,19,0.35997324934202013,0.38656387665198233,0.0265906273099622,CP Minimax,True,,0.6101321585903083,0.6085397243969759,0.6265822784810127,0.43392070484581496,0.3458149779735683,0.46086624466271214,0.4680529337695339,0.005997248624312156,0.022488994497248626,True,True,1.53
MIMIC-III Mortality,NearestClassMean,4,split,1277,116,10.021148036253777,19,0.35997324934202013,0.38656387665198233,0.0265906273099622,DKW Sum,True,,0.6123348017621145,0.5770546781155647,0.5124653739612188,0.1828193832599119,0.5925110132158591,0.20754528332547126,0.6232324908698672,0.005497498749374687,0.04747648824412207,True,True,0.033
MIMIC-III Mortality,NearestClassMean,4,split,1277,116,10.021148036253777,19,0.35997324934202013,0.38656387665198233,0.0265906273099622,DKW Minimax,True,,0.6134361233480177,0.6123585708314222,0.6269925611052072,0.42290748898678415,0.3502202643171806,0.434634794215965,0.42496795479882654,0.008495997998999501,0.02948549274637319,True,True,0.035
MIMIC-III Mortality,NearestClassMean,5,naive,3648,331,10.021148036253777,19,0.34543280199867565,0.3832599118942731,0.037827109895597455,Baseline,True,,0.6167400881057269,0.615732342190525,0.6027397260273972,0.34801762114537443,0.4185022026431718,,,,,,,
MIMIC-III Mortality,NearestClassMean,5,naive,3648,331,10.021148036253777,19,0.34543280199867565,0.3832599118942731,0.037827109895597455,Threshold,True,,0.6156387665198237,0.6077858478008944,0.5738705738705738,0.28634361233480177,0.48237885462555063,,,,,,,
MIMIC-III Mortality,NearestClassMean,5,naive,3648,331,10.021148036253777,19,0.34543280199867565,0.3832599118942731,0.037827109895597455,SMOTE,True,,0.6200440528634361,0.6199961249385131,0.6170921198668147,0.3722466960352423,0.3876651982378855,,,,,,,
MIMIC-III Mortality,NearestClassMean,5,naive,3648,331,10.021148036253777,19,0.34543280199867565,0.3832599118942731,0.037827109895597455,Balanced Weights,False,,,,,,,,,,,,,
MIMIC-III Mortality,NearestClassMean,5,naive,3648,331,10.021148036253777,19,0.34543280199867565,0.3832599118942731,0.037827109895597455,Slacks Deltas,False,,,,,,,,,,,,,115.59
MIMIC-III Mortality,NearestClassMean,5,naive,3648,331,10.021148036253777,19,0.34543280199867565,0.3832599118942731,0.037827109895597455,Min Deltas,True,,0.6167400881057269,0.6156023174098143,0.6018306636155606,0.3458149779735683,0.42070484581497797,,,,,,,2.132
MIMIC-III Mortality,NearestClassMean,5,naive,3648,331,10.021148036253777,19,0.34543280199867565,0.3832599118942731,0.037827109895597455,F Deltas,True,,0.6167400881057269,0.6153185316082134,0.6,0.34140969162995594,0.4251101321585903,,,,,,,0.038
MIMIC-III Mortality,NearestClassMean,5,naive,3648,331,10.021148036253777,19,0.34543280199867565,0.3832599118942731,0.037827109895597455,CP Sum,True,,0.6090308370044053,0.5889012751809919,0.5371577574967406,0.2356828193832599,0.5462555066079295,0.23036276575553674,0.5854970981107002,0.0019992496248124065,0.015492496248124064,False,True,0.42
MIMIC-III Mortality,NearestClassMean,5,naive,3648,331,10.021148036253777,19,0.34543280199867565,0.3832599118942731,0.037827109895597455,CP Minimax,True,,0.6068281938325991,0.605602710542608,0.6214209968186638,0.43171806167400884,0.35462555066079293,0.4237970695638066,0.422432545349062,0.002998749374687344,0.010994747373686845,False,True,0.415
MIMIC-III Mortality,NearestClassMean,5,naive,3648,331,10.021148036253777,19,0.34543280199867565,0.3832599118942731,0.037827109895597455,DKW Sum,True,,0.6090308370044053,0.5889012751809919,0.5371577574967406,0.2356828193832599,0.5462555066079295,0.224554688447836,0.5532766641416086,0.003498499249624813,0.02198924462231116,False,True,0.12
MIMIC-III Mortality,NearestClassMean,5,naive,3648,331,10.021148036253777,19,0.34543280199867565,0.3832599118942731,0.037827109895597455,DKW Minimax,True,,0.6134361233480177,0.6129999873208443,0.6221743810548978,0.40969162995594716,0.3634361233480176,0.4056893985586321,0.3965626220857802,0.00449799899949975,0.015492496248124064,False,True,0.117
MIMIC-III Mortality,NearestClassMean,5,split,1277,116,10.021148036253777,19,0.3418712516719161,0.3876651982378855,0.04579394656596936,Baseline,True,,0.6123348017621145,0.6114427946562373,0.5990888382687927,0.35462555066079293,0.42070484581497797,,,,,,,
MIMIC-III Mortality,NearestClassMean,5,split,1277,116,10.021148036253777,19,0.3418712516719161,0.3876651982378855,0.04579394656596936,Threshold,True,,0.6046255506607929,0.5966276916611137,0.5616605616605617,0.2973568281938326,0.4933920704845815,,,,,,,
MIMIC-III Mortality,NearestClassMean,5,split,1277,116,10.021148036253777,19,0.3418712516719161,0.3876651982378855,0.04579394656596936,SMOTE,True,,0.6090308370044053,0.609021875008744,0.6077348066298343,0.3876651982378855,0.394273127753304,,,,,,,
MIMIC-III Mortality,NearestClassMean,5,split,1277,116,10.021148036253777,19,0.3418712516719161,0.3876651982378855,0.04579394656596936,Balanced Weights,False,,,,,,,,,,,,,
MIMIC-III Mortality,NearestClassMean,5,split,1277,116,10.021148036253777,19,0.3418712516719161,0.3876651982378855,0.04579394656596936,Slacks Deltas,False,,,,,,,,,,,,,6.963
MIMIC-III Mortality,NearestClassMean,5,split,1277,116,10.021148036253777,19,0.3418712516719161,0.3876651982378855,0.04579394656596936,Min Deltas,True,,0.6101321585903083,0.6094598627496479,0.6209850107066381,0.4185022026431718,0.36123348017621143,,,,,,,0.408
MIMIC-III Mortality,NearestClassMean,5,split,1277,116,10.021148036253777,19,0.3418712516719161,0.3876651982378855,0.04579394656596936,F Deltas,True,,0.6101321585903083,0.6094598627496479,0.6209850107066381,0.4185022026431718,0.36123348017621143,,,,,,,0.037
MIMIC-III Mortality,NearestClassMean,5,split,1277,116,10.021148036253777,19,0.3418712516719161,0.3876651982378855,0.04579394656596936,CP Sum,True,,0.5958149779735683,0.5522795589995966,0.4794326241134752,0.18061674008810572,0.6277533039647577,0.191608232818063,0.6984119391073603,0.002998749374687344,0.03548249124562282,True,True,1.501
MIMIC-III Mortality,NearestClassMean,5,split,1277,116,10.021148036253777,19,0.3418712516719161,0.3876651982378855,0.04579394656596936,CP Minimax,True,,0.6035242290748899,0.5993942098915542,0.6296296296296297,0.4669603524229075,0.32599118942731276,0.47919396129105196,0.4680529337695339,0.005997248624312156,0.022488994497248626,True,True,1.507
MIMIC-III Mortality,NearestClassMean,5,split,1277,116,10.021148036253777,19,0.3418712516719161,0.3876651982378855,0.04579394656596936,DKW Sum,True,,0.5958149779735683,0.5522795589995966,0.4794326241134752,0.18061674008810572,0.6277533039647577,0.18773477514287007,0.6558175686090503,0.005497498749374687,0.05247398699349676,True,True,0.033
MIMIC-III Mortality,NearestClassMean,5,split,1277,116,10.021148036253777,19,0.3418712516719161,0.3876651982378855,0.04579394656596936,DKW Minimax,True,,0.6046255506607929,0.6008817032047893,0.6295149638802889,0.46255506607929514,0.32819383259911894,0.4509999966276791,0.441624997626349,0.008495997998999501,0.03048499249624813,False,True,0.035
MIMIC-III Mortality,NearestClassMean,6,naive,3648,331,10.021148036253777,19,0.3552595026809615,0.3502202643171806,-0.005039238363780896,Baseline,True,,0.6497797356828194,0.6486999166237873,0.6361556064073226,0.31277533039647576,0.3876651982378855,,,,,,,
MIMIC-III Mortality,NearestClassMean,6,naive,3648,331,10.021148036253777,19,0.3552595026809615,0.3502202643171806,-0.005039238363780896,Threshold,True,,0.6618942731277533,0.6505073205643299,0.6148055207026348,0.21585903083700442,0.460352422907489,,,,,,,
MIMIC-III Mortality,NearestClassMean,6,naive,3648,331,10.021148036253777,19,0.3552595026809615,0.3502202643171806,-0.005039238363780896,SMOTE,True,,0.6354625550660793,0.6353852478953443,0.6318131256952169,0.35462555066079293,0.3744493392070485,,,,,,,
MIMIC-III Mortality,NearestClassMean,6,naive,3648,331,10.021148036253777,19,0.3552595026809615,0.3502202643171806,-0.005039238363780896,Balanced Weights,False,,,,,,,,,,,,,
MIMIC-III Mortality,NearestClassMean,6,naive,3648,331,10.021148036253777,19,0.3552595026809615,0.3502202643171806,-0.005039238363780896,Slacks Deltas,False,,,,,,,,,,,,,115.101
MIMIC-III Mortality,NearestClassMean,6,naive,3648,331,10.021148036253777,19,0.3552595026809615,0.3502202643171806,-0.005039238363780896,Min Deltas,True,,0.6486784140969163,0.6480938332086299,0.638731596828992,0.3237885462555066,0.3788546255506608,,,,,,,1.905
MIMIC-III Mortality,NearestClassMean,6,naive,3648,331,10.021148036253777,19,0.3552595026809615,0.3502202643171806,-0.005039238363780896,F Deltas,True,,0.6486784140969163,0.6482659885744442,0.6403607666290868,0.32819383259911894,0.3744493392070485,,,,,,,0.038
MIMIC-III Mortality,NearestClassMean,6,naive,3648,331,10.021148036253777,19,0.3552595026809615,0.3502202643171806,-0.005039238363780896,CP Sum,True,,0.6618942731277533,0.6505073205643299,0.6148055207026348,0.21585903083700442,0.460352422907489,0.26374649163823155,0.5621822299018213,0.0019992496248124065,0.014492996498249127,True,True,0.423
MIMIC-III Mortality,NearestClassMean,6,naive,3648,331,10.021148036253777,19,0.3552595026809615,0.3502202643171806,-0.005039238363780896,CP Minimax,True,,0.6365638766519823,0.6343650575019347,0.6548117154811716,0.41629955947136565,0.31057268722466963,0.4427417418141563,0.43481842027912077,0.002998749374687344,0.011494497248624313,True,True,0.414
MIMIC-III Mortality,NearestClassMean,6,naive,3648,331,10.021148036253777,19,0.3552595026809615,0.3502202643171806,-0.005039238363780896,DKW Sum,True,,0.6618942731277533,0.6505073205643299,0.6148055207026348,0.21585903083700442,0.460352422907489,0.256209798487028,0.5298066474680643,0.003498499249624813,0.02048999499749875,True,True,0.121
MIMIC-III Mortality,NearestClassMean,6,naive,3648,331,10.021148036253777,19,0.3552595026809615,0.3502202643171806,-0.005039238363780896,DKW Minimax,True,,0.6376651982378855,0.6363618721295755,0.6518518518518519,0.40308370044052866,0.32158590308370044,0.4204617832435884,0.41438670953223394,0.00449799899949975,0.01599224612306153,True,True,0.119
MIMIC-III Mortality,NearestClassMean,6,split,1277,116,10.021148036253777,19,0.34650947059584936,0.3502202643171806,0.0037107937213312625,Baseline,True,,0.6497797356828194,0.6491485024713415,0.6394557823129252,0.32158590308370044,0.3788546255506608,,,,,,,
MIMIC-III Mortality,NearestClassMean,6,split,1277,116,10.021148036253777,19,0.34650947059584936,0.3502202643171806,0.0037107937213312625,Threshold,True,,0.6486784140969163,0.6422055381195391,0.6133333333333333,0.2599118942731278,0.44273127753303965,,,,,,,
MIMIC-III Mortality,NearestClassMean,6,split,1277,116,10.021148036253777,19,0.34650947059584936,0.3502202643171806,0.0037107937213312625,SMOTE,True,,0.6321585903083701,0.6319129517080325,0.625560538116592,0.3502202643171806,0.3854625550660793,,,,,,,
MIMIC-III Mortality,NearestClassMean,6,split,1277,116,10.021148036253777,19,0.34650947059584936,0.3502202643171806,0.0037107937213312625,Balanced Weights,False,,,,,,,,,,,,,
MIMIC-III Mortality,NearestClassMean,6,split,1277,116,10.021148036253777,19,0.34650947059584936,0.3502202643171806,0.0037107937213312625,Slacks Deltas,False,,,,,,,,,,,,,6.917
MIMIC-III Mortality,NearestClassMean,6,split,1277,116,10.021148036253777,19,0.34650947059584936,0.3502202643171806,0.0037107937213312625,Min Deltas,True,,0.6332599118942731,0.6326610844204877,0.6430868167202572,0.394273127753304,0.3392070484581498,,,,,,,0.104
MIMIC-III Mortality,NearestClassMean,6,split,1277,116,10.021148036253777,19,0.34650947059584936,0.3502202643171806,0.0037107937213312625,F Deltas,True,,0.6332599118942731,0.6326610844204877,0.6430868167202572,0.394273127753304,0.3392070484581498,,,,,,,0.038
MIMIC-III Mortality,NearestClassMean,6,split,1277,116,10.021148036253777,19,0.34650947059584936,0.3502202643171806,0.0037107937213312625,CP Sum,True,,0.6387665198237885,0.602752006041886,0.5418994413407822,0.14977973568281938,0.5726872246696035,0.23802453785914202,0.6830714886459353,0.003498499249624813,0.03448299149574788,True,True,1.489
MIMIC-III Mortality,NearestClassMean,6,split,1277,116,10.021148036253777,19,0.34650947059584936,0.3502202643171806,0.0037107937213312625,CP Minimax,True,,0.6365638766519823,0.6364266730176206,0.6413043478260869,0.3766519823788546,0.3502202643171806,0.4661117961936343,0.4680529337695339,0.005997248624312156,0.022488994497248626,True,True,1.5
MIMIC-III Mortality,NearestClassMean,6,split,1277,116,10.021148036253777,19,0.34650947059584936,0.3502202643171806,0.0037107937213312625,DKW Sum,True,,0.6387665198237885,0.6387513290005942,0.6403508771929824,0.3656387665198238,0.3568281938325991,0.4337734677732432,0.42496795479882654,0.008495997998999501,0.02948549274637319,True,True,0.035
MIMIC-III Mortality,NearestClassMean,6,split,1277,116,10.021148036253777,19,0.34650947059584936,0.3502202643171806,0.0037107937213312625,DKW Minimax,True,,0.6387665198237885,0.6387323399635514,0.6411378555798687,0.36784140969163,0.35462555066079293,0.4354961206586868,0.42496795479882654,0.008495997998999501,0.02948549274637319,True,True,0.036
MIMIC-III Mortality,NearestClassMean,7,naive,3648,331,10.021148036253777,19,0.33969835881620547,0.3645374449339207,0.024839086117715237,Baseline,True,,0.6354625550660793,0.6333508840995822,0.6155632984901278,0.31277533039647576,0.41629955947136565,,,,,,,
MIMIC-III Mortality,NearestClassMean,7,naive,3648,331,10.021148036253777,19,0.33969835881620547,0.3645374449339207,0.024839086117715237,Threshold,True,,0.6376651982378855,0.6322928835544857,0.6050420168067226,0.27973568281938327,0.44493392070484583,,,,,,,
MIMIC-III Mortality,NearestClassMean,7,naive,3648,331,10.021148036253777,19,0.33969835881620547,0.3645374449339207,0.024839086117715237,SMOTE,True,,0.6167400881057269,0.616421409170977,0.6089887640449438,0.3634361233480176,0.40308370044052866,,,,,,,
MIMIC-III Mortality,NearestClassMean,7,naive,3648,331,10.021148036253777,19,0.33969835881620547,0.3645374449339207,0.024839086117715237,Balanced Weights,False,,,,,,,,,,,,,
MIMIC-III Mortality,NearestClassMean,7,naive,3648,331,10.021148036253777,19,0.33969835881620547,0.3645374449339207,0.024839086117715237,Slacks Deltas,False,,,,,,,,,,,,,115.33
MIMIC-III Mortality,NearestClassMean,7,naive,3648,331,10.021148036253777,19,0.33969835881620547,0.3645374449339207,0.024839086117715237,Min Deltas,True,,0.6332599118942731,0.6305640760221037,0.6105263157894737,0.30837004405286345,0.4251101321585903,,,,,,,1.998
MIMIC-III Mortality,NearestClassMean,7,naive,3648,331,10.021148036253777,19,0.33969835881620547,0.3645374449339207,0.024839086117715237,F Deltas,True,,0.6354625550660793,0.6333508840995822,0.6155632984901278,0.31277533039647576,0.41629955947136565,,,,,,,0.038
MIMIC-III Mortality,NearestClassMean,7,naive,3648,331,10.021148036253777,19,0.33969835881620547,0.3645374449339207,0.024839086117715237,CP Sum,True,,0.6376651982378855,0.6322928835544857,0.6050420168067226,0.27973568281938327,0.44493392070484583,0.31777824235506463,0.49937350043899925,0.002498999499749875,0.012993746873436721,True,True,0.424
MIMIC-III Mortality,NearestClassMean,7,naive,3648,331,10.021148036253777,19,0.33969835881620547,0.3645374449339207,0.024839086117715237,CP Minimax,True,,0.6134361233480177,0.6133560399801755,0.6172300981461287,0.3964757709251101,0.3766519823788546,0.4247151797047315,0.422432545349062,0.002998749374687344,0.010994747373686845,True,True,0.418
MIMIC-III Mortality,NearestClassMean,7,naive,3648,331,10.021148036253777,19,0.33969835881620547,0.3645374449339207,0.024839086117715237,DKW Sum,True,,0.6376651982378855,0.6322928835544857,0.6050420168067226,0.27973568281938327,0.44493392070484583,0.30836536074207777,0.4676337448716462,0.003498499249624813,0.01799124562281141,True,True,0.118
MIMIC-III Mortality,NearestClassMean,7,naive,3648,331,10.021148036253777,19,0.33969835881620547,0.3645374449339207,0.024839086117715237,DKW Minimax,True,,0.6145374449339207,0.6145374449339207,0.6145374449339207,0.3854625550660793,0.3854625550660793,0.40448348960475816,0.39958377012203394,0.00449799899949975,0.015492496248124064,True,True,0.121
MIMIC-III Mortality,NearestClassMean,7,split,1277,116,10.021148036253777,19,0.3328331967036286,0.3612334801762115,0.028400283472582888,Baseline,True,,0.6387665198237885,0.6372456449995344,0.6221198156682027,0.31718061674008813,0.4052863436123348,,,,,,,
MIMIC-III Mortality,NearestClassMean,7,split,1277,116,10.021148036253777,19,0.3328331967036286,0.3612334801762115,0.028400283472582888,Threshold,True,,0.6453744493392071,0.6396318003903807,0.6120481927710844,0.2687224669603524,0.44052863436123346,,,,,,,
MIMIC-III Mortality,NearestClassMean,7,split,1277,116,10.021148036253777,19,0.3328331967036286,0.3612334801762115,0.028400283472582888,SMOTE,True,,0.6255506607929515,0.6253024263939736,0.6188340807174888,0.3568281938325991,0.3920704845814978,,,,,,,
MIMIC-III Mortality,NearestClassMean,7,split,1277,116,10.021148036253777,19,0.3328331967036286,0.3612334801762115,0.028400283472582888,Balanced Weights,False,,,,,,,,,,,,,
MIMIC-III Mortality,NearestClassMean,7,split,1277,116,10.021148036253777,19,0.3328331967036286,0.3612334801762115,0.028400283472582888,Slacks Deltas,False,,,,,,,,,,,,,7.097
MIMIC-III Mortality,NearestClassMean,7,split,1277,116,10.021148036253777,19,0.3328331967036286,0.3612334801762115,0.028400283472582888,Min Deltas,True,,0.6233480176211453,0.6227873757170419,0.6330472103004292,0.40308370044052866,0.3502202643171806,,,,,,,0.432
MIMIC-III Mortality,NearestClassMean,7,split,1277,116,10.021148036253777,19,0.3328331967036286,0.3612334801762115,0.028400283472582888,F Deltas,True,,0.6233480176211453,0.6227873757170419,0.6330472103004292,0.40308370044052866,0.3502202643171806,,,,,,,0.038
MIMIC-III Mortality,NearestClassMean,7,split,1277,116,10.021148036253777,19,0.3328331967036286,0.3612334801762115,0.028400283472582888,CP Sum,True,,0.6354625550660793,0.6108593131863596,0.5580774365821095,0.1894273127753304,0.539647577092511,0.2592519748967529,0.6360884105789006,0.003998249124562281,0.03148449224612306,True,True,1.507
MIMIC-III Mortality,NearestClassMean,7,split,1277,116,10.021148036253777,19,0.3328331967036286,0.3612334801762115,0.028400283472582888,CP Minimax,True,,0.6222466960352423,0.6215357913218195,0.6331550802139038,0.40748898678414097,0.34801762114537443,0.47483824658002544,0.4680529337695339,0.005997248624312156,0.022488994497248626,True,True,1.516
MIMIC-III Mortality,NearestClassMean,7,split,1277,116,10.021148036253777,19,0.3328331967036286,0.3612334801762115,0.028400283472582888,DKW Sum,True,,0.6420704845814978,0.6224562042524953,0.5751633986928104,0.20044052863436124,0.5154185022026432,0.26571803666851845,0.5740200533877049,0.005997248624312156,0.04147948974487244,True,True,0.034
MIMIC-III Mortality,NearestClassMean,7,split,1277,116,10.021148036253777,19,0.3328331967036286,0.3612334801762115,0.028400283472582888,DKW Minimax,True,,0.6233480176211453,0.6227873757170419,0.6330472103004292,0.40308370044052866,0.3502202643171806,0.4509999966276791,0.43329438850470015,0.008495997998999501,0.029985242621310658,True,True,0.036
MIMIC-III Mortality,NearestClassMean,8,naive,3648,331,10.021148036253777,19,0.35736984335024097,0.3370044052863436,-0.020365438063897345,Baseline,True,,0.6629955947136564,0.6607048399404795,0.6433566433566433,0.28193832599118945,0.3920704845814978,,,,,,,
MIMIC-III Mortality,NearestClassMean,8,naive,3648,331,10.021148036253777,19,0.35736984335024097,0.3370044052863436,-0.020365438063897345,Threshold,True,,0.6519823788546255,0.6406284575215699,0.6040100250626567,0.22687224669603523,0.46916299559471364,,,,,,,
MIMIC-III Mortality,NearestClassMean,8,naive,3648,331,10.021148036253777,19,0.35736984335024097,0.3370044052863436,-0.020365438063897345,SMOTE,True,,0.6464757709251101,0.6447389031357076,0.6289017341040463,0.30616740088105726,0.4008810572687225,,,,,,,
MIMIC-III Mortality,NearestClassMean,8,naive,3648,331,10.021148036253777,19,0.35736984335024097,0.3370044052863436,-0.020365438063897345,Balanced Weights,False,,,,,,,,,,,,,
MIMIC-III Mortality,NearestClassMean,8,naive,3648,331,10.021148036253777,19,0.35736984335024097,0.3370044052863436,-0.020365438063897345,Slacks Deltas,False,,,,,,,,,,,,,115.644
MIMIC-III Mortality,NearestClassMean,8,naive,3648,331,10.021148036253777,19,0.35736984335024097,0.3370044052863436,-0.020365438063897345,Min Deltas,True,,0.6640969162995595,0.6606901535311431,0.6399055489964581,0.2687224669603524,0.40308370044052866,,,,,,,2.008
MIMIC-III Mortality,NearestClassMean,8,naive,3648,331,10.021148036253777,19,0.35736984335024097,0.3370044052863436,-0.020365438063897345,F Deltas,True,,0.6651982378854625,0.6638804521521571,0.6505747126436782,0.29295154185022027,0.3766519823788546,,,,,,,0.038
MIMIC-III Mortality,NearestClassMean,8,naive,3648,331,10.021148036253777,19,0.35736984335024097,0.3370044052863436,-0.020365438063897345,CP Sum,True,,0.6453744493392071,0.6316979395783946,0.5913705583756346,0.22246696035242292,0.486784140969163,0.2697554674969642,0.5591964710694051,0.0019992496248124065,0.014492996498249127,True,True,0.428
MIMIC-III Mortality,NearestClassMean,8,naive,3648,331,10.021148036253777,19,0.35736984335024097,0.3370044052863436,-0.020365438063897345,CP Minimax,True,,0.6530837004405287,0.6524063986108345,0.6631016042780749,0.3766519823788546,0.31718061674008813,0.44030073987836327,0.43797578840919965,0.002998749374687344,0.011494497248624313,True,True,0.418
MIMIC-III Mortality,NearestClassMean,8,naive,3648,331,10.021148036253777,19,0.35736984335024097,0.3370044052863436,-0.020365438063897345,DKW Sum,True,,0.6453744493392071,0.6316979395783946,0.5913705583756346,0.22246696035242292,0.486784140969163,0.26193786601792945,0.5267854994318105,0.003498499249624813,0.02048999499749875,True,True,0.123
MIMIC-III Mortality,NearestClassMean,8,naive,3648,331,10.021148036253777,19,0.35736984335024097,0.3370044052863436,-0.020365438063897345,DKW Minimax,True,,0.6552863436123348,0.6547965814962714,0.6638023630504833,0.3700440528634361,0.31938325991189426,0.4201603060051199,0.4113655614959802,0.00449799899949975,0.01599224612306153,True,True,0.118
MIMIC-III Mortality,NearestClassMean,8,split,1277,116,10.021148036253777,19,0.3667569141821634,0.35242290748898675,-0.014334006693176637,Baseline,True,,0.6475770925110133,0.6452316000135744,0.627039627039627,0.2973568281938326,0.40748898678414097,,,,,,,
MIMIC-III Mortality,NearestClassMean,8,split,1277,116,10.021148036253777,19,0.3667569141821634,0.35242290748898675,-0.014334006693176637,Threshold,True,,0.6431718061674009,0.6294474396296653,0.5888324873096447,0.22466960352422907,0.4889867841409692,,,,,,,
MIMIC-III Mortality,NearestClassMean,8,split,1277,116,10.021148036253777,19,0.3667569141821634,0.35242290748898675,-0.014334006693176637,SMOTE,True,,0.6475770925110133,0.6460769582395705,0.631336405529954,0.30837004405286345,0.3964757709251101,,,,,,,
MIMIC-III Mortality,NearestClassMean,8,split,1277,116,10.021148036253777,19,0.3667569141821634,0.35242290748898675,-0.014334006693176637,Balanced Weights,False,,,,,,,,,,,,,
MIMIC-III Mortality,NearestClassMean,8,split,1277,116,10.021148036253777,19,0.3667569141821634,0.35242290748898675,-0.014334006693176637,Slacks Deltas,False,,,,,,,,,,,,,7.191
MIMIC-III Mortality,NearestClassMean,8,split,1277,116,10.021148036253777,19,0.3667569141821634,0.35242290748898675,-0.014334006693176637,Min Deltas,True,,0.6541850220264317,0.6541516477937224,0.6518847006651884,0.3392070484581498,0.3524229074889868,,,,,,,0.312
MIMIC-III Mortality,NearestClassMean,8,split,1277,116,10.021148036253777,19,0.3667569141821634,0.35242290748898675,-0.014334006693176637,F Deltas,True,,0.6541850220264317,0.6541516477937224,0.6518847006651884,0.3392070484581498,0.3524229074889868,,,,,,,0.038
MIMIC-III Mortality,NearestClassMean,8,split,1277,116,10.021148036253777,19,0.3667569141821634,0.35242290748898675,-0.014334006693176637,CP Sum,True,,0.6343612334801763,0.5766720060600377,0.5029940119760479,0.1013215859030837,0.6299559471365639,0.1622682266883268,0.6984119391073603,0.002998749374687344,0.03548249124562282,True,True,1.519
MIMIC-III Mortality,NearestClassMean,8,split,1277,116,10.021148036253777,19,0.3667569141821634,0.35242290748898675,-0.014334006693176637,CP Minimax,True,,0.6541850220264317,0.6532350449772985,0.6659574468085107,0.381057268722467,0.31057268722466963,0.4643640891736556,0.44996525166159757,0.005997248624312156,0.02198924462231116,True,True,1.526
MIMIC-III Mortality,NearestClassMean,8,split,1277,116,10.021148036253777,19,0.3667569141821634,0.35242290748898675,-0.014334006693176637,DKW Sum,True,,0.6475770925110133,0.6388880334064398,0.6059113300492611,0.24669603524229075,0.4581497797356828,0.3015251371623282,0.5081481592239849,0.006496998499249626,0.03498274137068535,True,True,0.033
MIMIC-III Mortality,NearestClassMean,8,split,1277,116,10.021148036253777,19,0.3667569141821634,0.35242290748898675,-0.014334006693176637,DKW Minimax,True,,0.6563876651982379,0.6557627927697214,0.6659528907922913,0.3722466960352423,0.31497797356828194,0.434634794215965,0.42496795479882654,0.008495997998999501,0.02948549274637319,True,True,0.036
MIMIC-III Mortality,NearestClassMean,9,naive,3648,331,10.021148036253777,19,0.34965348333723467,0.3590308370044053,0.00937735366717063,Baseline,True,,0.6409691629955947,0.6398744758426823,0.6270022883295194,0.32158590308370044,0.3964757709251101,,,,,,,
MIMIC-III Mortality,NearestClassMean,9,naive,3648,331,10.021148036253777,19,0.34965348333723467,0.3590308370044053,0.00937735366717063,Threshold,True,,0.6310572687224669,0.6043275787757009,0.5491251682368775,0.18722466960352424,0.5506607929515418,,,,,,,
MIMIC-III Mortality,NearestClassMean,9,naive,3648,331,10.021148036253777,19,0.34965348333723467,0.3590308370044053,0.00937735366717063,SMOTE,True,,0.6343612334801763,0.633898356578144,0.6252821670428894,0.34140969162995594,0.3898678414096916,,,,,,,
MIMIC-III Mortality,NearestClassMean,9,naive,3648,331,10.021148036253777,19,0.34965348333723467,0.3590308370044053,0.00937735366717063,Balanced Weights,False,,,,,,,,,,,,,
MIMIC-III Mortality,NearestClassMean,9,naive,3648,331,10.021148036253777,19,0.34965348333723467,0.3590308370044053,0.00937735366717063,Slacks Deltas,False,,,,,,,,,,,,,116.458
MIMIC-III Mortality,NearestClassMean,9,naive,3648,331,10.021148036253777,19,0.34965348333723467,0.3590308370044053,0.00937735366717063,Min Deltas,True,,0.6420704845814978,0.6410410665574999,0.6285714285714286,0.32158590308370044,0.394273127753304,,,,,,,1.758
MIMIC-III Mortality,NearestClassMean,9,naive,3648,331,10.021148036253777,19,0.34965348333723467,0.3590308370044053,0.00937735366717063,F Deltas,True,,0.6398678414096917,0.6389563746414224,0.6271379703534777,0.32599118942731276,0.394273127753304,,,,,,,0.037
MIMIC-III Mortality,NearestClassMean,9,naive,3648,331,10.021148036253777,19,0.34965348333723467,0.3590308370044053,0.00937735366717063,CP Sum,True,,0.6211453744493393,0.5848380568973887,0.520891364902507,0.1696035242290749,0.5881057268722467,0.18602776631448312,0.6430394106697941,0.0014994997498749376,0.01749149574787394,True,True,0.424
MIMIC-III Mortality,NearestClassMean,9,naive,3648,331,10.021148036253777,19,0.34965348333723467,0.3590308370044053,0.00937735366717063,CP Minimax,True,,0.6343612334801763,0.6342656254432626,0.6383442265795207,0.3766519823788546,0.35462555066079293,0.42930353182780895,0.422432545349062,0.002998749374687344,0.010994747373686845,True,True,0.414
MIMIC-III Mortality,NearestClassMean,9,naive,3648,331,10.021148036253777,19,0.34965348333723467,0.3590308370044053,0.00937735366717063,DKW Sum,True,,0.6310572687224669,0.6043275787757009,0.5491251682368775,0.18722466960352424,0.5506607929515418,0.20897160877353088,0.5858503929372016,0.002998749374687344,0.023488494247123563,True,True,0.117
MIMIC-III Mortality,NearestClassMean,9,naive,3648,331,10.021148036253777,19,0.34965348333723467,0.3590308370044053,0.00937735366717063,DKW Minimax,True,,0.6354625550660793,0.6354616007139018,0.6358635863586358,0.3656387665198238,0.3634361233480176,0.4108145116125965,0.4026049181582877,0.00449799899949975,0.015492496248124064,True,True,0.116
MIMIC-III Mortality,NearestClassMean,9,split,1277,116,10.021148036253777,19,0.36046943090132455,0.3645374449339207,0.004068014032596157,Baseline,True,,0.6354625550660793,0.6329754197197364,0.6137689614935823,0.30837004405286345,0.42070484581497797,,,,,,,
MIMIC-III Mortality,NearestClassMean,9,split,1277,116,10.021148036253777,19,0.36046943090132455,0.3645374449339207,0.004068014032596157,Threshold,True,,0.6299559471365639,0.6085038466901148,0.5578947368421052,0.20704845814977973,0.5330396475770925,,,,,,,
MIMIC-III Mortality,NearestClassMean,9,split,1277,116,10.021148036253777,19,0.36046943090132455,0.3645374449339207,0.004068014032596157,SMOTE,True,,0.6321585903083701,0.6317747380249032,0.6238738738738738,0.3458149779735683,0.3898678414096916,,,,,,,
MIMIC-III Mortality,NearestClassMean,9,split,1277,116,10.021148036253777,19,0.36046943090132455,0.3645374449339207,0.004068014032596157,Balanced Weights,False,,,,,,,,,,,,,
MIMIC-III Mortality,NearestClassMean,9,split,1277,116,10.021148036253777,19,0.36046943090132455,0.3645374449339207,0.004068014032596157,Slacks Deltas,False,,,,,,,,,,,,,7.202
MIMIC-III Mortality,NearestClassMean,9,split,1277,116,10.021148036253777,19,0.36046943090132455,0.3645374449339207,0.004068014032596157,Min Deltas,True,,0.6343612334801763,0.6331210343790388,0.6483050847457628,0.4052863436123348,0.32599118942731276,,,,,,,0.04
MIMIC-III Mortality,NearestClassMean,9,split,1277,116,10.021148036253777,19,0.36046943090132455,0.3645374449339207,0.004068014032596157,F Deltas,True,,0.6343612334801763,0.6331210343790388,0.6483050847457628,0.4052863436123348,0.32599118942731276,,,,,,,0.039
MIMIC-III Mortality,NearestClassMean,9,split,1277,116,10.021148036253777,19,0.36046943090132455,0.3645374449339207,0.004068014032596157,CP Sum,True,,0.6376651982378855,0.6376414214218461,0.6356589147286822,0.3568281938325991,0.36784140969163,0.431276941751631,0.5119109617274318,0.005497498749374687,0.024487993996998504,True,True,1.492
MIMIC-III Mortality,NearestClassMean,9,split,1277,116,10.021148036253777,19,0.36046943090132455,0.3645374449339207,0.004068014032596157,CP Minimax,True,,0.6343612334801763,0.6332551235214483,0.6475583864118896,0.40308370044052866,0.32819383259911894,0.48006450643671994,0.4856458619640472,0.005997248624312156,0.023488494247123563,True,True,1.478
MIMIC-III Mortality,NearestClassMean,9,split,1277,116,10.021148036253777,19,0.36046943090132455,0.3645374449339207,0.004068014032596157,DKW Sum,True,,0.6376651982378855,0.6376414214218461,0.6356589147286822,0.3568281938325991,0.36784140969163,0.41252746771155735,0.46664061299995024,0.007996248124062032,0.03198424212106053,True,True,0.032
MIMIC-III Mortality,NearestClassMean,9,split,1277,116,10.021148036253777,19,0.36046943090132455,0.3645374449339207,0.004068014032596157,DKW Minimax,True,,0.6343612334801763,0.6338103334774519,0.6437768240343348,0.3920704845814978,0.3392070484581498,0.4501386701849573,0.441624997626349,0.008495997998999501,0.03048499249624813,True,True,0.033
MIMIC-III Mortality,RandomForest,0,naive,3648,331,10.021148036253777,19,0.0,0.4845814977973568,0.4845814977973568,Baseline,True,,0.5154185022026432,0.17560468218497574,0.05982905982905983,0.0,0.9691629955947136,,,,,,,
MIMIC-III Mortality,RandomForest,0,naive,3648,331,10.021148036253777,19,0.0,0.4845814977973568,0.4845814977973568,Threshold,True,,0.5363436123348018,0.30112637621382154,0.16633663366336635,0.019823788546255508,0.9074889867841409,,,,,,,
MIMIC-III Mortality,RandomForest,0,naive,3648,331,10.021148036253777,19,0.0,0.4845814977973568,0.4845814977973568,SMOTE,True,,0.5330396475770925,0.29685060515867845,0.16205533596837945,0.024229074889867842,0.9096916299559471,,,,,,,
MIMIC-III Mortality,RandomForest,0,naive,3648,331,10.021148036253777,19,0.0,0.4845814977973568,0.4845814977973568,Balanced Weights,True,,0.526431718061674,0.24724608282647192,0.11522633744855967,0.00881057268722467,0.9383259911894273,,,,,,,
MIMIC-III Mortality,RandomForest,0,naive,3648,331,10.021148036253777,19,0.0,0.4845814977973568,0.4845814977973568,Slacks Deltas,True,,0.5825991189427313,0.47287624879116813,0.3672787979966611,0.07709251101321586,0.7577092511013216,,,,,,,0.115
MIMIC-III Mortality,RandomForest,0,naive,3648,331,10.021148036253777,19,0.0,0.4845814977973568,0.4845814977973568,Min Deltas,True,,0.6343612334801763,0.5988557014324853,0.5376044568245125,0.15638766519823788,0.5748898678414097,,,,,,,14.155
MIMIC-III Mortality,RandomForest,0,naive,3648,331,10.021148036253777,19,0.0,0.4845814977973568,0.4845814977973568,F Deltas,True,,0.5726872246696035,0.4496791924453502,0.3378839590443686,0.07268722466960352,0.7819383259911894,,,,,,,0.038
MIMIC-III Mortality,RandomForest,0,naive,3648,331,10.021148036253777,19,0.0,0.4845814977973568,0.4845814977973568,CP Sum,True,,0.5363436123348018,0.30112637621382154,0.16633663366336635,0.019823788546255508,0.9074889867841409,0.0047244151462578435,0.0344812069769963,0.0005,0.002998749374687344,False,False,0.431
MIMIC-III Mortality,RandomForest,0,naive,3648,331,10.021148036253777,19,0.0,0.4845814977973568,0.4845814977973568,CP Minimax,True,,0.5759911894273128,0.4581285999848574,0.34856175972927245,0.07488986784140969,0.7731277533039648,0.0047244151462578435,0.0344812069769963,0.0005,0.002998749374687344,False,False,0.427
MIMIC-III Mortality,RandomForest,0,naive,3648,331,10.021148036253777,19,0.0,0.4845814977973568,0.4845814977973568,DKW Sum,True,,0.5363436123348018,0.30112637621382154,0.16633663366336635,0.019823788546255508,0.9074889867841409,0.0300533763611825,0.0834096426334619,0.002498999499749875,0.009995247623811907,True,False,0.124
MIMIC-III Mortality,RandomForest,0,naive,3648,331,10.021148036253777,19,0.0,0.4845814977973568,0.4845814977973568,DKW Minimax,True,,0.5825991189427313,0.47287624879116813,0.3672787979966611,0.07709251101321586,0.7577092511013216,0.0300533763611825,0.0834096426334619,0.002498999499749875,0.009995247623811907,False,False,0.121
MIMIC-III Mortality,RandomForest,0,split,1277,116,10.021148036253777,19,0.0,0.4834801762114538,0.4834801762114538,Baseline,True,,0.5165198237885462,0.19308023789260906,0.07188160676532769,0.004405286343612335,0.9625550660792952,,,,,,,
MIMIC-III Mortality,RandomForest,0,split,1277,116,10.021148036253777,19,0.0,0.4834801762114538,0.4834801762114538,Threshold,True,,0.5374449339207048,0.29818777681456277,0.16334661354581673,0.015418502202643172,0.9096916299559471,,,,,,,
MIMIC-III Mortality,RandomForest,0,split,1277,116,10.021148036253777,19,0.0,0.4834801762114538,0.4834801762114538,SMOTE,True,,0.5363436123348018,0.3043475850117335,0.16962524654832348,0.022026431718061675,0.9052863436123348,,,,,,,
MIMIC-III Mortality,RandomForest,0,split,1277,116,10.021148036253777,19,0.0,0.4834801762114538,0.4834801762114538,Balanced Weights,True,,0.5198237885462555,0.21916022843758148,0.09166666666666666,0.00881057268722467,0.9515418502202643,,,,,,,
MIMIC-III Mortality,RandomForest,0,split,1277,116,10.021148036253777,19,0.0,0.4834801762114538,0.4834801762114538,Slacks Deltas,False,,,,,,,,,,,,,7.156
MIMIC-III Mortality,RandomForest,0,split,1277,116,10.021148036253777,19,0.0,0.4834801762114538,0.4834801762114538,Min Deltas,False,,,,,,,,,,,,,0.0
MIMIC-III Mortality,RandomForest,0,split,1277,116,10.021148036253777,19,0.0,0.4834801762114538,0.4834801762114538,F Deltas,False,,,,,,,,,,,,,0.0
MIMIC-III Mortality,RandomForest,0,split,1277,116,10.021148036253777,19,0.0,0.4834801762114538,0.4834801762114538,CP Sum,True,,0.6420704845814978,0.6298943317268766,0.5911949685534591,0.23348017621145375,0.48237885462555063,0.28619765688606164,0.6753409880901354,0.003998249124562281,0.03398324162081041,True,True,1.49
MIMIC-III Mortality,RandomForest,0,split,1277,116,10.021148036253777,19,0.0,0.4834801762114538,0.4834801762114538,CP Minimax,True,,0.6365638766519823,0.6326495813871061,0.6604938271604939,0.43392070484581496,0.29295154185022027,0.5118814868854404,0.5119109617274318,0.006496998499249626,0.024487993996998504,True,True,1.455
MIMIC-III Mortality,RandomForest,0,split,1277,116,10.021148036253777,19,0.0,0.4834801762114538,0.4834801762114538,DKW Sum,True,,0.6420704845814978,0.6323619375473256,0.59727385377943,0.24669603524229075,0.46916299559471364,0.2886052405215013,0.6150112056004161,0.006496998499249626,0.046476988494247126,True,True,0.032
MIMIC-III Mortality,RandomForest,0,split,1277,116,10.021148036253777,19,0.0,0.4834801762114538,0.4834801762114538,DKW Minimax,True,,0.6365638766519823,0.6326495813871061,0.6604938271604939,0.43392070484581496,0.29295154185022027,0.4918120336249342,0.46664061299995024,0.009495497748874438,0.03198424212106053,True,True,0.035
MIMIC-III Mortality,RandomForest,1,naive,3648,331,10.021148036253777,19,0.0,0.4856828193832599,0.4856828193832599,Baseline,True,,0.51431718061674,0.16921690587373409,0.055674518201284794,0.0,0.9713656387665198,,,,,,,
MIMIC-III Mortality,RandomForest,1,naive,3648,331,10.021148036253777,19,0.0,0.4856828193832599,0.4856828193832599,Threshold,True,,0.5418502202643172,0.30605645630352213,0.17131474103585656,0.011013215859030838,0.9052863436123348,,,,,,,
MIMIC-III Mortality,RandomForest,1,naive,3648,331,10.021148036253777,19,0.0,0.4856828193832599,0.4856828193832599,SMOTE,True,,0.5286343612334802,0.2987485785583431,0.1640625,0.03524229074889868,0.9074889867841409,,,,,,,
MIMIC-III Mortality,RandomForest,1,naive,3648,331,10.021148036253777,19,0.0,0.4856828193832599,0.4856828193832599,Balanced Weights,True,,0.5231277533039648,0.2379874149287327,0.10721649484536082,0.011013215859030838,0.9427312775330396,,,,,,,
MIMIC-III Mortality,RandomForest,1,naive,3648,331,10.021148036253777,19,0.0,0.4856828193832599,0.4856828193832599,Slacks Deltas,True,,0.5892070484581498,0.4611579487864957,0.35130434782608694,0.04405286343612335,0.7775330396475771,,,,,,,0.109
MIMIC-III Mortality,RandomForest,1,naive,3648,331,10.021148036253777,19,0.0,0.4856828193832599,0.4856828193832599,Min Deltas,True,,0.6189427312775331,0.5532318831243088,0.4725609756097561,0.10352422907488987,0.6585903083700441,,,,,,,14.255
MIMIC-III Mortality,RandomForest,1,naive,3648,331,10.021148036253777,19,0.0,0.4856828193832599,0.4856828193832599,F Deltas,True,,0.5748898678414097,0.4284976080230874,0.3107142857142857,0.04185022026431718,0.8083700440528634,,,,,,,0.037
MIMIC-III Mortality,RandomForest,1,naive,3648,331,10.021148036253777,19,0.0,0.4856828193832599,0.4856828193832599,CP Sum,True,,0.5418502202643172,0.30605645630352213,0.17131474103585656,0.011013215859030838,0.9052863436123348,0.0047244151462578435,0.0344812069769963,0.0005,0.002998749374687344,False,False,0.411
MIMIC-III Mortality,RandomForest,1,naive,3648,331,10.021148036253777,19,0.0,0.4856828193832599,0.4856828193832599,CP Minimax,True,,0.5925110132158591,0.46965910358670415,0.3620689655172414,0.046255506607929514,0.7687224669603524,0.0047244151462578435,0.0344812069769963,0.0005,0.002998749374687344,False,False,0.404
MIMIC-III Mortality,RandomForest,1,naive,3648,331,10.021148036253777,19,0.0,0.4856828193832599,0.4856828193832599,DKW Sum,True,,0.5418502202643172,0.30605645630352213,0.17131474103585656,0.011013215859030838,0.9052863436123348,0.0300533763611825,0.0834096426334619,0.002498999499749875,0.009995247623811907,True,False,0.123
MIMIC-III Mortality,RandomForest,1,naive,3648,331,10.021148036253777,19,0.0,0.4856828193832599,0.4856828193832599,DKW Minimax,True,,0.5980176211453745,0.4886691828836962,0.3865546218487395,0.05726872246696035,0.7466960352422908,0.0300533763611825,0.0834096426334619,0.002498999499749875,0.009995247623811907,False,False,0.119
MIMIC-III Mortality,RandomForest,1,split,1277,116,10.021148036253777,19,0.0,0.4944933920704846,0.4944933920704846,Baseline,True,,0.5055066079295154,0.11483357178622974,0.026030368763557483,0.0022026431718061676,0.986784140969163,,,,,,,
MIMIC-III Mortality,RandomForest,1,split,1277,116,10.021148036253777,19,0.0,0.4944933920704846,0.4944933920704846,Threshold,True,,0.5242290748898678,0.2338850284316663,0.1037344398340249,0.006607929515418502,0.9449339207048458,,,,,,,
MIMIC-III Mortality,RandomForest,1,split,1277,116,10.021148036253777,19,0.0,0.4944933920704846,0.4944933920704846,SMOTE,True,,0.5220264317180616,0.27658743880779313,0.1422924901185771,0.03524229074889868,0.920704845814978,,,,,,,
MIMIC-III Mortality,RandomForest,1,split,1277,116,10.021148036253777,19,0.0,0.4944933920704846,0.4944933920704846,Balanced Weights,True,,0.5231277533039648,0.246420551029903,0.11451942740286299,0.015418502202643172,0.9383259911894273,,,,,,,
MIMIC-III Mortality,RandomForest,1,split,1277,116,10.021148036253777,19,0.0,0.4944933920704846,0.4944933920704846,Slacks Deltas,False,,,,,,,,,,,,,7.009
MIMIC-III Mortality,RandomForest,1,split,1277,116,10.021148036253777,19,0.0,0.4944933920704846,0.4944933920704846,Min Deltas,False,,,,,,,,,,,,,0.0
MIMIC-III Mortality,RandomForest,1,split,1277,116,10.021148036253777,19,0.0,0.4944933920704846,0.4944933920704846,F Deltas,False,,,,,,,,,,,,,0.0
MIMIC-III Mortality,RandomForest,1,split,1277,116,10.021148036253777,19,0.0,0.4944933920704846,0.4944933920704846,CP Sum,True,,0.6255506607929515,0.624428944029801,0.6109839816933639,0.3370044052863436,0.4118942731277533,0.38452045221816517,0.5030380503314444,0.004997748874437219,0.024487993996998504,True,True,1.451
MIMIC-III Mortality,RandomForest,1,split,1277,116,10.021148036253777,19,0.0,0.4944933920704846,0.4944933920704846,CP Minimax,True,,0.6288546255506607,0.6275330009911496,0.6433862433862434,0.4118942731277533,0.3303964757709251,0.4696047883511362,0.4680529337695339,0.005997248624312156,0.022488994497248626,True,True,1.469
MIMIC-III Mortality,RandomForest,1,split,1277,116,10.021148036253777,19,0.0,0.4944933920704846,0.4944933920704846,DKW Sum,True,,0.6255506607929515,0.624428944029801,0.6109839816933639,0.3370044052863436,0.4118942731277533,0.36718089169043266,0.45829823043926105,0.007496498249124564,0.03148449224612306,True,True,0.033
MIMIC-III Mortality,RandomForest,1,split,1277,116,10.021148036253777,19,0.0,0.4944933920704846,0.4944933920704846,DKW Minimax,True,,0.6288546255506607,0.6275330009911496,0.6433862433862434,0.4118942731277533,0.3303964757709251,0.4501386701849573,0.42496795479882654,0.008495997998999501,0.02948549274637319,True,True,0.036
MIMIC-III Mortality,RandomForest,2,naive,3648,331,10.021148036253777,19,0.0,0.4900881057268722,0.4900881057268722,Baseline,True,,0.5099118942731278,0.14079697633917965,0.038876889848812095,0.0,0.9801762114537445,,,,,,,
MIMIC-III Mortality,RandomForest,2,naive,3648,331,10.021148036253777,19,0.0,0.4900881057268722,0.4900881057268722,Threshold,True,,0.5330396475770925,0.26102018615574496,0.12757201646090535,0.0022026431718061676,0.9317180616740088,,,,,,,
MIMIC-III Mortality,RandomForest,2,naive,3648,331,10.021148036253777,19,0.0,0.4900881057268722,0.4900881057268722,SMOTE,True,,0.5352422907488987,0.31336421574940515,0.17898832684824903,0.030837004405286344,0.8986784140969163,,,,,,,
MIMIC-III Mortality,RandomForest,2,naive,3648,331,10.021148036253777,19,0.0,0.4900881057268722,0.4900881057268722,Balanced Weights,True,,0.525330396475771,0.2427908335357776,0.11134020618556702,0.00881057268722467,0.9405286343612335,,,,,,,
MIMIC-III Mortality,RandomForest,2,naive,3648,331,10.021148036253777,19,0.0,0.4900881057268722,0.4900881057268722,Slacks Deltas,True,,0.5649779735682819,0.3758718767876924,0.24761904761904763,0.013215859030837005,0.8568281938325991,,,,,,,0.11
MIMIC-III Mortality,RandomForest,2,naive,3648,331,10.021148036253777,19,0.0,0.4900881057268722,0.4900881057268722,Min Deltas,True,,0.5969162995594713,0.5042850403966233,0.4077669902912621,0.08370044052863436,0.7224669603524229,,,,,,,14.294
MIMIC-III Mortality,RandomForest,2,naive,3648,331,10.021148036253777,19,0.0,0.4900881057268722,0.4900881057268722,F Deltas,True,,0.5594713656387665,0.3585034368574227,0.2277992277992278,0.011013215859030838,0.8700440528634361,,,,,,,0.037
MIMIC-III Mortality,RandomForest,2,naive,3648,331,10.021148036253777,19,0.0,0.4900881057268722,0.4900881057268722,CP Sum,True,,0.5330396475770925,0.26102018615574496,0.12757201646090535,0.0022026431718061676,0.9317180616740088,0.0047244151462578435,0.0344812069769963,0.0005,0.002998749374687344,True,False,0.424
MIMIC-III Mortality,RandomForest,2,naive,3648,331,10.021148036253777,19,0.0,0.4900881057268722,0.4900881057268722,CP Minimax,True,,0.5726872246696035,0.4215285890363238,0.302158273381295,0.039647577092511016,0.8149779735682819,0.0047244151462578435,0.0344812069769963,0.0005,0.002998749374687344,False,False,0.411
MIMIC-III Mortality,RandomForest,2,naive,3648,331,10.021148036253777,19,0.0,0.4900881057268722,0.4900881057268722,DKW Sum,True,,0.5330396475770925,0.26102018615574496,0.12757201646090535,0.0022026431718061676,0.9317180616740088,0.0300533763611825,0.0834096426334619,0.002498999499749875,0.009995247623811907,True,False,0.12
MIMIC-III Mortality,RandomForest,2,naive,3648,331,10.021148036253777,19,0.0,0.4900881057268722,0.4900881057268722,DKW Minimax,True,,0.5781938325991189,0.44518464606624975,0.33158813263525305,0.05286343612334802,0.7907488986784141,0.030354853599650997,0.0834096426334619,0.002498999499749875,0.009995247623811907,False,False,0.123
MIMIC-III Mortality,RandomForest,2,split,1277,116,10.021148036253777,19,0.0,0.4911894273127753,0.4911894273127753,Baseline,True,,0.5088105726872246,0.14064182810876277,0.03879310344827586,0.0022026431718061676,0.9801762114537445,,,,,,,
MIMIC-III Mortality,RandomForest,2,split,1277,116,10.021148036253777,19,0.0,0.4911894273127753,0.4911894273127753,Threshold,True,,0.5275330396475771,0.23904514198464785,0.10810810810810811,0.0022026431718061676,0.9427312775330396,,,,,,,
MIMIC-III Mortality,RandomForest,2,split,1277,116,10.021148036253777,19,0.0,0.4911894273127753,0.4911894273127753,SMOTE,True,,0.5451541850220264,0.33145205825509566,0.19805825242718447,0.022026431718061675,0.8876651982378855,,,,,,,
MIMIC-III Mortality,RandomForest,2,split,1277,116,10.021148036253777,19,0.0,0.4911894273127753,0.4911894273127753,Balanced Weights,True,,0.5231277533039648,0.233625588497758,0.10351966873706005,0.00881057268722467,0.9449339207048458,,,,,,,
MIMIC-III Mortality,RandomForest,2,split,1277,116,10.021148036253777,19,0.0,0.4911894273127753,0.4911894273127753,Slacks Deltas,False,,,,,,,,,,,,,7.107
MIMIC-III Mortality,RandomForest,2,split,1277,116,10.021148036253777,19,0.0,0.4911894273127753,0.4911894273127753,Min Deltas,False,,,,,,,,,,,,,0.0
MIMIC-III Mortality,RandomForest,2,split,1277,116,10.021148036253777,19,0.0,0.4911894273127753,0.4911894273127753,F Deltas,False,,,,,,,,,,,,,0.0
MIMIC-III Mortality,RandomForest,2,split,1277,116,10.021148036253777,19,0.0,0.4911894273127753,0.4911894273127753,CP Sum,True,,0.6112334801762115,0.5979679277752523,0.5548549810844893,0.2621145374449339,0.5154185022026432,0.30737013164000004,0.6440189325413677,0.003998249124562281,0.03198424212106053,True,True,1.463
MIMIC-III Mortality,RandomForest,2,split,1277,116,10.021148036253777,19,0.0,0.4911894273127753,0.4911894273127753,CP Minimax,True,,0.6101321585903083,0.6080252749710248,0.6289308176100629,0.44052863436123346,0.3392070484581498,0.486152764619311,0.476875071980288,0.005997248624312156,0.022988744372186096,True,True,1.468
MIMIC-III Mortality,RandomForest,2,split,1277,116,10.021148036253777,19,0.0,0.4911894273127753,0.4911894273127753,DKW Sum,True,,0.6112334801762115,0.604022431753396,0.5710814094775213,0.29515418502202645,0.48237885462555063,0.33132766170053296,0.5576840380922871,0.006996748374187095,0.03948049024512257,True,True,0.032
MIMIC-III Mortality,RandomForest,2,split,1277,116,10.021148036253777,19,0.0,0.4911894273127753,0.4911894273127753,DKW Minimax,True,,0.6145374449339207,0.6143953224886959,0.6195652173913043,0.3986784140969163,0.3722466960352423,0.4501386701849573,0.441624997626349,0.008495997998999501,0.03048499249624813,True,True,0.035
MIMIC-III Mortality,RandomForest,3,naive,3648,331,10.021148036253777,19,0.0,0.4845814977973568,0.4845814977973568,Baseline,True,,0.5154185022026432,0.17560468218497574,0.05982905982905983,0.0,0.9691629955947136,,,,,,,
MIMIC-III Mortality,RandomForest,3,naive,3648,331,10.021148036253777,19,0.0,0.4845814977973568,0.4845814977973568,Threshold,True,,0.5330396475770925,0.2797270108614545,0.14516129032258066,0.013215859030837005,0.920704845814978,,,,,,,
MIMIC-III Mortality,RandomForest,3,naive,3648,331,10.021148036253777,19,0.0,0.4845814977973568,0.4845814977973568,SMOTE,True,,0.5440528634361234,0.33393116578409204,0.20077220077220076,0.02643171806167401,0.8854625550660793,,,,,,,
MIMIC-III Mortality,RandomForest,3,naive,3648,331,10.021148036253777,19,0.0,0.4845814977973568,0.4845814977973568,Balanced Weights,True,,0.5154185022026432,0.19823788546255508,0.07563025210084033,0.00881057268722467,0.960352422907489,,,,,,,
MIMIC-III Mortality,RandomForest,3,naive,3648,331,10.021148036253777,19,0.0,0.4845814977973568,0.4845814977973568,Slacks Deltas,True,,0.5737885462555066,0.42201171651757197,0.3027027027027027,0.037444933920704845,0.8149779735682819,,,,,,,0.11
MIMIC-III Mortality,RandomForest,3,naive,3648,331,10.021148036253777,19,0.0,0.4845814977973568,0.4845814977973568,Min Deltas,True,,0.6035242290748899,0.5093156903082663,0.41368078175895767,0.07268722466960352,0.7202643171806168,,,,,,,14.477
MIMIC-III Mortality,RandomForest,3,naive,3648,331,10.021148036253777,19,0.0,0.4845814977973568,0.4845814977973568,F Deltas,True,,0.552863436123348,0.35346761455361253,0.2222222222222222,0.022026431718061675,0.8722466960352423,,,,,,,0.037
MIMIC-III Mortality,RandomForest,3,naive,3648,331,10.021148036253777,19,0.0,0.4845814977973568,0.4845814977973568,CP Sum,True,,0.5330396475770925,0.2797270108614545,0.14516129032258066,0.013215859030837005,0.920704845814978,0.0047244151462578435,0.0344812069769963,0.0005,0.002998749374687344,False,False,0.415
MIMIC-III Mortality,RandomForest,3,naive,3648,331,10.021148036253777,19,0.0,0.4845814977973568,0.4845814977973568,CP Minimax,True,,0.5814977973568282,0.4467349165015969,0.3333333333333333,0.046255506607929514,0.7907488986784141,0.0047244151462578435,0.0344812069769963,0.0005,0.002998749374687344,False,False,0.408
MIMIC-III Mortality,RandomForest,3,naive,3648,331,10.021148036253777,19,0.0,0.4845814977973568,0.4845814977973568,DKW Sum,True,,0.5330396475770925,0.2797270108614545,0.14516129032258066,0.013215859030837005,0.920704845814978,0.0300533763611825,0.0834096426334619,0.002498999499749875,0.009995247623811907,True,False,0.122
MIMIC-III Mortality,RandomForest,3,naive,3648,331,10.021148036253777,19,0.0,0.4845814977973568,0.4845814977973568,DKW Minimax,True,,0.5881057268722467,0.4708146559496026,0.36394557823129253,0.05947136563876652,0.76431718061674,0.0300533763611825,0.0834096426334619,0.002498999499749875,0.009995247623811907,False,False,0.119
MIMIC-III Mortality,RandomForest,3,split,1277,116,10.021148036253777,19,0.0,0.4878854625550661,0.4878854625550661,Baseline,True,,0.512114537444934,0.1556569140445353,0.047311827956989246,0.0,0.9757709251101322,,,,,,,
MIMIC-III Mortality,RandomForest,3,split,1277,116,10.021148036253777,19,0.0,0.4878854625550661,0.4878854625550661,Threshold,True,,0.525330396475771,0.25106267574933927,0.11860940695296524,0.013215859030837005,0.9361233480176211,,,,,,,
MIMIC-III Mortality,RandomForest,3,split,1277,116,10.021148036253777,19,0.0,0.4878854625550661,0.4878854625550661,SMOTE,True,,0.5286343612334802,0.26751915171802415,0.13360323886639677,0.015418502202643172,0.9273127753303965,,,,,,,
MIMIC-III Mortality,RandomForest,3,split,1277,116,10.021148036253777,19,0.0,0.4878854625550661,0.4878854625550661,Balanced Weights,True,,0.5055066079295154,0.11483357178622974,0.026030368763557483,0.0022026431718061676,0.986784140969163,,,,,,,
MIMIC-III Mortality,RandomForest,3,split,1277,116,10.021148036253777,19,0.0,0.4878854625550661,0.4878854625550661,Slacks Deltas,False,,,,,,,,,,,,,7.08
MIMIC-III Mortality,RandomForest,3,split,1277,116,10.021148036253777,19,0.0,0.4878854625550661,0.4878854625550661,Min Deltas,False,,,,,,,,,,,,,0.0
MIMIC-III Mortality,RandomForest,3,split,1277,116,10.021148036253777,19,0.0,0.4878854625550661,0.4878854625550661,F Deltas,False,,,,,,,,,,,,,0.0
MIMIC-III Mortality,RandomForest,3,split,1277,116,10.021148036253777,19,0.0,0.4878854625550661,0.4878854625550661,CP Sum,True,,0.5506607929515418,0.34731988272118103,0.2153846153846154,0.022026431718061675,0.8766519823788547,0.04371924630613933,0.916335690364428,0.0014994997498749376,0.07146448224112056,True,True,1.459
MIMIC-III Mortality,RandomForest,3,split,1277,116,10.021148036253777,19,0.0,0.4878854625550661,0.4878854625550661,CP Minimax,True,,0.6277533039647577,0.6255235149535965,0.6464435146443515,0.4251101321585903,0.31938325991189426,0.5015088933228635,0.476875071980288,0.006496998499249626,0.022988744372186096,True,True,1.467
MIMIC-III Mortality,RandomForest,3,split,1277,116,10.021148036253777,19,0.0,0.4878854625550661,0.4878854625550661,DKW Sum,True,,0.6288546255506607,0.6197143511965222,0.6646766169154229,0.4779735682819383,0.2643171806167401,0.54386911699421,0.3581914831288702,0.010494997498749376,0.02598724362181091,True,True,0.033
MIMIC-III Mortality,RandomForest,3,split,1277,116,10.021148036253777,19,0.0,0.4878854625550661,0.4878854625550661,DKW Minimax,True,,0.6299559471365639,0.6293048297045525,0.6402569593147751,0.3986784140969163,0.34140969162995594,0.45616795528400983,0.45829823043926105,0.008495997998999501,0.03148449224612306,True,True,0.036
MIMIC-III Mortality,RandomForest,4,naive,3648,331,10.021148036253777,19,0.0,0.4900881057268723,0.4900881057268723,Baseline,True,,0.5099118942731278,0.15531367897624843,0.047109207708779445,0.004405286343612335,0.9757709251101322,,,,,,,
MIMIC-III Mortality,RandomForest,4,naive,3648,331,10.021148036253777,19,0.0,0.4900881057268723,0.4900881057268723,Threshold,True,,0.5286343612334802,0.2559240096612831,0.12295081967213115,0.00881057268722467,0.933920704845815,,,,,,,
MIMIC-III Mortality,RandomForest,4,naive,3648,331,10.021148036253777,19,0.0,0.4900881057268723,0.4900881057268723,SMOTE,True,,0.5363436123348018,0.3043475850117335,0.16962524654832348,0.022026431718061675,0.9052863436123348,,,,,,,
MIMIC-III Mortality,RandomForest,4,naive,3648,331,10.021148036253777,19,0.0,0.4900881057268723,0.4900881057268723,Balanced Weights,True,,0.5110132158590308,0.1920093464510794,0.07112970711297072,0.015418502202643172,0.9625550660792952,,,,,,,
MIMIC-III Mortality,RandomForest,4,naive,3648,331,10.021148036253777,19,0.0,0.4900881057268723,0.4900881057268723,Slacks Deltas,True,,0.5495594713656388,0.37940488673469874,0.2522851919561243,0.05286343612334802,0.8480176211453745,,,,,,,0.11
MIMIC-III Mortality,RandomForest,4,naive,3648,331,10.021148036253777,19,0.0,0.4900881057268723,0.4900881057268723,Min Deltas,True,,0.6046255506607929,0.5590983528795879,0.4864091559370529,0.16519823788546256,0.6255506607929515,,,,,,,14.408
MIMIC-III Mortality,RandomForest,4,naive,3648,331,10.021148036253777,19,0.0,0.4900881057268723,0.4900881057268723,F Deltas,True,,0.5748898678414097,0.4625340880495749,0.35451505016722407,0.08370044052863436,0.7665198237885462,,,,,,,0.037
MIMIC-III Mortality,RandomForest,4,naive,3648,331,10.021148036253777,19,0.0,0.4900881057268723,0.4900881057268723,CP Sum,True,,0.5286343612334802,0.2559240096612831,0.12295081967213115,0.00881057268722467,0.933920704845815,0.0047244151462578435,0.0344812069769963,0.0005,0.002998749374687344,False,False,0.419
MIMIC-III Mortality,RandomForest,4,naive,3648,331,10.021148036253777,19,0.0,0.4900881057268723,0.4900881057268723,CP Minimax,True,,0.5649779735682819,0.4334900253169979,0.3177892918825561,0.07268722466960352,0.7973568281938326,0.0047244151462578435,0.0344812069769963,0.0005,0.002998749374687344,False,False,0.413
MIMIC-III Mortality,RandomForest,4,naive,3648,331,10.021148036253777,19,0.0,0.4900881057268723,0.4900881057268723,DKW Sum,True,,0.5286343612334802,0.2559240096612831,0.12295081967213115,0.00881057268722467,0.933920704845815,0.0300533763611825,0.0834096426334619,0.002498999499749875,0.009995247623811907,True,False,0.121
MIMIC-III Mortality,RandomForest,4,naive,3648,331,10.021148036253777,19,0.0,0.4900881057268723,0.4900881057268723,DKW Minimax,True,,0.5748898678414097,0.4625340880495749,0.35451505016722407,0.08370044052863436,0.7665198237885462,0.030354853599650997,0.0834096426334619,0.002498999499749875,0.009995247623811907,False,False,0.119
MIMIC-III Mortality,RandomForest,4,split,1277,116,10.021148036253777,19,0.0,0.4911894273127753,0.4911894273127753,Baseline,True,,0.5088105726872246,0.14064182810876277,0.03879310344827586,0.0022026431718061676,0.9801762114537445,,,,,,,
MIMIC-III Mortality,RandomForest,4,split,1277,116,10.021148036253777,19,0.0,0.4911894273127753,0.4911894273127753,Threshold,True,,0.5198237885462555,0.2455922443130635,0.11382113821138211,0.022026431718061675,0.9383259911894273,,,,,,,
MIMIC-III Mortality,RandomForest,4,split,1277,116,10.021148036253777,19,0.0,0.4911894273127753,0.4911894273127753,SMOTE,True,,0.5319383259911894,0.27581455229072294,0.1414141414141414,0.013215859030837005,0.9229074889867841,,,,,,,
MIMIC-III Mortality,RandomForest,4,split,1277,116,10.021148036253777,19,0.0,0.4911894273127753,0.4911894273127753,Balanced Weights,True,,0.5066079295154186,0.14775779587003016,0.042735042735042736,0.00881057268722467,0.9779735682819384,,,,,,,
MIMIC-III Mortality,RandomForest,4,split,1277,116,10.021148036253777,19,0.0,0.4911894273127753,0.4911894273127753,Slacks Deltas,False,,,,,,,,,,,,,7.146
MIMIC-III Mortality,RandomForest,4,split,1277,116,10.021148036253777,19,0.0,0.4911894273127753,0.4911894273127753,Min Deltas,False,,,,,,,,,,,,,0.0
MIMIC-III Mortality,RandomForest,4,split,1277,116,10.021148036253777,19,0.0,0.4911894273127753,0.4911894273127753,F Deltas,False,,,,,,,,,,,,,0.0
MIMIC-III Mortality,RandomForest,4,split,1277,116,10.021148036253777,19,0.0,0.4911894273127753,0.4911894273127753,CP Sum,True,,0.5859030837004405,0.5392653505666034,0.46285714285714286,0.18502202643171806,0.6431718061674009,0.175055269970477,0.7933939013237807,0.002998749374687344,0.04497773886943472,False,True,1.467
MIMIC-III Mortality,RandomForest,4,split,1277,116,10.021148036253777,19,0.0,0.4911894273127753,0.4911894273127753,CP Minimax,True,,0.6266519823788547,0.6211844271786221,0.6551373346897253,0.45594713656387664,0.2907488986784141,0.48441425302931673,0.4856458619640472,0.005997248624312156,0.023488494247123563,True,True,1.463
MIMIC-III Mortality,RandomForest,4,split,1277,116,10.021148036253777,19,0.0,0.4911894273127753,0.4911894273127753,DKW Sum,True,,0.6266519823788547,0.6211844271786221,0.6551373346897253,0.45594713656387664,0.2907488986784141,0.4645087999510284,0.441624997626349,0.00899574787393697,0.03048499249624813,True,True,0.036
MIMIC-III Mortality,RandomForest,4,split,1277,116,10.021148036253777,19,0.0,0.4911894273127753,0.4911894273127753,DKW Minimax,True,,0.6266519823788547,0.6211844271786221,0.6551373346897253,0.45594713656387664,0.2907488986784141,0.4645087999510284,0.441624997626349,0.00899574787393697,0.03048499249624813,True,True,0.038
MIMIC-III Mortality,RandomForest,5,naive,3648,331,10.021148036253777,19,0.0,0.486784140969163,0.486784140969163,Baseline,True,,0.513215859030837,0.16903044090704555,0.05555555555555555,0.0022026431718061676,0.9713656387665198,,,,,,,
MIMIC-III Mortality,RandomForest,5,naive,3648,331,10.021148036253777,19,0.0,0.486784140969163,0.486784140969163,Threshold,True,,0.5407488986784141,0.29584376018292186,0.16096579476861167,0.006607929515418502,0.9118942731277533,,,,,,,
MIMIC-III Mortality,RandomForest,5,naive,3648,331,10.021148036253777,19,0.0,0.486784140969163,0.486784140969163,SMOTE,True,,0.5473568281938326,0.3461445159570607,0.21414913957934992,0.028634361233480177,0.8766519823788547,,,,,,,
MIMIC-III Mortality,RandomForest,5,naive,3648,331,10.021148036253777,19,0.0,0.486784140969163,0.486784140969163,Balanced Weights,True,,0.525330396475771,0.24697121216581108,0.11498973305954825,0.011013215859030838,0.9383259911894273,,,,,,,
MIMIC-III Mortality,RandomForest,5,naive,3648,331,10.021148036253777,19,0.0,0.486784140969163,0.486784140969163,Slacks Deltas,True,,0.5759911894273128,0.4386081486204417,0.3233743409490334,0.05066079295154185,0.7973568281938326,,,,,,,0.109
MIMIC-III Mortality,RandomForest,5,naive,3648,331,10.021148036253777,19,0.0,0.486784140969163,0.486784140969163,Min Deltas,True,,0.6024229074889867,0.5194690045911949,0.42789223454833597,0.09251101321585903,0.7026431718061674,,,,,,,14.352
MIMIC-III Mortality,RandomForest,5,naive,3648,331,10.021148036253777,19,0.0,0.486784140969163,0.486784140969163,F Deltas,True,,0.5649779735682819,0.39019747631602464,0.2644320297951583,0.02643171806167401,0.8436123348017621,,,,,,,0.036
MIMIC-III Mortality,RandomForest,5,naive,3648,331,10.021148036253777,19,0.0,0.486784140969163,0.486784140969163,CP Sum,True,,0.5407488986784141,0.29584376018292186,0.16096579476861167,0.006607929515418502,0.9118942731277533,0.0047244151462578435,0.0344812069769963,0.0005,0.002998749374687344,False,False,0.412
MIMIC-III Mortality,RandomForest,5,naive,3648,331,10.021148036253777,19,0.0,0.486784140969163,0.486784140969163,CP Minimax,True,,0.5770925110132159,0.448274414296983,0.3356401384083045,0.05947136563876652,0.7863436123348018,0.0047244151462578435,0.0344812069769963,0.0005,0.002998749374687344,False,False,0.404
MIMIC-III Mortality,RandomForest,5,naive,3648,331,10.021148036253777,19,0.0,0.486784140969163,0.486784140969163,DKW Sum,True,,0.5407488986784141,0.29584376018292186,0.16096579476861167,0.006607929515418502,0.9118942731277533,0.0300533763611825,0.0834096426334619,0.002498999499749875,0.009995247623811907,True,False,0.12
MIMIC-III Mortality,RandomForest,5,naive,3648,331,10.021148036253777,19,0.0,0.486784140969163,0.486784140969163,DKW Minimax,True,,0.5859030837004405,0.47456610378509667,0.3691275167785235,0.07048458149779736,0.7577092511013216,0.0300533763611825,0.0834096426334619,0.002498999499749875,0.009995247623811907,False,False,0.119
MIMIC-III Mortality,RandomForest,5,split,1277,116,10.021148036253777,19,0.0,0.4878854625550661,0.4878854625550661,Baseline,True,,0.512114537444934,0.1556569140445353,0.047311827956989246,0.0,0.9757709251101322,,,,,,,
MIMIC-III Mortality,RandomForest,5,split,1277,116,10.021148036253777,19,0.0,0.4878854625550661,0.4878854625550661,Threshold,True,,0.525330396475771,0.25106267574933927,0.11860940695296524,0.013215859030837005,0.9361233480176211,,,,,,,
MIMIC-III Mortality,RandomForest,5,split,1277,116,10.021148036253777,19,0.0,0.4878854625550661,0.4878854625550661,SMOTE,True,,0.5297356828193832,0.3054296565931797,0.170873786407767,0.037444933920704845,0.9030837004405287,,,,,,,
MIMIC-III Mortality,RandomForest,5,split,1277,116,10.021148036253777,19,0.0,0.4878854625550661,0.4878854625550661,Balanced Weights,True,,0.5275330396475771,0.2516224594448428,0.11909650924024641,0.00881057268722467,0.9361233480176211,,,,,,,
MIMIC-III Mortality,RandomForest,5,split,1277,116,10.021148036253777,19,0.0,0.4878854625550661,0.4878854625550661,Slacks Deltas,False,,,,,,,,,,,,,7.031
MIMIC-III Mortality,RandomForest,5,split,1277,116,10.021148036253777,19,0.0,0.4878854625550661,0.4878854625550661,Min Deltas,False,,,,,,,,,,,,,0.0
MIMIC-III Mortality,RandomForest,5,split,1277,116,10.021148036253777,19,0.0,0.4878854625550661,0.4878854625550661,F Deltas,False,,,,,,,,,,,,,0.0
MIMIC-III Mortality,RandomForest,5,split,1277,116,10.021148036253777,19,0.0,0.4878854625550661,0.4878854625550661,CP Sum,True,,0.5881057268722467,0.5853107203929686,0.5630841121495327,0.35462555066079293,0.46916299559471364,0.3371180507978497,0.5628835608604339,0.00449799899949975,0.026986743371685846,False,True,1.466
MIMIC-III Mortality,RandomForest,5,split,1277,116,10.021148036253777,19,0.0,0.4878854625550661,0.4878854625550661,CP Minimax,True,,0.5914096916299559,0.5882995605269665,0.6147455867082036,0.46916299559471364,0.34801762114537443,0.4643640891736556,0.44996525166159757,0.005997248624312156,0.02198924462231116,False,True,1.472
MIMIC-III Mortality,RandomForest,5,split,1277,116,10.021148036253777,19,0.0,0.4878854625550661,0.4878854625550661,DKW Sum,True,,0.5881057268722467,0.5853107203929686,0.5630841121495327,0.35462555066079293,0.46916299559471364,0.3218530708305933,0.5162627584802288,0.006996748374187095,0.03598224112056028,False,True,0.034
MIMIC-III Mortality,RandomForest,5,split,1277,116,10.021148036253777,19,0.0,0.4878854625550661,0.4878854625550661,DKW Minimax,True,,0.5914096916299559,0.5882995605269665,0.6147455867082036,0.46916299559471364,0.34801762114537443,0.44497071152862655,0.40832816396067473,0.008495997998999501,0.028485992996498254,False,True,0.036
MIMIC-III Mortality,RandomForest,6,naive,3648,331,10.021148036253777,19,0.0,0.4889867841409692,0.4889867841409692,Baseline,True,,0.5110132158590308,0.15548539122214183,0.04721030042918455,0.0022026431718061676,0.9757709251101322,,,,,,,
MIMIC-III Mortality,RandomForest,6,naive,3648,331,10.021148036253777,19,0.0,0.4889867841409692,0.4889867841409692,Threshold,True,,0.525330396475771,0.23414418089723898,0.10395010395010396,0.004405286343612335,0.9449339207048458,,,,,,,
MIMIC-III Mortality,RandomForest,6,naive,3648,331,10.021148036253777,19,0.0,0.4889867841409692,0.4889867841409692,SMOTE,True,,0.551762114537445,0.3504072312835997,0.21880998080614203,0.022026431718061675,0.8744493392070485,,,,,,,
MIMIC-III Mortality,RandomForest,6,naive,3648,331,10.021148036253777,19,0.0,0.4889867841409692,0.4889867841409692,Balanced Weights,True,,0.5286343612334802,0.24359879195374576,0.11203319502074689,0.0022026431718061676,0.9405286343612335,,,,,,,
MIMIC-III Mortality,RandomForest,6,naive,3648,331,10.021148036253777,19,0.0,0.4889867841409692,0.4889867841409692,Slacks Deltas,True,,0.5605726872246696,0.361528835953204,0.23121387283236994,0.011013215859030838,0.8678414096916299,,,,,,,0.11
MIMIC-III Mortality,RandomForest,6,naive,3648,331,10.021148036253777,19,0.0,0.4889867841409692,0.4889867841409692,Min Deltas,True,,0.6090308370044053,0.5283865057719067,0.4391785150078989,0.0881057268722467,0.6938325991189427,,,,,,,14.268
MIMIC-III Mortality,RandomForest,6,naive,3648,331,10.021148036253777,19,0.0,0.4889867841409692,0.4889867841409692,F Deltas,True,,0.5605726872246696,0.361528835953204,0.23121387283236994,0.011013215859030838,0.8678414096916299,,,,,,,0.037
MIMIC-III Mortality,RandomForest,6,naive,3648,331,10.021148036253777,19,0.0,0.4889867841409692,0.4889867841409692,CP Sum,True,,0.525330396475771,0.23414418089723898,0.10395010395010396,0.004405286343612335,0.9449339207048458,0.0047244151462578435,0.0344812069769963,0.0005,0.002998749374687344,True,False,0.412
MIMIC-III Mortality,RandomForest,6,naive,3648,331,10.021148036253777,19,0.0,0.4889867841409692,0.4889867841409692,CP Minimax,True,,0.5814977973568282,0.42742062311319245,0.3090909090909091,0.024229074889867842,0.8127753303964758,0.0047244151462578435,0.0344812069769963,0.0005,0.002998749374687344,False,False,0.405
MIMIC-III Mortality,RandomForest,6,naive,3648,331,10.021148036253777,19,0.0,0.4889867841409692,0.4889867841409692,DKW Sum,True,,0.525330396475771,0.23414418089723898,0.10395010395010396,0.004405286343612335,0.9449339207048458,0.0300533763611825,0.0834096426334619,0.002498999499749875,0.009995247623811907,True,False,0.121
MIMIC-III Mortality,RandomForest,6,naive,3648,331,10.021148036253777,19,0.0,0.4889867841409692,0.4889867841409692,DKW Minimax,True,,0.5870044052863436,0.4529739833190587,0.3409490333919156,0.039647577092511016,0.7863436123348018,0.030354853599650997,0.0834096426334619,0.002498999499749875,0.009995247623811907,False,False,0.119
MIMIC-III Mortality,RandomForest,6,split,1277,116,10.021148036253777,19,0.0,0.4933920704845815,0.4933920704845815,Baseline,True,,0.5066079295154186,0.11496024978590211,0.02608695652173913,0.0,0.986784140969163,,,,,,,
MIMIC-III Mortality,RandomForest,6,split,1277,116,10.021148036253777,19,0.0,0.4933920704845815,0.4933920704845815,Threshold,True,,0.5374449339207048,0.28097301707668676,0.14634146341463414,0.004405286343612335,0.920704845814978,,,,,,,
MIMIC-III Mortality,RandomForest,6,split,1277,116,10.021148036253777,19,0.0,0.4933920704845815,0.4933920704845815,SMOTE,True,,0.5341409691629956,0.29049849048565046,0.15568862275449102,0.01762114537444934,0.9140969162995595,,,,,,,
MIMIC-III Mortality,RandomForest,6,split,1277,116,10.021148036253777,19,0.0,0.4933920704845815,0.4933920704845815,Balanced Weights,True,,0.5198237885462555,0.1991169934799916,0.07627118644067797,0.0,0.960352422907489,,,,,,,
MIMIC-III Mortality,RandomForest,6,split,1277,116,10.021148036253777,19,0.0,0.4933920704845815,0.4933920704845815,Slacks Deltas,False,,,,,,,,,,,,,7.149
MIMIC-III Mortality,RandomForest,6,split,1277,116,10.021148036253777,19,0.0,0.4933920704845815,0.4933920704845815,Min Deltas,False,,,,,,,,,,,,,0.0
MIMIC-III Mortality,RandomForest,6,split,1277,116,10.021148036253777,19,0.0,0.4933920704845815,0.4933920704845815,F Deltas,False,,,,,,,,,,,,,0.0
MIMIC-III Mortality,RandomForest,6,split,1277,116,10.021148036253777,19,0.0,0.4933920704845815,0.4933920704845815,CP Sum,True,,0.6178414096916299,0.5503258893477624,0.4686064318529862,0.1013215859030837,0.6629955947136564,0.1553312271694515,0.7431840896537316,0.002998749374687344,0.03948049024512257,True,True,1.513
MIMIC-III Mortality,RandomForest,6,split,1277,116,10.021148036253777,19,0.0,0.4933920704845815,0.4933920704845815,CP Minimax,True,,0.6101321585903083,0.6085397243969759,0.6265822784810127,0.43392070484581496,0.3458149779735683,0.48875905004942666,0.4856458619640472,0.005997248624312156,0.023488494247123563,True,True,1.507
MIMIC-III Mortality,RandomForest,6,split,1277,116,10.021148036253777,19,0.0,0.4933920704845815,0.4933920704845815,DKW Sum,True,,0.6233480176211453,0.5761712052655652,0.5057803468208093,0.13876651982378854,0.6145374449339207,0.19548671312736618,0.6558175686090503,0.005497498749374687,0.05247398699349676,True,True,0.034
MIMIC-III Mortality,RandomForest,6,split,1277,116,10.021148036253777,19,0.0,0.4933920704845815,0.4933920704845815,DKW Minimax,True,,0.6134361233480177,0.6129129207665838,0.6229860365198711,0.4118942731277533,0.36123348017621143,0.4509999966276791,0.44995965273629634,0.008495997998999501,0.030984742371185595,True,True,0.036
MIMIC-III Mortality,RandomForest,7,naive,3648,331,10.021148036253777,19,0.0,0.4790748898678414,0.4790748898678414,Baseline,True,,0.5209251101321586,0.20457326380619043,0.080338266384778,0.0,0.9581497797356828,,,,,,,
MIMIC-III Mortality,RandomForest,7,naive,3648,331,10.021148036253777,19,0.0,0.4790748898678414,0.4790748898678414,Threshold,True,,0.5407488986784141,0.29244598820797796,0.15757575757575756,0.004405286343612335,0.9140969162995595,,,,,,,
MIMIC-III Mortality,RandomForest,7,naive,3648,331,10.021148036253777,19,0.0,0.4790748898678414,0.4790748898678414,SMOTE,True,,0.5275330396475771,0.2951706221999425,0.16046966731898238,0.03524229074889868,0.9096916299559471,,,,,,,
MIMIC-III Mortality,RandomForest,7,naive,3648,331,10.021148036253777,19,0.0,0.4790748898678414,0.4790748898678414,Balanced Weights,True,,0.525330396475771,0.27032453759321934,0.13627254509018036,0.024229074889867842,0.9251101321585903,,,,,,,
MIMIC-III Mortality,RandomForest,7,naive,3648,331,10.021148036253777,19,0.0,0.4790748898678414,0.4790748898678414,Slacks Deltas,True,,0.5825991189427313,0.4526847039265304,0.3408695652173913,0.05066079295154185,0.7841409691629956,,,,,,,0.113
MIMIC-III Mortality,RandomForest,7,naive,3648,331,10.021148036253777,19,0.0,0.4790748898678414,0.4790748898678414,Min Deltas,True,,0.6101321585903083,0.5444762838935815,0.46200607902735563,0.1145374449339207,0.6651982378854625,,,,,,,14.226
MIMIC-III Mortality,RandomForest,7,naive,3648,331,10.021148036253777,19,0.0,0.4790748898678414,0.4790748898678414,F Deltas,True,,0.5770925110132159,0.4254865832221813,0.30685920577617326,0.03303964757709251,0.8127753303964758,,,,,,,0.037
MIMIC-III Mortality,RandomForest,7,naive,3648,331,10.021148036253777,19,0.0,0.4790748898678414,0.4790748898678414,CP Sum,True,,0.5407488986784141,0.29244598820797796,0.15757575757575756,0.004405286343612335,0.9140969162995595,0.0047244151462578435,0.0344812069769963,0.0005,0.002998749374687344,True,False,0.412
MIMIC-III Mortality,RandomForest,7,naive,3648,331,10.021148036253777,19,0.0,0.4790748898678414,0.4790748898678414,CP Minimax,True,,0.5837004405286343,0.46193056227044216,0.3527397260273973,0.05947136563876652,0.7731277533039648,0.0047244151462578435,0.0344812069769963,0.0005,0.002998749374687344,False,False,0.405
MIMIC-III Mortality,RandomForest,7,naive,3648,331,10.021148036253777,19,0.0,0.4790748898678414,0.4790748898678414,DKW Sum,True,,0.5407488986784141,0.29244598820797796,0.15757575757575756,0.004405286343612335,0.9140969162995595,0.0300533763611825,0.0834096426334619,0.002498999499749875,0.009995247623811907,True,False,0.119
MIMIC-III Mortality,RandomForest,7,naive,3648,331,10.021148036253777,19,0.0,0.4790748898678414,0.4790748898678414,DKW Minimax,True,,0.5936123348017621,0.48483173354747006,0.38190954773869346,0.06387665198237885,0.748898678414097,0.0300533763611825,0.0834096426334619,0.002498999499749875,0.009995247623811907,False,False,0.118
MIMIC-III Mortality,RandomForest,7,split,1277,116,10.021148036253777,19,0.0,0.48237885462555063,0.48237885462555063,Baseline,True,,0.5176211453744494,0.18772930178557284,0.06808510638297872,0.0,0.9647577092511013,,,,,,,
MIMIC-III Mortality,RandomForest,7,split,1277,116,10.021148036253777,19,0.0,0.48237885462555063,0.48237885462555063,Threshold,True,,0.5462555066079295,0.31690516673872604,0.18253968253968253,0.00881057268722467,0.8986784140969163,,,,,,,
MIMIC-III Mortality,RandomForest,7,split,1277,116,10.021148036253777,19,0.0,0.48237885462555063,0.48237885462555063,SMOTE,True,,0.539647577092511,0.32670477916720986,0.19305019305019305,0.030837004405286344,0.8898678414096917,,,,,,,
MIMIC-III Mortality,RandomForest,7,split,1277,116,10.021148036253777,19,0.0,0.48237885462555063,0.48237885462555063,Balanced Weights,True,,0.5231277533039648,0.25050164113587003,0.11812627291242363,0.01762114537444934,0.9361233480176211,,,,,,,
MIMIC-III Mortality,RandomForest,7,split,1277,116,10.021148036253777,19,0.0,0.48237885462555063,0.48237885462555063,Slacks Deltas,False,,,,,,,,,,,,,7.039
MIMIC-III Mortality,RandomForest,7,split,1277,116,10.021148036253777,19,0.0,0.48237885462555063,0.48237885462555063,Min Deltas,False,,,,,,,,,,,,,0.0
MIMIC-III Mortality,RandomForest,7,split,1277,116,10.021148036253777,19,0.0,0.48237885462555063,0.48237885462555063,F Deltas,False,,,,,,,,,,,,,0.0
MIMIC-III Mortality,RandomForest,7,split,1277,116,10.021148036253777,19,0.0,0.48237885462555063,0.48237885462555063,CP Sum,True,,0.6244493392070485,0.6105415379408076,0.5678073510773131,0.2444933920704846,0.5066079295154186,0.3152618159231596,0.5876565111366157,0.00449799899949975,0.028485992996498254,True,True,1.456
MIMIC-III Mortality,RandomForest,7,split,1277,116,10.021148036253777,19,0.0,0.48237885462555063,0.48237885462555063,CP Minimax,True,,0.6299559471365639,0.6294011913025216,0.6394849785407726,0.3964757709251101,0.3436123348017621,0.46086624466271214,0.476875071980288,0.005997248624312156,0.022988744372186096,True,True,1.466
MIMIC-III Mortality,RandomForest,7,split,1277,116,10.021148036253777,19,0.0,0.48237885462555063,0.48237885462555063,DKW Sum,True,,0.6244493392070485,0.6105415379408076,0.5678073510773131,0.2444933920704846,0.5066079295154186,0.3015251371623282,0.5411474654661915,0.006496998499249626,0.03798124062031016,True,True,0.033
MIMIC-III Mortality,RandomForest,7,split,1277,116,10.021148036253777,19,0.0,0.48237885462555063,0.48237885462555063,DKW Minimax,True,,0.6299559471365639,0.6294011913025216,0.6394849785407726,0.3964757709251101,0.3436123348017621,0.44152540575773935,0.43329438850470015,0.008495997998999501,0.029985242621310658,True,True,0.036
MIMIC-III Mortality,RandomForest,8,naive,3648,331,10.021148036253777,19,0.0,0.4856828193832599,0.4856828193832599,Baseline,True,,0.51431718061674,0.16921690587373409,0.055674518201284794,0.0,0.9713656387665198,,,,,,,
MIMIC-III Mortality,RandomForest,8,naive,3648,331,10.021148036253777,19,0.0,0.4856828193832599,0.4856828193832599,Threshold,True,,0.539647577092511,0.28867233348732824,0.15384615384615385,0.004405286343612335,0.9162995594713657,,,,,,,
MIMIC-III Mortality,RandomForest,8,naive,3648,331,10.021148036253777,19,0.0,0.4856828193832599,0.4856828193832599,SMOTE,True,,0.5297356828193832,0.28919287268437666,0.15445544554455445,0.02643171806167401,0.9140969162995595,,,,,,,
MIMIC-III Mortality,RandomForest,8,naive,3648,331,10.021148036253777,19,0.0,0.4856828193832599,0.4856828193832599,Balanced Weights,True,,0.525330396475771,0.2427908335357776,0.11134020618556702,0.00881057268722467,0.9405286343612335,,,,,,,
MIMIC-III Mortality,RandomForest,8,naive,3648,331,10.021148036253777,19,0.0,0.4856828193832599,0.4856828193832599,Slacks Deltas,True,,0.5914096916299559,0.4852318423290348,0.3826955074875208,0.07048458149779736,0.7466960352422908,,,,,,,0.11
MIMIC-III Mortality,RandomForest,8,naive,3648,331,10.021148036253777,19,0.0,0.4856828193832599,0.4856828193832599,Min Deltas,True,,0.6409691629955947,0.604311522247534,0.5434173669467787,0.14537444933920704,0.5726872246696035,,,,,,,14.534
MIMIC-III Mortality,RandomForest,8,naive,3648,331,10.021148036253777,19,0.0,0.4856828193832599,0.4856828193832599,F Deltas,True,,0.5870044052863436,0.45834035345120727,0.34782608695652173,0.046255506607929514,0.7797356828193832,,,,,,,0.037
MIMIC-III Mortality,RandomForest,8,naive,3648,331,10.021148036253777,19,0.0,0.4856828193832599,0.4856828193832599,CP Sum,True,,0.539647577092511,0.28867233348732824,0.15384615384615385,0.004405286343612335,0.9162995594713657,0.0047244151462578435,0.0344812069769963,0.0005,0.002998749374687344,True,False,0.429
MIMIC-III Mortality,RandomForest,8,naive,3648,331,10.021148036253777,19,0.0,0.4856828193832599,0.4856828193832599,CP Minimax,True,,0.5903083700440529,0.46857318513118373,0.36082474226804123,0.05066079295154185,0.7687224669603524,0.0047244151462578435,0.0344812069769963,0.0005,0.002998749374687344,False,False,0.412
MIMIC-III Mortality,RandomForest,8,naive,3648,331,10.021148036253777,19,0.0,0.4856828193832599,0.4856828193832599,DKW Sum,True,,0.539647577092511,0.28867233348732824,0.15384615384615385,0.004405286343612335,0.9162995594713657,0.0300533763611825,0.0834096426334619,0.002498999499749875,0.009995247623811907,True,False,0.12
MIMIC-III Mortality,RandomForest,8,naive,3648,331,10.021148036253777,19,0.0,0.4856828193832599,0.4856828193832599,DKW Minimax,True,,0.5958149779735683,0.49508049681361405,0.3953871499176277,0.07268722466960352,0.73568281938326,0.0300533763611825,0.0834096426334619,0.002498999499749875,0.009995247623811907,False,False,0.127
MIMIC-III Mortality,RandomForest,8,split,1277,116,10.021148036253777,19,0.0,0.4889867841409692,0.4889867841409692,Baseline,True,,0.5110132158590308,0.1484130442988812,0.04310344827586207,0.0,0.9779735682819384,,,,,,,
MIMIC-III Mortality,RandomForest,8,split,1277,116,10.021148036253777,19,0.0,0.4889867841409692,0.4889867841409692,Threshold,True,,0.5297356828193832,0.25620821186952153,0.12320328542094455,0.006607929515418502,0.933920704845815,,,,,,,
MIMIC-III Mortality,RandomForest,8,split,1277,116,10.021148036253777,19,0.0,0.4889867841409692,0.4889867841409692,SMOTE,True,,0.5308370044052864,0.26811696062376084,0.13414634146341464,0.011013215859030838,0.9273127753303965,,,,,,,
MIMIC-III Mortality,RandomForest,8,split,1277,116,10.021148036253777,19,0.0,0.4889867841409692,0.4889867841409692,Balanced Weights,True,,0.5110132158590308,0.16221984704424644,0.05128205128205128,0.004405286343612335,0.973568281938326,,,,,,,
MIMIC-III Mortality,RandomForest,8,split,1277,116,10.021148036253777,19,0.0,0.4889867841409692,0.4889867841409692,Slacks Deltas,False,,,,,,,,,,,,,7.204
MIMIC-III Mortality,RandomForest,8,split,1277,116,10.021148036253777,19,0.0,0.4889867841409692,0.4889867841409692,Min Deltas,False,,,,,,,,,,,,,0.0
MIMIC-III Mortality,RandomForest,8,split,1277,116,10.021148036253777,19,0.0,0.4889867841409692,0.4889867841409692,F Deltas,False,,,,,,,,,,,,,0.0
MIMIC-III Mortality,RandomForest,8,split,1277,116,10.021148036253777,19,0.0,0.4889867841409692,0.4889867841409692,CP Sum,True,,0.6244493392070485,0.5980896184988488,0.5422818791946309,0.1960352422907489,0.5550660792951542,0.25307358839955796,0.6907618501117967,0.003498499249624813,0.03498274137068535,True,True,1.462
MIMIC-III Mortality,RandomForest,8,split,1277,116,10.021148036253777,19,0.0,0.4889867841409692,0.4889867841409692,CP Minimax,True,,0.6244493392070485,0.6224795868412698,0.6421825813221406,0.4251101321585903,0.32599118942731276,0.48441425302931673,0.4856458619640472,0.005997248624312156,0.023488494247123563,True,True,1.499
MIMIC-III Mortality,RandomForest,8,split,1277,116,10.021148036253777,19,0.0,0.4889867841409692,0.4889867841409692,DKW Sum,True,,0.6486784140969163,0.6466099043580317,0.629500580720093,0.29955947136563876,0.40308370044052866,0.3485541905549688,0.5411474654661915,0.006996748374187095,0.03798124062031016,True,True,0.035
MIMIC-III Mortality,RandomForest,8,split,1277,116,10.021148036253777,19,0.0,0.4889867841409692,0.4889867841409692,DKW Minimax,True,,0.6244493392070485,0.6224795868412698,0.6421825813221406,0.4251101321585903,0.32599118942731276,0.4645087999510284,0.441624997626349,0.00899574787393697,0.03048499249624813,True,True,0.036
MIMIC-III Mortality,RandomForest,9,naive,3648,331,10.021148036253777,19,0.0,0.4878854625550661,0.4878854625550661,Baseline,True,,0.512114537444934,0.1556569140445353,0.047311827956989246,0.0,0.9757709251101322,,,,,,,
MIMIC-III Mortality,RandomForest,9,naive,3648,331,10.021148036253777,19,0.0,0.4878854625550661,0.4878854625550661,Threshold,True,,0.5341409691629956,0.26901118309730443,0.13496932515337423,0.004405286343612335,0.9273127753303965,,,,,,,
MIMIC-III Mortality,RandomForest,9,naive,3648,331,10.021148036253777,19,0.0,0.4878854625550661,0.4878854625550661,SMOTE,True,,0.5429515418502202,0.3248880011892915,0.19103313840155944,0.022026431718061675,0.8920704845814978,,,,,,,
MIMIC-III Mortality,RandomForest,9,naive,3648,331,10.021148036253777,19,0.0,0.4878854625550661,0.4878854625550661,Balanced Weights,True,,0.525330396475771,0.23851686478205397,0.10766045548654245,0.006607929515418502,0.9427312775330396,,,,,,,
MIMIC-III Mortality,RandomForest,9,naive,3648,331,10.021148036253777,19,0.0,0.4878854625550661,0.4878854625550661,Slacks Deltas,True,,0.5903083700440529,0.4651646547082344,0.356401384083045,0.046255506607929514,0.7731277533039648,,,,,,,0.11
MIMIC-III Mortality,RandomForest,9,naive,3648,331,10.021148036253777,19,0.0,0.4878854625550661,0.4878854625550661,Min Deltas,True,,0.6134361233480177,0.5476215688572862,0.4657534246575342,0.11013215859030837,0.6629955947136564,,,,,,,14.632
MIMIC-III Mortality,RandomForest,9,naive,3648,331,10.021148036253777,19,0.0,0.4878854625550661,0.4878854625550661,F Deltas,True,,0.5781938325991189,0.4198101518140637,0.29981718464351004,0.024229074889867842,0.8193832599118943,,,,,,,0.037
MIMIC-III Mortality,RandomForest,9,naive,3648,331,10.021148036253777,19,0.0,0.4878854625550661,0.4878854625550661,CP Sum,True,,0.5341409691629956,0.26901118309730443,0.13496932515337423,0.004405286343612335,0.9273127753303965,0.0047244151462578435,0.0344812069769963,0.0005,0.002998749374687344,True,False,0.413
MIMIC-III Mortality,RandomForest,9,naive,3648,331,10.021148036253777,19,0.0,0.4878854625550661,0.4878854625550661,CP Minimax,True,,0.5814977973568282,0.4467349165015969,0.3333333333333333,0.046255506607929514,0.7907488986784141,0.0047244151462578435,0.0344812069769963,0.0005,0.002998749374687344,False,False,0.408
MIMIC-III Mortality,RandomForest,9,naive,3648,331,10.021148036253777,19,0.0,0.4878854625550661,0.4878854625550661,DKW Sum,True,,0.5341409691629956,0.26901118309730443,0.13496932515337423,0.004405286343612335,0.9273127753303965,0.0300533763611825,0.0834096426334619,0.002498999499749875,0.009995247623811907,True,False,0.121
MIMIC-III Mortality,RandomForest,9,naive,3648,331,10.021148036253777,19,0.0,0.4878854625550661,0.4878854625550661,DKW Minimax,True,,0.5892070484581498,0.46633654617866854,0.35800344234079173,0.05066079295154185,0.7709251101321586,0.0300533763611825,0.0834096426334619,0.002498999499749875,0.009995247623811907,False,False,0.119
MIMIC-III Mortality,RandomForest,9,split,1277,116,10.021148036253777,19,0.0,0.4911894273127753,0.4911894273127753,Baseline,True,,0.5088105726872246,0.14064182810876277,0.03879310344827586,0.0022026431718061676,0.9801762114537445,,,,,,,
MIMIC-III Mortality,RandomForest,9,split,1277,116,10.021148036253777,19,0.0,0.4911894273127753,0.4911894273127753,Threshold,True,,0.5341409691629956,0.26901118309730443,0.13496932515337423,0.004405286343612335,0.9273127753303965,,,,,,,
MIMIC-III Mortality,RandomForest,9,split,1277,116,10.021148036253777,19,0.0,0.4911894273127753,0.4911894273127753,SMOTE,True,,0.538546255506608,0.3174711102437987,0.18323586744639375,0.02643171806167401,0.8964757709251101,,,,,,,
MIMIC-III Mortality,RandomForest,9,split,1277,116,10.021148036253777,19,0.0,0.4911894273127753,0.4911894273127753,Balanced Weights,True,,0.5165198237885462,0.2036700661773891,0.07966457023060797,0.00881057268722467,0.9581497797356828,,,,,,,
MIMIC-III Mortality,RandomForest,9,split,1277,116,10.021148036253777,19,0.0,0.4911894273127753,0.4911894273127753,Slacks Deltas,False,,,,,,,,,,,,,7.111
MIMIC-III Mortality,RandomForest,9,split,1277,116,10.021148036253777,19,0.0,0.4911894273127753,0.4911894273127753,Min Deltas,False,,,,,,,,,,,,,0.0
MIMIC-III Mortality,RandomForest,9,split,1277,116,10.021148036253777,19,0.0,0.4911894273127753,0.4911894273127753,F Deltas,False,,,,,,,,,,,,,0.0
MIMIC-III Mortality,RandomForest,9,split,1277,116,10.021148036253777,19,0.0,0.4911894273127753,0.4911894273127753,CP Sum,True,,0.6409691629955947,0.6181230560983394,0.5676392572944297,0.1894273127753304,0.5286343612334802,0.2769389599859307,0.6360884105789006,0.003998249124562281,0.03148449224612306,True,True,1.466
MIMIC-III Mortality,RandomForest,9,split,1277,116,10.021148036253777,19,0.0,0.4911894273127753,0.4911894273127753,CP Minimax,True,,0.6486784140969163,0.647779344483831,0.6602768903088392,0.3854625550660793,0.31718061674008813,0.48962741731592957,0.4943664907243081,0.005997248624312156,0.023988244122061034,True,True,1.475
MIMIC-III Mortality,RandomForest,9,split,1277,116,10.021148036253777,19,0.0,0.4911894273127753,0.4911894273127753,DKW Sum,True,,0.6508810572687225,0.643119000909975,0.6119951040391677,0.2488986784140969,0.44933920704845814,0.327021029486924,0.5246348688952922,0.006996748374187095,0.03648199099549775,True,True,0.033
MIMIC-III Mortality,RandomForest,9,split,1277,116,10.021148036253777,19,0.0,0.4911894273127753,0.4911894273127753,DKW Minimax,True,,0.6486784140969163,0.647779344483831,0.6602768903088392,0.3854625550660793,0.31718061674008813,0.4696767586073592,0.44995965273629634,0.00899574787393697,0.030984742371185595,True,True,0.034
MIMIC-III Mortality,SVM-rbf,0,naive,3648,331,10.021148036253777,19,0.5,0.5,0.0,Baseline,True,,0.5,0.0,0.0,0.0,1.0,,,,,,,
MIMIC-III Mortality,SVM-rbf,0,naive,3648,331,10.021148036253777,19,0.5,0.5,0.0,Threshold,True,,0.6145374449339207,0.5762006761847561,0.5098039215686274,0.17180616740088106,0.5991189427312775,,,,,,,
MIMIC-III Mortality,SVM-rbf,0,naive,3648,331,10.021148036253777,19,0.5,0.5,0.0,SMOTE,True,,0.6211453744493393,0.6157756776828679,0.5875299760191847,0.2973568281938326,0.460352422907489,,,,,,,
MIMIC-III Mortality,SVM-rbf,0,naive,3648,331,10.021148036253777,19,0.5,0.5,0.0,Balanced Weights,True,,0.6431718061674009,0.6364838447929467,0.6067961165048543,0.2643171806167401,0.44933920704845814,,,,,,,
MIMIC-III Mortality,SVM-rbf,0,naive,3648,331,10.021148036253777,19,0.5,0.5,0.0,Slacks Deltas,False,,,,,,,,,,,,,118.38
MIMIC-III Mortality,SVM-rbf,0,naive,3648,331,10.021148036253777,19,0.5,0.5,0.0,Min Deltas,False,,,,,,,,,,,,,0.0
MIMIC-III Mortality,SVM-rbf,0,naive,3648,331,10.021148036253777,19,0.5,0.5,0.0,F Deltas,False,,,,,,,,,,,,,0.0
MIMIC-III Mortality,SVM-rbf,0,naive,3648,331,10.021148036253777,19,0.5,0.5,0.0,CP Sum,True,,0.6145374449339207,0.5762006761847561,0.5098039215686274,0.17180616740088106,0.5991189427312775,0.05822064025580402,0.5174547748130303,0.0009997498749374687,0.01349349674837419,False,False,0.424
MIMIC-III Mortality,SVM-rbf,0,naive,3648,331,10.021148036253777,19,0.5,0.5,0.0,CP Minimax,True,,0.5936123348017621,0.5887282421951758,0.5601907032181168,0.3303964757709251,0.48237885462555063,0.3764661305564472,0.3715330293450481,0.002498999499749875,0.009995247623811907,True,False,0.421
MIMIC-III Mortality,SVM-rbf,0,naive,3648,331,10.021148036253777,19,0.5,0.5,0.0,DKW Sum,True,,0.6145374449339207,0.5762006761847561,0.5098039215686274,0.17180616740088106,0.5991189427312775,0.06894394012361843,0.4854945521890944,0.002498999499749875,0.018490995497748876,False,False,0.118
MIMIC-III Mortality,SVM-rbf,0,naive,3648,331,10.021148036253777,19,0.5,0.5,0.0,DKW Minimax,True,,0.5903083700440529,0.5843442546986999,0.5528846153846154,0.32599118942731276,0.4933920704845815,0.35354169449596845,0.3488565833911146,0.003998249124562281,0.014492996498249127,True,False,0.119
MIMIC-III Mortality,SVM-rbf,0,split,1277,116,10.021148036253777,19,0.5,0.5,0.0,Baseline,True,,0.5,0.0,0.0,0.0,1.0,,,,,,,
MIMIC-III Mortality,SVM-rbf,0,split,1277,116,10.021148036253777,19,0.5,0.5,0.0,Threshold,True,,0.6112334801762115,0.5730852564604585,0.5062937062937063,0.1762114537444934,0.6013215859030837,,,,,,,
MIMIC-III Mortality,SVM-rbf,0,split,1277,116,10.021148036253777,19,0.5,0.5,0.0,SMOTE,True,,0.6310572687224669,0.6177618974019512,0.5764854614412137,0.24008810572687225,0.4977973568281938,,,,,,,
MIMIC-III Mortality,SVM-rbf,0,split,1277,116,10.021148036253777,19,0.5,0.5,0.0,Balanced Weights,True,,0.6574889867841409,0.6501417643002472,0.6202686202686203,0.2444933920704846,0.44052863436123346,,,,,,,
MIMIC-III Mortality,SVM-rbf,0,split,1277,116,10.021148036253777,19,0.5,0.5,0.0,Slacks Deltas,False,,,,,,,,,,,,,7.276
MIMIC-III Mortality,SVM-rbf,0,split,1277,116,10.021148036253777,19,0.5,0.5,0.0,Min Deltas,False,,,,,,,,,,,,,0.0
MIMIC-III Mortality,SVM-rbf,0,split,1277,116,10.021148036253777,19,0.5,0.5,0.0,F Deltas,False,,,,,,,,,,,,,0.0
MIMIC-III Mortality,SVM-rbf,0,split,1277,116,10.021148036253777,19,0.5,0.5,0.0,CP Sum,True,,0.5627753303964758,0.4026561850238069,0.279491833030853,0.04405286343612335,0.8303964757709251,0.060639375031777715,0.9221065905897184,0.0014994997498749376,0.07396323161580791,True,True,1.501
MIMIC-III Mortality,SVM-rbf,0,split,1277,116,10.021148036253777,19,0.5,0.5,0.0,CP Minimax,True,,0.552863436123348,0.5471473819044453,0.5857142857142857,0.526431718061674,0.36784140969163,0.5451662734831006,0.529007073982066,0.006996748374187095,0.02548749374687344,True,True,1.47
MIMIC-III Mortality,SVM-rbf,0,split,1277,116,10.021148036253777,19,0.5,0.5,0.0,DKW Sum,True,,0.5991189427312775,0.5162837723676778,0.4240506329113924,0.09691629955947137,0.7048458149779736,0.155004370319442,0.8139870496639953,0.005497498749374687,0.10544747373686844,True,True,0.035
MIMIC-III Mortality,SVM-rbf,0,split,1277,116,10.021148036253777,19,0.5,0.5,0.0,DKW Minimax,True,,0.5627753303964758,0.5595060518575692,0.5877466251298027,0.4977973568281938,0.3766519823788546,0.5081772360366482,0.4997851432480476,0.009495497748874438,0.03448299149574788,True,True,0.039
MIMIC-III Mortality,SVM-rbf,1,naive,3648,331,10.021148036253777,19,0.5,0.5,0.0,Baseline,True,,0.5,0.0,0.0,0.0,1.0,,,,,,,
MIMIC-III Mortality,SVM-rbf,1,naive,3648,331,10.021148036253777,19,0.5,0.5,0.0,Threshold,True,,0.5991189427312775,0.5343623229975346,0.4501510574018127,0.1299559471365639,0.6718061674008811,,,,,,,
MIMIC-III Mortality,SVM-rbf,1,naive,3648,331,10.021148036253777,19,0.5,0.5,0.0,SMOTE,True,,0.6156387665198237,0.6097702452435011,0.5800240673886883,0.29955947136563876,0.46916299559471364,,,,,,,
MIMIC-III Mortality,SVM-rbf,1,naive,3648,331,10.021148036253777,19,0.5,0.5,0.0,Balanced Weights,True,,0.6486784140969163,0.6394497333625289,0.6056860321384425,0.2422907488986784,0.460352422907489,,,,,,,
MIMIC-III Mortality,SVM-rbf,1,naive,3648,331,10.021148036253777,19,0.5,0.5,0.0,Slacks Deltas,False,,,,,,,,,,,,,118.322
MIMIC-III Mortality,SVM-rbf,1,naive,3648,331,10.021148036253777,19,0.5,0.5,0.0,Min Deltas,False,,,,,,,,,,,,,0.0
MIMIC-III Mortality,SVM-rbf,1,naive,3648,331,10.021148036253777,19,0.5,0.5,0.0,F Deltas,False,,,,,,,,,,,,,0.0
MIMIC-III Mortality,SVM-rbf,1,naive,3648,331,10.021148036253777,19,0.5,0.5,0.0,CP Sum,True,,0.5991189427312775,0.5343623229975346,0.4501510574018127,0.1299559471365639,0.6718061674008811,0.07108517251830816,0.5621822299018213,0.0009997498749374687,0.014492996498249127,False,False,0.417
MIMIC-III Mortality,SVM-rbf,1,naive,3648,331,10.021148036253777,19,0.5,0.5,0.0,CP Minimax,True,,0.5649779735682819,0.5607014123946192,0.5325443786982249,0.3656387665198238,0.5044052863436124,0.4001813359266975,0.39714456058179504,0.002998749374687344,0.010494997498749376,True,False,0.409
MIMIC-III Mortality,SVM-rbf,1,naive,3648,331,10.021148036253777,19,0.5,0.5,0.0,DKW Sum,True,,0.5991189427312775,0.5343623229975346,0.4501510574018127,0.1299559471365639,0.6718061674008811,0.07979712070848427,0.5298066474680643,0.002498999499749875,0.02048999499749875,False,False,0.121
MIMIC-III Mortality,SVM-rbf,1,naive,3648,331,10.021148036253777,19,0.5,0.5,0.0,DKW Minimax,True,,0.566079295154185,0.5611036233147627,0.530952380952381,0.3590308370044053,0.5088105726872246,0.38248350938894404,0.3727049597311163,0.003998249124562281,0.014992746373186596,True,False,0.119
MIMIC-III Mortality,SVM-rbf,1,split,1277,116,10.021148036253777,19,0.5,0.5,0.0,Baseline,True,,0.5,0.0,0.0,0.0,1.0,,,,,,,
MIMIC-III Mortality,SVM-rbf,1,split,1277,116,10.021148036253777,19,0.5,0.5,0.0,Threshold,True,,0.6013215859030837,0.539031384244667,0.45645645645645644,0.13215859030837004,0.6651982378854625,,,,,,,
MIMIC-III Mortality,SVM-rbf,1,split,1277,116,10.021148036253777,19,0.5,0.5,0.0,SMOTE,True,,0.6189427312775331,0.6119900465163365,0.5800970873786407,0.28854625550660795,0.473568281938326,,,,,,,
MIMIC-III Mortality,SVM-rbf,1,split,1277,116,10.021148036253777,19,0.5,0.5,0.0,Balanced Weights,True,,0.6420704845814978,0.6319705318212968,0.5962732919254659,0.2444933920704846,0.4713656387665198,,,,,,,
MIMIC-III Mortality,SVM-rbf,1,split,1277,116,10.021148036253777,19,0.5,0.5,0.0,Slacks Deltas,False,,,,,,,,,,,,,7.263
MIMIC-III Mortality,SVM-rbf,1,split,1277,116,10.021148036253777,19,0.5,0.5,0.0,Min Deltas,False,,,,,,,,,,,,,0.0
MIMIC-III Mortality,SVM-rbf,1,split,1277,116,10.021148036253777,19,0.5,0.5,0.0,F Deltas,False,,,,,,,,,,,,,0.0
MIMIC-III Mortality,SVM-rbf,1,split,1277,116,10.021148036253777,19,0.5,0.5,0.0,CP Sum,True,,0.5495594713656388,0.36003615905140296,0.2297551789077213,0.03524229074889868,0.8656387665198237,0.05947009226399796,0.9044923640893485,0.0014994997498749376,0.06746648324162081,True,True,1.458
MIMIC-III Mortality,SVM-rbf,1,split,1277,116,10.021148036253777,19,0.5,0.5,0.0,CP Minimax,True,,0.5671806167400881,0.5665119449168143,0.5787781350482315,0.460352422907489,0.4052863436123348,0.5365986166236674,0.5374866611792888,0.006996748374187095,0.02598724362181091,True,True,1.45
MIMIC-III Mortality,SVM-rbf,1,split,1277,116,10.021148036253777,19,0.5,0.5,0.0,DKW Sum,True,,0.6046255506607929,0.5660321549133879,0.4979020979020979,0.1828193832599119,0.6079295154185022,0.2665793631112402,0.6719913627432769,0.005997248624312156,0.055472486243121566,True,True,0.031
MIMIC-III Mortality,SVM-rbf,1,split,1277,116,10.021148036253777,19,0.5,0.5,0.0,DKW Minimax,True,,0.5638766519823789,0.563528079210371,0.572354211663067,0.45594713656387664,0.41629955947136565,0.5055932567084829,0.49142532701068686,0.009495497748874438,0.03398324162081041,True,True,0.034
MIMIC-III Mortality,SVM-rbf,2,naive,3648,331,10.021148036253777,19,0.4984894259818731,0.5,0.0015105740181268756,Baseline,True,,0.5,0.0,0.0,0.0,1.0,,,,,,,
MIMIC-III Mortality,SVM-rbf,2,naive,3648,331,10.021148036253777,19,0.4984894259818731,0.5,0.0015105740181268756,Threshold,True,,0.5825991189427313,0.5163495487820168,0.42835595776772245,0.14757709251101322,0.6872246696035242,,,,,,,
MIMIC-III Mortality,SVM-rbf,2,naive,3648,331,10.021148036253777,19,0.4984894259818731,0.5,0.0015105740181268756,SMOTE,True,,0.6299559471365639,0.6194559460048263,0.582089552238806,0.2555066079295154,0.4845814977973568,,,,,,,
MIMIC-III Mortality,SVM-rbf,2,naive,3648,331,10.021148036253777,19,0.4984894259818731,0.5,0.0015105740181268756,Balanced Weights,True,,0.6442731277533039,0.6329907491560565,0.5957446808510638,0.2356828193832599,0.47577092511013214,,,,,,,
MIMIC-III Mortality,SVM-rbf,2,naive,3648,331,10.021148036253777,19,0.4984894259818731,0.5,0.0015105740181268756,Slacks Deltas,False,,,,,,,,,,,,,119.234
MIMIC-III Mortality,SVM-rbf,2,naive,3648,331,10.021148036253777,19,0.4984894259818731,0.5,0.0015105740181268756,Min Deltas,False,,,,,,,,,,,,,0.0
MIMIC-III Mortality,SVM-rbf,2,naive,3648,331,10.021148036253777,19,0.4984894259818731,0.5,0.0015105740181268756,F Deltas,False,,,,,,,,,,,,,0.0
MIMIC-III Mortality,SVM-rbf,2,naive,3648,331,10.021148036253777,19,0.4984894259818731,0.5,0.0015105740181268756,CP Sum,True,,0.5825991189427313,0.5163495487820168,0.42835595776772245,0.14757709251101322,0.6872246696035242,0.07425978420043494,0.567921087917211,0.0009997498749374687,0.014992746373186596,False,False,0.423
MIMIC-III Mortality,SVM-rbf,2,naive,3648,331,10.021148036253777,19,0.4984894259818731,0.5,0.0015105740181268756,CP Minimax,True,,0.5572687224669604,0.5543182501658775,0.530373831775701,0.3854625550660793,0.5,0.3940310753413375,0.38746307040366545,0.002998749374687344,0.010494997498749376,True,False,0.414
MIMIC-III Mortality,SVM-rbf,2,naive,3648,331,10.021148036253777,19,0.4984894259818731,0.5,0.0015105740181268756,DKW Sum,True,,0.5825991189427313,0.5163495487820168,0.42835595776772245,0.14757709251101322,0.6872246696035242,0.08204969137829421,0.5356110787177853,0.002998749374687344,0.02098974487243622,False,False,0.121
MIMIC-III Mortality,SVM-rbf,2,naive,3648,331,10.021148036253777,19,0.4984894259818731,0.5,0.0015105740181268756,DKW Minimax,True,,0.5594713656387665,0.5555553399272052,0.5283018867924528,0.3744493392070485,0.5066079295154186,0.3791672597657906,0.36698347160863726,0.003998249124562281,0.014492996498249127,True,False,0.119
MIMIC-III Mortality,SVM-rbf,2,split,1277,116,10.021148036253777,19,0.49767441860465117,0.5,0.0023255813953488302,Baseline,True,,0.5,0.0,0.0,0.0,1.0,,,,,,,
MIMIC-III Mortality,SVM-rbf,2,split,1277,116,10.021148036253777,19,0.49767441860465117,0.5,0.0023255813953488302,Threshold,True,,0.5837004405286343,0.5073926119943383,0.4148606811145511,0.1277533039647577,0.7048458149779736,,,,,,,
MIMIC-III Mortality,SVM-rbf,2,split,1277,116,10.021148036253777,19,0.49767441860465117,0.5,0.0023255813953488302,SMOTE,True,,0.6178414096916299,0.6069231279227331,0.5678704856787049,0.2665198237885463,0.4977973568281938,,,,,,,
MIMIC-III Mortality,SVM-rbf,2,split,1277,116,10.021148036253777,19,0.49767441860465117,0.5,0.0023255813953488302,Balanced Weights,True,,0.6244493392070485,0.6036849845392317,0.5530799475753604,0.21585903083700442,0.5352422907488987,,,,,,,
MIMIC-III Mortality,SVM-rbf,2,split,1277,116,10.021148036253777,19,0.49767441860465117,0.5,0.0023255813953488302,Slacks Deltas,False,,,,,,,,,,,,,7.181
MIMIC-III Mortality,SVM-rbf,2,split,1277,116,10.021148036253777,19,0.49767441860465117,0.5,0.0023255813953488302,Min Deltas,False,,,,,,,,,,,,,0.0
MIMIC-III Mortality,SVM-rbf,2,split,1277,116,10.021148036253777,19,0.49767441860465117,0.5,0.0023255813953488302,F Deltas,False,,,,,,,,,,,,,0.0
MIMIC-III Mortality,SVM-rbf,2,split,1277,116,10.021148036253777,19,0.49767441860465117,0.5,0.0023255813953488302,CP Sum,True,,0.5825991189427313,0.5016516801500078,0.40688575899843504,0.1211453744493392,0.7136563876651982,0.1672005273581229,0.7863927800968273,0.002998749374687344,0.04397823911955979,True,True,1.481
MIMIC-III Mortality,SVM-rbf,2,split,1277,116,10.021148036253777,19,0.49767441860465117,0.5,0.0023255813953488302,CP Minimax,True,,0.5583700440528634,0.5582386085520169,0.5636561479869423,0.45374449339207046,0.42951541850220265,0.53316624038185,0.5459215657433975,0.006996748374187095,0.02648699349674838,True,True,1.486
MIMIC-III Mortality,SVM-rbf,2,split,1277,116,10.021148036253777,19,0.49767441860465117,0.5,0.0023255813953488302,DKW Sum,True,,0.5914096916299559,0.5428968080998342,0.46618705035971225,0.17400881057268722,0.6431718061674009,0.22006773520426348,0.6961757039017699,0.005997248624312156,0.060469984992496256,True,True,0.033
MIMIC-III Mortality,SVM-rbf,2,split,1277,116,10.021148036253777,19,0.49767441860465117,0.5,0.0023255813953488302,DKW Minimax,True,,0.5627753303964758,0.5627742527813678,0.5632563256325632,0.43832599118942733,0.43612334801762115,0.4935346865103778,0.4997851432480476,0.009495497748874438,0.03448299149574788,True,True,0.034
MIMIC-III Mortality,SVM-rbf,3,naive,3648,331,10.021148036253777,19,0.4984894259818731,0.5,0.0015105740181268756,Baseline,True,,0.5,0.0,0.0,0.0,1.0,,,,,,,
MIMIC-III Mortality,SVM-rbf,3,naive,3648,331,10.021148036253777,19,0.4984894259818731,0.5,0.0015105740181268756,Threshold,True,,0.6002202643171806,0.5613240682359992,0.49230769230769234,0.18722466960352424,0.6123348017621145,,,,,,,
MIMIC-III Mortality,SVM-rbf,3,naive,3648,331,10.021148036253777,19,0.4984894259818731,0.5,0.0015105740181268756,SMOTE,True,,0.6211453744493393,0.6195812468295728,0.6036866359447005,0.33480176211453744,0.42290748898678415,,,,,,,
MIMIC-III Mortality,SVM-rbf,3,naive,3648,331,10.021148036253777,19,0.4984894259818731,0.5,0.0015105740181268756,Balanced Weights,True,,0.6596916299559471,0.6553002256701554,0.6317044100119189,0.2643171806167401,0.41629955947136565,,,,,,,
MIMIC-III Mortality,SVM-rbf,3,naive,3648,331,10.021148036253777,19,0.4984894259818731,0.5,0.0015105740181268756,Slacks Deltas,False,,,,,,,,,,,,,118.48
MIMIC-III Mortality,SVM-rbf,3,naive,3648,331,10.021148036253777,19,0.4984894259818731,0.5,0.0015105740181268756,Min Deltas,False,,,,,,,,,,,,,0.0
MIMIC-III Mortality,SVM-rbf,3,naive,3648,331,10.021148036253777,19,0.4984894259818731,0.5,0.0015105740181268756,F Deltas,False,,,,,,,,,,,,,0.0
MIMIC-III Mortality,SVM-rbf,3,naive,3648,331,10.021148036253777,19,0.4984894259818731,0.5,0.0015105740181268756,CP Sum,True,,0.6002202643171806,0.5613240682359992,0.49230769230769234,0.18722466960352424,0.6123348017621145,0.05713462332858872,0.5054998926933325,0.0009997498749374687,0.012993746873436721,False,False,0.409
MIMIC-III Mortality,SVM-rbf,3,naive,3648,331,10.021148036253777,19,0.4984894259818731,0.5,0.0015105740181268756,CP Minimax,True,,0.5803964757709251,0.5778822319579413,0.5564610011641443,0.3656387665198238,0.473568281938326,0.38756590963043647,0.38098209035613356,0.002998749374687344,0.010494997498749376,True,False,0.403
MIMIC-III Mortality,SVM-rbf,3,naive,3648,331,10.021148036253777,19,0.4984894259818731,0.5,0.0015105740181268756,DKW Sum,True,,0.6002202643171806,0.5613240682359992,0.49230769230769234,0.18722466960352424,0.6123348017621145,0.06803950840821295,0.4736760409441537,0.002498999499749875,0.01799124562281141,False,False,0.119
MIMIC-III Mortality,SVM-rbf,3,naive,3648,331,10.021148036253777,19,0.4984894259818731,0.5,0.0015105740181268756,DKW Minimax,True,,0.579295154185022,0.5764574304224472,0.5537383177570093,0.3634361233480176,0.4779735682819383,0.3674096474655193,0.3609411755361297,0.003998249124562281,0.014492996498249127,True,False,0.117
MIMIC-III Mortality,SVM-rbf,3,split,1277,116,10.021148036253777,19,0.49767441860465117,0.5,0.0023255813953488302,Baseline,True,,0.5,0.0,0.0,0.0,1.0,,,,,,,
MIMIC-III Mortality,SVM-rbf,3,split,1277,116,10.021148036253777,19,0.49767441860465117,0.5,0.0023255813953488302,Threshold,True,,0.5914096916299559,0.5560092678756642,0.4882758620689655,0.20704845814977973,0.6101321585903083,,,,,,,
MIMIC-III Mortality,SVM-rbf,3,split,1277,116,10.021148036253777,19,0.49767441860465117,0.5,0.0023255813953488302,SMOTE,True,,0.6156387665198237,0.6139806107826588,0.5974625144175317,0.3392070484581498,0.42951541850220265,,,,,,,
MIMIC-III Mortality,SVM-rbf,3,split,1277,116,10.021148036253777,19,0.49767441860465117,0.5,0.0023255813953488302,Balanced Weights,True,,0.6519823788546255,0.6462984469637008,0.619277108433735,0.2621145374449339,0.43392070484581496,,,,,,,
MIMIC-III Mortality,SVM-rbf,3,split,1277,116,10.021148036253777,19,0.49767441860465117,0.5,0.0023255813953488302,Slacks Deltas,False,,,,,,,,,,,,,7.083
MIMIC-III Mortality,SVM-rbf,3,split,1277,116,10.021148036253777,19,0.49767441860465117,0.5,0.0023255813953488302,Min Deltas,False,,,,,,,,,,,,,0.0
MIMIC-III Mortality,SVM-rbf,3,split,1277,116,10.021148036253777,19,0.49767441860465117,0.5,0.0023255813953488302,F Deltas,False,,,,,,,,,,,,,0.0
MIMIC-III Mortality,SVM-rbf,3,split,1277,116,10.021148036253777,19,0.49767441860465117,0.5,0.0023255813953488302,CP Sum,True,,0.5969162995594713,0.4956681296576283,0.39603960396039606,0.07048458149779736,0.73568281938326,0.10896132300221961,0.7933939013237807,0.002498999499749875,0.04497773886943472,True,True,1.457
MIMIC-III Mortality,SVM-rbf,3,split,1277,116,10.021148036253777,19,0.49767441860465117,0.5,0.0023255813953488302,CP Minimax,True,,0.5495594713656388,0.5464508674391021,0.5744016649323621,0.5088105726872246,0.3920704845814978,0.5528609680357139,0.5459215657433975,0.006996748374187095,0.02648699349674838,True,True,1.466
MIMIC-III Mortality,SVM-rbf,3,split,1277,116,10.021148036253777,19,0.49767441860465117,0.5,0.0023255813953488302,DKW Sum,True,,0.5969162995594713,0.4956681296576283,0.39603960396039606,0.07048458149779736,0.73568281938326,0.11667623540847248,0.7597817987582693,0.004997748874437219,0.0789607303651826,True,True,0.033
MIMIC-III Mortality,SVM-rbf,3,split,1277,116,10.021148036253777,19,0.49767441860465117,0.5,0.0023255813953488302,DKW Minimax,True,,0.5484581497797357,0.5456867865093225,0.5720250521920668,0.5066079295154186,0.3964757709251101,0.5268791093335574,0.5081481592239849,0.009995247623811907,0.03498274137068535,True,True,0.034
MIMIC-III Mortality,SVM-rbf,4,naive,3648,331,10.021148036253777,19,0.5,0.5,0.0,Baseline,True,,0.5,0.0,0.0,0.0,1.0,,,,,,,
MIMIC-III Mortality,SVM-rbf,4,naive,3648,331,10.021148036253777,19,0.5,0.5,0.0,Threshold,True,,0.5936123348017621,0.5384009695652482,0.4581497797356828,0.15638766519823788,0.6563876651982379,,,,,,,
MIMIC-III Mortality,SVM-rbf,4,naive,3648,331,10.021148036253777,19,0.5,0.5,0.0,SMOTE,True,,0.6332599118942731,0.6294474396296653,0.6059171597633136,0.2973568281938326,0.43612334801762115,,,,,,,
MIMIC-III Mortality,SVM-rbf,4,naive,3648,331,10.021148036253777,19,0.5,0.5,0.0,Balanced Weights,True,,0.6409691629955947,0.6379951289379149,0.6173708920187794,0.2973568281938326,0.42070484581497797,,,,,,,
MIMIC-III Mortality,SVM-rbf,4,naive,3648,331,10.021148036253777,19,0.5,0.5,0.0,Slacks Deltas,False,,,,,,,,,,,,,117.212
MIMIC-III Mortality,SVM-rbf,4,naive,3648,331,10.021148036253777,19,0.5,0.5,0.0,Min Deltas,False,,,,,,,,,,,,,0.0
MIMIC-III Mortality,SVM-rbf,4,naive,3648,331,10.021148036253777,19,0.5,0.5,0.0,F Deltas,False,,,,,,,,,,,,,0.0
MIMIC-III Mortality,SVM-rbf,4,naive,3648,331,10.021148036253777,19,0.5,0.5,0.0,CP Sum,True,,0.5936123348017621,0.5384009695652482,0.4581497797356828,0.15638766519823788,0.6563876651982379,0.06325820954965447,0.5943403150539565,0.0009997498749374687,0.015492496248124064,False,False,0.407
MIMIC-III Mortality,SVM-rbf,4,naive,3648,331,10.021148036253777,19,0.5,0.5,0.0,CP Minimax,True,,0.5671806167400881,0.5667944881274197,0.5579302587176603,0.4118942731277533,0.45374449339207046,0.4100076598077536,0.40327021490148396,0.002998749374687344,0.010994747373686845,False,False,0.4
MIMIC-III Mortality,SVM-rbf,4,naive,3648,331,10.021148036253777,19,0.5,0.5,0.0,DKW Sum,True,,0.5936123348017621,0.5384009695652482,0.4581497797356828,0.15638766519823788,0.6563876651982379,0.07316462146217736,0.5621162554978448,0.002498999499749875,0.022488994497248626,False,False,0.12
MIMIC-III Mortality,SVM-rbf,4,naive,3648,331,10.021148036253777,19,0.5,0.5,0.0,DKW Minimax,True,,0.5682819383259912,0.5674446586116165,0.5545454545454546,0.4008810572687225,0.46255506607929514,0.38910815044286484,0.3847895518761314,0.00449799899949975,0.014992746373186596,False,False,0.117
MIMIC-III Mortality,SVM-rbf,4,split,1277,116,10.021148036253777,19,0.49534883720930234,0.5,0.0046511627906976605,Baseline,True,,0.5,0.0,0.0,0.0,1.0,,,,,,,
MIMIC-III Mortality,SVM-rbf,4,split,1277,116,10.021148036253777,19,0.49534883720930234,0.5,0.0046511627906976605,Threshold,True,,0.5892070484581498,0.5503787824123614,0.4797768479776848,0.20044052863436124,0.6211453744493393,,,,,,,
MIMIC-III Mortality,SVM-rbf,4,split,1277,116,10.021148036253777,19,0.49534883720930234,0.5,0.0046511627906976605,SMOTE,True,,0.6134361233480177,0.6106527780871148,0.5894736842105263,0.32819383259911894,0.44493392070484583,,,,,,,
MIMIC-III Mortality,SVM-rbf,4,split,1277,116,10.021148036253777,19,0.49534883720930234,0.5,0.0046511627906976605,Balanced Weights,True,,0.6222466960352423,0.6167400881057269,0.5882352941176471,0.29515418502202645,0.460352422907489,,,,,,,
MIMIC-III Mortality,SVM-rbf,4,split,1277,116,10.021148036253777,19,0.49534883720930234,0.5,0.0046511627906976605,Slacks Deltas,False,,,,,,,,,,,,,7.038
MIMIC-III Mortality,SVM-rbf,4,split,1277,116,10.021148036253777,19,0.49534883720930234,0.5,0.0046511627906976605,Min Deltas,False,,,,,,,,,,,,,0.0
MIMIC-III Mortality,SVM-rbf,4,split,1277,116,10.021148036253777,19,0.49534883720930234,0.5,0.0046511627906976605,F Deltas,False,,,,,,,,,,,,,0.0
MIMIC-III Mortality,SVM-rbf,4,split,1277,116,10.021148036253777,19,0.49534883720930234,0.5,0.0046511627906976605,CP Sum,True,,0.5671806167400881,0.42503594340201883,0.30687830687830686,0.05726872246696035,0.8083700440528634,0.07829570872955621,0.8923904339995528,0.0019992496248124065,0.06346848424212106,True,True,1.45
MIMIC-III Mortality,SVM-rbf,4,split,1277,116,10.021148036253777,19,0.49534883720930234,0.5,0.0046511627906976605,CP Minimax,True,,0.5440528634361234,0.5361298636028591,0.5826612903225806,0.5484581497797357,0.3634361233480176,0.5925797000370998,0.5794409071773711,0.007496498249124564,0.027986243121560783,True,True,1.458
MIMIC-III Mortality,SVM-rbf,4,split,1277,116,10.021148036253777,19,0.49534883720930234,0.5,0.0046511627906976605,DKW Sum,True,,0.5947136563876652,0.516302566484004,0.425,0.11013215859030837,0.7004405286343612,0.1429458001213369,0.8064233510245794,0.005497498749374687,0.10044997498749376,True,True,0.032
MIMIC-III Mortality,SVM-rbf,4,split,1277,116,10.021148036253777,19,0.49534883720930234,0.5,0.0046511627906976605,DKW Minimax,True,,0.5484581497797357,0.5439101633826043,0.5781893004115226,0.5220264317180616,0.381057268722467,0.5490370756505407,0.5411474654661915,0.010494997498749376,0.03798124062031016,True,True,0.034
MIMIC-III Mortality,SVM-rbf,5,naive,3648,331,10.021148036253777,19,0.4984894259818731,0.5,0.0015105740181268756,Baseline,True,,0.5,0.0,0.0,0.0,1.0,,,,,,,
MIMIC-III Mortality,SVM-rbf,5,naive,3648,331,10.021148036253777,19,0.4984894259818731,0.5,0.0015105740181268756,Threshold,True,,0.5837004405286343,0.5248071813320342,0.4408284023668639,0.16079295154185022,0.6718061674008811,,,,,,,
MIMIC-III Mortality,SVM-rbf,5,naive,3648,331,10.021148036253777,19,0.4984894259818731,0.5,0.0015105740181268756,SMOTE,True,,0.6024229074889867,0.5991432360972604,0.5757931844888367,0.33480176211453744,0.460352422907489,,,,,,,
MIMIC-III Mortality,SVM-rbf,5,naive,3648,331,10.021148036253777,19,0.4984894259818731,0.5,0.0015105740181268756,Balanced Weights,True,,0.6189427312775331,0.6102235972131381,0.5749385749385749,0.2775330396475771,0.4845814977973568,,,,,,,
MIMIC-III Mortality,SVM-rbf,5,naive,3648,331,10.021148036253777,19,0.4984894259818731,0.5,0.0015105740181268756,Slacks Deltas,False,,,,,,,,,,,,,116.338
MIMIC-III Mortality,SVM-rbf,5,naive,3648,331,10.021148036253777,19,0.4984894259818731,0.5,0.0015105740181268756,Min Deltas,False,,,,,,,,,,,,,0.0
MIMIC-III Mortality,SVM-rbf,5,naive,3648,331,10.021148036253777,19,0.4984894259818731,0.5,0.0015105740181268756,F Deltas,False,,,,,,,,,,,,,0.0
MIMIC-III Mortality,SVM-rbf,5,naive,3648,331,10.021148036253777,19,0.4984894259818731,0.5,0.0015105740181268756,CP Sum,True,,0.5837004405286343,0.5248071813320342,0.4408284023668639,0.16079295154185022,0.6718061674008811,0.0728506552744841,0.5738659954945247,0.0009997498749374687,0.014992746373186596,False,False,0.404
MIMIC-III Mortality,SVM-rbf,5,naive,3648,331,10.021148036253777,19,0.4984894259818731,0.5,0.0015105740181268756,CP Minimax,True,,0.5936123348017621,0.5923595109519376,0.5773195876288659,0.36784140969163,0.44493392070484583,0.3940310753413375,0.3906955137992346,0.002998749374687344,0.010494997498749376,True,False,0.397
MIMIC-III Mortality,SVM-rbf,5,naive,3648,331,10.021148036253777,19,0.4984894259818731,0.5,0.0015105740181268756,DKW Sum,True,,0.5837004405286343,0.5248071813320342,0.4408284023668639,0.16079295154185022,0.6718061674008811,0.08084378242442022,0.5416533747902929,0.002998749374687344,0.02098974487243622,False,False,0.128
MIMIC-III Mortality,SVM-rbf,5,naive,3648,331,10.021148036253777,19,0.4984894259818731,0.5,0.0015105740181268756,DKW Minimax,True,,0.5947136563876652,0.5927361477199704,0.5740740740740741,0.3568281938325991,0.45374449339207046,0.3728362377579522,0.36968381169486253,0.003998249124562281,0.014992746373186596,True,False,0.123
MIMIC-III Mortality,SVM-rbf,5,split,1277,116,10.021148036253777,19,0.5,0.5,0.0,Baseline,True,,0.5,0.0,0.0,0.0,1.0,,,,,,,
MIMIC-III Mortality,SVM-rbf,5,split,1277,116,10.021148036253777,19,0.5,0.5,0.0,Threshold,True,,0.5892070484581498,0.5355820969532136,0.4554744525547445,0.16519823788546256,0.6563876651982379,,,,,,,
MIMIC-III Mortality,SVM-rbf,5,split,1277,116,10.021148036253777,19,0.5,0.5,0.0,SMOTE,True,,0.6035242290748899,0.5953292620661896,0.5599022004889975,0.2973568281938326,0.4955947136563877,,,,,,,
MIMIC-III Mortality,SVM-rbf,5,split,1277,116,10.021148036253777,19,0.5,0.5,0.0,Balanced Weights,True,,0.6123348017621145,0.6056387601112023,0.5738498789346247,0.2973568281938326,0.4779735682819383,,,,,,,
MIMIC-III Mortality,SVM-rbf,5,split,1277,116,10.021148036253777,19,0.5,0.5,0.0,Slacks Deltas,False,,,,,,,,,,,,,6.977
MIMIC-III Mortality,SVM-rbf,5,split,1277,116,10.021148036253777,19,0.5,0.5,0.0,Min Deltas,False,,,,,,,,,,,,,0.0
MIMIC-III Mortality,SVM-rbf,5,split,1277,116,10.021148036253777,19,0.5,0.5,0.0,F Deltas,False,,,,,,,,,,,,,0.0
MIMIC-III Mortality,SVM-rbf,5,split,1277,116,10.021148036253777,19,0.5,0.5,0.0,CP Sum,True,,0.5649779735682819,0.41202970752739815,0.29084380610412924,0.048458149779735685,0.8215859030837004,0.07385056310505016,0.8478484297460979,0.0019992496248124065,0.05297373686843422,True,True,1.435
MIMIC-III Mortality,SVM-rbf,5,split,1277,116,10.021148036253777,19,0.5,0.5,0.0,CP Minimax,True,,0.5627753303964758,0.5597401276129211,0.586888657648283,0.4955947136563877,0.3788546255506608,0.5340246194377924,0.5459215657433975,0.006996748374187095,0.02648699349674838,True,True,1.447
MIMIC-III Mortality,SVM-rbf,5,split,1277,116,10.021148036253777,19,0.5,0.5,0.0,DKW Sum,True,,0.5892070484581498,0.5355820969532136,0.4554744525547445,0.16519823788546256,0.6563876651982379,0.20237732466914052,0.6961757039017699,0.005497498749374687,0.060469984992496256,True,True,0.034
MIMIC-III Mortality,SVM-rbf,5,split,1277,116,10.021148036253777,19,0.5,0.5,0.0,DKW Minimax,True,,0.5671806167400881,0.565200126352681,0.5867507886435331,0.4801762114537445,0.3854625550660793,0.5090385624793701,0.4997851432480476,0.009495497748874438,0.03448299149574788,True,True,0.036
MIMIC-III Mortality,SVM-rbf,6,naive,3648,331,10.021148036253777,19,0.4984894259818731,0.5,0.0015105740181268756,Baseline,True,,0.5,0.0,0.0,0.0,1.0,,,,,,,
MIMIC-III Mortality,SVM-rbf,6,naive,3648,331,10.021148036253777,19,0.4984894259818731,0.5,0.0015105740181268756,Threshold,True,,0.6035242290748899,0.5565325708318505,0.4827586206896552,0.16299559471365638,0.6299559471365639,,,,,,,
MIMIC-III Mortality,SVM-rbf,6,naive,3648,331,10.021148036253777,19,0.4984894259818731,0.5,0.0015105740181268756,SMOTE,True,,0.6079295154185022,0.6011844093262577,0.5690072639225182,0.30176211453744495,0.48237885462555063,,,,,,,
MIMIC-III Mortality,SVM-rbf,6,naive,3648,331,10.021148036253777,19,0.4984894259818731,0.5,0.0015105740181268756,Balanced Weights,True,,0.6497797356828194,0.6437787553161006,0.6159420289855072,0.2621145374449339,0.43832599118942733,,,,,,,
MIMIC-III Mortality,SVM-rbf,6,naive,3648,331,10.021148036253777,19,0.4984894259818731,0.5,0.0015105740181268756,Slacks Deltas,False,,,,,,,,,,,,,116.269
MIMIC-III Mortality,SVM-rbf,6,naive,3648,331,10.021148036253777,19,0.4984894259818731,0.5,0.0015105740181268756,Min Deltas,False,,,,,,,,,,,,,0.0
MIMIC-III Mortality,SVM-rbf,6,naive,3648,331,10.021148036253777,19,0.4984894259818731,0.5,0.0015105740181268756,F Deltas,False,,,,,,,,,,,,,0.0
MIMIC-III Mortality,SVM-rbf,6,naive,3648,331,10.021148036253777,19,0.4984894259818731,0.5,0.0015105740181268756,CP Sum,True,,0.6035242290748899,0.5565325708318505,0.4827586206896552,0.16299559471365638,0.6299559471365639,0.07249792564700754,0.5054998926933325,0.0009997498749374687,0.012993746873436721,False,False,0.406
MIMIC-III Mortality,SVM-rbf,6,naive,3648,331,10.021148036253777,19,0.4984894259818731,0.5,0.0015105740181268756,CP Minimax,True,,0.6123348017621145,0.6046165233672885,0.5707317073170731,0.2907488986784141,0.4845814977973568,0.3764661305564472,0.3715330293450481,0.002498999499749875,0.009995247623811907,True,False,0.399
MIMIC-III Mortality,SVM-rbf,6,naive,3648,331,10.021148036253777,19,0.4984894259818731,0.5,0.0015105740181268756,DKW Sum,True,,0.6035242290748899,0.5565325708318505,0.4827586206896552,0.16299559471365638,0.6299559471365639,0.08054230518595173,0.4736760409441537,0.002998749374687344,0.01799124562281141,False,False,0.127
MIMIC-III Mortality,SVM-rbf,6,naive,3648,331,10.021148036253777,19,0.4984894259818731,0.5,0.0015105740181268756,DKW Minimax,True,,0.6123348017621145,0.6046165233672885,0.5707317073170731,0.2907488986784141,0.4845814977973568,0.3592697620268699,0.3518777314273684,0.003998249124562281,0.014492996498249127,True,False,0.128
MIMIC-III Mortality,SVM-rbf,6,split,1277,116,10.021148036253777,19,0.5,0.5,0.0,Baseline,True,,0.5,0.0,0.0,0.0,1.0,,,,,,,
MIMIC-III Mortality,SVM-rbf,6,split,1277,116,10.021148036253777,19,0.5,0.5,0.0,Threshold,True,,0.6288546255506607,0.597878672169445,0.5389876880984952,0.1762114537444934,0.566079295154185,,,,,,,
MIMIC-III Mortality,SVM-rbf,6,split,1277,116,10.021148036253777,19,0.5,0.5,0.0,SMOTE,True,,0.6167400881057269,0.6090776363948677,0.5756097560975609,0.28634361233480177,0.4801762114537445,,,,,,,
MIMIC-III Mortality,SVM-rbf,6,split,1277,116,10.021148036253777,19,0.5,0.5,0.0,Balanced Weights,True,,0.6409691629955947,0.6342579761777131,0.6043689320388349,0.2665198237885463,0.45154185022026433,,,,,,,
MIMIC-III Mortality,SVM-rbf,6,split,1277,116,10.021148036253777,19,0.5,0.5,0.0,Slacks Deltas,False,,,,,,,,,,,,,7.004
MIMIC-III Mortality,SVM-rbf,6,split,1277,116,10.021148036253777,19,0.5,0.5,0.0,Min Deltas,False,,,,,,,,,,,,,0.0
MIMIC-III Mortality,SVM-rbf,6,split,1277,116,10.021148036253777,19,0.5,0.5,0.0,F Deltas,False,,,,,,,,,,,,,0.0
MIMIC-III Mortality,SVM-rbf,6,split,1277,116,10.021148036253777,19,0.5,0.5,0.0,CP Sum,True,,0.5925110132158591,0.5004655404185798,0.4032258064516129,0.09030837004405286,0.724669603524229,0.12856991349560473,0.8072738414813483,0.002498999499749875,0.0469767383691846,True,True,1.432
MIMIC-III Mortality,SVM-rbf,6,split,1277,116,10.021148036253777,19,0.5,0.5,0.0,CP Minimax,True,,0.6112334801762115,0.6082247256160386,0.6334371754932503,0.44933920704845814,0.32819383259911894,0.540027954984126,0.5459215657433975,0.006996748374187095,0.02648699349674838,True,True,1.438
MIMIC-III Mortality,SVM-rbf,6,split,1277,116,10.021148036253777,19,0.5,0.5,0.0,DKW Sum,True,,0.6277533039647577,0.5970788341228189,0.5382513661202186,0.17841409691629956,0.566079295154185,0.2519368135849698,0.6475639963436127,0.005997248624312156,0.051474487243621816,True,True,0.032
MIMIC-III Mortality,SVM-rbf,6,split,1277,116,10.021148036253777,19,0.5,0.5,0.0,DKW Minimax,True,,0.6156387665198237,0.6138146476465595,0.6330178759200841,0.43171806167400884,0.3370044052863436,0.5090385624793701,0.4997851432480476,0.009495497748874438,0.03448299149574788,True,True,0.034
MIMIC-III Mortality,SVM-rbf,7,naive,3648,331,10.021148036253777,19,0.5,0.5,0.0,Baseline,True,,0.5,0.0,0.0,0.0,1.0,,,,,,,
MIMIC-III Mortality,SVM-rbf,7,naive,3648,331,10.021148036253777,19,0.5,0.5,0.0,Threshold,True,,0.6024229074889867,0.5439948960539934,0.4635958395245171,0.13876651982378854,0.6563876651982379,,,,,,,
MIMIC-III Mortality,SVM-rbf,7,naive,3648,331,10.021148036253777,19,0.5,0.5,0.0,SMOTE,True,,0.5914096916299559,0.5824731507763616,0.5447852760736196,0.30616740088105726,0.5110132158590308,,,,,,,
MIMIC-III Mortality,SVM-rbf,7,naive,3648,331,10.021148036253777,19,0.5,0.5,0.0,Balanced Weights,True,,0.6310572687224669,0.6244017494238595,0.593939393939394,0.2775330396475771,0.460352422907489,,,,,,,
MIMIC-III Mortality,SVM-rbf,7,naive,3648,331,10.021148036253777,19,0.5,0.5,0.0,Slacks Deltas,False,,,,,,,,,,,,,116.069
MIMIC-III Mortality,SVM-rbf,7,naive,3648,331,10.021148036253777,19,0.5,0.5,0.0,Min Deltas,False,,,,,,,,,,,,,0.0
MIMIC-III Mortality,SVM-rbf,7,naive,3648,331,10.021148036253777,19,0.5,0.5,0.0,F Deltas,False,,,,,,,,,,,,,0.0
MIMIC-III Mortality,SVM-rbf,7,naive,3648,331,10.021148036253777,19,0.5,0.5,0.0,CP Sum,True,,0.6024229074889867,0.5439948960539934,0.4635958395245171,0.13876651982378854,0.6563876651982379,0.075666118569505,0.5532132538346652,0.0009997498749374687,0.014492996498249127,False,False,0.41
MIMIC-III Mortality,SVM-rbf,7,naive,3648,331,10.021148036253777,19,0.5,0.5,0.0,CP Minimax,True,,0.5914096916299559,0.5856131905137759,0.5546218487394958,0.32599118942731276,0.4911894273127753,0.3724509664473971,0.3682672914929809,0.002498999499749875,0.009995247623811907,True,False,0.401
MIMIC-III Mortality,SVM-rbf,7,naive,3648,331,10.021148036253777,19,0.5,0.5,0.0,DKW Sum,True,,0.6024229074889867,0.5439948960539934,0.4635958395245171,0.13876651982378854,0.6563876651982379,0.0832556003321682,0.5209861784507955,0.002998749374687344,0.019990245122561284,False,False,0.129
MIMIC-III Mortality,SVM-rbf,7,naive,3648,331,10.021148036253777,19,0.5,0.5,0.0,DKW Minimax,True,,0.5903083700440529,0.5836962845833263,0.5507246376811594,0.32158590308370044,0.4977973568281938,0.3523357855420945,0.34616615197178163,0.003998249124562281,0.013993246623311658,True,False,0.124
MIMIC-III Mortality,SVM-rbf,7,split,1277,116,10.021148036253777,19,0.5,0.5,0.0,Baseline,True,,0.5,0.0,0.0,0.0,1.0,,,,,,,
MIMIC-III Mortality,SVM-rbf,7,split,1277,116,10.021148036253777,19,0.5,0.5,0.0,Threshold,True,,0.5870044052863436,0.547169549325984,0.4755244755244755,0.20044052863436124,0.6255506607929515,,,,,,,
MIMIC-III Mortality,SVM-rbf,7,split,1277,116,10.021148036253777,19,0.5,0.5,0.0,SMOTE,True,,0.6233480176211453,0.6164450206676885,0.5849514563106796,0.2841409691629956,0.46916299559471364,,,,,,,
MIMIC-III Mortality,SVM-rbf,7,split,1277,116,10.021148036253777,19,0.5,0.5,0.0,Balanced Weights,True,,0.6321585903083701,0.6236242597070093,0.5896805896805897,0.2643171806167401,0.4713656387665198,,,,,,,
MIMIC-III Mortality,SVM-rbf,7,split,1277,116,10.021148036253777,19,0.5,0.5,0.0,Slacks Deltas,False,,,,,,,,,,,,,7.264
MIMIC-III Mortality,SVM-rbf,7,split,1277,116,10.021148036253777,19,0.5,0.5,0.0,Min Deltas,False,,,,,,,,,,,,,0.0
MIMIC-III Mortality,SVM-rbf,7,split,1277,116,10.021148036253777,19,0.5,0.5,0.0,F Deltas,False,,,,,,,,,,,,,0.0
MIMIC-III Mortality,SVM-rbf,7,split,1277,116,10.021148036253777,19,0.5,0.5,0.0,CP Sum,True,,0.5715859030837004,0.4624711482509414,0.3548922056384743,0.09251101321585903,0.76431718061674,0.12550364049859436,0.8609055104026792,0.002498999499749875,0.055472486243121566,True,True,1.454
MIMIC-III Mortality,SVM-rbf,7,split,1277,116,10.021148036253777,19,0.5,0.5,0.0,CP Minimax,True,,0.5407488986784141,0.5344031782950044,0.5757884028484231,0.5418502202643172,0.3766519823788546,0.5781821766289026,0.5711833994902995,0.007496498249124564,0.027486493246623316,True,True,1.464
MIMIC-III Mortality,SVM-rbf,7,split,1277,116,10.021148036253777,19,0.5,0.5,0.0,DKW Sum,True,,0.5759911894273128,0.5564715441777022,0.5019404915912031,0.2753303964757709,0.5726872246696035,0.2868825876360578,0.6638983207869035,0.006496998499249626,0.05397323661830916,True,True,0.033
MIMIC-III Mortality,SVM-rbf,7,split,1277,116,10.021148036253777,19,0.5,0.5,0.0,DKW Minimax,True,,0.5407488986784141,0.5375893501355701,0.5660770031217481,0.5176211453744494,0.4008810572687225,0.5378398318951575,0.5327669496031305,0.010494997498749376,0.03748149074537269,True,True,0.036
MIMIC-III Mortality,SVM-rbf,8,naive,3648,331,10.021148036253777,19,0.5,0.5,0.0,Baseline,True,,0.5,0.0,0.0,0.0,1.0,,,,,,,
MIMIC-III Mortality,SVM-rbf,8,naive,3648,331,10.021148036253777,19,0.5,0.5,0.0,Threshold,True,,0.6123348017621145,0.549138865997414,0.46827794561933533,0.11674008810572688,0.6585903083700441,,,,,,,
MIMIC-III Mortality,SVM-rbf,8,naive,3648,331,10.021148036253777,19,0.5,0.5,0.0,SMOTE,True,,0.6167400881057269,0.606827194447397,0.5693069306930693,0.27312775330396477,0.4933920704845815,,,,,,,
MIMIC-III Mortality,SVM-rbf,8,naive,3648,331,10.021148036253777,19,0.5,0.5,0.0,Balanced Weights,True,,0.6574889867841409,0.64801148186612,0.6146220570012392,0.23127753303964757,0.45374449339207046,,,,,,,
MIMIC-III Mortality,SVM-rbf,8,naive,3648,331,10.021148036253777,19,0.5,0.5,0.0,Slacks Deltas,False,,,,,,,,,,,,,116.71
MIMIC-III Mortality,SVM-rbf,8,naive,3648,331,10.021148036253777,19,0.5,0.5,0.0,Min Deltas,False,,,,,,,,,,,,,0.0
MIMIC-III Mortality,SVM-rbf,8,naive,3648,331,10.021148036253777,19,0.5,0.5,0.0,F Deltas,False,,,,,,,,,,,,,0.0
MIMIC-III Mortality,SVM-rbf,8,naive,3648,331,10.021148036253777,19,0.5,0.5,0.0,CP Sum,True,,0.6123348017621145,0.549138865997414,0.46827794561933533,0.11674008810572688,0.6585903083700441,0.06325820954965447,0.5472143876802467,0.0009997498749374687,0.014492996498249127,False,False,0.41
MIMIC-III Mortality,SVM-rbf,8,naive,3648,331,10.021148036253777,19,0.5,0.5,0.0,CP Minimax,True,,0.5715859030837004,0.5634979455152733,0.5261875761266748,0.33259911894273125,0.5242290748898678,0.37708357850458024,0.3747931274102993,0.002498999499749875,0.009995247623811907,True,False,0.401
MIMIC-III Mortality,SVM-rbf,8,naive,3648,331,10.021148036253777,19,0.5,0.5,0.0,DKW Sum,True,,0.6123348017621145,0.549138865997414,0.46827794561933533,0.11674008810572688,0.6585903083700441,0.07316462146217736,0.514943882378288,0.002498999499749875,0.019990245122561284,False,False,0.122
MIMIC-III Mortality,SVM-rbf,8,naive,3648,331,10.021148036253777,19,0.5,0.5,0.0,DKW Minimax,True,,0.5726872246696035,0.5644270441602455,0.526829268292683,0.3303964757709251,0.5242290748898678,0.35987271650380687,0.3518777314273684,0.003998249124562281,0.014492996498249127,True,False,0.12
MIMIC-III Mortality,SVM-rbf,8,split,1277,116,10.021148036253777,19,0.5,0.5,0.0,Baseline,True,,0.5,0.0,0.0,0.0,1.0,,,,,,,
MIMIC-III Mortality,SVM-rbf,8,split,1277,116,10.021148036253777,19,0.5,0.5,0.0,Threshold,True,,0.6002202643171806,0.5394272678050718,0.45739910313901344,0.13656387665198239,0.6629955947136564,,,,,,,
MIMIC-III Mortality,SVM-rbf,8,split,1277,116,10.021148036253777,19,0.5,0.5,0.0,SMOTE,True,,0.6156387665198237,0.6091413574429465,0.5779927448609432,0.29515418502202645,0.473568281938326,,,,,,,
MIMIC-III Mortality,SVM-rbf,8,split,1277,116,10.021148036253777,19,0.5,0.5,0.0,Balanced Weights,True,,0.6508810572687225,0.6370933578316293,0.5972045743329097,0.21585903083700442,0.48237885462555063,,,,,,,
MIMIC-III Mortality,SVM-rbf,8,split,1277,116,10.021148036253777,19,0.5,0.5,0.0,Slacks Deltas,False,,,,,,,,,,,,,7.13
MIMIC-III Mortality,SVM-rbf,8,split,1277,116,10.021148036253777,19,0.5,0.5,0.0,Min Deltas,False,,,,,,,,,,,,,0.0
MIMIC-III Mortality,SVM-rbf,8,split,1277,116,10.021148036253777,19,0.5,0.5,0.0,F Deltas,False,,,,,,,,,,,,,0.0
MIMIC-III Mortality,SVM-rbf,8,split,1277,116,10.021148036253777,19,0.5,0.5,0.0,CP Sum,True,,0.5704845814977973,0.4123122099311926,0.2909090909090909,0.03524229074889868,0.8237885462555066,0.05593152584961233,0.9104485675247059,0.0014994997498749376,0.0694654827413707,True,True,1.458
MIMIC-III Mortality,SVM-rbf,8,split,1277,116,10.021148036253777,19,0.5,0.5,0.0,CP Minimax,True,,0.5286343612334802,0.5262012656144516,0.5513626834381551,0.5220264317180616,0.42070484581497797,0.5671355152488705,0.5628835608604339,0.007496498249124564,0.026986743371685846,True,True,1.465
MIMIC-III Mortality,SVM-rbf,8,split,1277,116,10.021148036253777,19,0.5,0.5,0.0,DKW Sum,True,,0.5991189427312775,0.543959220748446,0.4647058823529412,0.14977973568281938,0.6519823788546255,0.21059314433432377,0.7121551450465516,0.005997248624312156,0.064467983991996,True,True,0.032
MIMIC-III Mortality,SVM-rbf,8,split,1277,116,10.021148036253777,19,0.5,0.5,0.0,DKW Minimax,True,,0.5352422907488987,0.5347888799441309,0.5452586206896551,0.486784140969163,0.44273127753303965,0.5199884977917831,0.5246348688952922,0.009995247623811907,0.03648199099549775,True,True,0.034
MIMIC-III Mortality,SVM-rbf,9,naive,3648,331,10.021148036253777,19,0.5,0.5,0.0,Baseline,True,,0.5,0.0,0.0,0.0,1.0,,,,,,,
MIMIC-III Mortality,SVM-rbf,9,naive,3648,331,10.021148036253777,19,0.5,0.5,0.0,Threshold,True,,0.5914096916299559,0.5457045679840329,0.47075606276747506,0.18061674008810572,0.6365638766519823,,,,,,,
MIMIC-III Mortality,SVM-rbf,9,naive,3648,331,10.021148036253777,19,0.5,0.5,0.0,SMOTE,True,,0.6057268722466961,0.5943709242475042,0.5536159600997507,0.2775330396475771,0.5110132158590308,,,,,,,
MIMIC-III Mortality,SVM-rbf,9,naive,3648,331,10.021148036253777,19,0.5,0.5,0.0,Balanced Weights,True,,0.6464757709251101,0.6368343860699608,0.6022304832713755,0.2422907488986784,0.4647577092511013,,,,,,,
MIMIC-III Mortality,SVM-rbf,9,naive,3648,331,10.021148036253777,19,0.5,0.5,0.0,Slacks Deltas,False,,,,,,,,,,,,,117.159
MIMIC-III Mortality,SVM-rbf,9,naive,3648,331,10.021148036253777,19,0.5,0.5,0.0,Min Deltas,False,,,,,,,,,,,,,0.0
MIMIC-III Mortality,SVM-rbf,9,naive,3648,331,10.021148036253777,19,0.5,0.5,0.0,F Deltas,False,,,,,,,,,,,,,0.0
MIMIC-III Mortality,SVM-rbf,9,naive,3648,331,10.021148036253777,19,0.5,0.5,0.0,CP Sum,True,,0.5914096916299559,0.5457045679840329,0.47075606276747506,0.18061674008810572,0.6365638766519823,0.06647237164550847,0.4749593575862101,0.0009997498749374687,0.012493996998499252,False,False,0.412
MIMIC-III Mortality,SVM-rbf,9,naive,3648,331,10.021148036253777,19,0.5,0.5,0.0,CP Minimax,True,,0.5814977973568282,0.5692032282121066,0.525,0.29955947136563876,0.5374449339207048,0.3355509677275644,0.32893631014354446,0.002498999499749875,0.009495497748874438,True,False,0.403
MIMIC-III Mortality,SVM-rbf,9,naive,3648,331,10.021148036253777,19,0.5,0.5,0.0,DKW Sum,True,,0.5914096916299559,0.5457045679840329,0.47075606276747506,0.18061674008810572,0.6365638766519823,0.07587791660839384,0.44401674055054363,0.002498999499749875,0.016991745872936472,False,False,0.127
MIMIC-III Mortality,SVM-rbf,9,naive,3648,331,10.021148036253777,19,0.5,0.5,0.0,DKW Minimax,True,,0.5814977973568282,0.5692032282121066,0.525,0.29955947136563876,0.5374449339207048,0.3236954478875874,0.31629598558680244,0.003998249124562281,0.01349349674837419,True,False,0.124
MIMIC-III Mortality,SVM-rbf,9,split,1277,116,10.021148036253777,19,0.5,0.5,0.0,Baseline,True,,0.5,0.0,0.0,0.0,1.0,,,,,,,
MIMIC-III Mortality,SVM-rbf,9,split,1277,116,10.021148036253777,19,0.5,0.5,0.0,Threshold,True,,0.6002202643171806,0.5579082538110337,0.48656294200848654,0.17841409691629956,0.6211453744493393,,,,,,,
MIMIC-III Mortality,SVM-rbf,9,split,1277,116,10.021148036253777,19,0.5,0.5,0.0,SMOTE,True,,0.5991189427312775,0.5795212369336716,0.5272727272727272,0.2488986784140969,0.552863436123348,,,,,,,
MIMIC-III Mortality,SVM-rbf,9,split,1277,116,10.021148036253777,19,0.5,0.5,0.0,Balanced Weights,True,,0.6354625550660793,0.6198787347784268,0.5761843790012804,0.22466960352422907,0.5044052863436124,,,,,,,
MIMIC-III Mortality,SVM-rbf,9,split,1277,116,10.021148036253777,19,0.5,0.5,0.0,Slacks Deltas,False,,,,,,,,,,,,,7.179
MIMIC-III Mortality,SVM-rbf,9,split,1277,116,10.021148036253777,19,0.5,0.5,0.0,Min Deltas,False,,,,,,,,,,,,,0.0
MIMIC-III Mortality,SVM-rbf,9,split,1277,116,10.021148036253777,19,0.5,0.5,0.0,F Deltas,False,,,,,,,,,,,,,0.0
MIMIC-III Mortality,SVM-rbf,9,split,1277,116,10.021148036253777,19,0.5,0.5,0.0,CP Sum,True,,0.5881057268722467,0.584862943446725,0.5610328638497653,0.3502202643171806,0.473568281938326,0.4224465123888101,0.5545409152308078,0.005497498749374687,0.02648699349674838,True,True,1.46
MIMIC-III Mortality,SVM-rbf,9,split,1277,116,10.021148036253777,19,0.5,0.5,0.0,CP Minimax,True,,0.5693832599118943,0.5693566315913133,0.5669988925802879,0.4251101321585903,0.43612334801762115,0.4963121190306239,0.4943664907243081,0.006496998499249626,0.023988244122061034,True,True,1.46
MIMIC-III Mortality,SVM-rbf,9,split,1277,116,10.021148036253777,19,0.5,0.5,0.0,DKW Sum,True,,0.5881057268722467,0.584862943446725,0.5610328638497653,0.3502202643171806,0.473568281938326,0.4039142032843394,0.5081481592239849,0.007996248124062032,0.03498274137068535,True,True,0.034
MIMIC-III Mortality,SVM-rbf,9,split,1277,116,10.021148036253777,19,0.5,0.5,0.0,DKW Minimax,True,,0.5715859030837004,0.5714999553420173,0.5672969966629589,0.4185022026431718,0.43832599118942733,0.47312206437824633,0.45829823043926105,0.00899574787393697,0.03148449224612306,True,True,0.035
MIMIC-IV Ready for Discharge,GradientBoosting,0,naive,53817,3817,13.099292638197538,19,0.0069626250982446946,0.00707361802462667,0.00011099292638197533,Baseline,True,,0.9929263819753733,0.9929030172629452,0.9928778686362437,0.00026198585276395077,0.013885250196489389,,,,,,,
MIMIC-IV Ready for Discharge,GradientBoosting,0,naive,53817,3817,13.099292638197538,19,0.0069626250982446946,0.00707361802462667,0.00011099292638197533,Threshold,True,,0.9951532617238669,0.9951487010145841,0.9951386151622651,0.0018339009693476552,0.007859575582918523,,,,,,,
MIMIC-IV Ready for Discharge,GradientBoosting,0,naive,53817,3817,13.099292638197538,19,0.0069626250982446946,0.00707361802462667,0.00011099292638197533,SMOTE,True,,0.9939743253864292,0.993963138789967,0.9939457752040011,0.0013099292638197536,0.01074141996332198,,,,,,,
MIMIC-IV Ready for Discharge,GradientBoosting,0,naive,53817,3817,13.099292638197538,19,0.0069626250982446946,0.00707361802462667,0.00011099292638197533,Balanced Weights,False,,,,,,,,,,,,,
MIMIC-IV Ready for Discharge,GradientBoosting,0,naive,53817,3817,13.099292638197538,19,0.0069626250982446946,0.00707361802462667,0.00011099292638197533,Slacks Deltas,False,timeout,,,,,,,,,,,,300.002
MIMIC-IV Ready for Discharge,GradientBoosting,0,naive,53817,3817,13.099292638197538,19,0.0069626250982446946,0.00707361802462667,0.00011099292638197533,Min Deltas,True,,0.9090909090909091,0.9045340337332909,0.9166666666666666,0.18181818181818182,0.0,,,,,,,204.209
MIMIC-IV Ready for Discharge,GradientBoosting,0,naive,53817,3817,13.099292638197538,19,0.0069626250982446946,0.00707361802462667,0.00011099292638197533,F Deltas,True,,0.994498297091957,0.9944970547978856,0.9944896352663343,0.0039297877914592615,0.00707361802462667,,,,,,,0.057
MIMIC-IV Ready for Discharge,GradientBoosting,0,naive,53817,3817,13.099292638197538,19,0.0069626250982446946,0.00707361802462667,0.00011099292638197533,CP Sum,True,,0.994629290018339,0.9946292813924383,0.9946285864011529,0.0052397170552790145,0.005501702908042965,0.00526152397484172,0.011483903209280232,0.0005,0.0005,True,True,4.309
MIMIC-IV Ready for Discharge,GradientBoosting,0,naive,53817,3817,13.099292638197538,19,0.0069626250982446946,0.00707361802462667,0.00011099292638197533,CP Minimax,True,,0.9930573749017553,0.9930554310000745,0.9930709896718525,0.008907518993974326,0.004977731202515065,0.00890529154967761,0.011051321405637395,0.0005,0.0005,False,True,4.319
MIMIC-IV Ready for Discharge,GradientBoosting,0,naive,53817,3817,13.099292638197538,19,0.0069626250982446946,0.00707361802462667,0.00011099292638197533,DKW Sum,True,,0.9951532617238669,0.9951487010145841,0.9951386151622651,0.0018339009693476552,0.007859575582918523,0.010198315467762153,0.03351762531324848,0.0005,0.002498999499749875,True,True,1.839
MIMIC-IV Ready for Discharge,GradientBoosting,0,naive,53817,3817,13.099292638197538,19,0.0069626250982446946,0.00707361802462667,0.00011099292638197533,DKW Minimax,True,,0.984411841760545,0.9843264181159483,0.9846114056640373,0.028556457951270632,0.0026198585276395073,0.031098315467762153,0.029587837521789215,0.0005,0.002498999499749875,True,True,1.848
MIMIC-IV Ready for Discharge,GradientBoosting,0,split,18836,1336,13.099292638197538,19,0.007068992031748984,0.00825255436206445,0.001183562330315466,Baseline,True,,0.9917474456379356,0.9917152548712095,0.991680971873762,0.00026198585276395077,0.016243122871364948,,,,,,,
MIMIC-IV Ready for Discharge,GradientBoosting,0,split,18836,1336,13.099292638197538,19,0.007068992031748984,0.00825255436206445,0.001183562330315466,Threshold,True,,0.9952842546502488,0.9952784273616556,0.9952681388012619,0.0013099292638197536,0.008121561435682474,,,,,,,
MIMIC-IV Ready for Discharge,GradientBoosting,0,split,18836,1336,13.099292638197538,19,0.007068992031748984,0.00825255436206445,0.001183562330315466,SMOTE,True,,0.9913544668587896,0.991327326303794,0.9912905779889153,0.0013099292638197536,0.015981137018600995,,,,,,,
MIMIC-IV Ready for Discharge,GradientBoosting,0,split,18836,1336,13.099292638197538,19,0.007068992031748984,0.00825255436206445,0.001183562330315466,Balanced Weights,False,,,,,,,,,,,,,
MIMIC-IV Ready for Discharge,GradientBoosting,0,split,18836,1336,13.099292638197538,19,0.007068992031748984,0.00825255436206445,0.001183562330315466,Slacks Deltas,False,timeout,,,,,,,,,,,,300.002
MIMIC-IV Ready for Discharge,GradientBoosting,0,split,18836,1336,13.099292638197538,19,0.007068992031748984,0.00825255436206445,0.001183562330315466,Min Deltas,True,,0.9516636101650511,0.9505139193176992,0.9538230509322988,0.09510086455331412,0.0015719151165837044,,,,,,,70.863
MIMIC-IV Ready for Discharge,GradientBoosting,0,split,18836,1336,13.099292638197538,19,0.007068992031748984,0.00825255436206445,0.001183562330315466,F Deltas,True,,0.994629290018339,0.9946261760633509,0.9946158896913986,0.002881844380403458,0.007859575582918523,,,,,,,0.045
MIMIC-IV Ready for Discharge,GradientBoosting,0,split,18836,1336,13.099292638197538,19,0.007068992031748984,0.00825255436206445,0.001183562330315466,CP Sum,True,,0.9950222687974849,0.9950110939827207,0.9949986838641748,0.00026198585276395077,0.009693476552266178,0.0024419641822951846,0.03759901214953978,0.0005,0.0009997498749374687,True,True,2.657
MIMIC-IV Ready for Discharge,GradientBoosting,0,split,18836,1336,13.099292638197538,19,0.007068992031748984,0.00825255436206445,0.001183562330315466,CP Minimax,True,,0.9848048205396909,0.9847433470801715,0.9849701995335579,0.026198585276395073,0.004191773644223212,0.03086344663823345,0.02951794770133015,0.0005,0.0009997498749374687,True,True,2.637
MIMIC-IV Ready for Discharge,GradientBoosting,0,split,18836,1336,13.099292638197538,19,0.007068992031748984,0.00825255436206445,0.001183562330315466,DKW Sum,True,,0.9950222687974849,0.9950110939827207,0.9949986838641748,0.00026198585276395077,0.009693476552266178,0.014734614024363022,0.0599422845413794,0.0009997498749374687,0.00449799899949975,True,True,0.644
MIMIC-IV Ready for Discharge,GradientBoosting,0,split,18836,1336,13.099292638197538,19,0.007068992031748984,0.00825255436206445,0.001183562330315466,DKW Minimax,True,,0.9751113439874247,0.9748570325086323,0.9756535110199898,0.04715745349751113,0.0026198585276395073,0.05610604259579159,0.053205757595271616,0.0009997498749374687,0.00449799899949975,True,True,0.644
MIMIC-IV Ready for Discharge,GradientBoosting,1,naive,53817,3817,13.099292638197538,19,0.006025674613570867,0.008252554362064448,0.0022268797484935815,Baseline,True,,0.9917474456379356,0.9917131093596934,0.9916787742702418,0.0,0.016505108724128897,,,,,,,
MIMIC-IV Ready for Discharge,GradientBoosting,1,naive,53817,3817,13.099292638197538,19,0.006025674613570867,0.008252554362064448,0.0022268797484935815,Threshold,True,,0.9939743253864292,0.9939743253864292,0.9939743253864292,0.006025674613570867,0.006025674613570867,,,,,,,
MIMIC-IV Ready for Discharge,GradientBoosting,1,naive,53817,3817,13.099292638197538,19,0.006025674613570867,0.008252554362064448,0.0022268797484935815,SMOTE,True,,0.9918784385643176,0.991853215358417,0.991820580474934,0.001047943411055803,0.015195179460309143,,,,,,,
MIMIC-IV Ready for Discharge,GradientBoosting,1,naive,53817,3817,13.099292638197538,19,0.006025674613570867,0.008252554362064448,0.0022268797484935815,Balanced Weights,False,,,,,,,,,,,,,
MIMIC-IV Ready for Discharge,GradientBoosting,1,naive,53817,3817,13.099292638197538,19,0.006025674613570867,0.008252554362064448,0.0022268797484935815,Slacks Deltas,False,timeout,,,,,,,,,,,,300.002
MIMIC-IV Ready for Discharge,GradientBoosting,1,naive,53817,3817,13.099292638197538,19,0.006025674613570867,0.008252554362064448,0.0022268797484935815,Min Deltas,True,,0.9939743253864292,0.9939576144983625,0.9939393939393939,0.00026198585276395077,0.011789363374377783,,,,,,,181.78
MIMIC-IV Ready for Discharge,GradientBoosting,1,naive,53817,3817,13.099292638197538,19,0.006025674613570867,0.008252554362064448,0.0022268797484935815,F Deltas,True,,0.9939743253864292,0.9939576144983625,0.9939393939393939,0.00026198585276395077,0.011789363374377783,,,,,,,0.055
MIMIC-IV Ready for Discharge,GradientBoosting,1,naive,53817,3817,13.099292638197538,19,0.006025674613570867,0.008252554362064448,0.0022268797484935815,CP Sum,True,,0.9939743253864292,0.9939743253864292,0.9939743253864292,0.006025674613570867,0.006025674613570867,0.005742506398111281,0.006749958899943038,0.0005,0.0005,False,True,4.117
MIMIC-IV Ready for Discharge,GradientBoosting,1,naive,53817,3817,13.099292638197538,19,0.006025674613570867,0.008252554362064448,0.0022268797484935815,CP Minimax,True,,0.9942363112391931,0.994236173170223,0.9942393296674522,0.006287660466334818,0.0052397170552790145,0.006195697792896499,0.006749958899943038,0.0005,0.0005,False,True,4.117
MIMIC-IV Ready for Discharge,GradientBoosting,1,naive,53817,3817,13.099292638197538,19,0.006025674613570867,0.008252554362064448,0.0022268797484935815,DKW Sum,True,,0.9939743253864292,0.9939743253864292,0.9939743253864292,0.006025674613570867,0.006025674613570867,0.012658315467762152,0.029063865816261313,0.0005,0.002498999499749875,True,True,1.746
MIMIC-IV Ready for Discharge,GradientBoosting,1,naive,53817,3817,13.099292638197538,19,0.006025674613570867,0.008252554362064448,0.0022268797484935815,DKW Minimax,True,,0.98938957296306,0.9893670179196888,0.9894599869876383,0.01729106628242075,0.0039297877914592615,0.023478315467762155,0.02880187996349736,0.0005,0.002498999499749875,True,True,1.737
MIMIC-IV Ready for Discharge,GradientBoosting,1,split,18836,1336,13.099292638197538,19,0.0058444175735590485,0.010610427036940005,0.004766009463380957,Baseline,True,,0.98938957296306,0.9893326770738546,0.9892757844565073,0.0,0.02122085407388001,,,,,,,
MIMIC-IV Ready for Discharge,GradientBoosting,1,split,18836,1336,13.099292638197538,19,0.0058444175735590485,0.010610427036940005,0.004766009463380957,Threshold,True,,0.9924024102698454,0.9923935574877107,0.9923704288345172,0.0034058160859313596,0.011789363374377783,,,,,,,
MIMIC-IV Ready for Discharge,GradientBoosting,1,split,18836,1336,13.099292638197538,19,0.0058444175735590485,0.010610427036940005,0.004766009463380957,SMOTE,True,,0.9910924810060256,0.9910708390623619,0.9910337552742616,0.002357872674875557,0.015457165313073094,,,,,,,
MIMIC-IV Ready for Discharge,GradientBoosting,1,split,18836,1336,13.099292638197538,19,0.0058444175735590485,0.010610427036940005,0.004766009463380957,Balanced Weights,False,,,,,,,,,,,,,
MIMIC-IV Ready for Discharge,GradientBoosting,1,split,18836,1336,13.099292638197538,19,0.0058444175735590485,0.010610427036940005,0.004766009463380957,Slacks Deltas,False,timeout,,,,,,,,,,,,300.002
MIMIC-IV Ready for Discharge,GradientBoosting,1,split,18836,1336,13.099292638197538,19,0.0058444175735590485,0.010610427036940005,0.004766009463380957,Min Deltas,True,,0.9607021220854074,0.9599713630160283,0.9621212121212122,0.07676185485983757,0.0018339009693476552,,,,,,,68.126
MIMIC-IV Ready for Discharge,GradientBoosting,1,split,18836,1336,13.099292638197538,19,0.0058444175735590485,0.010610427036940005,0.004766009463380957,F Deltas,True,,0.9926643961226094,0.9926576200072225,0.9926373915330002,0.0036678019386953103,0.01100340581608593,,,,,,,0.043
MIMIC-IV Ready for Discharge,GradientBoosting,1,split,18836,1336,13.099292638197538,19,0.0058444175735590485,0.010610427036940005,0.004766009463380957,CP Sum,True,,0.9925334031962274,0.9925158987079712,0.9924891290025036,0.0015719151165837044,0.013361278490961487,0.0030120897054955213,0.0283077481307017,0.0005,0.0009997498749374687,True,True,2.495
MIMIC-IV Ready for Discharge,GradientBoosting,1,split,18836,1336,13.099292638197538,19,0.0058444175735590485,0.010610427036940005,0.004766009463380957,CP Minimax,True,,0.989258580036678,0.9892351286945585,0.9893312516263336,0.0175530521351847,0.0039297877914592615,0.022009751503564514,0.019139698250168875,0.0005,0.0009997498749374687,True,True,2.486
MIMIC-IV Ready for Discharge,GradientBoosting,1,split,18836,1336,13.099292638197538,19,0.0058444175735590485,0.010610427036940005,0.004766009463380957,DKW Sum,True,,0.9925334031962274,0.9925158987079712,0.9924891290025036,0.0015719151165837044,0.013361278490961487,0.015077471167220165,0.05395426058928359,0.0009997498749374687,0.00449799899949975,True,True,0.629
MIMIC-IV Ready for Discharge,GradientBoosting,1,split,18836,1336,13.099292638197538,19,0.0058444175735590485,0.010610427036940005,0.004766009463380957,DKW Minimax,True,,0.97877914592612,0.9786170042061157,0.9791505791505791,0.03903589206182866,0.0034058160859313596,0.04627747116722016,0.04646923064916383,0.0009997498749374687,0.00449799899949975,True,True,0.621
MIMIC-IV Ready for Discharge,GradientBoosting,2,naive,53817,3817,13.099292638197538,19,0.008403547288446424,0.00995546240503013,0.0015519151165837054,Baseline,True,,0.9900445375949699,0.9899944824037857,0.9899444297433183,0.0,0.01991092481006026,,,,,,,
MIMIC-IV Ready for Discharge,GradientBoosting,2,naive,53817,3817,13.099292638197538,19,0.008403547288446424,0.00995546240503013,0.0015519151165837054,Threshold,True,,0.9954152475766309,0.9954079988957385,0.9953977646285339,0.0007859575582918522,0.008383547288446425,,,,,,,
MIMIC-IV Ready for Discharge,GradientBoosting,2,naive,53817,3817,13.099292638197538,19,0.008403547288446424,0.00995546240503013,0.0015519151165837054,SMOTE,True,,0.9917474456379356,0.9917231447768652,0.9916897506925207,0.0013099292638197536,0.015195179460309143,,,,,,,
MIMIC-IV Ready for Discharge,GradientBoosting,2,naive,53817,3817,13.099292638197538,19,0.008403547288446424,0.00995546240503013,0.0015519151165837054,Balanced Weights,False,,,,,,,,,,,,,
MIMIC-IV Ready for Discharge,GradientBoosting,2,naive,53817,3817,13.099292638197538,19,0.008403547288446424,0.00995546240503013,0.0015519151165837054,Slacks Deltas,False,timeout,,,,,,,,,,,,300.002
MIMIC-IV Ready for Discharge,GradientBoosting,2,naive,53817,3817,13.099292638197538,19,0.008403547288446424,0.00995546240503013,0.0015519151165837054,Min Deltas,True,,0.9173434634529736,0.9136356866693571,0.9236354834805761,0.16505108724128897,0.00026198585276395077,,,,,,,191.921
MIMIC-IV Ready for Discharge,GradientBoosting,2,naive,53817,3817,13.099292638197538,19,0.008403547288446424,0.00995546240503013,0.0015519151165837054,F Deltas,True,,0.9939743253864292,0.9939742908600906,0.9939759036144579,0.006287660466334818,0.005763688760806916,,,,,,,0.055
MIMIC-IV Ready for Discharge,GradientBoosting,2,naive,53817,3817,13.099292638197538,19,0.008403547288446424,0.00995546240503013,0.0015519151165837054,CP Sum,True,,0.994760282944721,0.9947597309596266,0.99475478625754,0.004191773644223212,0.006287660466334818,0.004824623997717546,0.010167127823769074,0.0005,0.0005,True,True,4.102
MIMIC-IV Ready for Discharge,GradientBoosting,2,naive,53817,3817,13.099292638197538,19,0.008403547288446424,0.00995546240503013,0.0015519151165837054,CP Minimax,True,,0.9937123395336652,0.9937120287146507,0.993717277486911,0.00707361802462667,0.005501702908042965,0.008651679062877726,0.008780291156156372,0.0005,0.0005,True,True,4.104
MIMIC-IV Ready for Discharge,GradientBoosting,2,naive,53817,3817,13.099292638197538,19,0.008403547288446424,0.00995546240503013,0.0015519151165837054,DKW Sum,True,,0.9954152475766309,0.9954079988957385,0.9953977646285339,0.0007859575582918522,0.008383547288446425,0.009678315467762153,0.032731667754956624,0.0005,0.002498999499749875,True,True,1.78
MIMIC-IV Ready for Discharge,GradientBoosting,2,naive,53817,3817,13.099292638197538,19,0.008403547288446424,0.00995546240503013,0.0015519151165837054,DKW Minimax,True,,0.9888656012575321,0.9888333166744123,0.9889538661468485,0.019124967251768404,0.003143830233167409,0.02739831546776215,0.029063865816261313,0.0005,0.002498999499749875,True,True,1.783
MIMIC-IV Ready for Discharge,GradientBoosting,2,split,18836,1336,13.099292638197538,19,0.00505367562707345,0.008383547288446425,0.0033298716613729745,Baseline,True,,0.9916164527115536,0.9915831934477768,0.9915478077126255,0.00026198585276395077,0.016505108724128897,,,,,,,
MIMIC-IV Ready for Discharge,GradientBoosting,2,split,18836,1336,13.099292638197538,19,0.00505367562707345,0.008383547288446425,0.0033298716613729745,Threshold,True,,0.9954152475766309,0.9954142046662219,0.9954086317722681,0.003143830233167409,0.006025674613570867,,,,,,,
MIMIC-IV Ready for Discharge,GradientBoosting,2,split,18836,1336,13.099292638197538,19,0.00505367562707345,0.008383547288446425,0.0033298716613729745,SMOTE,True,,0.9883416295520042,0.9882901598844129,0.988222839751224,0.0015719151165837044,0.021744825779407912,,,,,,,
MIMIC-IV Ready for Discharge,GradientBoosting,2,split,18836,1336,13.099292638197538,19,0.00505367562707345,0.008383547288446425,0.0033298716613729745,Balanced Weights,False,,,,,,,,,,,,,
MIMIC-IV Ready for Discharge,GradientBoosting,2,split,18836,1336,13.099292638197538,19,0.00505367562707345,0.008383547288446425,0.0033298716613729745,Slacks Deltas,False,timeout,,,,,,,,,,,,300.002
MIMIC-IV Ready for Discharge,GradientBoosting,2,split,18836,1336,13.099292638197538,19,0.00505367562707345,0.008383547288446425,0.0033298716613729745,Min Deltas,True,,0.973408435944459,0.9730800697322374,0.9740641369617989,0.05187319884726225,0.0013099292638197536,,,,,,,67.942
MIMIC-IV Ready for Discharge,GradientBoosting,2,split,18836,1336,13.099292638197538,19,0.00505367562707345,0.008383547288446425,0.0033298716613729745,F Deltas,True,,0.9952842546502488,0.9952833926274592,0.9952780692549843,0.0034058160859313596,0.006025674613570867,,,,,,,0.043
MIMIC-IV Ready for Discharge,GradientBoosting,2,split,18836,1336,13.099292638197538,19,0.00505367562707345,0.008383547288446425,0.0033298716613729745,CP Sum,True,,0.9954152475766309,0.9954142046662219,0.9954086317722681,0.003143830233167409,0.006025674613570867,0.005608105237070874,0.02951794770133015,0.0005,0.0009997498749374687,True,True,2.485
MIMIC-IV Ready for Discharge,GradientBoosting,2,split,18836,1336,13.099292638197538,19,0.00505367562707345,0.008383547288446425,0.0033298716613729745,CP Minimax,True,,0.9884726224783862,0.988432487069638,0.9885743962607115,0.020434896515588157,0.0026198585276395073,0.025748229150948744,0.027079055864062316,0.0005,0.0009997498749374687,True,True,2.486
MIMIC-IV Ready for Discharge,GradientBoosting,2,split,18836,1336,13.099292638197538,19,0.00505367562707345,0.008383547288446425,0.0033298716613729745,DKW Sum,True,,0.9954152475766309,0.9954142046662219,0.9954086317722681,0.003143830233167409,0.006025674613570867,0.016848899738648736,0.054702763583295566,0.0009997498749374687,0.00449799899949975,True,True,0.627
MIMIC-IV Ready for Discharge,GradientBoosting,2,split,18836,1336,13.099292638197538,19,0.00505367562707345,0.008383547288446425,0.0033298716613729745,DKW Minimax,True,,0.9824469478648153,0.9823211866062529,0.982718596853237,0.03327220330102174,0.0018339009693476552,0.04513461402436302,0.050960248613235684,0.0009997498749374687,0.00449799899949975,True,True,0.611
MIMIC-IV Ready for Discharge,GradientBoosting,3,naive,53817,3817,13.099292638197538,19,0.0053807099816609895,0.01100340581608593,0.005622695834424941,Baseline,True,,0.9889965941839141,0.988943813903743,0.9888830068819481,0.0007859575582918522,0.02122085407388001,,,,,,,
MIMIC-IV Ready for Discharge,GradientBoosting,3,naive,53817,3817,13.099292638197538,19,0.0053807099816609895,0.01100340581608593,0.005622695834424941,Threshold,True,,0.9929263819753733,0.9929125567681605,0.9928891229918356,0.0018339009693476552,0.012313335079905684,,,,,,,
MIMIC-IV Ready for Discharge,GradientBoosting,3,naive,53817,3817,13.099292638197538,19,0.0053807099816609895,0.01100340581608593,0.005622695834424941,SMOTE,True,,0.9906995022268797,0.9906651296271048,0.9906221106855105,0.001047943411055803,0.0175530521351847,,,,,,,
MIMIC-IV Ready for Discharge,GradientBoosting,3,naive,53817,3817,13.099292638197538,19,0.0053807099816609895,0.01100340581608593,0.005622695834424941,Balanced Weights,False,,,,,,,,,,,,,
MIMIC-IV Ready for Discharge,GradientBoosting,3,naive,53817,3817,13.099292638197538,19,0.0053807099816609895,0.01100340581608593,0.005622695834424941,Slacks Deltas,False,timeout,,,,,,,,,,,,300.002
MIMIC-IV Ready for Discharge,GradientBoosting,3,naive,53817,3817,13.099292638197538,19,0.0053807099816609895,0.01100340581608593,0.005622695834424941,Min Deltas,True,,0.9934503536809012,0.9934494900668235,0.9934417628541448,0.0052397170552790145,0.007859575582918523,,,,,,,190.492
MIMIC-IV Ready for Discharge,GradientBoosting,3,naive,53817,3817,13.099292638197538,19,0.0053807099816609895,0.01100340581608593,0.005622695834424941,F Deltas,True,,0.9943673041655751,0.9943627398514469,0.9943502824858758,0.0026198585276395073,0.008645533141210375,,,,,,,0.055
MIMIC-IV Ready for Discharge,GradientBoosting,3,naive,53817,3817,13.099292638197538,19,0.0053807099816609895,0.01100340581608593,0.005622695834424941,CP Sum,True,,0.9929263819753733,0.9929125567681605,0.9928891229918356,0.0018339009693476552,0.012313335079905684,0.0010533690324628358,0.011910960357800622,0.0005,0.0005,False,False,4.11
MIMIC-IV Ready for Discharge,GradientBoosting,3,naive,53817,3817,13.099292638197538,19,0.0053807099816609895,0.01100340581608593,0.005622695834424941,CP Minimax,True,,0.9930573749017553,0.9930572971457611,0.9930546455248329,0.006549646319098768,0.007335603877390621,0.00765431736035515,0.007799462967969636,0.0005,0.0005,True,True,4.106
MIMIC-IV Ready for Discharge,GradientBoosting,3,naive,53817,3817,13.099292638197538,19,0.0053807099816609895,0.01100340581608593,0.005622695834424941,DKW Sum,True,,0.9929263819753733,0.9929125567681605,0.9928891229918356,0.0018339009693476552,0.012313335079905684,0.009058315467762153,0.03194571019666477,0.0005,0.002498999499749875,True,True,1.805
MIMIC-IV Ready for Discharge,GradientBoosting,3,naive,53817,3817,13.099292638197538,19,0.0053807099816609895,0.01100340581608593,0.005622695834424941,DKW Minimax,True,,0.9866387215090385,0.986613364347469,0.986732570239334,0.020434896515588157,0.006287660466334818,0.02883831546776215,0.029063865816261313,0.0005,0.002498999499749875,True,True,1.814
MIMIC-IV Ready for Discharge,GradientBoosting,3,split,18836,1336,13.099292638197538,19,0.0034260378879484078,0.010086455331412104,0.006660417443463696,Baseline,True,,0.9899135446685879,0.9898647916345906,0.9898134673898664,0.00026198585276395077,0.01991092481006026,,,,,,,
MIMIC-IV Ready for Discharge,GradientBoosting,3,split,18836,1336,13.099292638197538,19,0.0034260378879484078,0.010086455331412104,0.006660417443463696,Threshold,True,,0.9926643961226094,0.9926444825088814,0.992617980490377,0.001047943411055803,0.013623264343725438,,,,,,,
MIMIC-IV Ready for Discharge,GradientBoosting,3,split,18836,1336,13.099292638197538,19,0.0034260378879484078,0.010086455331412104,0.006660417443463696,SMOTE,True,,0.9900445375949699,0.9900020740394958,0.9899524061343205,0.0007859575582918522,0.019124967251768404,,,,,,,
MIMIC-IV Ready for Discharge,GradientBoosting,3,split,18836,1336,13.099292638197538,19,0.0034260378879484078,0.010086455331412104,0.006660417443463696,Balanced Weights,False,,,,,,,,,,,,,
MIMIC-IV Ready for Discharge,GradientBoosting,3,split,18836,1336,13.099292638197538,19,0.0034260378879484078,0.010086455331412104,0.006660417443463696,Slacks Deltas,False,timeout,,,,,,,,,,,,300.002
MIMIC-IV Ready for Discharge,GradientBoosting,3,split,18836,1336,13.099292638197538,19,0.0034260378879484078,0.010086455331412104,0.006660417443463696,Min Deltas,True,,0.9659418391406864,0.9654718627379961,0.9669379450661241,0.06418653392716793,0.0039297877914592615,,,,,,,68.378
MIMIC-IV Ready for Discharge,GradientBoosting,3,split,18836,1336,13.099292638197538,19,0.0034260378879484078,0.010086455331412104,0.006660417443463696,F Deltas,True,,0.9938433324600472,0.9938327573191116,0.9938149756546915,0.0015719151165837044,0.01074141996332198,,,,,,,0.043
MIMIC-IV Ready for Discharge,GradientBoosting,3,split,18836,1336,13.099292638197538,19,0.0034260378879484078,0.010086455331412104,0.006660417443463696,CP Sum,True,,0.9934503536809012,0.9934365357655658,0.99341585462207,0.0013099292638197536,0.011789363374377783,0.00263676776651875,0.03071154841423621,0.0005,0.0009997498749374687,True,True,2.485
MIMIC-IV Ready for Discharge,GradientBoosting,3,split,18836,1336,13.099292638197538,19,0.0034260378879484078,0.010086455331412104,0.006660417443463696,CP Minimax,True,,0.9874246790673303,0.9874062933142931,0.9875,0.018600995546240503,0.006549646319098768,0.024310761486536422,0.023256302110268173,0.0005,0.0009997498749374687,True,True,2.483
MIMIC-IV Ready for Discharge,GradientBoosting,3,split,18836,1336,13.099292638197538,19,0.0034260378879484078,0.010086455331412104,0.006660417443463696,DKW Sum,True,,0.9934503536809012,0.9934365357655658,0.99341585462207,0.0013099292638197536,0.011789363374377783,0.014848899738648736,0.05545126657730754,0.0009997498749374687,0.00449799899949975,True,True,0.62
MIMIC-IV Ready for Discharge,GradientBoosting,3,split,18836,1336,13.099292638197538,19,0.0034260378879484078,0.010086455331412104,0.006660417443463696,DKW Minimax,True,,0.9800890751899397,0.9799869647188365,0.9803668302764144,0.034058160859313596,0.005763688760806916,0.05056318545293445,0.049463242625211734,0.0009997498749374687,0.00449799899949975,True,True,0.614
MIMIC-IV Ready for Discharge,GradientBoosting,4,naive,53817,3817,13.099292638197538,19,0.006549646319098768,0.0090385119203563,0.0024888656012575323,Baseline,True,,0.9909614880796437,0.9909202673067533,0.9908790482485129,0.0,0.0180770238407126,,,,,,,
MIMIC-IV Ready for Discharge,GradientBoosting,4,naive,53817,3817,13.099292638197538,19,0.006549646319098768,0.0090385119203563,0.0024888656012575323,Threshold,True,,0.9951532617238669,0.9951469767334178,0.9951360588931247,0.0013099292638197536,0.008383547288446425,,,,,,,
MIMIC-IV Ready for Discharge,GradientBoosting,4,naive,53817,3817,13.099292638197538,19,0.006549646319098768,0.0090385119203563,0.0024888656012575323,SMOTE,True,,0.994629290018339,0.9946238988158583,0.9946116441056644,0.002095886822111606,0.008645533141210375,,,,,,,
MIMIC-IV Ready for Discharge,GradientBoosting,4,naive,53817,3817,13.099292638197538,19,0.006549646319098768,0.0090385119203563,0.0024888656012575323,Balanced Weights,False,,,,,,,,,,,,,
MIMIC-IV Ready for Discharge,GradientBoosting,4,naive,53817,3817,13.099292638197538,19,0.006549646319098768,0.0090385119203563,0.0024888656012575323,Slacks Deltas,False,timeout,,,,,,,,,,,,300.002
MIMIC-IV Ready for Discharge,GradientBoosting,4,naive,53817,3817,13.099292638197538,19,0.006549646319098768,0.0090385119203563,0.0024888656012575323,Min Deltas,True,,0.957165313073094,0.9562641533861531,0.9588730977235568,0.08435944458999214,0.0013099292638197536,,,,,,,194.945
MIMIC-IV Ready for Discharge,GradientBoosting,4,naive,53817,3817,13.099292638197538,19,0.006549646319098768,0.0090385119203563,0.0024888656012575323,F Deltas,True,,0.9951532617238669,0.9951487010145841,0.9951386151622651,0.0018339009693476552,0.007859575582918523,,,,,,,0.055
MIMIC-IV Ready for Discharge,GradientBoosting,4,naive,53817,3817,13.099292638197538,19,0.006549646319098768,0.0090385119203563,0.0024888656012575323,CP Sum,True,,0.9955462405030129,0.995544551382266,0.9955380577427821,0.0026198585276395073,0.006287660466334818,0.0038112968790844303,0.011051321405637395,0.0005,0.0005,True,True,4.119
MIMIC-IV Ready for Discharge,GradientBoosting,4,naive,53817,3817,13.099292638197538,19,0.006549646319098768,0.0090385119203563,0.0024888656012575323,CP Minimax,True,,0.9948912758711029,0.9948911982584377,0.9948932827026319,0.005501702908042965,0.004715745349751114,0.008026608358114137,0.008780291156156372,0.0005,0.0005,True,True,4.112
MIMIC-IV Ready for Discharge,GradientBoosting,4,naive,53817,3817,13.099292638197538,19,0.006549646319098768,0.0090385119203563,0.0024888656012575323,DKW Sum,True,,0.9951532617238669,0.9951469767334178,0.9951360588931247,0.0013099292638197536,0.008383547288446425,0.009678315467762153,0.032731667754956624,0.0005,0.002498999499749875,True,True,1.835
MIMIC-IV Ready for Discharge,GradientBoosting,4,naive,53817,3817,13.099292638197538,19,0.006549646319098768,0.0090385119203563,0.0024888656012575323,DKW Minimax,True,,0.9889965941839141,0.988967410958356,0.9890795631825273,0.018600995546240503,0.0034058160859313596,0.027598315467762154,0.029325851669025262,0.0005,0.002498999499749875,True,True,1.817
MIMIC-IV Ready for Discharge,GradientBoosting,4,split,18836,1336,13.099292638197538,19,0.004635227730753728,0.010348441184176055,0.005713213453422327,Baseline,True,,0.9896515588158239,0.989597452316672,0.9895433487756453,0.0,0.02069688236835211,,,,,,,
MIMIC-IV Ready for Discharge,GradientBoosting,4,split,18836,1336,13.099292638197538,19,0.004635227730753728,0.010348441184176055,0.005713213453422327,Threshold,True,,0.9950222687974849,0.9950180955017157,0.9950078822911192,0.002095886822111606,0.007859575582918523,,,,,,,
MIMIC-IV Ready for Discharge,GradientBoosting,4,split,18836,1336,13.099292638197538,19,0.004635227730753728,0.010348441184176055,0.005713213453422327,SMOTE,True,,0.9921404244170815,0.9921221260550326,0.9920927780706379,0.0018339009693476552,0.013885250196489389,,,,,,,
MIMIC-IV Ready for Discharge,GradientBoosting,4,split,18836,1336,13.099292638197538,19,0.004635227730753728,0.010348441184176055,0.005713213453422327,Balanced Weights,False,,,,,,,,,,,,,
MIMIC-IV Ready for Discharge,GradientBoosting,4,split,18836,1336,13.099292638197538,19,0.004635227730753728,0.010348441184176055,0.005713213453422327,Slacks Deltas,False,timeout,,,,,,,,,,,,300.002
MIMIC-IV Ready for Discharge,GradientBoosting,4,split,18836,1336,13.099292638197538,19,0.004635227730753728,0.010348441184176055,0.005713213453422327,Min Deltas,True,,0.9806130468954677,0.9804651743745583,0.9809376609994848,0.03641603353418915,0.002357872674875557,,,,,,,67.805
MIMIC-IV Ready for Discharge,GradientBoosting,4,split,18836,1336,13.099292638197538,19,0.004635227730753728,0.010348441184176055,0.005713213453422327,F Deltas,True,,0.9950222687974849,0.9950205787872575,0.99501312335958,0.003143830233167409,0.006811632171862719,,,,,,,0.043
MIMIC-IV Ready for Discharge,GradientBoosting,4,split,18836,1336,13.099292638197538,19,0.004635227730753728,0.010348441184176055,0.005713213453422327,CP Sum,True,,0.9951532617238669,0.9951531841316342,0.995151356309789,0.004453759496987163,0.0052397170552790145,0.009140410189351324,0.023256302110268173,0.0005,0.0009997498749374687,True,True,2.502
MIMIC-IV Ready for Discharge,GradientBoosting,4,split,18836,1336,13.099292638197538,19,0.004635227730753728,0.010348441184176055,0.005713213453422327,CP Minimax,True,,0.9914854597851716,0.9914748594949998,0.9915243186856174,0.013099292638197537,0.0039297877914592615,0.019087895507727798,0.02055496814440956,0.0005,0.0009997498749374687,True,True,2.508
MIMIC-IV Ready for Discharge,GradientBoosting,4,split,18836,1336,13.099292638197538,19,0.004635227730753728,0.010348441184176055,0.005713213453422327,DKW Sum,True,,0.9951532617238669,0.9951531841316342,0.995151356309789,0.004453759496987163,0.0052397170552790145,0.01953461402436302,0.050960248613235684,0.0009997498749374687,0.00449799899949975,True,True,0.626
MIMIC-IV Ready for Discharge,GradientBoosting,4,split,18836,1336,13.099292638197538,19,0.004635227730753728,0.010348441184176055,0.005713213453422327,DKW Minimax,True,,0.983756877128635,0.9836588804686639,0.9839793281653747,0.030128373067854337,0.002357872674875557,0.04679175688150588,0.04572072765515185,0.0009997498749374687,0.00449799899949975,True,True,0.62
MIMIC-IV Ready for Discharge,GradientBoosting,5,naive,53817,3817,13.099292638197538,19,0.005894681687188891,0.010610427036940005,0.004715745349751114,Baseline,True,,0.98938957296306,0.9893326770738546,0.9892757844565073,0.0,0.02122085407388001,,,,,,,
MIMIC-IV Ready for Discharge,GradientBoosting,5,naive,53817,3817,13.099292638197538,19,0.005894681687188891,0.010610427036940005,0.004715745349751114,Threshold,True,,0.9920094314906995,0.9919975913753941,0.9919705146768462,0.003143830233167409,0.012837306785433586,,,,,,,
MIMIC-IV Ready for Discharge,GradientBoosting,5,naive,53817,3817,13.099292638197538,19,0.005894681687188891,0.010610427036940005,0.004715745349751114,SMOTE,True,,0.9903065234477338,0.9902793541717867,0.9902348904724202,0.002357872674875557,0.017029080429656798,,,,,,,
MIMIC-IV Ready for Discharge,GradientBoosting,5,naive,53817,3817,13.099292638197538,19,0.005894681687188891,0.010610427036940005,0.004715745349751114,Balanced Weights,False,,,,,,,,,,,,,
MIMIC-IV Ready for Discharge,GradientBoosting,5,naive,53817,3817,13.099292638197538,19,0.005894681687188891,0.010610427036940005,0.004715745349751114,Slacks Deltas,False,timeout,,,,,,,,,,,,300.002
MIMIC-IV Ready for Discharge,GradientBoosting,5,naive,53817,3817,13.099292638197538,19,0.005894681687188891,0.010610427036940005,0.004715745349751114,Min Deltas,True,,0.9131516898087503,0.9090622185447917,0.9200530567948872,0.17317264867697144,0.0005239717055279015,,,,,,,193.177
MIMIC-IV Ready for Discharge,GradientBoosting,5,naive,53817,3817,13.099292638197538,19,0.005894681687188891,0.010610427036940005,0.004715745349751114,F Deltas,True,,0.9922714173434635,0.9922689185313585,0.9922541683077327,0.005501702908042965,0.00995546240503013,,,,,,,0.055
MIMIC-IV Ready for Discharge,GradientBoosting,5,naive,53817,3817,13.099292638197538,19,0.005894681687188891,0.010610427036940005,0.004715745349751114,CP Sum,True,,0.9920094314906995,0.9919975913753941,0.9919705146768462,0.003143830233167409,0.012837306785433586,0.0036603488975625103,0.011051321405637395,0.0005,0.0005,True,False,4.115
MIMIC-IV Ready for Discharge,GradientBoosting,5,naive,53817,3817,13.099292638197538,19,0.005894681687188891,0.010610427036940005,0.004715745349751114,CP Minimax,True,,0.9917474456379356,0.9917459836236128,0.9917333683243669,0.006549646319098768,0.00995546240503013,0.008351191866170327,0.0092521270491766,0.0005,0.0005,True,False,4.116
MIMIC-IV Ready for Discharge,GradientBoosting,5,naive,53817,3817,13.099292638197538,19,0.005894681687188891,0.010610427036940005,0.004715745349751114,DKW Sum,True,,0.9920094314906995,0.9919975913753941,0.9919705146768462,0.003143830233167409,0.012837306785433586,0.010958315467762152,0.03142173849113687,0.0005,0.002498999499749875,True,True,1.822
MIMIC-IV Ready for Discharge,GradientBoosting,5,naive,53817,3817,13.099292638197538,19,0.005894681687188891,0.010610427036940005,0.004715745349751114,DKW Minimax,True,,0.9861147498035107,0.9860979057233156,0.9861943214378744,0.019648938957296306,0.008121561435682474,0.03171831546776215,0.029325851669025262,0.0005,0.002498999499749875,True,True,1.813
MIMIC-IV Ready for Discharge,GradientBoosting,5,split,18836,1336,13.099292638197538,19,0.006449012494961709,0.01218234215352371,0.005733329658562001,Baseline,True,,0.9878176578464762,0.9877457315822534,0.9876706880551505,0.00026198585276395077,0.024102698454283467,,,,,,,
MIMIC-IV Ready for Discharge,GradientBoosting,5,split,18836,1336,13.099292638197538,19,0.006449012494961709,0.01218234215352371,0.005733329658562001,Threshold,True,,0.9922714173434635,0.9922641456962853,0.9922419460880999,0.0039297877914592615,0.011527377521613832,,,,,,,
MIMIC-IV Ready for Discharge,GradientBoosting,5,split,18836,1336,13.099292638197538,19,0.006449012494961709,0.01218234215352371,0.005733329658562001,SMOTE,True,,0.9903065234477338,0.9902710368974745,0.9902245706737121,0.0013099292638197536,0.0180770238407126,,,,,,,
MIMIC-IV Ready for Discharge,GradientBoosting,5,split,18836,1336,13.099292638197538,19,0.006449012494961709,0.01218234215352371,0.005733329658562001,Balanced Weights,False,,,,,,,,,,,,,
MIMIC-IV Ready for Discharge,GradientBoosting,5,split,18836,1336,13.099292638197538,19,0.006449012494961709,0.01218234215352371,0.005733329658562001,Slacks Deltas,False,timeout,,,,,,,,,,,,300.002
MIMIC-IV Ready for Discharge,GradientBoosting,5,split,18836,1336,13.099292638197538,19,0.006449012494961709,0.01218234215352371,0.005733329658562001,Min Deltas,True,,0.9817919832329054,0.9816231285304003,0.981454302868579,0.0,0.03641603353418915,,,,,,,66.299
MIMIC-IV Ready for Discharge,GradientBoosting,5,split,18836,1336,13.099292638197538,19,0.006449012494961709,0.01218234215352371,0.005733329658562001,F Deltas,True,,0.9921404244170815,0.992126588257611,0.9920990255464841,0.0026198585276395073,0.013099292638197537,,,,,,,0.043
MIMIC-IV Ready for Discharge,GradientBoosting,5,split,18836,1336,13.099292638197538,19,0.006449012494961709,0.01218234215352371,0.005733329658562001,CP Sum,True,,0.9921404244170815,0.9921152078718218,0.9920844327176781,0.0007859575582918522,0.014933193607545192,0.002826527495850261,0.02055496814440956,0.0005,0.0009997498749374687,True,True,2.485
MIMIC-IV Ready for Discharge,GradientBoosting,5,split,18836,1336,13.099292638197538,19,0.006449012494961709,0.01218234215352371,0.005733329658562001,CP Minimax,True,,0.9922714173434635,0.9922714086970656,0.9922704048211712,0.007597589730154571,0.007859575582918523,0.013660272114266415,0.012645953428035234,0.0005,0.0009997498749374687,True,True,2.49
MIMIC-IV Ready for Discharge,GradientBoosting,5,split,18836,1336,13.099292638197538,19,0.006449012494961709,0.01218234215352371,0.005733329658562001,DKW Sum,True,,0.9921404244170815,0.9921152078718218,0.9920844327176781,0.0007859575582918522,0.014933193607545192,0.01496318545293445,0.049463242625211734,0.0009997498749374687,0.00449799899949975,True,True,0.605
MIMIC-IV Ready for Discharge,GradientBoosting,5,split,18836,1336,13.099292638197538,19,0.006449012494961709,0.01218234215352371,0.005733329658562001,DKW Minimax,True,,0.9899135446685879,0.9899029275456986,0.9899595775198853,0.014671207754781241,0.005501702908042965,0.03136318545293445,0.04497222466113988,0.0009997498749374687,0.00449799899949975,True,True,0.605
MIMIC-IV Ready for Discharge,GradientBoosting,6,naive,53817,3817,13.099292638197538,19,0.005551702908042965,0.00995546240503013,0.004403759496987164,Baseline,True,,0.9900445375949699,0.9899944824037857,0.9899444297433183,0.0,0.01991092481006026,,,,,,,
MIMIC-IV Ready for Discharge,GradientBoosting,6,naive,53817,3817,13.099292638197538,19,0.005551702908042965,0.00995546240503013,0.004403759496987164,Threshold,True,,0.9933193607545192,0.9933048413876073,0.9932832872382458,0.0013099292638197536,0.012051349227141734,,,,,,,
MIMIC-IV Ready for Discharge,GradientBoosting,6,naive,53817,3817,13.099292638197538,19,0.005551702908042965,0.00995546240503013,0.004403759496987164,SMOTE,True,,0.9914854597851716,0.991462952421665,0.9914281946459185,0.0018339009693476552,0.015195179460309143,,,,,,,
MIMIC-IV Ready for Discharge,GradientBoosting,6,naive,53817,3817,13.099292638197538,19,0.005551702908042965,0.00995546240503013,0.004403759496987164,Balanced Weights,False,,,,,,,,,,,,,
MIMIC-IV Ready for Discharge,GradientBoosting,6,naive,53817,3817,13.099292638197538,19,0.005551702908042965,0.00995546240503013,0.004403759496987164,Slacks Deltas,False,timeout,,,,,,,,,,,,300.002
MIMIC-IV Ready for Discharge,GradientBoosting,6,naive,53817,3817,13.099292638197538,19,0.005551702908042965,0.00995546240503013,0.004403759496987164,Min Deltas,True,,0.9105318312811108,0.906151462347542,0.9178592904389657,0.1786743515850144,0.00026198585276395077,,,,,,,197.714
MIMIC-IV Ready for Discharge,GradientBoosting,6,naive,53817,3817,13.099292638197538,19,0.005551702908042965,0.00995546240503013,0.004403759496987164,F Deltas,True,,0.9935813466072833,0.9935798872914746,0.9935703975856187,0.004715745349751114,0.008121561435682474,,,,,,,0.056
MIMIC-IV Ready for Discharge,GradientBoosting,6,naive,53817,3817,13.099292638197538,19,0.005551702908042965,0.00995546240503013,0.004403759496987164,CP Sum,True,,0.9933193607545192,0.9933048413876073,0.9932832872382458,0.0013099292638197536,0.012051349227141734,0.001865104850105517,0.012750418152776392,0.0005,0.0005,True,True,4.189
MIMIC-IV Ready for Discharge,GradientBoosting,6,naive,53817,3817,13.099292638197538,19,0.005551702908042965,0.00995546240503013,0.004403759496987164,CP Minimax,True,,0.9935813466072833,0.9935813379722848,0.9935821872953503,0.006549646319098768,0.006287660466334818,0.006999003231499035,0.010167127823769074,0.0005,0.0005,True,True,4.185
MIMIC-IV Ready for Discharge,GradientBoosting,6,naive,53817,3817,13.099292638197538,19,0.005551702908042965,0.00995546240503013,0.004403759496987164,DKW Sum,True,,0.9933193607545192,0.9933048413876073,0.9932832872382458,0.0013099292638197536,0.012051349227141734,0.009598315467762153,0.032469681902192675,0.0005,0.002498999499749875,True,True,1.843
MIMIC-IV Ready for Discharge,GradientBoosting,6,naive,53817,3817,13.099292638197538,19,0.005551702908042965,0.00995546240503013,0.004403759496987164,DKW Minimax,True,,0.9875556719937123,0.9875041613612574,0.9876799377512644,0.022530783337699763,0.002357872674875557,0.029938315467762152,0.02853989411073341,0.0005,0.002498999499749875,True,True,1.833
MIMIC-IV Ready for Discharge,GradientBoosting,6,split,18836,1336,13.099292638197538,19,0.006247480854494156,0.010479434110558029,0.004231953256063873,Baseline,True,,0.9895205658894419,0.9894704841916526,0.989415189203493,0.0005239717055279015,0.020434896515588157,,,,,,,
MIMIC-IV Ready for Discharge,GradientBoosting,6,split,18836,1336,13.099292638197538,19,0.006247480854494156,0.010479434110558029,0.004231953256063873,Threshold,True,,0.9933193607545192,0.9933120967789226,0.9932938856015779,0.002881844380403458,0.010479434110558029,,,,,,,
MIMIC-IV Ready for Discharge,GradientBoosting,6,split,18836,1336,13.099292638197538,19,0.006247480854494156,0.010479434110558029,0.004231953256063873,SMOTE,True,,0.989258580036678,0.9892160827428202,0.9891591750396616,0.0015719151165837044,0.01991092481006026,,,,,,,
MIMIC-IV Ready for Discharge,GradientBoosting,6,split,18836,1336,13.099292638197538,19,0.006247480854494156,0.010479434110558029,0.004231953256063873,Balanced Weights,False,,,,,,,,,,,,,
MIMIC-IV Ready for Discharge,GradientBoosting,6,split,18836,1336,13.099292638197538,19,0.006247480854494156,0.010479434110558029,0.004231953256063873,Slacks Deltas,False,timeout,,,,,,,,,,,,300.002
MIMIC-IV Ready for Discharge,GradientBoosting,6,split,18836,1336,13.099292638197538,19,0.006247480854494156,0.010479434110558029,0.004231953256063873,Min Deltas,False,,,,,,,,,,,,,0.001
MIMIC-IV Ready for Discharge,GradientBoosting,6,split,18836,1336,13.099292638197538,19,0.006247480854494156,0.010479434110558029,0.004231953256063873,F Deltas,False,,,,,,,,,,,,,0.0
MIMIC-IV Ready for Discharge,GradientBoosting,6,split,18836,1336,13.099292638197538,19,0.006247480854494156,0.010479434110558029,0.004231953256063873,CP Sum,True,,0.9930573749017553,0.9930467913910108,0.9930253980786946,0.002357872674875557,0.011527377521613832,0.004148821916601385,0.02055496814440956,0.0005,0.0009997498749374687,True,True,2.496
MIMIC-IV Ready for Discharge,GradientBoosting,6,split,18836,1336,13.099292638197538,19,0.006247480854494156,0.010479434110558029,0.004231953256063873,CP Minimax,True,,0.9920094314906995,0.9920056174149311,0.9920313520574787,0.01074141996332198,0.0052397170552790145,0.013314376276772842,0.019139698250168875,0.0005,0.0009997498749374687,True,True,2.491
MIMIC-IV Ready for Discharge,GradientBoosting,6,split,18836,1336,13.099292638197538,19,0.006247480854494156,0.010479434110558029,0.004231953256063873,DKW Sum,True,,0.9930573749017553,0.9930467913910108,0.9930253980786946,0.002357872674875557,0.011527377521613832,0.015820328310077306,0.049463242625211734,0.0009997498749374687,0.00449799899949975,True,True,0.584
MIMIC-IV Ready for Discharge,GradientBoosting,6,split,18836,1336,13.099292638197538,19,0.006247480854494156,0.010479434110558029,0.004231953256063873,DKW Minimax,True,,0.9825779407911973,0.9824542834413066,0.9828453501870243,0.03301021744825779,0.0018339009693476552,0.04856318545293445,0.04646923064916383,0.0009997498749374687,0.00449799899949975,True,True,0.597
MIMIC-IV Ready for Discharge,GradientBoosting,7,naive,53817,3817,13.099292638197538,19,0.005894681687188891,0.010479434110558029,0.004584752423369138,Baseline,True,,0.9895205658894419,0.9894650735518076,0.9894095843261848,0.0,0.020958868221116058,,,,,,,
MIMIC-IV Ready for Discharge,GradientBoosting,7,naive,53817,3817,13.099292638197538,19,0.005894681687188891,0.010479434110558029,0.004584752423369138,Threshold,True,,0.994629290018339,0.9946254859889039,0.9946144752397216,0.0026198585276395073,0.008121561435682474,,,,,,,
MIMIC-IV Ready for Discharge,GradientBoosting,7,naive,53817,3817,13.099292638197538,19,0.005894681687188891,0.010479434110558029,0.004584752423369138,SMOTE,True,,0.9913544668587896,0.9913310650978463,0.9912951727776312,0.0018339009693476552,0.015457165313073094,,,,,,,
MIMIC-IV Ready for Discharge,GradientBoosting,7,naive,53817,3817,13.099292638197538,19,0.005894681687188891,0.010479434110558029,0.004584752423369138,Balanced Weights,False,,,,,,,,,,,,,
MIMIC-IV Ready for Discharge,GradientBoosting,7,naive,53817,3817,13.099292638197538,19,0.005894681687188891,0.010479434110558029,0.004584752423369138,Slacks Deltas,False,timeout,,,,,,,,,,,,300.003
MIMIC-IV Ready for Discharge,GradientBoosting,7,naive,53817,3817,13.099292638197538,19,0.005894681687188891,0.010479434110558029,0.004584752423369138,Min Deltas,True,,0.9020172910662824,0.8967083437010553,0.9107398568019093,0.19570343201467122,0.00026198585276395077,,,,,,,214.023
MIMIC-IV Ready for Discharge,GradientBoosting,7,naive,53817,3817,13.099292638197538,19,0.005894681687188891,0.010479434110558029,0.004584752423369138,F Deltas,True,,0.9722294996070212,0.9718549451199607,0.9729591836734693,0.05475504322766571,0.0007859575582918522,,,,,,,0.056
MIMIC-IV Ready for Discharge,GradientBoosting,7,naive,53817,3817,13.099292638197538,19,0.005894681687188891,0.010479434110558029,0.004584752423369138,CP Sum,True,,0.994629290018339,0.9946254859889039,0.9946144752397216,0.0026198585276395073,0.008121561435682474,0.0033303440886577247,0.009713972947831552,0.0005,0.0005,True,True,4.077
MIMIC-IV Ready for Discharge,GradientBoosting,7,naive,53817,3817,13.099292638197538,19,0.005894681687188891,0.010479434110558029,0.004584752423369138,CP Minimax,True,,0.9943673041655751,0.9943666052832957,0.9943606557377049,0.004453759496987163,0.006811632171862719,0.006480264472562585,0.007799462967969636,0.0005,0.0005,True,True,4.074
MIMIC-IV Ready for Discharge,GradientBoosting,7,naive,53817,3817,13.099292638197538,19,0.005894681687188891,0.010479434110558029,0.004584752423369138,DKW Sum,True,,0.994629290018339,0.9946254859889039,0.9946144752397216,0.0026198585276395073,0.008121561435682474,0.010698315467762152,0.030635780932845018,0.0005,0.002498999499749875,True,True,1.832
MIMIC-IV Ready for Discharge,GradientBoosting,7,naive,53817,3817,13.099292638197538,19,0.005894681687188891,0.010479434110558029,0.004584752423369138,DKW Minimax,True,,0.9908304951532617,0.9908105446812311,0.9908877896381151,0.015457165313073094,0.002881844380403458,0.023458315467762152,0.02880187996349736,0.0005,0.002498999499749875,True,True,1.82
MIMIC-IV Ready for Discharge,GradientBoosting,7,split,18836,1336,13.099292638197538,19,0.004635227730753728,0.010086455331412104,0.005451227600658376,Baseline,True,,0.9899135446685879,0.9898621567355608,0.9898107714701602,0.0,0.020172910662824207,,,,,,,
MIMIC-IV Ready for Discharge,GradientBoosting,7,split,18836,1336,13.099292638197538,19,0.004635227730753728,0.010086455331412104,0.005451227600658376,Threshold,True,,0.9929263819753733,0.9929125567681605,0.9928891229918356,0.0018339009693476552,0.012313335079905684,,,,,,,
MIMIC-IV Ready for Discharge,GradientBoosting,7,split,18836,1336,13.099292638197538,19,0.004635227730753728,0.010086455331412104,0.005451227600658376,SMOTE,True,,0.9908304951532617,0.9908033402453849,0.9907627342306677,0.0018339009693476552,0.016505108724128897,,,,,,,
MIMIC-IV Ready for Discharge,GradientBoosting,7,split,18836,1336,13.099292638197538,19,0.004635227730753728,0.010086455331412104,0.005451227600658376,Balanced Weights,False,,,,,,,,,,,,,
MIMIC-IV Ready for Discharge,GradientBoosting,7,split,18836,1336,13.099292638197538,19,0.004635227730753728,0.010086455331412104,0.005451227600658376,Slacks Deltas,False,timeout,,,,,,,,,,,,300.002
MIMIC-IV Ready for Discharge,GradientBoosting,7,split,18836,1336,13.099292638197538,19,0.004635227730753728,0.010086455331412104,0.005451227600658376,Min Deltas,True,,0.9920094314906995,0.9920074855355071,0.9920251013204341,0.00995546240503013,0.006025674613570867,,,,,,,129.987
MIMIC-IV Ready for Discharge,GradientBoosting,7,split,18836,1336,13.099292638197538,19,0.004635227730753728,0.010086455331412104,0.005451227600658376,F Deltas,True,,0.9925334031962274,0.9925250961664629,0.9925029593581481,0.0034058160859313596,0.011527377521613832,,,,,,,0.1
MIMIC-IV Ready for Discharge,GradientBoosting,7,split,18836,1336,13.099292638197538,19,0.004635227730753728,0.010086455331412104,0.005451227600658376,CP Sum,True,,0.9929263819753733,0.9929125567681605,0.9928891229918356,0.0018339009693476552,0.012313335079905684,0.0031940865014253995,0.0330550618664856,0.0005,0.0009997498749374687,True,True,4.246
MIMIC-IV Ready for Discharge,GradientBoosting,7,split,18836,1336,13.099292638197538,19,0.004635227730753728,0.010086455331412104,0.005451227600658376,CP Minimax,True,,0.9878176578464762,0.9877950669104244,0.9878985035783995,0.018862981399004455,0.005501702908042965,0.02594376304797569,0.025829580136453277,0.0005,0.0009997498749374687,True,True,4.207
MIMIC-IV Ready for Discharge,GradientBoosting,7,split,18836,1336,13.099292638197538,19,0.004635227730753728,0.010086455331412104,0.005451227600658376,DKW Sum,True,,0.9929263819753733,0.9929125567681605,0.9928891229918356,0.0018339009693476552,0.012313335079905684,0.01519175688150588,0.0569482725653315,0.0009997498749374687,0.00449799899949975,True,True,0.964
MIMIC-IV Ready for Discharge,GradientBoosting,7,split,18836,1336,13.099292638197538,19,0.004635227730753728,0.010086455331412104,0.005451227600658376,DKW Minimax,True,,0.9812680115273775,0.9811679037634762,0.981526934504586,0.032748231595493844,0.004715745349751114,0.046448899738648734,0.05021174561922371,0.0009997498749374687,0.00449799899949975,True,True,0.979
MIMIC-IV Ready for Discharge,GradientBoosting,8,naive,53817,3817,13.099292638197538,19,0.006559646319098768,0.0069426250982446945,0.00038297877914592656,Baseline,True,,0.9930573749017553,0.9930349031660656,0.9930106817882105,0.00026198585276395077,0.013623264343725438,,,,,,,
MIMIC-IV Ready for Discharge,GradientBoosting,8,naive,53817,3817,13.099292638197538,19,0.006559646319098768,0.0069426250982446945,0.00038297877914592656,Threshold,True,,0.9955462405030129,0.9955440343039135,0.9955368863218692,0.002357872674875557,0.006549646319098768,,,,,,,
MIMIC-IV Ready for Discharge,GradientBoosting,8,naive,53817,3817,13.099292638197538,19,0.006559646319098768,0.0069426250982446945,0.00038297877914592656,SMOTE,True,,0.994498297091957,0.9944905327285507,0.9944765912677538,0.0015719151165837044,0.009431490699502228,,,,,,,
MIMIC-IV Ready for Discharge,GradientBoosting,8,naive,53817,3817,13.099292638197538,19,0.006559646319098768,0.0069426250982446945,0.00038297877914592656,Balanced Weights,False,,,,,,,,,,,,,
MIMIC-IV Ready for Discharge,GradientBoosting,8,naive,53817,3817,13.099292638197538,19,0.006559646319098768,0.0069426250982446945,0.00038297877914592656,Slacks Deltas,False,timeout,,,,,,,,,,,,300.003
MIMIC-IV Ready for Discharge,GradientBoosting,8,naive,53817,3817,13.099292638197538,19,0.006559646319098768,0.0069426250982446945,0.00038297877914592656,Min Deltas,False,timeout,,,,,,,,,,,,300.005
MIMIC-IV Ready for Discharge,GradientBoosting,8,naive,53817,3817,13.099292638197538,19,0.006559646319098768,0.0069426250982446945,0.00038297877914592656,F Deltas,True,,0.9958082263557768,0.9958054348688237,0.9957983193277311,0.0018339009693476552,0.006549646319098768,,,,,,,0.11
MIMIC-IV Ready for Discharge,GradientBoosting,8,naive,53817,3817,13.099292638197538,19,0.006559646319098768,0.0069426250982446945,0.00038297877914592656,CP Sum,True,,0.9954152475766309,0.9954145494301143,0.9954098360655738,0.0034058160859313596,0.005763688760806916,0.0035845668328451635,0.011910960357800622,0.0005,0.0005,True,True,6.781
MIMIC-IV Ready for Discharge,GradientBoosting,8,naive,53817,3817,13.099292638197538,19,0.006559646319098768,0.0069426250982446945,0.00038297877914592656,CP Minimax,True,,0.994498297091957,0.9944977449614502,0.9945040565297043,0.006549646319098768,0.004453759496987163,0.009685748979997398,0.0106126291354767,0.0005,0.0005,True,True,6.632
MIMIC-IV Ready for Discharge,GradientBoosting,8,naive,53817,3817,13.099292638197538,19,0.006559646319098768,0.0069426250982446945,0.00038297877914592656,DKW Sum,True,,0.9955462405030129,0.9955440343039135,0.9955368863218692,0.002357872674875557,0.006549646319098768,0.010278315467762153,0.032469681902192675,0.0005,0.002498999499749875,True,True,3.014
MIMIC-IV Ready for Discharge,GradientBoosting,8,naive,53817,3817,13.099292638197538,19,0.006559646319098768,0.0069426250982446945,0.00038297877914592656,DKW Minimax,True,,0.9870317002881844,0.9869746684752746,0.9871678548282566,0.023578726748755566,0.002357872674875557,0.03063831546776215,0.029063865816261313,0.0005,0.002498999499749875,True,True,3.02
MIMIC-IV Ready for Discharge,GradientBoosting,8,split,18836,1336,13.099292638197538,19,0.006076718444795833,0.007597589730154571,0.0015208712853587384,Baseline,True,,0.9924024102698454,0.9923772003817098,0.9923482849604222,0.0005239717055279015,0.014671207754781241,,,,,,,
MIMIC-IV Ready for Discharge,GradientBoosting,8,split,18836,1336,13.099292638197538,19,0.006076718444795833,0.007597589730154571,0.0015208712853587384,Threshold,True,,0.9950222687974849,0.995020061436614,0.9950118141244421,0.002881844380403458,0.00707361802462667,,,,,,,
MIMIC-IV Ready for Discharge,GradientBoosting,8,split,18836,1336,13.099292638197538,19,0.006076718444795833,0.007597589730154571,0.0015208712853587384,SMOTE,True,,0.9929263819753733,0.9929125567681605,0.9928891229918356,0.0018339009693476552,0.012313335079905684,,,,,,,
MIMIC-IV Ready for Discharge,GradientBoosting,8,split,18836,1336,13.099292638197538,19,0.006076718444795833,0.007597589730154571,0.0015208712853587384,Balanced Weights,False,,,,,,,,,,,,,
MIMIC-IV Ready for Discharge,GradientBoosting,8,split,18836,1336,13.099292638197538,19,0.006076718444795833,0.007597589730154571,0.0015208712853587384,Slacks Deltas,False,timeout,,,,,,,,,,,,300.003
MIMIC-IV Ready for Discharge,GradientBoosting,8,split,18836,1336,13.099292638197538,19,0.006076718444795833,0.007597589730154571,0.0015208712853587384,Min Deltas,True,,0.9948912758711029,0.9948807118693415,0.9948677457560205,0.0005239717055279015,0.009693476552266178,,,,,,,141.881
MIMIC-IV Ready for Discharge,GradientBoosting,8,split,18836,1336,13.099292638197538,19,0.006076718444795833,0.007597589730154571,0.0015208712853587384,F Deltas,True,,0.9952842546502488,0.9952792893887457,0.99526938239159,0.0015719151165837044,0.007859575582918523,,,,,,,0.103
MIMIC-IV Ready for Discharge,GradientBoosting,8,split,18836,1336,13.099292638197538,19,0.006076718444795833,0.007597589730154571,0.0015208712853587384,CP Sum,True,,0.9952842546502488,0.9952808065546108,0.9952718676122931,0.002095886822111606,0.007335603877390621,0.005051576160832324,0.0283077481307017,0.0005,0.0009997498749374687,True,True,4.358
MIMIC-IV Ready for Discharge,GradientBoosting,8,split,18836,1336,13.099292638197538,19,0.006076718444795833,0.007597589730154571,0.0015208712853587384,CP Minimax,True,,0.9929263819753733,0.9929229256916169,0.9929448654298406,0.009693476552266178,0.004453759496987163,0.016260686293318907,0.025829580136453277,0.0005,0.0009997498749374687,True,True,4.358
MIMIC-IV Ready for Discharge,GradientBoosting,8,split,18836,1336,13.099292638197538,19,0.006076718444795833,0.007597589730154571,0.0015208712853587384,DKW Sum,True,,0.9952842546502488,0.9952808065546108,0.9952718676122931,0.002095886822111606,0.007335603877390621,0.016448899738648735,0.05395426058928359,0.0009997498749374687,0.00449799899949975,True,True,0.979
MIMIC-IV Ready for Discharge,GradientBoosting,8,split,18836,1336,13.099292638197538,19,0.006076718444795833,0.007597589730154571,0.0015208712853587384,DKW Minimax,True,,0.9794341105580299,0.9792599429813421,0.9798070739549839,0.03903589206182866,0.002095886822111606,0.049591756881505876,0.0472177336431758,0.0009997498749374687,0.00449799899949975,True,True,0.973
MIMIC-IV Ready for Discharge,GradientBoosting,9,naive,53817,3817,13.099292638197538,19,0.004453759496987163,0.009824469478648153,0.00537070998166099,Baseline,True,,0.9901755305213519,0.9901267903873239,0.9900780526524673,0.0,0.019648938957296306,,,,,,,
MIMIC-IV Ready for Discharge,GradientBoosting,9,naive,53817,3817,13.099292638197538,19,0.004453759496987163,0.009824469478648153,0.00537070998166099,Threshold,True,,0.9935813466072833,0.9935622717126213,0.9935415842889153,0.00026198585276395077,0.012575320932669635,,,,,,,
MIMIC-IV Ready for Discharge,GradientBoosting,9,naive,53817,3817,13.099292638197538,19,0.004453759496987163,0.009824469478648153,0.00537070998166099,SMOTE,True,,0.9918784385643176,0.991853215358417,0.991820580474934,0.001047943411055803,0.015195179460309143,,,,,,,
MIMIC-IV Ready for Discharge,GradientBoosting,9,naive,53817,3817,13.099292638197538,19,0.004453759496987163,0.009824469478648153,0.00537070998166099,Balanced Weights,False,,,,,,,,,,,,,
MIMIC-IV Ready for Discharge,GradientBoosting,9,naive,53817,3817,13.099292638197538,19,0.004453759496987163,0.009824469478648153,0.00537070998166099,Slacks Deltas,False,timeout,,,,,,,,,,,,300.002
MIMIC-IV Ready for Discharge,GradientBoosting,9,naive,53817,3817,13.099292638197538,19,0.004453759496987163,0.009824469478648153,0.00537070998166099,Min Deltas,True,,0.9540214828399266,0.9529751869673455,0.955987460815047,0.09064710505632696,0.0013099292638197536,,,,,,,252.551
MIMIC-IV Ready for Discharge,GradientBoosting,9,naive,53817,3817,13.099292638197538,19,0.004453759496987163,0.009824469478648153,0.00537070998166099,F Deltas,True,,0.9937123395336652,0.9936956242398066,0.9936758893280633,0.0005239717055279015,0.012051349227141734,,,,,,,0.058
MIMIC-IV Ready for Discharge,GradientBoosting,9,naive,53817,3817,13.099292638197538,19,0.004453759496987163,0.009824469478648153,0.00537070998166099,CP Sum,True,,0.9935813466072833,0.9935622717126213,0.9935415842889153,0.00026198585276395077,0.012575320932669635,0.0007757494672492661,0.012332989943783141,0.0005,0.0005,True,False,5.885
MIMIC-IV Ready for Discharge,GradientBoosting,9,naive,53817,3817,13.099292638197538,19,0.004453759496987163,0.009824469478648153,0.00537070998166099,CP Minimax,True,,0.9934503536809012,0.993448142827363,0.9934365975321606,0.004453759496987163,0.008645533141210375,0.0069519934430411715,0.0106126291354767,0.0005,0.0005,True,True,6.298
MIMIC-IV Ready for Discharge,GradientBoosting,9,naive,53817,3817,13.099292638197538,19,0.004453759496987163,0.009824469478648153,0.00537070998166099,DKW Sum,True,,0.9935813466072833,0.9935622717126213,0.9935415842889153,0.00026198585276395077,0.012575320932669635,0.008898315467762152,0.03220769604942872,0.0005,0.002498999499749875,True,True,2.75
MIMIC-IV Ready for Discharge,GradientBoosting,9,naive,53817,3817,13.099292638197538,19,0.004453759496987163,0.009824469478648153,0.00537070998166099,DKW Minimax,True,,0.9889965941839141,0.9889693889211817,0.9890767230169051,0.018339009693476554,0.0036678019386953103,0.027618315467762153,0.02880187996349736,0.0005,0.002498999499749875,True,True,2.742
MIMIC-IV Ready for Discharge,GradientBoosting,9,split,18836,1336,13.099292638197538,19,0.004232164449818622,0.009693476552266177,0.005461312102447555,Baseline,True,,0.9903065234477338,0.9902664623668263,0.9902194025905366,0.0007859575582918522,0.018600995546240503,,,,,,,
MIMIC-IV Ready for Discharge,GradientBoosting,9,split,18836,1336,13.099292638197538,19,0.004232164449818622,0.009693476552266177,0.005461312102447555,Threshold,True,,0.9937123395336652,0.9936998721613814,0.9936808846761453,0.0013099292638197536,0.011265391668849881,,,,,,,
MIMIC-IV Ready for Discharge,GradientBoosting,9,split,18836,1336,13.099292638197538,19,0.004232164449818622,0.009693476552266177,0.005461312102447555,SMOTE,True,,0.9918784385643176,0.991856813769953,0.991824894514768,0.0015719151165837044,0.014671207754781241,,,,,,,
MIMIC-IV Ready for Discharge,GradientBoosting,9,split,18836,1336,13.099292638197538,19,0.004232164449818622,0.009693476552266177,0.005461312102447555,Balanced Weights,False,,,,,,,,,,,,,
MIMIC-IV Ready for Discharge,GradientBoosting,9,split,18836,1336,13.099292638197538,19,0.004232164449818622,0.009693476552266177,0.005461312102447555,Slacks Deltas,False,timeout,,,,,,,,,,,,300.002
MIMIC-IV Ready for Discharge,GradientBoosting,9,split,18836,1336,13.099292638197538,19,0.004232164449818622,0.009693476552266177,0.005461312102447555,Min Deltas,True,,0.9889965941839141,0.9889766067168837,0.989065347565738,0.01729106628242075,0.004715745349751114,,,,,,,64.157
MIMIC-IV Ready for Discharge,GradientBoosting,9,split,18836,1336,13.099292638197538,19,0.004232164449818622,0.009693476552266177,0.005461312102447555,F Deltas,True,,0.9935813466072833,0.9935682126878441,0.9935483870967742,0.0013099292638197536,0.011527377521613832,,,,,,,0.041
MIMIC-IV Ready for Discharge,GradientBoosting,9,split,18836,1336,13.099292638197538,19,0.004232164449818622,0.009693476552266177,0.005461312102447555,CP Sum,True,,0.9935813466072833,0.9935682126878441,0.9935483870967742,0.0013099292638197536,0.011527377521613832,0.003723072137508528,0.021924446649011626,0.0005,0.0009997498749374687,True,True,2.39
MIMIC-IV Ready for Discharge,GradientBoosting,9,split,18836,1336,13.099292638197538,19,0.004232164449818622,0.009693476552266177,0.005461312102447555,CP Minimax,True,,0.9922714173434635,0.992270716984996,0.9922805181211566,0.008907518993974326,0.006549646319098768,0.016328518313052043,0.01766691955374272,0.0005,0.0009997498749374687,True,True,2.385
MIMIC-IV Ready for Discharge,GradientBoosting,9,split,18836,1336,13.099292638197538,19,0.004232164449818622,0.009693476552266177,0.005461312102447555,DKW Sum,True,,0.9935813466072833,0.9935682126878441,0.9935483870967742,0.0013099292638197536,0.011527377521613832,0.015534614024363022,0.05021174561922371,0.0009997498749374687,0.00449799899949975,True,True,0.623
MIMIC-IV Ready for Discharge,GradientBoosting,9,split,18836,1336,13.099292638197538,19,0.004232164449818622,0.009693476552266177,0.005461312102447555,DKW Minimax,True,,0.9807440398218497,0.9806323299285398,0.9810249128694979,0.034058160859313596,0.004453759496987163,0.047706042595791594,0.0472177336431758,0.0009997498749374687,0.00449799899949975,True,True,0.61
MIMIC-IV Ready for Discharge,LDA,0,naive,53817,3817,13.099292638197538,19,0.13842916688498821,0.13714959392192821,-0.0012795729630599995,Baseline,True,,0.8628504060780717,0.8555163967387217,0.8455068614431164,0.02488865601257532,0.24941053183128112,,,,,,,
MIMIC-IV Ready for Discharge,LDA,0,naive,53817,3817,13.099292638197538,19,0.13842916688498821,0.13714959392192821,-0.0012795729630599995,Threshold,True,,0.9621430442756091,0.9619606802025737,0.9628391410569629,0.05658894419701336,0.019124967251768404,,,,,,,
MIMIC-IV Ready for Discharge,LDA,0,naive,53817,3817,13.099292638197538,19,0.13842916688498821,0.13714959392192821,-0.0012795729630599995,SMOTE,True,,0.9643699240241027,0.964100534194896,0.9651639344262295,0.058422845166361016,0.012837306785433586,,,,,,,
MIMIC-IV Ready for Discharge,LDA,0,naive,53817,3817,13.099292638197538,19,0.13842916688498821,0.13714959392192821,-0.0012795729630599995,Balanced Weights,False,,,,,,,,,,,,,
MIMIC-IV Ready for Discharge,LDA,0,naive,53817,3817,13.099292638197538,19,0.13842916688498821,0.13714959392192821,-0.0012795729630599995,Slacks Deltas,False,timeout,,,,,,,,,,,,300.0
MIMIC-IV Ready for Discharge,LDA,0,naive,53817,3817,13.099292638197538,19,0.13842916688498821,0.13714959392192821,-0.0012795729630599995,Min Deltas,True,,0.9297877914592612,0.927764556439976,0.9338434954332263,0.13151689808750328,0.008907518993974326,,,,,,,162.883
MIMIC-IV Ready for Discharge,LDA,0,naive,53817,3817,13.099292638197538,19,0.13842916688498821,0.13714959392192821,-0.0012795729630599995,F Deltas,True,,0.962929001833901,0.9628028208805448,0.963498000773894,0.0526591564055541,0.02148283992664396,,,,,,,0.058
MIMIC-IV Ready for Discharge,LDA,0,naive,53817,3817,13.099292638197538,19,0.13842916688498821,0.13714959392192821,-0.0012795729630599995,CP Sum,True,,0.9617500654964631,0.9615439374025814,0.9624967891086565,0.05816085931359707,0.018339009693476554,0.056451010000956425,0.032385344471429565,0.0005,0.0005,False,True,4.353
MIMIC-IV Ready for Discharge,LDA,0,naive,53817,3817,13.099292638197538,19,0.13842916688498821,0.13714959392192821,-0.0012795729630599995,CP Minimax,True,,0.9645009169504847,0.9644239779982559,0.9649281739355506,0.047681425203039036,0.023316740895991617,0.04791754508468515,0.04728178155544446,0.0005,0.0009997498749374687,True,True,4.364
MIMIC-IV Ready for Discharge,LDA,0,naive,53817,3817,13.099292638197538,19,0.13842916688498821,0.13714959392192821,-0.0012795729630599995,DKW Sum,True,,0.9621430442756091,0.9619606802025737,0.9628391410569629,0.05658894419701336,0.019124967251768404,0.05835831546776215,0.047664861362501816,0.0005,0.002498999499749875,True,True,1.865
MIMIC-IV Ready for Discharge,LDA,0,naive,53817,3817,13.099292638197538,19,0.13842916688498821,0.13714959392192821,-0.0012795729630599995,DKW Minimax,True,,0.9624050301283731,0.9622657275140982,0.9630106972548009,0.053969085669373855,0.02122085407388001,0.055178315467762154,0.05342855012330873,0.0005,0.002498999499749875,True,True,1.848
MIMIC-IV Ready for Discharge,LDA,0,split,18836,1336,13.099292638197538,19,0.14074948066846496,0.1388525019648939,-0.0018969787035710561,Baseline,True,,0.8611474980351062,0.8535732277829942,0.8432879952690716,0.02488865601257532,0.25281634791721247,,,,,,,
MIMIC-IV Ready for Discharge,LDA,0,split,18836,1336,13.099292638197538,19,0.14074948066846496,0.1388525019648939,-0.0018969787035710561,Threshold,True,,0.9616190725700812,0.9614101945912519,0.9623731860793631,0.058422845166361016,0.018339009693476554,,,,,,,
MIMIC-IV Ready for Discharge,LDA,0,split,18836,1336,13.099292638197538,19,0.14074948066846496,0.1388525019648939,-0.0018969787035710561,SMOTE,True,,0.9645009169504847,0.9642407729337392,0.96527866752082,0.05789887346083312,0.013099292638197537,,,,,,,
MIMIC-IV Ready for Discharge,LDA,0,split,18836,1336,13.099292638197538,19,0.14074948066846496,0.1388525019648939,-0.0018969787035710561,Balanced Weights,False,,,,,,,,,,,,,
MIMIC-IV Ready for Discharge,LDA,0,split,18836,1336,13.099292638197538,19,0.14074948066846496,0.1388525019648939,-0.0018969787035710561,Slacks Deltas,False,timeout,,,,,,,,,,,,300.0
MIMIC-IV Ready for Discharge,LDA,0,split,18836,1336,13.099292638197538,19,0.14074948066846496,0.1388525019648939,-0.0018969787035710561,Min Deltas,True,,0.9265129682997119,0.9242595776978229,0.9309708379475822,0.13806654440660204,0.008907518993974326,,,,,,,54.108
MIMIC-IV Ready for Discharge,LDA,0,split,18836,1336,13.099292638197538,19,0.14074948066846496,0.1388525019648939,-0.0018969787035710561,F Deltas,True,,0.9613570867173172,0.9611081607902198,0.9621843353416228,0.06051873198847262,0.01676709457689285,,,,,,,0.045
MIMIC-IV Ready for Discharge,LDA,0,split,18836,1336,13.099292638197538,19,0.14074948066846496,0.1388525019648939,-0.0018969787035710561,CP Sum,True,,0.9614880796436992,0.96127089953942,0.9622593068035944,0.05894681687188892,0.0180770238407126,0.06363061365925336,0.04575394055497513,0.0005,0.0014994997498749376,True,True,2.685
MIMIC-IV Ready for Discharge,LDA,0,split,18836,1336,13.099292638197538,19,0.14074948066846496,0.1388525019648939,-0.0018969787035710561,CP Minimax,True,,0.9630599947602829,0.9629317015210902,0.9636316739747227,0.0526591564055541,0.02122085407388001,0.05849874264208333,0.057042329802740745,0.0005,0.0014994997498749376,True,True,2.657
MIMIC-IV Ready for Discharge,LDA,0,split,18836,1336,13.099292638197538,19,0.14074948066846496,0.1388525019648939,-0.0018969787035710561,DKW Sum,True,,0.962667015981137,0.962523258825417,0.9632779281020487,0.053969085669373855,0.02069688236835211,0.0642203283100773,0.06892432046952311,0.0009997498749374687,0.00449799899949975,True,True,0.687
MIMIC-IV Ready for Discharge,LDA,0,split,18836,1336,13.099292638197538,19,0.14074948066846496,0.1388525019648939,-0.0018969787035710561,DKW Minimax,True,,0.9613570867173172,0.9611199440295082,0.9621649352314993,0.059994760282944724,0.01729106628242075,0.06844889973864873,0.0659303084934752,0.0009997498749374687,0.00449799899949975,True,True,0.667
MIMIC-IV Ready for Discharge,LDA,1,naive,53817,3817,13.099292638197538,19,0.1539563321980613,0.15404768142520303,9.134922714174043e-05,Baseline,True,,0.8459523185747969,0.836710177991749,0.8240047889853337,0.029342415509562483,0.2787529473408436,,,,,,,
MIMIC-IV Ready for Discharge,LDA,1,naive,53817,3817,13.099292638197538,19,0.1539563321980613,0.15404768142520303,9.134922714174043e-05,Threshold,True,,0.962536023054755,0.9623460039433233,0.9632390745501286,0.05658894419701336,0.018339009693476554,,,,,,,
MIMIC-IV Ready for Discharge,LDA,1,naive,53817,3817,13.099292638197538,19,0.1539563321980613,0.15404768142520303,9.134922714174043e-05,SMOTE,True,,0.9630599947602829,0.9627450756168613,0.9639478394272565,0.061566675399528425,0.012313335079905684,,,,,,,
MIMIC-IV Ready for Discharge,LDA,1,naive,53817,3817,13.099292638197538,19,0.1539563321980613,0.15404768142520303,9.134922714174043e-05,Balanced Weights,False,,,,,,,,,,,,,
MIMIC-IV Ready for Discharge,LDA,1,naive,53817,3817,13.099292638197538,19,0.1539563321980613,0.15404768142520303,9.134922714174043e-05,Slacks Deltas,False,timeout,,,,,,,,,,,,300.001
MIMIC-IV Ready for Discharge,LDA,1,naive,53817,3817,13.099292638197538,19,0.1539563321980613,0.15404768142520303,9.134922714174043e-05,Min Deltas,True,,0.9301807702384072,0.9281323521160452,0.9342381246144356,0.13151689808750328,0.008121561435682474,,,,,,,158.631
MIMIC-IV Ready for Discharge,LDA,1,naive,53817,3817,13.099292638197538,19,0.1539563321980613,0.15404768142520303,9.134922714174043e-05,F Deltas,True,,0.962667015981137,0.9625687529028638,0.9631735366326398,0.051087241288970395,0.023578726748755566,,,,,,,0.056
MIMIC-IV Ready for Discharge,LDA,1,naive,53817,3817,13.099292638197538,19,0.1539563321980613,0.15404768142520303,9.134922714174043e-05,CP Sum,True,,0.962536023054755,0.9623460039433233,0.9632390745501286,0.05658894419701336,0.018339009693476554,0.056261836141276014,0.03672706404646154,0.0005,0.0005,False,True,4.169
MIMIC-IV Ready for Discharge,LDA,1,naive,53817,3817,13.099292638197538,19,0.1539563321980613,0.15404768142520303,9.134922714174043e-05,CP Minimax,True,,0.9617500654964631,0.9617063526167002,0.9620976116303219,0.04741943935027509,0.029080429656798534,0.047959798078495014,0.04728178155544446,0.0005,0.0009997498749374687,True,True,4.173
MIMIC-IV Ready for Discharge,LDA,1,naive,53817,3817,13.099292638197538,19,0.1539563321980613,0.15404768142520303,9.134922714174043e-05,DKW Sum,True,,0.962536023054755,0.9623460039433233,0.9632390745501286,0.05658894419701336,0.018339009693476554,0.059278315467762153,0.05002273403737737,0.0005,0.002498999499749875,True,True,1.816
MIMIC-IV Ready for Discharge,LDA,1,naive,53817,3817,13.099292638197538,19,0.1539563321980613,0.15404768142520303,9.134922714174043e-05,DKW Minimax,True,,0.962536023054755,0.96241607540566,0.9630967741935483,0.0526591564055541,0.022268797484935814,0.05659831546776215,0.05473847938712849,0.0005,0.002498999499749875,True,True,1.813
MIMIC-IV Ready for Discharge,LDA,1,split,18836,1336,13.099292638197538,19,0.1596288531299414,0.1621692428608855,0.002540389730944087,Baseline,True,,0.8378307571391145,0.8272347983154986,0.8129909365558913,0.029342415509562483,0.2949960702122085,,,,,,,
MIMIC-IV Ready for Discharge,LDA,1,split,18836,1336,13.099292638197538,19,0.1596288531299414,0.1621692428608855,0.002540389730944087,Threshold,True,,0.9616190725700812,0.9615900845280763,0.9619035235990119,0.04584752423369138,0.030914330626146187,,,,,,,
MIMIC-IV Ready for Discharge,LDA,1,split,18836,1336,13.099292638197538,19,0.1596288531299414,0.1621692428608855,0.002540389730944087,SMOTE,True,,0.9630599947602829,0.9627517414506681,0.9639386189258312,0.061304689546764476,0.012575320932669635,,,,,,,
MIMIC-IV Ready for Discharge,LDA,1,split,18836,1336,13.099292638197538,19,0.1596288531299414,0.1621692428608855,0.002540389730944087,Balanced Weights,False,,,,,,,,,,,,,
MIMIC-IV Ready for Discharge,LDA,1,split,18836,1336,13.099292638197538,19,0.1596288531299414,0.1621692428608855,0.002540389730944087,Slacks Deltas,False,timeout,,,,,,,,,,,,300.0
MIMIC-IV Ready for Discharge,LDA,1,split,18836,1336,13.099292638197538,19,0.1596288531299414,0.1621692428608855,0.002540389730944087,Min Deltas,True,,0.9368614094838879,0.9352752574927194,0.9401242236024845,0.11763164789101388,0.008645533141210375,,,,,,,52.641
MIMIC-IV Ready for Discharge,LDA,1,split,18836,1336,13.099292638197538,19,0.1596288531299414,0.1621692428608855,0.002540389730944087,F Deltas,True,,0.9612260937909353,0.9609918203278085,0.9620318111852232,0.059994760282944724,0.0175530521351847,,,,,,,0.043
MIMIC-IV Ready for Discharge,LDA,1,split,18836,1336,13.099292638197538,19,0.1596288531299414,0.1621692428608855,0.002540389730944087,CP Sum,True,,0.9595231857479696,0.959183125076908,0.9605313577723847,0.06602043489651559,0.014933193607545192,0.06560367915684552,0.0364786328013912,0.0005,0.0009997498749374687,False,True,2.57
MIMIC-IV Ready for Discharge,LDA,1,split,18836,1336,13.099292638197538,19,0.1596288531299414,0.1621692428608855,0.002540389730944087,CP Minimax,True,,0.9614880796436992,0.9614189757147519,0.9619269619269619,0.05003929787791459,0.026984542834686927,0.05353077356727569,0.05299846809406446,0.0005,0.0014994997498749376,True,True,2.572
MIMIC-IV Ready for Discharge,LDA,1,split,18836,1336,13.099292638197538,19,0.1596288531299414,0.1621692428608855,0.002540389730944087,DKW Sum,True,,0.9618810584228452,0.961666741679098,0.9626396199768905,0.058422845166361016,0.017815037987948652,0.06427747116722016,0.06368479951143928,0.0009997498749374687,0.00449799899949975,True,True,0.663
MIMIC-IV Ready for Discharge,LDA,1,split,18836,1336,13.099292638197538,19,0.1596288531299414,0.1621692428608855,0.002540389730944087,DKW Minimax,True,,0.9612260937909353,0.9609859993638129,0.9620415491151577,0.06025674613570867,0.01729106628242075,0.06564889973864874,0.06368479951143928,0.0009997498749374687,0.00449799899949975,True,True,0.674
MIMIC-IV Ready for Discharge,LDA,2,naive,53817,3817,13.099292638197538,19,0.16035299973801415,0.16138328530259366,0.001030285564579514,Baseline,True,,0.8386167146974063,0.8273475068863714,0.8129933211900425,0.02436468430704742,0.2984018862981399,,,,,,,
MIMIC-IV Ready for Discharge,LDA,2,naive,53817,3817,13.099292638197538,19,0.16035299973801415,0.16138328530259366,0.001030285564579514,Threshold,True,,0.9641079381713388,0.9640451449519553,0.9644985747603005,0.04689546764474718,0.02488865601257532,,,,,,,
MIMIC-IV Ready for Discharge,LDA,2,naive,53817,3817,13.099292638197538,19,0.16035299973801415,0.16138328530259366,0.001030285564579514,SMOTE,True,,0.9648938957296306,0.9646718971114137,0.965605749486653,0.05580298663872151,0.01440922190201729,,,,,,,
MIMIC-IV Ready for Discharge,LDA,2,naive,53817,3817,13.099292638197538,19,0.16035299973801415,0.16138328530259366,0.001030285564579514,Balanced Weights,False,,,,,,,,,,,,,
MIMIC-IV Ready for Discharge,LDA,2,naive,53817,3817,13.099292638197538,19,0.16035299973801415,0.16138328530259366,0.001030285564579514,Slacks Deltas,False,timeout,,,,,,,,,,,,300.001
MIMIC-IV Ready for Discharge,LDA,2,naive,53817,3817,13.099292638197538,19,0.16035299973801415,0.16138328530259366,0.001030285564579514,Min Deltas,True,,0.9320146712077548,0.9301403978625692,0.9358070500927643,0.1270631385905161,0.008907518993974326,,,,,,,153.142
MIMIC-IV Ready for Discharge,LDA,2,naive,53817,3817,13.099292638197538,19,0.16035299973801415,0.16138328530259366,0.001030285564579514,F Deltas,True,,0.9637149593921929,0.9636725731588305,0.964039984421654,0.04532355252816348,0.027246528687450876,,,,,,,0.057
MIMIC-IV Ready for Discharge,LDA,2,naive,53817,3817,13.099292638197538,19,0.16035299973801415,0.16138328530259366,0.001030285564579514,CP Sum,True,,0.9641079381713388,0.9640451449519553,0.9644985747603005,0.04689546764474718,0.02488865601257532,0.051821009321812876,0.039688270659548365,0.0005,0.0005,True,True,4.137
MIMIC-IV Ready for Discharge,LDA,2,naive,53817,3817,13.099292638197538,19,0.16035299973801415,0.16138328530259366,0.001030285564579514,CP Minimax,True,,0.962929001833901,0.9629020490963125,0.9631941734946027,0.04427560911710768,0.029866387215090384,0.04806542525780461,0.04759951565084618,0.0005,0.0009997498749374687,True,True,4.13
MIMIC-IV Ready for Discharge,LDA,2,naive,53817,3817,13.099292638197538,19,0.16035299973801415,0.16138328530259366,0.001030285564579514,DKW Sum,True,,0.9641079381713388,0.9640451449519553,0.9644985747603005,0.04689546764474718,0.02488865601257532,0.05505831546776215,0.05238060671225293,0.0005,0.002498999499749875,True,True,1.839
MIMIC-IV Ready for Discharge,LDA,2,naive,53817,3817,13.099292638197538,19,0.16035299973801415,0.16138328530259366,0.001030285564579514,DKW Minimax,True,,0.9642389310977207,0.9641776324321317,0.9646235583776078,0.04663348179198323,0.02488865601257532,0.054978315467762155,0.05264259256501688,0.0005,0.002498999499749875,True,True,1.839
MIMIC-IV Ready for Discharge,LDA,2,split,18836,1336,13.099292638197538,19,0.17128538740582272,0.16858789625360232,-0.0026974911522203993,Baseline,True,,0.8314121037463977,0.8187150536546894,0.8028794608669015,0.023840712601519518,0.3133350799056851,,,,,,,
MIMIC-IV Ready for Discharge,LDA,2,split,18836,1336,13.099292638197538,19,0.17128538740582272,0.16858789625360232,-0.0026974911522203993,Threshold,True,,0.9633219806130469,0.9632591361584327,0.9637211712878985,0.047681425203039036,0.025674613570867172,,,,,,,
MIMIC-IV Ready for Discharge,LDA,2,split,18836,1336,13.099292638197538,19,0.17128538740582272,0.16858789625360232,-0.0026974911522203993,SMOTE,True,,0.9647629028032486,0.9645380543224086,0.9654818426793276,0.05606497249148546,0.01440922190201729,,,,,,,
MIMIC-IV Ready for Discharge,LDA,2,split,18836,1336,13.099292638197538,19,0.17128538740582272,0.16858789625360232,-0.0026974911522203993,Balanced Weights,False,,,,,,,,,,,,,
MIMIC-IV Ready for Discharge,LDA,2,split,18836,1336,13.099292638197538,19,0.17128538740582272,0.16858789625360232,-0.0026974911522203993,Slacks Deltas,False,timeout,,,,,,,,,,,,300.0
MIMIC-IV Ready for Discharge,LDA,2,split,18836,1336,13.099292638197538,19,0.17128538740582272,0.16858789625360232,-0.0026974911522203993,Min Deltas,True,,0.9375163741157978,0.9360141145771129,0.940664261724095,0.11553576106890227,0.009431490699502228,,,,,,,52.191
MIMIC-IV Ready for Discharge,LDA,2,split,18836,1336,13.099292638197538,19,0.17128538740582272,0.16858789625360232,-0.0026974911522203993,F Deltas,True,,0.9622740372019911,0.9621848737147128,0.9627618308766486,0.050825255436206446,0.02462667015981137,,,,,,,0.043
MIMIC-IV Ready for Discharge,LDA,2,split,18836,1336,13.099292638197538,19,0.17128538740582272,0.16858789625360232,-0.0026974911522203993,CP Sum,True,,0.9608331150117894,0.9606129913210205,0.9616223848029778,0.05973277443018077,0.018600995546240503,0.06560367915684552,0.042568729371844756,0.0005,0.0014994997498749376,True,True,2.567
MIMIC-IV Ready for Discharge,LDA,2,split,18836,1336,13.099292638197538,19,0.17128538740582272,0.16858789625360232,-0.0026974911522203993,CP Minimax,True,,0.9637149593921929,0.9636593966341809,0.9640866070270971,0.04663348179198323,0.025936599423631124,0.055707057493952744,0.055028087665939016,0.0005,0.0014994997498749376,True,True,2.569
MIMIC-IV Ready for Discharge,LDA,2,split,18836,1336,13.099292638197538,19,0.17128538740582272,0.16858789625360232,-0.0026974911522203993,DKW Sum,True,,0.9635839664658108,0.9635297941325345,0.9639522821576764,0.04663348179198323,0.026198585276395073,0.06044889973864873,0.072666835439583,0.0009997498749374687,0.00449799899949975,True,True,0.654
MIMIC-IV Ready for Discharge,LDA,2,split,18836,1336,13.099292638197538,19,0.17128538740582272,0.16858789625360232,-0.0026974911522203993,DKW Minimax,True,,0.9603091433062615,0.9601107751193818,0.9610689965309007,0.05920880272465287,0.020172910662824207,0.06919175688150589,0.0659303084934752,0.0009997498749374687,0.00449799899949975,True,True,0.647
MIMIC-IV Ready for Discharge,LDA,3,naive,53817,3817,13.099292638197538,19,0.13635228713649464,0.13426774954152476,-0.0020845375949698763,Baseline,True,,0.8657322504584752,0.858457083506288,0.8487977577813837,0.022268797484935814,0.2462667015981137,,,,,,,
MIMIC-IV Ready for Discharge,LDA,3,naive,53817,3817,13.099292638197538,19,0.13635228713649464,0.13426774954152476,-0.0020845375949698763,Threshold,True,,0.9654178674351584,0.9653254036852735,0.9658738366080661,0.047943411055802986,0.02122085407388001,,,,,,,
MIMIC-IV Ready for Discharge,LDA,3,naive,53817,3817,13.099292638197538,19,0.13635228713649464,0.13426774954152476,-0.0020845375949698763,SMOTE,True,,0.9672517684045061,0.9671153728697679,0.9677751997937613,0.04899135446685879,0.016505108724128897,,,,,,,
MIMIC-IV Ready for Discharge,LDA,3,naive,53817,3817,13.099292638197538,19,0.13635228713649464,0.13426774954152476,-0.0020845375949698763,Balanced Weights,False,,,,,,,,,,,,,
MIMIC-IV Ready for Discharge,LDA,3,naive,53817,3817,13.099292638197538,19,0.13635228713649464,0.13426774954152476,-0.0020845375949698763,Slacks Deltas,False,timeout,,,,,,,,,,,,300.001
MIMIC-IV Ready for Discharge,LDA,3,naive,53817,3817,13.099292638197538,19,0.13635228713649464,0.13426774954152476,-0.0020845375949698763,Min Deltas,True,,0.9351585014409222,0.933561800817661,0.9385169544156006,0.11946554886036154,0.010217448257794078,,,,,,,153.019
MIMIC-IV Ready for Discharge,LDA,3,naive,53817,3817,13.099292638197538,19,0.13635228713649464,0.13426774954152476,-0.0020845375949698763,F Deltas,True,,0.9646319098768666,0.9646040174436583,0.9648894668400521,0.04270369400052397,0.02803248624574273,,,,,,,0.055
MIMIC-IV Ready for Discharge,LDA,3,naive,53817,3817,13.099292638197538,19,0.13635228713649464,0.13426774954152476,-0.0020845375949698763,CP Sum,True,,0.9654178674351584,0.9653254036852735,0.9658738366080661,0.047943411055802986,0.02122085407388001,0.05609366539981203,0.02794845485400593,0.0005,0.0005,True,True,4.128
MIMIC-IV Ready for Discharge,LDA,3,naive,53817,3817,13.099292638197538,19,0.13635228713649464,0.13426774954152476,-0.0020845375949698763,CP Minimax,True,,0.9634529735394288,0.9634490464151414,0.9635532331809274,0.03929787791459261,0.03379617500654965,0.045295419214295564,0.045200920708209066,0.0005,0.0005,True,True,4.125
MIMIC-IV Ready for Discharge,LDA,3,naive,53817,3817,13.099292638197538,19,0.13635228713649464,0.13426774954152476,-0.0020845375949698763,DKW Sum,True,,0.9654178674351584,0.9653254036852735,0.9658738366080661,0.047943411055802986,0.02122085407388001,0.05911831546776215,0.043211101865514655,0.0005,0.002498999499749875,True,True,1.852
MIMIC-IV Ready for Discharge,LDA,3,naive,53817,3817,13.099292638197538,19,0.13635228713649464,0.13426774954152476,-0.0020845375949698763,DKW Minimax,True,,0.9645009169504847,0.9644699517395277,0.9647731704146627,0.043227665706051875,0.027770500392978778,0.05265831546776215,0.050808691595669225,0.0005,0.002498999499749875,True,True,1.841
MIMIC-IV Ready for Discharge,LDA,3,split,18836,1336,13.099292638197538,19,0.1367157845781788,0.13269583442494104,-0.00401995015323775,Baseline,True,,0.867304165575059,0.8602455377021726,0.8508319835075836,0.022268797484935814,0.24312287136494629,,,,,,,
MIMIC-IV Ready for Discharge,LDA,3,split,18836,1336,13.099292638197538,19,0.1367157845781788,0.13269583442494104,-0.00401995015323775,Threshold,True,,0.9658108462143045,0.9657013890525035,0.9663008392511298,0.04872936861409484,0.019648938957296306,,,,,,,
MIMIC-IV Ready for Discharge,LDA,3,split,18836,1336,13.099292638197538,19,0.1367157845781788,0.13269583442494104,-0.00401995015323775,SMOTE,True,,0.9665968037725963,0.9664581053492391,0.9671349400695965,0.04977731202515064,0.017029080429656798,,,,,,,
MIMIC-IV Ready for Discharge,LDA,3,split,18836,1336,13.099292638197538,19,0.1367157845781788,0.13269583442494104,-0.00401995015323775,Balanced Weights,False,,,,,,,,,,,,,
MIMIC-IV Ready for Discharge,LDA,3,split,18836,1336,13.099292638197538,19,0.1367157845781788,0.13269583442494104,-0.00401995015323775,Slacks Deltas,False,timeout,,,,,,,,,,,,300.0
MIMIC-IV Ready for Discharge,LDA,3,split,18836,1336,13.099292638197538,19,0.1367157845781788,0.13269583442494104,-0.00401995015323775,Min Deltas,True,,0.9528425465024889,0.952233668856667,0.9543957436027363,0.08121561435682473,0.013099292638197537,,,,,,,52.899
MIMIC-IV Ready for Discharge,LDA,3,split,18836,1336,13.099292638197538,19,0.1367157845781788,0.13269583442494104,-0.00401995015323775,F Deltas,True,,0.9645009169504847,0.96446098489701,0.9648097649655889,0.04427560911710768,0.026722556981922975,,,,,,,0.043
MIMIC-IV Ready for Discharge,LDA,3,split,18836,1336,13.099292638197538,19,0.1367157845781788,0.13269583442494104,-0.00401995015323775,CP Sum,True,,0.9660728320670684,0.9659711495623493,0.966541790466348,0.047943411055802986,0.01991092481006026,0.05986109633494812,0.04149415776508599,0.0005,0.0014994997498749376,True,True,2.567
MIMIC-IV Ready for Discharge,LDA,3,split,18836,1336,13.099292638197538,19,0.1367157845781788,0.13269583442494104,-0.00401995015323775,CP Minimax,True,,0.9645009169504847,0.9644633333638225,0.9648006234575919,0.04401362326434372,0.026984542834686927,0.05321950250862523,0.05197750899078137,0.0005,0.0014994997498749376,True,True,2.57
MIMIC-IV Ready for Discharge,LDA,3,split,18836,1336,13.099292638197538,19,0.1367157845781788,0.13269583442494104,-0.00401995015323775,DKW Sum,True,,0.9660728320670684,0.9659711495623493,0.966541790466348,0.047943411055802986,0.01991092481006026,0.06439175688150588,0.0629362965174273,0.0009997498749374687,0.00449799899949975,True,True,0.642
MIMIC-IV Ready for Discharge,LDA,3,split,18836,1336,13.099292638197538,19,0.1367157845781788,0.13269583442494104,-0.00401995015323775,DKW Minimax,True,,0.9659418391406864,0.9658304158937571,0.9664342886651175,0.04872936861409484,0.019386953104532357,0.06513461402436302,0.0629362965174273,0.0009997498749374687,0.00449799899949975,True,True,0.64
MIMIC-IV Ready for Discharge,LDA,4,naive,53817,3817,13.099292638197538,19,0.13685725176840452,0.14107938171338746,0.004222129944982944,Baseline,True,,0.8589206182866125,0.8505535231309717,0.839755988692159,0.02148283992664396,0.26067592350013097,,,,,,,
MIMIC-IV Ready for Discharge,LDA,4,naive,53817,3817,13.099292638197538,19,0.13685725176840452,0.14107938171338746,0.004222129944982944,Threshold,True,,0.9630599947602829,0.9630279230527703,0.9633480634260463,0.044799580822635576,0.029080429656798534,,,,,,,
MIMIC-IV Ready for Discharge,LDA,4,naive,53817,3817,13.099292638197538,19,0.13685725176840452,0.14107938171338746,0.004222129944982944,SMOTE,True,,0.9663348179198323,0.9661323587474092,0.9669877970456006,0.05344511396384595,0.013885250196489389,,,,,,,
MIMIC-IV Ready for Discharge,LDA,4,naive,53817,3817,13.099292638197538,19,0.13685725176840452,0.14107938171338746,0.004222129944982944,Balanced Weights,False,,,,,,,,,,,,,
MIMIC-IV Ready for Discharge,LDA,4,naive,53817,3817,13.099292638197538,19,0.13685725176840452,0.14107938171338746,0.004222129944982944,Slacks Deltas,False,timeout,,,,,,,,,,,,300.0
MIMIC-IV Ready for Discharge,LDA,4,naive,53817,3817,13.099292638197538,19,0.13685725176840452,0.14107938171338746,0.004222129944982944,Min Deltas,True,,0.9314906995022268,0.9296153697355629,0.9353123067408782,0.12758711029604403,0.009431490699502228,,,,,,,154.42
MIMIC-IV Ready for Discharge,LDA,4,naive,53817,3817,13.099292638197538,19,0.13685725176840452,0.14107938171338746,0.004222129944982944,F Deltas,True,,0.9650248886560125,0.9649575939613653,0.9654189871778267,0.046371495939219284,0.023578726748755566,,,,,,,0.054
MIMIC-IV Ready for Discharge,LDA,4,naive,53817,3817,13.099292638197538,19,0.13685725176840452,0.14107938171338746,0.004222129944982944,CP Sum,True,,0.9651558815823945,0.9649962518651711,0.9657569515962925,0.05239717055279015,0.01729106628242075,0.05712347330917941,0.034065182255886645,0.0005,0.0005,True,True,4.087
MIMIC-IV Ready for Discharge,LDA,4,naive,53817,3817,13.099292638197538,19,0.13685725176840452,0.14107938171338746,0.004222129944982944,CP Minimax,True,,0.9630599947602829,0.9630279230527703,0.9633480634260463,0.044799580822635576,0.029080429656798534,0.046205259233985434,0.04616421667735622,0.0005,0.0005,True,True,4.075
MIMIC-IV Ready for Discharge,LDA,4,naive,53817,3817,13.099292638197538,19,0.13685725176840452,0.14107938171338746,0.004222129944982944,DKW Sum,True,,0.9630599947602829,0.9630279230527703,0.9633480634260463,0.044799580822635576,0.029080429656798534,0.049738315467762154,0.05762032376753194,0.0005,0.002498999499749875,True,True,1.82
MIMIC-IV Ready for Discharge,LDA,4,naive,53817,3817,13.099292638197538,19,0.13685725176840452,0.14107938171338746,0.004222129944982944,DKW Minimax,True,,0.9651558815823945,0.9650443675894416,0.9656596953266202,0.049515326172386694,0.020172910662824207,0.05573831546776215,0.053952521828836635,0.0005,0.002498999499749875,True,True,1.81
MIMIC-IV Ready for Discharge,LDA,4,split,18836,1336,13.099292638197538,19,0.13637732303971725,0.13806654440660204,0.001689221366884791,Baseline,True,,0.861933455593398,0.8540483239529202,0.8437592647494812,0.021744825779407912,0.2543882630337962,,,,,,,
MIMIC-IV Ready for Discharge,LDA,4,split,18836,1336,13.099292638197538,19,0.13637732303971725,0.13806654440660204,0.001689221366884791,Threshold,True,,0.9659418391406864,0.9658008169330239,0.9664948453608248,0.0505632695834425,0.0175530521351847,,,,,,,
MIMIC-IV Ready for Discharge,LDA,4,split,18836,1336,13.099292638197538,19,0.13637732303971725,0.13806654440660204,0.001689221366884791,SMOTE,True,,0.9667277966989782,0.9665280917326271,0.9673689619732785,0.05292114225831805,0.013623264343725438,,,,,,,
MIMIC-IV Ready for Discharge,LDA,4,split,18836,1336,13.099292638197538,19,0.13637732303971725,0.13806654440660204,0.001689221366884791,Balanced Weights,False,,,,,,,,,,,,,
MIMIC-IV Ready for Discharge,LDA,4,split,18836,1336,13.099292638197538,19,0.13637732303971725,0.13806654440660204,0.001689221366884791,Slacks Deltas,False,timeout,,,,,,,,,,,,300.0
MIMIC-IV Ready for Discharge,LDA,4,split,18836,1336,13.099292638197538,19,0.13637732303971725,0.13806654440660204,0.001689221366884791,Min Deltas,True,,0.941446161907257,0.9402312739121809,0.944118014751844,0.106366256222164,0.01074141996332198,,,,,,,52.404
MIMIC-IV Ready for Discharge,LDA,4,split,18836,1336,13.099292638197538,19,0.13637732303971725,0.13806654440660204,0.001689221366884791,F Deltas,True,,0.9658108462143045,0.9657237772094955,0.9662485451959136,0.04715745349751113,0.02122085407388001,,,,,,,0.043
MIMIC-IV Ready for Discharge,LDA,4,split,18836,1336,13.099292638197538,19,0.13637732303971725,0.13806654440660204,0.001689221366884791,CP Sum,True,,0.9659418391406864,0.9657963041666401,0.9665034784849266,0.050825255436206446,0.01729106628242075,0.06054169048484228,0.04575394055497513,0.0005,0.0014994997498749376,True,True,2.54
MIMIC-IV Ready for Discharge,LDA,4,split,18836,1336,13.099292638197538,19,0.13637732303971725,0.13806654440660204,0.001689221366884791,CP Minimax,True,,0.9660728320670684,0.9659634045919286,0.9665590703679794,0.04846738276133089,0.019386953104532357,0.05651426276262675,0.055028087665939016,0.0005,0.0014994997498749376,True,True,2.543
MIMIC-IV Ready for Discharge,LDA,4,split,18836,1336,13.099292638197538,19,0.13637732303971725,0.13806654440660204,0.001689221366884791,DKW Sum,True,,0.9659418391406864,0.9657963041666401,0.9665034784849266,0.050825255436206446,0.01729106628242075,0.06502032831007731,0.0659303084934752,0.0009997498749374687,0.00449799899949975,True,True,0.652
MIMIC-IV Ready for Discharge,LDA,4,split,18836,1336,13.099292638197538,19,0.13637732303971725,0.13806654440660204,0.001689221366884791,DKW Minimax,True,,0.9648938957296306,0.9647094992530363,0.9655438416045256,0.053969085669373855,0.016243122871364948,0.06844889973864873,0.06518180549946323,0.0009997498749374687,0.00449799899949975,True,True,0.64
MIMIC-IV Ready for Discharge,LDA,5,naive,53817,3817,13.099292638197538,19,0.14016008907518993,0.1388525019648939,-0.0013075871102960213,Baseline,True,,0.8611474980351062,0.8532551032063851,0.8428698487992885,0.022530783337699763,0.25517422059208805,,,,,,,
MIMIC-IV Ready for Discharge,LDA,5,naive,53817,3817,13.099292638197538,19,0.14016008907518993,0.1388525019648939,-0.0013075871102960213,Threshold,True,,0.9662038249934504,0.9661150241893317,0.9666408068269977,0.04689546764474718,0.02069688236835211,,,,,,,
MIMIC-IV Ready for Discharge,LDA,5,naive,53817,3817,13.099292638197538,19,0.14016008907518993,0.1388525019648939,-0.0013075871102960213,SMOTE,True,,0.9677757401100341,0.967676125040039,0.9682170542635659,0.04610951008645533,0.018339009693476554,,,,,,,
MIMIC-IV Ready for Discharge,LDA,5,naive,53817,3817,13.099292638197538,19,0.14016008907518993,0.1388525019648939,-0.0013075871102960213,Balanced Weights,False,,,,,,,,,,,,,
MIMIC-IV Ready for Discharge,LDA,5,naive,53817,3817,13.099292638197538,19,0.14016008907518993,0.1388525019648939,-0.0013075871102960213,Slacks Deltas,False,timeout,,,,,,,,,,,,300.001
MIMIC-IV Ready for Discharge,LDA,5,naive,53817,3817,13.099292638197538,19,0.14016008907518993,0.1388525019648939,-0.0013075871102960213,Min Deltas,True,,0.9422321194655489,0.9412339739268534,0.9446327683615819,0.101126539166885,0.01440922190201729,,,,,,,153.76
MIMIC-IV Ready for Discharge,LDA,5,naive,53817,3817,13.099292638197538,19,0.14016008907518993,0.1388525019648939,-0.0013075871102960213,F Deltas,True,,0.9652868745087765,0.965268875923558,0.9654902982159135,0.040607807178412364,0.02881844380403458,,,,,,,0.055
MIMIC-IV Ready for Discharge,LDA,5,naive,53817,3817,13.099292638197538,19,0.14016008907518993,0.1388525019648939,-0.0013075871102960213,CP Sum,True,,0.9662038249934504,0.9661150241893317,0.9666408068269977,0.04689546764474718,0.02069688236835211,0.05706044007079911,0.025860204426623647,0.0005,0.0005,True,True,4.131
MIMIC-IV Ready for Discharge,LDA,5,naive,53817,3817,13.099292638197538,19,0.14016008907518993,0.1388525019648939,-0.0013075871102960213,CP Minimax,True,,0.9641079381713388,0.9641079025754342,0.964098532494759,0.035630075975897305,0.0361540476814252,0.04504140193223477,0.04487923225422524,0.0005,0.0005,True,True,4.145
MIMIC-IV Ready for Discharge,LDA,5,naive,53817,3817,13.099292638197538,19,0.14016008907518993,0.1388525019648939,-0.0013075871102960213,DKW Sum,True,,0.9662038249934504,0.9661150241893317,0.9666408068269977,0.04689546764474718,0.02069688236835211,0.06003831546776215,0.04163918674893095,0.0005,0.002498999499749875,True,True,1.84
MIMIC-IV Ready for Discharge,LDA,5,naive,53817,3817,13.099292638197538,19,0.14016008907518993,0.1388525019648939,-0.0013075871102960213,DKW Minimax,True,,0.9654178674351584,0.9653956499260519,0.9656428943258719,0.04113177888394027,0.02803248624574273,0.053318315467762153,0.05159464915396107,0.0005,0.002498999499749875,True,True,1.83
MIMIC-IV Ready for Discharge,LDA,5,split,18836,1336,13.099292638197538,19,0.14936459244101324,0.1484149855907781,-0.0009496068502351518,Baseline,True,,0.8515850144092219,0.8421114578128697,0.8300584970751462,0.021744825779407912,0.2750851454021483,,,,,,,
MIMIC-IV Ready for Discharge,LDA,5,split,18836,1336,13.099292638197538,19,0.14936459244101324,0.1484149855907781,-0.0009496068502351518,Threshold,True,,0.9660728320670684,0.9659892682872835,0.9664985124822144,0.04663348179198323,0.02122085407388001,,,,,,,
MIMIC-IV Ready for Discharge,LDA,5,split,18836,1336,13.099292638197538,19,0.14936459244101324,0.1484149855907781,-0.0009496068502351518,SMOTE,True,,0.9676447471836521,0.9675393991613123,0.9681002195531447,0.04663348179198323,0.0180770238407126,,,,,,,
MIMIC-IV Ready for Discharge,LDA,5,split,18836,1336,13.099292638197538,19,0.14936459244101324,0.1484149855907781,-0.0009496068502351518,Balanced Weights,False,,,,,,,,,,,,,
MIMIC-IV Ready for Discharge,LDA,5,split,18836,1336,13.099292638197538,19,0.14936459244101324,0.1484149855907781,-0.0009496068502351518,Slacks Deltas,False,timeout,,,,,,,,,,,,300.0
MIMIC-IV Ready for Discharge,LDA,5,split,18836,1336,13.099292638197538,19,0.14936459244101324,0.1484149855907781,-0.0009496068502351518,Min Deltas,True,,0.941184176054493,0.9401360044963315,0.9436849366612317,0.1032224259889966,0.01440922190201729,,,,,,,53.375
MIMIC-IV Ready for Discharge,LDA,5,split,18836,1336,13.099292638197538,19,0.14936459244101324,0.1484149855907781,-0.0009496068502351518,F Deltas,True,,0.9655488603615405,0.9655113175672254,0.9658397194440836,0.04296567985328792,0.025936599423631124,,,,,,,0.044
MIMIC-IV Ready for Discharge,LDA,5,split,18836,1336,13.099292638197538,19,0.14936459244101324,0.1484149855907781,-0.0009496068502351518,CP Sum,True,,0.9642389310977207,0.9641212509474865,0.964769647696477,0.050825255436206446,0.02069688236835211,0.062087094568135166,0.0330550618664856,0.0005,0.0009997498749374687,True,True,2.569
MIMIC-IV Ready for Discharge,LDA,5,split,18836,1336,13.099292638197538,19,0.14936459244101324,0.1484149855907781,-0.0009496068502351518,CP Minimax,True,,0.9650248886560125,0.9650163448281646,0.9651663405088062,0.03903589206182866,0.030914330626146187,0.050663379425495834,0.04888792749812652,0.0005,0.0014994997498749376,True,True,2.57
MIMIC-IV Ready for Discharge,LDA,5,split,18836,1336,13.099292638197538,19,0.14936459244101324,0.1484149855907781,-0.0009496068502351518,DKW Sum,True,,0.9656798532879225,0.9656285351078258,0.9660181582360571,0.04427560911710768,0.02436468430704742,0.06136318545293445,0.06069078753539137,0.0009997498749374687,0.00449799899949975,True,True,0.64
MIMIC-IV Ready for Discharge,LDA,5,split,18836,1336,13.099292638197538,19,0.14936459244101324,0.1484149855907781,-0.0009496068502351518,DKW Minimax,True,,0.9659418391406864,0.9658633538869262,0.9663561076604554,0.046371495939219284,0.021744825779407912,0.06307747116722016,0.0599422845413794,0.0009997498749374687,0.00449799899949975,True,True,0.635
MIMIC-IV Ready for Discharge,LDA,6,naive,53817,3817,13.099292638197538,19,0.1353803012837307,0.13872150903851194,0.00334120775478125,Baseline,True,,0.8612784909614881,0.8539653820449188,0.8437822687712052,0.026722556981922975,0.2507204610951009,,,,,,,
MIMIC-IV Ready for Discharge,LDA,6,naive,53817,3817,13.099292638197538,19,0.1353803012837307,0.13872150903851194,0.00334120775478125,Threshold,True,,0.9630599947602829,0.962963633880479,0.9635564745412252,0.0505632695834425,0.023316740895991617,,,,,,,
MIMIC-IV Ready for Discharge,LDA,6,naive,53817,3817,13.099292638197538,19,0.1353803012837307,0.13872150903851194,0.00334120775478125,SMOTE,True,,0.9637149593921929,0.9635526957601003,0.9643454756081864,0.053969085669373855,0.018600995546240503,,,,,,,
MIMIC-IV Ready for Discharge,LDA,6,naive,53817,3817,13.099292638197538,19,0.1353803012837307,0.13872150903851194,0.00334120775478125,Balanced Weights,False,,,,,,,,,,,,,
MIMIC-IV Ready for Discharge,LDA,6,naive,53817,3817,13.099292638197538,19,0.1353803012837307,0.13872150903851194,0.00334120775478125,Slacks Deltas,False,timeout,,,,,,,,,,,,300.001
MIMIC-IV Ready for Discharge,LDA,6,naive,53817,3817,13.099292638197538,19,0.1353803012837307,0.13872150903851194,0.00334120775478125,Min Deltas,True,,0.9376473670421798,0.9362971567703161,0.9406335744574706,0.11265391668849882,0.012051349227141734,,,,,,,155.156
MIMIC-IV Ready for Discharge,LDA,6,naive,53817,3817,13.099292638197538,19,0.1353803012837307,0.13872150903851194,0.00334120775478125,F Deltas,True,,0.9633219806130469,0.9632831842656383,0.9636363636363636,0.04532355252816348,0.02803248624574273,,,,,,,0.055
MIMIC-IV Ready for Discharge,LDA,6,naive,53817,3817,13.099292638197538,19,0.1353803012837307,0.13872150903851194,0.00334120775478125,CP Sum,True,,0.9630599947602829,0.962963633880479,0.9635564745412252,0.0505632695834425,0.023316740895991617,0.051989591598117474,0.03103149333460143,0.0005,0.0005,True,True,4.129
MIMIC-IV Ready for Discharge,LDA,6,naive,53817,3817,13.099292638197538,19,0.1353803012837307,0.13872150903851194,0.00334120775478125,CP Minimax,True,,0.9620120513492272,0.9619991731458107,0.9622002085505735,0.04296567985328792,0.03301021744825779,0.044151960066783104,0.044234947279226694,0.0005,0.0005,True,True,4.129
MIMIC-IV Ready for Discharge,LDA,6,naive,53817,3817,13.099292638197538,19,0.1353803012837307,0.13872150903851194,0.00334120775478125,DKW Sum,True,,0.9630599947602829,0.962963633880479,0.9635564745412252,0.0505632695834425,0.023316740895991617,0.05521831546776215,0.04556897454039021,0.0005,0.002498999499749875,True,True,1.765
MIMIC-IV Ready for Discharge,LDA,6,naive,53817,3817,13.099292638197538,19,0.1353803012837307,0.13872150903851194,0.00334120775478125,DKW Minimax,True,,0.9634529735394288,0.9633973956717057,0.9638273045507585,0.04689546764474718,0.026198585276395073,0.052438315467762155,0.05002273403737737,0.0005,0.002498999499749875,True,True,1.783
MIMIC-IV Ready for Discharge,LDA,6,split,18836,1336,13.099292638197538,19,0.1374049607788423,0.14238931097720722,0.004984350198364934,Baseline,True,,0.8576106890227928,0.849810469114214,0.8390345031837702,0.026984542834686927,0.2577940791197275,,,,,,,
MIMIC-IV Ready for Discharge,LDA,6,split,18836,1336,13.099292638197538,19,0.1374049607788423,0.14238931097720722,0.004984350198364934,Threshold,True,,0.9631909876866649,0.9630812327698828,0.9637185280826339,0.051349227141734344,0.022268797484935814,,,,,,,
MIMIC-IV Ready for Discharge,LDA,6,split,18836,1336,13.099292638197538,19,0.1374049607788423,0.14238931097720722,0.004984350198364934,SMOTE,True,,0.9635839664658108,0.9634192674279838,0.9642213642213642,0.054231071522137804,0.018600995546240503,,,,,,,
MIMIC-IV Ready for Discharge,LDA,6,split,18836,1336,13.099292638197538,19,0.1374049607788423,0.14238931097720722,0.004984350198364934,Balanced Weights,False,,,,,,,,,,,,,
MIMIC-IV Ready for Discharge,LDA,6,split,18836,1336,13.099292638197538,19,0.1374049607788423,0.14238931097720722,0.004984350198364934,Slacks Deltas,False,timeout,,,,,,,,,,,,300.0
MIMIC-IV Ready for Discharge,LDA,6,split,18836,1336,13.099292638197538,19,0.1374049607788423,0.14238931097720722,0.004984350198364934,Min Deltas,True,,0.9390882892323814,0.9378703469275582,0.9418677334666833,0.10872412889703956,0.013099292638197537,,,,,,,53.301
MIMIC-IV Ready for Discharge,LDA,6,split,18836,1336,13.099292638197538,19,0.1374049607788423,0.14238931097720722,0.004984350198364934,F Deltas,True,,0.962929001833901,0.9628485868885641,0.9633846551947212,0.049515326172386694,0.02462667015981137,,,,,,,0.044
MIMIC-IV Ready for Discharge,LDA,6,split,18836,1336,13.099292638197538,19,0.1374049607788423,0.14238931097720722,0.004984350198364934,CP Sum,True,,0.9633219806130469,0.9632219049415479,0.9638242894056848,0.0505632695834425,0.022792769190463715,0.05539643399544613,0.043636652959227404,0.0005,0.0014994997498749376,True,True,2.58
MIMIC-IV Ready for Discharge,LDA,6,split,18836,1336,13.099292638197538,19,0.1374049607788423,0.14238931097720722,0.004984350198364934,CP Minimax,True,,0.9637149593921929,0.9636675162436474,0.9640586479823537,0.04584752423369138,0.026722556981922975,0.050725804629797304,0.04992243032358423,0.0005,0.0014994997498749376,True,True,2.581
MIMIC-IV Ready for Discharge,LDA,6,split,18836,1336,13.099292638197538,19,0.1374049607788423,0.14238931097720722,0.004984350198364934,DKW Sum,True,,0.9622740372019911,0.9622649072405866,0.9624315157839812,0.041917736442232116,0.0335341891537857,0.05199175688150588,0.07191833244557101,0.0009997498749374687,0.00449799899949975,True,True,0.657
MIMIC-IV Ready for Discharge,LDA,6,split,18836,1336,13.099292638197538,19,0.1374049607788423,0.14238931097720722,0.004984350198364934,DKW Minimax,True,,0.9614880796436992,0.9613081349190888,0.9621913580246914,0.057112915902541264,0.01991092481006026,0.06593461402436301,0.06218779352341533,0.0009997498749374687,0.00449799899949975,True,True,0.649
MIMIC-IV Ready for Discharge,LDA,7,naive,53817,3817,13.099292638197538,19,0.12947966203824993,0.12850406078071783,-0.0009756012575320994,Baseline,True,,0.8714959392192821,0.8649966710387819,0.8562216034002638,0.022268797484935814,0.23473932407649986,,,,,,,
MIMIC-IV Ready for Discharge,LDA,7,naive,53817,3817,13.099292638197538,19,0.12947966203824993,0.12850406078071783,-0.0009756012575320994,Threshold,True,,0.9664658108462143,0.9663697895750112,0.9669165158955803,0.04715745349751113,0.01991092481006026,,,,,,,
MIMIC-IV Ready for Discharge,LDA,7,naive,53817,3817,13.099292638197538,19,0.12947966203824993,0.12850406078071783,-0.0009756012575320994,SMOTE,True,,0.9665968037725963,0.9663835328493751,0.9672615226601617,0.053707099816609906,0.013099292638197537,,,,,,,
MIMIC-IV Ready for Discharge,LDA,7,naive,53817,3817,13.099292638197538,19,0.12947966203824993,0.12850406078071783,-0.0009756012575320994,Balanced Weights,False,,,,,,,,,,,,,
MIMIC-IV Ready for Discharge,LDA,7,naive,53817,3817,13.099292638197538,19,0.12947966203824993,0.12850406078071783,-0.0009756012575320994,Slacks Deltas,False,timeout,,,,,,,,,,,,300.001
MIMIC-IV Ready for Discharge,LDA,7,naive,53817,3817,13.099292638197538,19,0.12947966203824993,0.12850406078071783,-0.0009756012575320994,Min Deltas,True,,0.941446161907257,0.9401773986009444,0.9441738478831023,0.10741419963321981,0.009693476552266178,,,,,,,155.911
MIMIC-IV Ready for Discharge,LDA,7,naive,53817,3817,13.099292638197538,19,0.12947966203824993,0.12850406078071783,-0.0009756012575320994,F Deltas,True,,0.9651558815823945,0.9651097982801099,0.9654814430314042,0.04427560911710768,0.025412627718103223,,,,,,,0.055
MIMIC-IV Ready for Discharge,LDA,7,naive,53817,3817,13.099292638197538,19,0.12947966203824993,0.12850406078071783,-0.0009756012575320994,CP Sum,True,,0.9664658108462143,0.9663697895750112,0.9669165158955803,0.04715745349751113,0.01991092481006026,0.05230563713390215,0.03339483413704485,0.0005,0.0005,True,True,4.104
MIMIC-IV Ready for Discharge,LDA,7,naive,53817,3817,13.099292638197538,19,0.12947966203824993,0.12850406078071783,-0.0009756012575320994,CP Minimax,True,,0.9647629028032486,0.9647379222265992,0.9650058540392871,0.04217972229499607,0.02829447209850668,0.04525308632184479,0.045200920708209066,0.0005,0.0005,True,True,4.105
MIMIC-IV Ready for Discharge,LDA,7,naive,53817,3817,13.099292638197538,19,0.12947966203824993,0.12850406078071783,-0.0009756012575320994,DKW Sum,True,,0.9664658108462143,0.9663697895750112,0.9669165158955803,0.04715745349751113,0.01991092481006026,0.055518315467762154,0.04740287550973787,0.0005,0.002498999499749875,True,True,1.749
MIMIC-IV Ready for Discharge,LDA,7,naive,53817,3817,13.099292638197538,19,0.12947966203824993,0.12850406078071783,-0.0009756012575320994,DKW Minimax,True,,0.9652868745087765,0.9652164692427393,0.9656869092321637,0.046371495939219284,0.023054755043227664,0.053458315467762155,0.05133266330119712,0.0005,0.002498999499749875,True,True,1.75
MIMIC-IV Ready for Discharge,LDA,7,split,18836,1336,13.099292638197538,19,0.1349173844293554,0.13531569295258056,0.00039830852322514376,Baseline,True,,0.8646843070474194,0.8571934489854723,0.8473474213092951,0.021744825779407912,0.24888656012575322,,,,,,,
MIMIC-IV Ready for Discharge,LDA,7,split,18836,1336,13.099292638197538,19,0.1349173844293554,0.13531569295258056,0.00039830852322514376,Threshold,True,,0.9656798532879225,0.9655910042966237,0.9661236100336178,0.04741943935027509,0.02122085407388001,,,,,,,
MIMIC-IV Ready for Discharge,LDA,7,split,18836,1336,13.099292638197538,19,0.1349173844293554,0.13531569295258056,0.00039830852322514376,SMOTE,True,,0.9662038249934504,0.9659932117294426,0.9668721109399075,0.053969085669373855,0.013623264343725438,,,,,,,
MIMIC-IV Ready for Discharge,LDA,7,split,18836,1336,13.099292638197538,19,0.1349173844293554,0.13531569295258056,0.00039830852322514376,Balanced Weights,False,,,,,,,,,,,,,
MIMIC-IV Ready for Discharge,LDA,7,split,18836,1336,13.099292638197538,19,0.1349173844293554,0.13531569295258056,0.00039830852322514376,Slacks Deltas,False,timeout,,,,,,,,,,,,300.0
MIMIC-IV Ready for Discharge,LDA,7,split,18836,1336,13.099292638197538,19,0.1349173844293554,0.13531569295258056,0.00039830852322514376,Min Deltas,True,,0.9435420487293686,0.9423824497648127,0.946064322362658,0.1032224259889966,0.009693476552266178,,,,,,,52.889
MIMIC-IV Ready for Discharge,LDA,7,split,18836,1336,13.099292638197538,19,0.1349173844293554,0.13531569295258056,0.00039830852322514376,F Deltas,True,,0.9656798532879225,0.9655979703528916,0.9661060802069857,0.04689546764474718,0.021744825779407912,,,,,,,0.043
MIMIC-IV Ready for Discharge,LDA,7,split,18836,1336,13.099292638197538,19,0.1349173844293554,0.13531569295258056,0.00039830852322514376,CP Sum,True,,0.9658108462143045,0.9657129030266389,0.9662747124951544,0.047943411055802986,0.020434896515588157,0.053966393590119614,0.044698282365353295,0.0005,0.0014994997498749376,True,True,2.573
MIMIC-IV Ready for Discharge,LDA,7,split,18836,1336,13.099292638197538,19,0.1349173844293554,0.13531569295258056,0.00039830852322514376,CP Minimax,True,,0.9654178674351584,0.9653458808501107,0.965820818228897,0.046371495939219284,0.022792769190463715,0.05228511030373999,0.05095222463017697,0.0005,0.0014994997498749376,True,True,2.582
MIMIC-IV Ready for Discharge,LDA,7,split,18836,1336,13.099292638197538,19,0.1349173844293554,0.13531569295258056,0.00039830852322514376,DKW Sum,True,,0.9658108462143045,0.9657129030266389,0.9662747124951544,0.047943411055802986,0.020434896515588157,0.05896318545293445,0.06518180549946323,0.0009997498749374687,0.00449799899949975,True,True,0.663
MIMIC-IV Ready for Discharge,LDA,7,split,18836,1336,13.099292638197538,19,0.1349173844293554,0.13531569295258056,0.00039830852322514376,DKW Minimax,True,,0.9648938957296306,0.9647094992530363,0.9655438416045256,0.053969085669373855,0.016243122871364948,0.06530604259579159,0.0629362965174273,0.0009997498749374687,0.00449799899949975,True,True,0.658
MIMIC-IV Ready for Discharge,LDA,8,naive,53817,3817,13.099292638197538,19,0.14154299711815563,0.14422321194655488,0.002680214828399252,Baseline,True,,0.8557767880534451,0.8473416337718573,0.8361363298109837,0.02436468430704742,0.26408173958606235,,,,,,,
MIMIC-IV Ready for Discharge,LDA,8,naive,53817,3817,13.099292638197538,19,0.14154299711815563,0.14422321194655488,0.002680214828399252,Threshold,True,,0.9652868745087765,0.965138956180743,0.9658637124822878,0.0516112129944983,0.017815037987948652,,,,,,,
MIMIC-IV Ready for Discharge,LDA,8,naive,53817,3817,13.099292638197538,19,0.14154299711815563,0.14422321194655488,0.002680214828399252,SMOTE,True,,0.96816871888918,0.9679389887757881,0.9688261706221937,0.05292114225831805,0.01074141996332198,,,,,,,
MIMIC-IV Ready for Discharge,LDA,8,naive,53817,3817,13.099292638197538,19,0.14154299711815563,0.14422321194655488,0.002680214828399252,Balanced Weights,False,,,,,,,,,,,,,
MIMIC-IV Ready for Discharge,LDA,8,naive,53817,3817,13.099292638197538,19,0.14154299711815563,0.14422321194655488,0.002680214828399252,Slacks Deltas,False,timeout,,,,,,,,,,,,300.001
MIMIC-IV Ready for Discharge,LDA,8,naive,53817,3817,13.099292638197538,19,0.14154299711815563,0.14422321194655488,0.002680214828399252,Min Deltas,False,timeout,,,,,,,,,,,,300.005
MIMIC-IV Ready for Discharge,LDA,8,naive,53817,3817,13.099292638197538,19,0.14154299711815563,0.14422321194655488,0.002680214828399252,F Deltas,True,,0.9662038249934504,0.9661411679937982,0.9665716506867064,0.044799580822635576,0.022792769190463715,,,,,,,0.117
MIMIC-IV Ready for Discharge,LDA,8,naive,53817,3817,13.099292638197538,19,0.14154299711815563,0.14422321194655488,0.002680214828399252,CP Sum,True,,0.9652868745087765,0.9651101538695699,0.9659163987138264,0.053183128111082,0.016243122871364948,0.055946503437685986,0.03705774500433643,0.0005,0.0005,True,True,6.763
MIMIC-IV Ready for Discharge,LDA,8,naive,53817,3817,13.099292638197538,19,0.14154299711815563,0.14422321194655488,0.002680214828399252,CP Minimax,True,,0.9660728320670684,0.9660174049276461,0.9664203293141449,0.04427560911710768,0.023578726748755566,0.048276656965826066,0.04791699054753629,0.0005,0.0009997498749374687,True,True,6.809
MIMIC-IV Ready for Discharge,LDA,8,naive,53817,3817,13.099292638197538,19,0.14154299711815563,0.14422321194655488,0.002680214828399252,DKW Sum,True,,0.9652868745087765,0.965138956180743,0.9658637124822878,0.0516112129944983,0.017815037987948652,0.05695831546776215,0.05211862085948898,0.0005,0.002498999499749875,True,True,2.916
MIMIC-IV Ready for Discharge,LDA,8,naive,53817,3817,13.099292638197538,19,0.14154299711815563,0.14422321194655488,0.002680214828399252,DKW Minimax,True,,0.9651558815823945,0.9650320988410559,0.9656862745098039,0.05030128373067854,0.019386953104532357,0.055998315467762155,0.053952521828836635,0.0005,0.002498999499749875,True,True,2.938
MIMIC-IV Ready for Discharge,LDA,8,split,18836,1336,13.099292638197538,19,0.1397095215948904,0.14540214828399267,0.005692626689102281,Baseline,True,,0.8545978517160073,0.8460579095653925,0.8346738159070599,0.02488865601257532,0.26591564055541,,,,,,,
MIMIC-IV Ready for Discharge,LDA,8,split,18836,1336,13.099292638197538,19,0.1397095215948904,0.14540214828399267,0.005692626689102281,Threshold,True,,0.9665968037725963,0.9664668406084376,0.9671179883945842,0.04925334031962274,0.0175530521351847,,,,,,,
MIMIC-IV Ready for Discharge,LDA,8,split,18836,1336,13.099292638197538,19,0.1397095215948904,0.14540214828399267,0.005692626689102281,SMOTE,True,,0.9679067330364161,0.9676769407266079,0.9685695958948044,0.053183128111082,0.01100340581608593,,,,,,,
MIMIC-IV Ready for Discharge,LDA,8,split,18836,1336,13.099292638197538,19,0.1397095215948904,0.14540214828399267,0.005692626689102281,Balanced Weights,False,,,,,,,,,,,,,
MIMIC-IV Ready for Discharge,LDA,8,split,18836,1336,13.099292638197538,19,0.1397095215948904,0.14540214828399267,0.005692626689102281,Slacks Deltas,False,timeout,,,,,,,,,,,,300.0
MIMIC-IV Ready for Discharge,LDA,8,split,18836,1336,13.099292638197538,19,0.1397095215948904,0.14540214828399267,0.005692626689102281,Min Deltas,True,,0.9447209850668064,0.9434768955485151,0.9472763618190905,0.1037463976945245,0.006811632171862719,,,,,,,113.937
MIMIC-IV Ready for Discharge,LDA,8,split,18836,1336,13.099292638197538,19,0.1397095215948904,0.14540214828399267,0.005692626689102281,F Deltas,True,,0.9667277966989782,0.9665999902736844,0.9672427134382254,0.04899135446685879,0.0175530521351847,,,,,,,0.1
MIMIC-IV Ready for Discharge,LDA,8,split,18836,1336,13.099292638197538,19,0.1397095215948904,0.14540214828399267,0.005692626689102281,CP Sum,True,,0.9665968037725963,0.9664951763936123,0.9670585195711149,0.04741943935027509,0.019386953104532357,0.05589338869647674,0.04992243032358423,0.0005,0.0014994997498749376,True,True,4.263
MIMIC-IV Ready for Discharge,LDA,8,split,18836,1336,13.099292638197538,19,0.1397095215948904,0.14540214828399267,0.005692626689102281,CP Minimax,True,,0.9656798532879225,0.9656078862340605,0.9660797514241326,0.04610951008645533,0.022530783337699763,0.054650568671425474,0.05401527407160515,0.0005,0.0014994997498749376,True,True,2.815
MIMIC-IV Ready for Discharge,LDA,8,split,18836,1336,13.099292638197538,19,0.1397095215948904,0.14540214828399267,0.005692626689102281,DKW Sum,True,,0.9665968037725963,0.9664951763936123,0.9670585195711149,0.04741943935027509,0.019386953104532357,0.060734614024363025,0.06892432046952311,0.0009997498749374687,0.00449799899949975,True,True,0.985
MIMIC-IV Ready for Discharge,LDA,8,split,18836,1336,13.099292638197538,19,0.1397095215948904,0.14540214828399267,0.005692626689102281,DKW Minimax,True,,0.9650248886560125,0.9648327542756656,0.9656856445186994,0.054231071522137804,0.015719151165837046,0.06770604259579159,0.06667881148748718,0.0009997498749374687,0.00449799899949975,True,True,0.989
MIMIC-IV Ready for Discharge,LDA,9,naive,53817,3817,13.099292638197538,19,0.15345236049253339,0.14933193607545192,-0.004120424417081464,Baseline,True,,0.8506680639245481,0.8410455898864485,0.8288288288288288,0.021744825779407912,0.27691904637149595,,,,,,,
MIMIC-IV Ready for Discharge,LDA,9,naive,53817,3817,13.099292638197538,19,0.15345236049253339,0.14933193607545192,-0.004120424417081464,Threshold,True,,0.9668587896253602,0.9668034075451297,0.9671982367431609,0.043489651558815824,0.022792769190463715,,,,,,,
MIMIC-IV Ready for Discharge,LDA,9,naive,53817,3817,13.099292638197538,19,0.15345236049253339,0.14933193607545192,-0.004120424417081464,SMOTE,True,,0.9686926905947079,0.9685064572582575,0.9692762565882505,0.05030128373067854,0.012313335079905684,,,,,,,
MIMIC-IV Ready for Discharge,LDA,9,naive,53817,3817,13.099292638197538,19,0.15345236049253339,0.14933193607545192,-0.004120424417081464,Balanced Weights,False,,,,,,,,,,,,,
MIMIC-IV Ready for Discharge,LDA,9,naive,53817,3817,13.099292638197538,19,0.15345236049253339,0.14933193607545192,-0.004120424417081464,Slacks Deltas,False,timeout,,,,,,,,,,,,300.0
MIMIC-IV Ready for Discharge,LDA,9,naive,53817,3817,13.099292638197538,19,0.15345236049253339,0.14933193607545192,-0.004120424417081464,Min Deltas,False,timeout,,,,,,,,,,,,300.005
MIMIC-IV Ready for Discharge,LDA,9,naive,53817,3817,13.099292638197538,19,0.15345236049253339,0.14933193607545192,-0.004120424417081464,F Deltas,True,,0.9664658108462143,0.966419790007332,0.9667791331430055,0.04296567985328792,0.024102698454283467,,,,,,,0.117
MIMIC-IV Ready for Discharge,LDA,9,naive,53817,3817,13.099292638197538,19,0.15345236049253339,0.14933193607545192,-0.004120424417081464,CP Sum,True,,0.9663348179198323,0.9662048195162407,0.9668600902643456,0.049515326172386694,0.017815037987948652,0.05785870711728467,0.03573236289597714,0.0005,0.0005,True,True,6.819
MIMIC-IV Ready for Discharge,LDA,9,naive,53817,3817,13.099292638197538,19,0.15345236049253339,0.14933193607545192,-0.004120424417081464,CP Minimax,True,,0.9663348179198323,0.9663135004814843,0.9665495249251594,0.040083835472884466,0.027246528687450876,0.04859344827745339,0.04791699054753629,0.0005,0.0009997498749374687,True,True,6.796
MIMIC-IV Ready for Discharge,LDA,9,naive,53817,3817,13.099292638197538,19,0.15345236049253339,0.14933193607545192,-0.004120424417081464,DKW Sum,True,,0.9668587896253602,0.9668034075451297,0.9671982367431609,0.043489651558815824,0.022792769190463715,0.055518315467762154,0.054214507681600584,0.0005,0.002498999499749875,True,True,2.91
MIMIC-IV Ready for Discharge,LDA,9,naive,53817,3817,13.099292638197538,19,0.15345236049253339,0.14933193607545192,-0.004120424417081464,DKW Minimax,True,,0.9667277966989782,0.9666709959294235,0.9670728545501686,0.04375163741157977,0.022792769190463715,0.055998315467762155,0.053952521828836635,0.0005,0.002498999499749875,True,True,2.939
MIMIC-IV Ready for Discharge,LDA,9,split,18836,1336,13.099292638197538,19,0.15743045298111802,0.15024888656012575,-0.007181566420992269,Baseline,True,,0.8497511134398742,0.8399382477460411,0.827544730115772,0.02148283992664396,0.27901493319360754,,,,,,,
MIMIC-IV Ready for Discharge,LDA,9,split,18836,1336,13.099292638197538,19,0.15743045298111802,0.15024888656012575,-0.007181566420992269,Threshold,True,,0.9673827613308882,0.9673093155892984,0.9677669902912621,0.04453759496987163,0.02069688236835211,,,,,,,
MIMIC-IV Ready for Discharge,LDA,9,split,18836,1336,13.099292638197538,19,0.15743045298111802,0.15024888656012575,-0.007181566420992269,SMOTE,True,,0.9686926905947079,0.9685012838449064,0.9692841537077497,0.0505632695834425,0.012051349227141734,,,,,,,
MIMIC-IV Ready for Discharge,LDA,9,split,18836,1336,13.099292638197538,19,0.15743045298111802,0.15024888656012575,-0.007181566420992269,Balanced Weights,False,,,,,,,,,,,,,
MIMIC-IV Ready for Discharge,LDA,9,split,18836,1336,13.099292638197538,19,0.15743045298111802,0.15024888656012575,-0.007181566420992269,Slacks Deltas,False,timeout,,,,,,,,,,,,300.0
MIMIC-IV Ready for Discharge,LDA,9,split,18836,1336,13.099292638197538,19,0.15743045298111802,0.15024888656012575,-0.007181566420992269,Min Deltas,True,,0.9458999214042442,0.9448569812450488,0.9482001755926251,0.09850668063924548,0.009693476552266178,,,,,,,67.761
MIMIC-IV Ready for Discharge,LDA,9,split,18836,1336,13.099292638197538,19,0.15743045298111802,0.15024888656012575,-0.007181566420992269,F Deltas,True,,0.9672517684045061,0.9671733894503376,0.9676501035196687,0.045061566675399525,0.020434896515588157,,,,,,,0.047
MIMIC-IV Ready for Discharge,LDA,9,split,18836,1336,13.099292638197538,19,0.15743045298111802,0.15024888656012575,-0.007181566420992269,CP Sum,True,,0.9665968037725963,0.9664350239998857,0.9671772428884027,0.051087241288970395,0.015719151165837046,0.06258122230496665,0.04149415776508599,0.0005,0.0014994997498749376,True,True,2.736
MIMIC-IV Ready for Discharge,LDA,9,split,18836,1336,13.099292638197538,19,0.15743045298111802,0.15024888656012575,-0.007181566420992269,CP Minimax,True,,0.9673827613308882,0.967327409249439,0.9677168416958382,0.04296567985328792,0.022268797484935814,0.055458565873839544,0.055028087665939016,0.0005,0.0014994997498749376,True,True,2.887
MIMIC-IV Ready for Discharge,LDA,9,split,18836,1336,13.099292638197538,19,0.15743045298111802,0.15024888656012575,-0.007181566420992269,DKW Sum,True,,0.9665968037725963,0.9664350239998857,0.9671772428884027,0.051087241288970395,0.015719151165837046,0.0669060425957916,0.0629362965174273,0.0009997498749374687,0.00449799899949975,True,True,0.646
MIMIC-IV Ready for Discharge,LDA,9,split,18836,1336,13.099292638197538,19,0.15743045298111802,0.15024888656012575,-0.007181566420992269,DKW Minimax,True,,0.9665968037725963,0.9664350239998857,0.9671772428884027,0.051087241288970395,0.015719151165837046,0.0669060425957916,0.0629362965174273,0.0009997498749374687,0.00449799899949975,True,True,0.676
MIMIC-IV Ready for Discharge,Linear,0,naive,53817,3817,13.099292638197538,19,0.12443668325910401,0.12195441446161907,-0.002482268797484935,Baseline,True,,0.878045585538381,0.8713371403753961,0.8632290289407962,0.013623264343725438,0.2302855645795127,,,,,,,
MIMIC-IV Ready for Discharge,Linear,0,naive,53817,3817,13.099292638197538,19,0.12443668325910401,0.12195441446161907,-0.002482268797484935,Threshold,True,,0.9534975111343987,0.9533905998680773,0.9541521374144388,0.06078071784123657,0.03222425988996594,,,,,,,
MIMIC-IV Ready for Discharge,Linear,0,naive,53817,3817,13.099292638197538,19,0.12443668325910401,0.12195441446161907,-0.002482268797484935,SMOTE,True,,0.9651558815823945,0.9650838754555565,0.9655618850336614,0.04663348179198323,0.023054755043227664,,,,,,,
MIMIC-IV Ready for Discharge,Linear,0,naive,53817,3817,13.099292638197538,19,0.12443668325910401,0.12195441446161907,-0.002482268797484935,Balanced Weights,True,,0.9668587896253602,0.9666970536968017,0.9674346762775132,0.050825255436206446,0.015457165313073094,,,,,,,
MIMIC-IV Ready for Discharge,Linear,0,naive,53817,3817,13.099292638197538,19,0.12443668325910401,0.12195441446161907,-0.002482268797484935,Slacks Deltas,False,timeout,,,,,,,,,,,,300.001
MIMIC-IV Ready for Discharge,Linear,0,naive,53817,3817,13.099292638197538,19,0.12443668325910401,0.12195441446161907,-0.002482268797484935,Min Deltas,True,,0.9341105580298664,0.9328861170022232,0.9371171396424554,0.11370186009955463,0.0180770238407126,,,,,,,143.927
MIMIC-IV Ready for Discharge,Linear,0,naive,53817,3817,13.099292638197538,19,0.12443668325910401,0.12195441446161907,-0.002482268797484935,F Deltas,True,,0.9528425465024889,0.952841249898541,0.9527683022828654,0.04558553838092743,0.04872936861409484,,,,,,,0.059
MIMIC-IV Ready for Discharge,Linear,0,naive,53817,3817,13.099292638197538,19,0.12443668325910401,0.12195441446161907,-0.002482268797484935,CP Sum,True,,0.9534975111343987,0.9533905998680773,0.9541521374144388,0.06078071784123657,0.03222425988996594,0.06597072615423404,0.053903527133945035,0.0005,0.0009997498749374687,True,True,4.389
MIMIC-IV Ready for Discharge,Linear,0,naive,53817,3817,13.099292638197538,19,0.12443668325910401,0.12195441446161907,-0.002482268797484935,CP Minimax,True,,0.951794603091433,0.9517279324599683,0.9523316062176166,0.05947078857741682,0.03694000523971706,0.06354242470500213,0.06259219534775211,0.0005,0.0009997498749374687,True,True,4.393
MIMIC-IV Ready for Discharge,Linear,0,naive,53817,3817,13.099292638197538,19,0.12443668325910401,0.12195441446161907,-0.002482268797484935,DKW Sum,True,,0.9534975111343987,0.9533905998680773,0.9541521374144388,0.06078071784123657,0.03222425988996594,0.06853831546776215,0.06443195593939466,0.0005,0.002498999499749875,True,True,1.89
MIMIC-IV Ready for Discharge,Linear,0,naive,53817,3817,13.099292638197538,19,0.12443668325910401,0.12195441446161907,-0.002482268797484935,DKW Minimax,True,,0.9532355252816348,0.9531324732625968,0.9538819273995608,0.06078071784123657,0.032748231595493844,0.06829831546776216,0.06626585690874232,0.0005,0.002498999499749875,True,True,1.874
MIMIC-IV Ready for Discharge,Linear,0,split,18836,1336,13.099292638197538,19,0.13010353145443834,0.12863505370709982,-0.0014684777473385202,Baseline,True,,0.8713649462929002,0.8637762165180894,0.8546907369044096,0.013885250196489389,0.24338485721771025,,,,,,,
MIMIC-IV Ready for Discharge,Linear,0,split,18836,1336,13.099292638197538,19,0.13010353145443834,0.12863505370709982,-0.0014684777473385202,Threshold,True,,0.952056588944197,0.951777404029932,0.9531370038412292,0.07099816609903065,0.02488865601257532,,,,,,,
MIMIC-IV Ready for Discharge,Linear,0,split,18836,1336,13.099292638197538,19,0.13010353145443834,0.12863505370709982,-0.0014684777473385202,SMOTE,True,,0.9665968037725963,0.9664794107209268,0.9670925280681378,0.04846738276133089,0.018339009693476554,,,,,,,
MIMIC-IV Ready for Discharge,Linear,0,split,18836,1336,13.099292638197538,19,0.13010353145443834,0.12863505370709982,-0.0014684777473385202,Balanced Weights,True,,0.9655488603615405,0.9653869049742336,0.9661475093319604,0.0521351847000262,0.01676709457689285,,,,,,,
MIMIC-IV Ready for Discharge,Linear,0,split,18836,1336,13.099292638197538,19,0.13010353145443834,0.12863505370709982,-0.0014684777473385202,Slacks Deltas,False,timeout,,,,,,,,,,,,300.0
MIMIC-IV Ready for Discharge,Linear,0,split,18836,1336,13.099292638197538,19,0.13010353145443834,0.12863505370709982,-0.0014684777473385202,Min Deltas,True,,0.9326696358396647,0.9312550168934604,0.9359581360578121,0.11867959130206969,0.015981137018600995,,,,,,,47.558
MIMIC-IV Ready for Discharge,Linear,0,split,18836,1336,13.099292638197538,19,0.13010353145443834,0.12863505370709982,-0.0014684777473385202,F Deltas,True,,0.9532355252816348,0.9532329241405482,0.9533394327538883,0.04899135446685879,0.04453759496987163,,,,,,,0.045
MIMIC-IV Ready for Discharge,Linear,0,split,18836,1336,13.099292638197538,19,0.13010353145443834,0.12863505370709982,-0.0014684777473385202,CP Sum,True,,0.9523185747969609,0.9521419792377487,0.9531772575250836,0.06602043489651559,0.029342415509562483,0.07799794682708125,0.0669171303634856,0.0005,0.0014994997498749376,True,True,2.699
MIMIC-IV Ready for Discharge,Linear,0,split,18836,1336,13.099292638197538,19,0.13010353145443834,0.12863505370709982,-0.0014684777473385202,CP Minimax,True,,0.952056588944197,0.9519268127533153,0.9527985555842146,0.06366256222164003,0.03222425988996594,0.07530640663756846,0.07366930228768287,0.0005,0.0014994997498749376,True,True,2.671
MIMIC-IV Ready for Discharge,Linear,0,split,18836,1336,13.099292638197538,19,0.13010353145443834,0.12863505370709982,-0.0014684777473385202,DKW Sum,True,,0.9523185747969609,0.9521419792377487,0.9531772575250836,0.06602043489651559,0.029342415509562483,0.08124889973864874,0.0816488713677267,0.0009997498749374687,0.00449799899949975,True,True,0.67
MIMIC-IV Ready for Discharge,Linear,0,split,18836,1336,13.099292638197538,19,0.13010353145443834,0.12863505370709982,-0.0014684777473385202,DKW Minimax,True,,0.951794603091433,0.9515808006414213,0.9527478171545968,0.06837830757139114,0.02803248624574273,0.08376318545293446,0.08015186537970276,0.0009997498749374687,0.00449799899949975,True,True,0.66
MIMIC-IV Ready for Discharge,Linear,1,naive,53817,3817,13.099292638197538,19,0.1302113649462929,0.12693214566413413,-0.0032792192821587685,Baseline,True,,0.8730678543358659,0.8665159802430465,0.8578970523537176,0.020172910662824207,0.23369138066544407,,,,,,,
MIMIC-IV Ready for Discharge,Linear,1,naive,53817,3817,13.099292638197538,19,0.1302113649462929,0.12693214566413413,-0.0032792192821587685,Threshold,True,,0.9477338223735918,0.947641471029386,0.9484162895927601,0.06549646319098769,0.03903589206182866,,,,,,,
MIMIC-IV Ready for Discharge,Linear,1,naive,53817,3817,13.099292638197538,19,0.1302113649462929,0.12693214566413413,-0.0032792192821587685,SMOTE,True,,0.9603091433062615,0.9601783290878115,0.9609284332688588,0.055541000785957556,0.023840712601519518,,,,,,,
MIMIC-IV Ready for Discharge,Linear,1,naive,53817,3817,13.099292638197538,19,0.1302113649462929,0.12693214566413413,-0.0032792192821587685,Balanced Weights,True,,0.962536023054755,0.9623134804928665,0.9632956878850103,0.05816085931359707,0.01676709457689285,,,,,,,
MIMIC-IV Ready for Discharge,Linear,1,naive,53817,3817,13.099292638197538,19,0.1302113649462929,0.12693214566413413,-0.0032792192821587685,Slacks Deltas,False,timeout,,,,,,,,,,,,300.0
MIMIC-IV Ready for Discharge,Linear,1,naive,53817,3817,13.099292638197538,19,0.1302113649462929,0.12693214566413413,-0.0032792192821587685,Min Deltas,True,,0.9325386429132827,0.9311165917694116,0.9358415348199826,0.11894157715483364,0.015981137018600995,,,,,,,140.981
MIMIC-IV Ready for Discharge,Linear,1,naive,53817,3817,13.099292638197538,19,0.1302113649462929,0.12693214566413413,-0.0032792192821587685,F Deltas,True,,0.9453759496987163,0.9453719474815336,0.9452252725600946,0.05187319884726225,0.05737490175530521,,,,,,,0.058
MIMIC-IV Ready for Discharge,Linear,1,naive,53817,3817,13.099292638197538,19,0.1302113649462929,0.12693214566413413,-0.0032792192821587685,CP Sum,True,,0.9477338223735918,0.947641471029386,0.9484162895927601,0.06549646319098769,0.03903589206182866,0.06115338560391908,0.05327717207086508,0.0005,0.0009997498749374687,False,True,4.315
MIMIC-IV Ready for Discharge,Linear,1,naive,53817,3817,13.099292638197538,19,0.1302113649462929,0.12693214566413413,-0.0032792192821587685,CP Minimax,True,,0.9477338223735918,0.947665299823211,0.9483227561196736,0.06366256222164003,0.04086979303117631,0.05955918356892949,0.05857581947198893,0.0005,0.0009997498749374687,False,True,4.313
MIMIC-IV Ready for Discharge,Linear,1,naive,53817,3817,13.099292638197538,19,0.1302113649462929,0.12693214566413413,-0.0032792192821587685,DKW Sum,True,,0.9477338223735918,0.947641471029386,0.9484162895927601,0.06549646319098769,0.03903589206182866,0.06393831546776216,0.06390798423386676,0.0005,0.002498999499749875,False,True,1.885
MIMIC-IV Ready for Discharge,Linear,1,naive,53817,3817,13.099292638197538,19,0.1302113649462929,0.12693214566413413,-0.0032792192821587685,DKW Minimax,True,,0.9478648152999738,0.9477592330311639,0.9485920950658745,0.06628242074927954,0.03798794865077286,0.06509831546776215,0.06364599838110281,0.0005,0.002498999499749875,False,True,1.889
MIMIC-IV Ready for Discharge,Linear,1,split,18836,1336,13.099292638197538,19,0.1387232381483893,0.1357086717317265,-0.0030145664166628117,Baseline,True,,0.8642913282682735,0.8565342888839688,0.8465639810426541,0.020172910662824207,0.25124443280062875,,,,,,,
MIMIC-IV Ready for Discharge,Linear,1,split,18836,1336,13.099292638197538,19,0.1387232381483893,0.1357086717317265,-0.0030145664166628117,Threshold,True,,0.9448519779931883,0.9446223901265244,0.9459771589888362,0.07597589730154572,0.034320146712077546,,,,,,,
MIMIC-IV Ready for Discharge,Linear,1,split,18836,1336,13.099292638197538,19,0.1387232381483893,0.1357086717317265,-0.0030145664166628117,SMOTE,True,,0.9609641079381713,0.9608480714837726,0.9615384615384616,0.053969085669373855,0.024102698454283467,,,,,,,
MIMIC-IV Ready for Discharge,Linear,1,split,18836,1336,13.099292638197538,19,0.1387232381483893,0.1357086717317265,-0.0030145664166628117,Balanced Weights,True,,0.962536023054755,0.9623354482070773,0.9632579650565262,0.057112915902541264,0.017815037987948652,,,,,,,
MIMIC-IV Ready for Discharge,Linear,1,split,18836,1336,13.099292638197538,19,0.1387232381483893,0.1357086717317265,-0.0030145664166628117,Slacks Deltas,False,timeout,,,,,,,,,,,,300.0
MIMIC-IV Ready for Discharge,Linear,1,split,18836,1336,13.099292638197538,19,0.1387232381483893,0.1357086717317265,-0.0030145664166628117,Min Deltas,True,,0.9393502750851453,0.9387928828648674,0.9412511102651948,0.09300497773120252,0.02829447209850668,,,,,,,45.763
MIMIC-IV Ready for Discharge,Linear,1,split,18836,1336,13.099292638197538,19,0.1387232381483893,0.1357086717317265,-0.0030145664166628117,F Deltas,True,,0.9448519779931883,0.9448245095776703,0.9452464559760697,0.06235263295782028,0.047943411055802986,,,,,,,0.044
MIMIC-IV Ready for Discharge,Linear,1,split,18836,1336,13.099292638197538,19,0.1387232381483893,0.1357086717317265,-0.0030145664166628117,CP Sum,True,,0.9444589992140424,0.9442205656247727,0.9456131349409954,0.07676185485983757,0.034320146712077546,0.07793682202925975,0.06594271108716863,0.0005,0.0014994997498749376,True,True,2.575
MIMIC-IV Ready for Discharge,Linear,1,split,18836,1336,13.099292638197538,19,0.1387232381483893,0.1357086717317265,-0.0030145664166628117,CP Minimax,True,,0.9449829709195704,0.9448247638344343,0.9459181045583311,0.0723080953628504,0.03772596279800891,0.07316231762038335,0.07271162336026303,0.0005,0.0014994997498749376,True,True,2.578
MIMIC-IV Ready for Discharge,Linear,1,split,18836,1336,13.099292638197538,19,0.1387232381483893,0.1357086717317265,-0.0030145664166628117,DKW Sum,True,,0.9453759496987163,0.9452641262745,0.9461588121368625,0.069164265129683,0.040083835472884466,0.07319175688150588,0.08838539831383449,0.0009997498749374687,0.00449799899949975,True,True,0.66
MIMIC-IV Ready for Discharge,Linear,1,split,18836,1336,13.099292638197538,19,0.1387232381483893,0.1357086717317265,-0.0030145664166628117,DKW Minimax,True,,0.9431490699502227,0.9428736170986015,0.9444159836065574,0.07964369924024103,0.034058160859313596,0.08347747116722015,0.08015186537970276,0.0009997498749374687,0.00449799899949975,True,True,0.646
MIMIC-IV Ready for Discharge,Linear,2,naive,53817,3817,13.099292638197538,19,0.1275715064186534,0.12889703955986379,0.0013255331412103943,Baseline,True,,0.8711029604401362,0.8639914100350458,0.8549955791335102,0.017815037987948652,0.2399790411317789,,,,,,,
MIMIC-IV Ready for Discharge,Linear,2,naive,53817,3817,13.099292638197538,19,0.1275715064186534,0.12889703955986379,0.0013255331412103943,Threshold,True,,0.9485197799318836,0.9484924177362061,0.9488880218493952,0.058684831019124965,0.04427560911710768,,,,,,,
MIMIC-IV Ready for Discharge,Linear,2,naive,53817,3817,13.099292638197538,19,0.1275715064186534,0.12889703955986379,0.0013255331412103943,SMOTE,True,,0.9650248886560125,0.9649377487320796,0.965472649683176,0.047943411055802986,0.02200681163217186,,,,,,,
MIMIC-IV Ready for Discharge,Linear,2,naive,53817,3817,13.099292638197538,19,0.1275715064186534,0.12889703955986379,0.0013255331412103943,Balanced Weights,True,,0.9663348179198323,0.9661681635712167,0.9669283232531206,0.0516112129944983,0.015719151165837046,,,,,,,
MIMIC-IV Ready for Discharge,Linear,2,naive,53817,3817,13.099292638197538,19,0.1275715064186534,0.12889703955986379,0.0013255331412103943,Slacks Deltas,False,timeout,,,,,,,,,,,,300.001
MIMIC-IV Ready for Discharge,Linear,2,naive,53817,3817,13.099292638197538,19,0.1275715064186534,0.12889703955986379,0.0013255331412103943,Min Deltas,True,,0.9401362326434373,0.9392757334807562,0.9424505729756958,0.10007859575582918,0.019648938957296306,,,,,,,135.13
MIMIC-IV Ready for Discharge,Linear,2,naive,53817,3817,13.099292638197538,19,0.1275715064186534,0.12889703955986379,0.0013255331412103943,F Deltas,True,,0.947078857741682,0.9470736397518168,0.9469119579500657,0.04977731202515064,0.05606497249148546,,,,,,,0.055
MIMIC-IV Ready for Discharge,Linear,2,naive,53817,3817,13.099292638197538,19,0.1275715064186534,0.12889703955986379,0.0013255331412103943,CP Sum,True,,0.9494367304165575,0.9492111167302633,0.9504620123203286,0.07126015195179461,0.029866387215090384,0.07292801736803553,0.050132308692917335,0.0005,0.0009997498749374687,True,True,4.148
MIMIC-IV Ready for Discharge,Linear,2,naive,53817,3817,13.099292638197538,19,0.1275715064186534,0.12889703955986379,0.0013255331412103943,CP Minimax,True,,0.9483887870055017,0.9483088490027797,0.9490165631469979,0.06392454807440398,0.03929787791459261,0.06331201828844817,0.06289998758551184,0.0005,0.0009997498749374687,False,True,4.147
MIMIC-IV Ready for Discharge,Linear,2,naive,53817,3817,13.099292638197538,19,0.1275715064186534,0.12889703955986379,0.0013255331412103943,DKW Sum,True,,0.9485197799318836,0.9484924177362061,0.9488880218493952,0.058684831019124965,0.04427560911710768,0.06169831546776215,0.07386344663889689,0.0005,0.002498999499749875,True,True,1.856
MIMIC-IV Ready for Discharge,Linear,2,naive,53817,3817,13.099292638197538,19,0.1275715064186534,0.12889703955986379,0.0013255331412103943,DKW Minimax,True,,0.9490437516374116,0.948932360431847,0.9497740477727566,0.06549646319098769,0.03641603353418915,0.06959831546776216,0.06783777202532602,0.0005,0.002498999499749875,True,True,1.854
MIMIC-IV Ready for Discharge,Linear,2,split,18836,1336,13.099292638197538,19,0.1350172139025827,0.13518470002619856,0.00016748612361586201,Baseline,True,,0.8648152999738015,0.8565969905928323,0.8465655664585192,0.016243122871364948,0.2541262771810322,,,,,,,
MIMIC-IV Ready for Discharge,Linear,2,split,18836,1336,13.099292638197538,19,0.1350172139025827,0.13518470002619856,0.00016748612361586201,Threshold,True,,0.9468168718889179,0.9467617401673005,0.9462678665960825,0.04296567985328792,0.06340057636887608,,,,,,,
MIMIC-IV Ready for Discharge,Linear,2,split,18836,1336,13.099292638197538,19,0.1350172139025827,0.13518470002619856,0.00016748612361586201,SMOTE,True,,0.9652868745087765,0.965177357925302,0.9657843770174306,0.04925334031962274,0.020172910662824207,,,,,,,
MIMIC-IV Ready for Discharge,Linear,2,split,18836,1336,13.099292638197538,19,0.1350172139025827,0.13518470002619856,0.00016748612361586201,Balanced Weights,True,,0.9660728320670684,0.9659061325162543,0.9666709561189036,0.05187319884726225,0.015981137018600995,,,,,,,
MIMIC-IV Ready for Discharge,Linear,2,split,18836,1336,13.099292638197538,19,0.1350172139025827,0.13518470002619856,0.00016748612361586201,Slacks Deltas,False,timeout,,,,,,,,,,,,300.0
MIMIC-IV Ready for Discharge,Linear,2,split,18836,1336,13.099292638197538,19,0.1350172139025827,0.13518470002619856,0.00016748612361586201,Min Deltas,True,,0.9476028294472099,0.9474044903976762,0.9485993317913133,0.07178412365732251,0.03301021744825779,,,,,,,46.67
MIMIC-IV Ready for Discharge,Linear,2,split,18836,1336,13.099292638197538,19,0.1350172139025827,0.13518470002619856,0.00016748612361586201,F Deltas,True,,0.9468168718889179,0.946777399207554,0.946353065539112,0.04453759496987163,0.061828661252292375,,,,,,,0.044
MIMIC-IV Ready for Discharge,Linear,2,split,18836,1336,13.099292638197538,19,0.1350172139025827,0.13518470002619856,0.00016748612361586201,CP Sum,True,,0.947209850668064,0.9470543981657186,0.9481004507405022,0.06995022268797485,0.035630075975897305,0.07420408315961285,0.061028932893489034,0.0005,0.0014994997498749376,True,True,2.565
MIMIC-IV Ready for Discharge,Linear,2,split,18836,1336,13.099292638197538,19,0.1350172139025827,0.13518470002619856,0.00016748612361586201,CP Minimax,True,,0.9478648152999738,0.9477552861408012,0.9486053719008265,0.06654440660204348,0.03772596279800891,0.07150635046741331,0.06982512056134972,0.0005,0.0014994997498749376,True,True,2.567
MIMIC-IV Ready for Discharge,Linear,2,split,18836,1336,13.099292638197538,19,0.1350172139025827,0.13518470002619856,0.00016748612361586201,DKW Sum,True,,0.947209850668064,0.9470543981657186,0.9481004507405022,0.06995022268797485,0.035630075975897305,0.07770604259579159,0.07715785340365484,0.0009997498749374687,0.00449799899949975,True,True,0.647
MIMIC-IV Ready for Discharge,Linear,2,split,18836,1336,13.099292638197538,19,0.1350172139025827,0.13518470002619856,0.00016748612361586201,DKW Minimax,True,,0.9469478648153,0.9467727957665792,0.9478965650328058,0.07126015195179461,0.03484411841760545,0.07919175688150587,0.07715785340365484,0.0009997498749374687,0.00449799899949975,True,True,0.643
MIMIC-IV Ready for Discharge,Linear,3,naive,53817,3817,13.099292638197538,19,0.12125583180508252,0.12300235787267488,0.0017465260675923605,Baseline,True,,0.8769976421273251,0.8704753471746474,0.8622965244170699,0.016243122871364948,0.22976159287398482,,,,,,,
MIMIC-IV Ready for Discharge,Linear,3,naive,53817,3817,13.099292638197538,19,0.12125583180508252,0.12300235787267488,0.0017465260675923605,Threshold,True,,0.9508776526067593,0.9506982535116825,0.9517684887459807,0.0675923500130993,0.030652344773382238,,,,,,,
MIMIC-IV Ready for Discharge,Linear,3,naive,53817,3817,13.099292638197538,19,0.12125583180508252,0.12300235787267488,0.0017465260675923605,SMOTE,True,,0.9646319098768666,0.9645805359434708,0.9649805447470817,0.04532355252816348,0.025412627718103223,,,,,,,
MIMIC-IV Ready for Discharge,Linear,3,naive,53817,3817,13.099292638197538,19,0.12125583180508252,0.12300235787267488,0.0017465260675923605,Balanced Weights,True,,0.9665968037725963,0.9664834586884524,0.9670840325287208,0.048205396908566935,0.018600995546240503,,,,,,,
MIMIC-IV Ready for Discharge,Linear,3,naive,53817,3817,13.099292638197538,19,0.12125583180508252,0.12300235787267488,0.0017465260675923605,Slacks Deltas,False,timeout,,,,,,,,,,,,300.001
MIMIC-IV Ready for Discharge,Linear,3,naive,53817,3817,13.099292638197538,19,0.12125583180508252,0.12300235787267488,0.0017465260675923605,Min Deltas,True,,0.9358134660728321,0.9347152608519208,0.9385964912280702,0.10951008645533142,0.018862981399004455,,,,,,,135.918
MIMIC-IV Ready for Discharge,Linear,3,naive,53817,3817,13.099292638197538,19,0.12125583180508252,0.12300235787267488,0.0017465260675923605,F Deltas,True,,0.9486507728582656,0.9486316356152351,0.948339483394834,0.04532355252816348,0.05737490175530521,,,,,,,0.055
MIMIC-IV Ready for Discharge,Linear,3,naive,53817,3817,13.099292638197538,19,0.12125583180508252,0.12300235787267488,0.0017465260675923605,CP Sum,True,,0.9508776526067593,0.9506982535116825,0.9517684887459807,0.0675923500130993,0.030652344773382238,0.07217679226308643,0.04728178155544446,0.0005,0.0009997498749374687,True,True,4.14
MIMIC-IV Ready for Discharge,Linear,3,naive,53817,3817,13.099292638197538,19,0.12125583180508252,0.12300235787267488,0.0017465260675923605,CP Minimax,True,,0.9502226879748493,0.950178444779197,0.95067497403946,0.05894681687188892,0.040607807178412364,0.06159367253481376,0.06105080683138738,0.0005,0.0009997498749374687,True,True,4.141
MIMIC-IV Ready for Discharge,Linear,3,naive,53817,3817,13.099292638197538,19,0.12125583180508252,0.12300235787267488,0.0017465260675923605,DKW Sum,True,,0.9508776526067593,0.9506982535116825,0.9517684887459807,0.0675923500130993,0.030652344773382238,0.07447831546776215,0.0589302530313517,0.0005,0.002498999499749875,True,True,1.855
MIMIC-IV Ready for Discharge,Linear,3,naive,53817,3817,13.099292638197538,19,0.12125583180508252,0.12300235787267488,0.0017465260675923605,DKW Minimax,True,,0.9494367304165575,0.9493463612383322,0.9500905094388414,0.06366256222164003,0.037463976945244955,0.06907831546776215,0.06705181446703418,0.0005,0.002498999499749875,True,True,1.854
MIMIC-IV Ready for Discharge,Linear,3,split,18836,1336,13.099292638197538,19,0.12657286453973274,0.13059994760282945,0.004027083063096709,Baseline,True,,0.8694000523971706,0.8619156180741699,0.8526237989652624,0.01676709457689285,0.24443280062876604,,,,,,,
MIMIC-IV Ready for Discharge,Linear,3,split,18836,1336,13.099292638197538,19,0.12657286453973274,0.13059994760282945,0.004027083063096709,Threshold,True,,0.9476028294472099,0.9475389424381483,0.9470198675496688,0.04139376473670422,0.06340057636887608,,,,,,,
MIMIC-IV Ready for Discharge,Linear,3,split,18836,1336,13.099292638197538,19,0.12657286453973274,0.13059994760282945,0.004027083063096709,SMOTE,True,,0.9643699240241027,0.9643311698368761,0.9646753246753247,0.04427560911710768,0.026984542834686927,,,,,,,
MIMIC-IV Ready for Discharge,Linear,3,split,18836,1336,13.099292638197538,19,0.12657286453973274,0.13059994760282945,0.004027083063096709,Balanced Weights,True,,0.9654178674351584,0.9653325138611804,0.9658561821003622,0.04741943935027509,0.021744825779407912,,,,,,,
MIMIC-IV Ready for Discharge,Linear,3,split,18836,1336,13.099292638197538,19,0.12657286453973274,0.13059994760282945,0.004027083063096709,Slacks Deltas,False,timeout,,,,,,,,,,,,300.0
MIMIC-IV Ready for Discharge,Linear,3,split,18836,1336,13.099292638197538,19,0.12657286453973274,0.13059994760282945,0.004027083063096709,Min Deltas,True,,0.9477338223735918,0.9475968538041348,0.9485625886296248,0.06837830757139114,0.0361540476814252,,,,,,,46.461
MIMIC-IV Ready for Discharge,Linear,3,split,18836,1336,13.099292638197538,19,0.12657286453973274,0.13059994760282945,0.004027083063096709,F Deltas,True,,0.9490437516374116,0.9490313754824419,0.948795577201527,0.04610951008645533,0.05580298663872151,,,,,,,0.043
MIMIC-IV Ready for Discharge,Linear,3,split,18836,1336,13.099292638197538,19,0.12657286453973274,0.13059994760282945,0.004027083063096709,CP Sum,True,,0.9494367304165575,0.9493872453200609,0.949922158796056,0.06025674613570867,0.04086979303117631,0.06831203844723746,0.07796209322710745,0.0005,0.0019992496248124065,True,True,2.563
MIMIC-IV Ready for Discharge,Linear,3,split,18836,1336,13.099292638197538,19,0.12657286453973274,0.13059994760282945,0.004027083063096709,CP Minimax,True,,0.9476028294472099,0.9474767534968034,0.9484004127966976,0.06785433586586324,0.03694000523971706,0.07469409548400353,0.07366930228768287,0.0005,0.0014994997498749376,True,True,2.566
MIMIC-IV Ready for Discharge,Linear,3,split,18836,1336,13.099292638197538,19,0.12657286453973274,0.13059994760282945,0.004027083063096709,DKW Sum,True,,0.9479958082263558,0.947917529616578,0.9473544622729081,0.03982184962012052,0.06418653392716793,0.04976318545293445,0.11308599711622969,0.0009997498749374687,0.00449799899949975,True,True,0.646
MIMIC-IV Ready for Discharge,Linear,3,split,18836,1336,13.099292638197538,19,0.12657286453973274,0.13059994760282945,0.004027083063096709,DKW Minimax,True,,0.9462929001833901,0.9460778544141498,0.9473549049820236,0.07388001047943411,0.0335341891537857,0.08513461402436301,0.08239737436173868,0.0009997498749374687,0.00449799899949975,True,True,0.642
MIMIC-IV Ready for Discharge,Linear,4,naive,53817,3817,13.099292638197538,19,0.12064186009955463,0.1239193083573487,0.003277448257794066,Baseline,True,,0.8760806916426513,0.8691763172166235,0.8608004708652148,0.01414723604925334,0.23369138066544407,,,,,,,
MIMIC-IV Ready for Discharge,Linear,4,naive,53817,3817,13.099292638197538,19,0.12064186009955463,0.1239193083573487,0.003277448257794066,Threshold,True,,0.9533665182080168,0.9533474756276057,0.9536458333333333,0.0526591564055541,0.040607807178412364,,,,,,,
MIMIC-IV Ready for Discharge,Linear,4,naive,53817,3817,13.099292638197538,19,0.12064186009955463,0.1239193083573487,0.003277448257794066,SMOTE,True,,0.9686926905947079,0.9686428694885838,0.9689972759112725,0.04113177888394027,0.02148283992664396,,,,,,,
MIMIC-IV Ready for Discharge,Linear,4,naive,53817,3817,13.099292638197538,19,0.12064186009955463,0.1239193083573487,0.003277448257794066,Balanced Weights,True,,0.9692166623002358,0.9690954787431333,0.9696813314411044,0.04610951008645533,0.015457165313073094,,,,,,,
MIMIC-IV Ready for Discharge,Linear,4,naive,53817,3817,13.099292638197538,19,0.12064186009955463,0.1239193083573487,0.003277448257794066,Slacks Deltas,False,timeout,,,,,,,,,,,,300.001
MIMIC-IV Ready for Discharge,Linear,4,naive,53817,3817,13.099292638197538,19,0.12064186009955463,0.1239193083573487,0.003277448257794066,Min Deltas,True,,0.9365994236311239,0.935424660494117,0.9394394394394394,0.11029604401362327,0.016505108724128897,,,,,,,136.77
MIMIC-IV Ready for Discharge,Linear,4,naive,53817,3817,13.099292638197538,19,0.12064186009955463,0.1239193083573487,0.003277448257794066,F Deltas,True,,0.9523185747969609,0.9523115116033478,0.9521430449645018,0.04401362326434372,0.051349227141734344,,,,,,,0.055
MIMIC-IV Ready for Discharge,Linear,4,naive,53817,3817,13.099292638197538,19,0.12064186009955463,0.1239193083573487,0.003277448257794066,CP Sum,True,,0.9531045323552528,0.952961610445106,0.9538659793814434,0.06340057636887608,0.030390358920618286,0.06914882994671565,0.04616421667735622,0.0005,0.0005,True,True,4.143
MIMIC-IV Ready for Discharge,Linear,4,naive,53817,3817,13.099292638197538,19,0.12064186009955463,0.1239193083573487,0.003277448257794066,CP Minimax,True,,0.9528425465024889,0.9528354871929814,0.9530148786217698,0.050825255436206446,0.043489651558815824,0.05842569596454203,0.0579553100170932,0.0005,0.0009997498749374687,True,True,4.14
MIMIC-IV Ready for Discharge,Linear,4,naive,53817,3817,13.099292638197538,19,0.12064186009955463,0.1239193083573487,0.003277448257794066,DKW Sum,True,,0.9533665182080168,0.9533474756276057,0.9536458333333333,0.0526591564055541,0.040607807178412364,0.06297831546776216,0.06574188520321442,0.0005,0.002498999499749875,True,True,1.839
MIMIC-IV Ready for Discharge,Linear,4,naive,53817,3817,13.099292638197538,19,0.12064186009955463,0.1239193083573487,0.003277448257794066,DKW Minimax,True,,0.9528425465024889,0.9528009102276926,0.9532588937938198,0.05606497249148546,0.03824993450353681,0.06601831546776216,0.06416997008663071,0.0005,0.002498999499749875,True,True,1.844
MIMIC-IV Ready for Discharge,Linear,4,split,18836,1336,13.099292638197538,19,0.12243453942268936,0.12627718103222427,0.0038426416095349025,Baseline,True,,0.8737228189677757,0.8665654453725877,0.8578590386316721,0.014671207754781241,0.23788315430966728,,,,,,,
MIMIC-IV Ready for Discharge,Linear,4,split,18836,1336,13.099292638197538,19,0.12243453942268936,0.12627718103222427,0.0038426416095349025,Threshold,True,,0.9540214828399266,0.9539025421939934,0.9547038327526133,0.06104270369400053,0.030914330626146187,,,,,,,
MIMIC-IV Ready for Discharge,Linear,4,split,18836,1336,13.099292638197538,19,0.12243453942268936,0.12627718103222427,0.0038426416095349025,SMOTE,True,,0.9694786481529998,0.969431487074498,0.9697677436097054,0.040083835472884466,0.020958868221116058,,,,,,,
MIMIC-IV Ready for Discharge,Linear,4,split,18836,1336,13.099292638197538,19,0.12243453942268936,0.12627718103222427,0.0038426416095349025,Balanced Weights,True,,0.9694786481529998,0.969357497347878,0.9699393626628822,0.04584752423369138,0.015195179460309143,,,,,,,
MIMIC-IV Ready for Discharge,Linear,4,split,18836,1336,13.099292638197538,19,0.12243453942268936,0.12627718103222427,0.0038426416095349025,Slacks Deltas,False,timeout,,,,,,,,,,,,300.0
MIMIC-IV Ready for Discharge,Linear,4,split,18836,1336,13.099292638197538,19,0.12243453942268936,0.12627718103222427,0.0038426416095349025,Min Deltas,True,,0.9540214828399266,0.9538941236021922,0.9547272023732749,0.061566675399528425,0.030390358920618286,,,,,,,47.375
MIMIC-IV Ready for Discharge,Linear,4,split,18836,1336,13.099292638197538,19,0.12243453942268936,0.12627718103222427,0.0038426416095349025,F Deltas,True,,0.9532355252816348,0.9532218354594743,0.9529953917050691,0.04165575058946817,0.05187319884726225,,,,,,,0.043
MIMIC-IV Ready for Discharge,Linear,4,split,18836,1336,13.099292638197538,19,0.12243453942268936,0.12627718103222427,0.0038426416095349025,CP Sum,True,,0.9541524757663086,0.9540920128101628,0.954639709694142,0.05658894419701336,0.0351061042703694,0.0667122735740456,0.0630031214847413,0.0005,0.0014994997498749376,True,True,2.56
MIMIC-IV Ready for Discharge,Linear,4,split,18836,1336,13.099292638197538,19,0.12243453942268936,0.12627718103222427,0.0038426416095349025,CP Minimax,True,,0.9540214828399266,0.9539681614912208,0.9544806121125665,0.05606497249148546,0.035892061828661254,0.06621967424416414,0.0649656237427351,0.0005,0.0014994997498749376,True,True,2.571
MIMIC-IV Ready for Discharge,Linear,4,split,18836,1336,13.099292638197538,19,0.12243453942268936,0.12627718103222427,0.0038426416095349025,DKW Sum,True,,0.9541524757663086,0.9540920128101628,0.954639709694142,0.05658894419701336,0.0351061042703694,0.07073461402436301,0.0786548593916788,0.0009997498749374687,0.00449799899949975,True,True,0.648
MIMIC-IV Ready for Discharge,Linear,4,split,18836,1336,13.099292638197538,19,0.12243453942268936,0.12627718103222427,0.0038426416095349025,DKW Minimax,True,,0.9541524757663086,0.9540186320353334,0.9548736462093863,0.061828661252292375,0.029866387215090384,0.07724889973864874,0.07491234442161893,0.0009997498749374687,0.00449799899949975,True,True,0.642
MIMIC-IV Ready for Discharge,Linear,5,naive,53817,3817,13.099292638197538,19,0.1239127115535761,0.12614618810584227,0.0022334765522661754,Baseline,True,,0.8738538118941577,0.8663733908097555,0.8576075706047612,0.012051349227141734,0.24024102698454283,,,,,,,
MIMIC-IV Ready for Discharge,Linear,5,naive,53817,3817,13.099292638197538,19,0.1239127115535761,0.12614618810584227,0.0022334765522661754,Threshold,True,,0.9555933979565103,0.9555836205729176,0.9557845311073432,0.04872936861409484,0.040083835472884466,,,,,,,
MIMIC-IV Ready for Discharge,Linear,5,naive,53817,3817,13.099292638197538,19,0.1239127115535761,0.12614618810584227,0.0022334765522661754,SMOTE,True,,0.9672517684045061,0.967242685428719,0.9673884685624837,0.03694000523971706,0.028556457951270632,,,,,,,
MIMIC-IV Ready for Discharge,Linear,5,naive,53817,3817,13.099292638197538,19,0.1239127115535761,0.12614618810584227,0.0022334765522661754,Balanced Weights,True,,0.9677757401100341,0.9677271927861978,0.9680851063829787,0.041917736442232116,0.022530783337699763,,,,,,,
MIMIC-IV Ready for Discharge,Linear,5,naive,53817,3817,13.099292638197538,19,0.1239127115535761,0.12614618810584227,0.0022334765522661754,Slacks Deltas,False,timeout,,,,,,,,,,,,300.0
MIMIC-IV Ready for Discharge,Linear,5,naive,53817,3817,13.099292638197538,19,0.1239127115535761,0.12614618810584227,0.0022334765522661754,Min Deltas,True,,0.9436730416557506,0.9429394579752037,0.9456933569083101,0.09352894943673042,0.019124967251768404,,,,,,,135.468
MIMIC-IV Ready for Discharge,Linear,5,naive,53817,3817,13.099292638197538,19,0.1239127115535761,0.12614618810584227,0.0022334765522661754,F Deltas,True,,0.9499607021220854,0.9498667337123521,0.9492830589484864,0.03667801938695311,0.06340057636887608,,,,,,,0.054
MIMIC-IV Ready for Discharge,Linear,5,naive,53817,3817,13.099292638197538,19,0.1239127115535761,0.12614618810584227,0.0022334765522661754,CP Sum,True,,0.9555933979565103,0.9555836205729176,0.9557845311073432,0.04872936861409484,0.040083835472884466,0.06092272216148842,0.050132308692917335,0.0005,0.0009997498749374687,True,True,4.117
MIMIC-IV Ready for Discharge,Linear,5,naive,53817,3817,13.099292638197538,19,0.1239127115535761,0.12614618810584227,0.0022334765522661754,CP Minimax,True,,0.9532355252816348,0.9532355162811589,0.9532416502946954,0.04689546764474718,0.04663348179198323,0.05815272197218868,0.05764478189681648,0.0005,0.0009997498749374687,True,True,4.113
MIMIC-IV Ready for Discharge,Linear,5,naive,53817,3817,13.099292638197538,19,0.1239127115535761,0.12614618810584227,0.0022334765522661754,DKW Sum,True,,0.9555933979565103,0.9555836205729176,0.9557845311073432,0.04872936861409484,0.040083835472884466,0.06371831546776216,0.061288125706227256,0.0005,0.002498999499749875,True,True,1.825
MIMIC-IV Ready for Discharge,Linear,5,naive,53817,3817,13.099292638197538,19,0.1239127115535761,0.12614618810584227,0.0022334765522661754,DKW Minimax,True,,0.9555933979565103,0.9555836205729176,0.9557845311073432,0.04872936861409484,0.040083835472884466,0.06361831546776214,0.061812097411755154,0.0005,0.002498999499749875,True,True,1.809
MIMIC-IV Ready for Discharge,Linear,5,split,18836,1336,13.099292638197538,19,0.13246037267851055,0.13361278490961487,0.0011524122311043217,Baseline,True,,0.8663872150903851,0.8577050319540296,0.8477611940298507,0.011265391668849881,0.25596017815037986,,,,,,,
MIMIC-IV Ready for Discharge,Linear,5,split,18836,1336,13.099292638197538,19,0.13246037267851055,0.13361278490961487,0.0011524122311043217,Threshold,True,,0.951925596017815,0.9518442514688757,0.952516496312589,0.06051873198847262,0.035630075975897305,,,,,,,
MIMIC-IV Ready for Discharge,Linear,5,split,18836,1336,13.099292638197538,19,0.13246037267851055,0.13361278490961487,0.0011524122311043217,SMOTE,True,,0.9675137542572702,0.9675068019946609,0.9676324719394414,0.0361540476814252,0.02881844380403458,,,,,,,
MIMIC-IV Ready for Discharge,Linear,5,split,18836,1336,13.099292638197538,19,0.13246037267851055,0.13361278490961487,0.0011524122311043217,Balanced Weights,True,,0.9668587896253602,0.9668165412207644,0.9671556536414384,0.04217972229499607,0.024102698454283467,,,,,,,
MIMIC-IV Ready for Discharge,Linear,5,split,18836,1336,13.099292638197538,19,0.13246037267851055,0.13361278490961487,0.0011524122311043217,Slacks Deltas,False,timeout,,,,,,,,,,,,300.0
MIMIC-IV Ready for Discharge,Linear,5,split,18836,1336,13.099292638197538,19,0.13246037267851055,0.13361278490961487,0.0011524122311043217,Min Deltas,True,,0.9514016243122871,0.9511316915341509,0.9524785448956065,0.07126015195179461,0.025936599423631124,,,,,,,46.592
MIMIC-IV Ready for Discharge,Linear,5,split,18836,1336,13.099292638197538,19,0.13246037267851055,0.13361278490961487,0.0011524122311043217,F Deltas,True,,0.9499607021220854,0.9498875441269415,0.9493637327677624,0.03824993450353681,0.061828661252292375,,,,,,,0.043
MIMIC-IV Ready for Discharge,Linear,5,split,18836,1336,13.099292638197538,19,0.13246037267851055,0.13361278490961487,0.0011524122311043217,CP Sum,True,,0.9502226879748493,0.950178444779197,0.9497620306716024,0.040607807178412364,0.05894681687188892,0.051973450207347734,0.08452742220825352,0.0005,0.0019992496248124065,True,True,2.568
MIMIC-IV Ready for Discharge,Linear,5,split,18836,1336,13.099292638197538,19,0.13246037267851055,0.13361278490961487,0.0011524122311043217,CP Minimax,True,,0.9514016243122871,0.9513781686602495,0.9517241379310345,0.05527901493319361,0.041917736442232116,0.06935708325669344,0.06885826457431085,0.0005,0.0014994997498749376,True,True,2.573
MIMIC-IV Ready for Discharge,Linear,5,split,18836,1336,13.099292638197538,19,0.13246037267851055,0.13361278490961487,0.0011524122311043217,DKW Sum,True,,0.9502226879748493,0.950178444779197,0.9497620306716024,0.040607807178412364,0.05894681687188892,0.05713461402436302,0.09587042825395425,0.0009997498749374687,0.00449799899949975,True,True,0.64
MIMIC-IV Ready for Discharge,Linear,5,split,18836,1336,13.099292638197538,19,0.13246037267851055,0.13361278490961487,0.0011524122311043217,DKW Minimax,True,,0.9512706313859052,0.9511492630804629,0.952,0.06392454807440398,0.0335341891537857,0.08124889973864874,0.0786548593916788,0.0009997498749374687,0.00449799899949975,True,True,0.644
MIMIC-IV Ready for Discharge,Linear,6,naive,53817,3817,13.099292638197538,19,0.12266576106890227,0.12667015981137017,0.004004398742467899,Baseline,True,,0.8733298401886298,0.866320309860359,0.8576056545427772,0.016243122871364948,0.23709719675137542,,,,,,,
MIMIC-IV Ready for Discharge,Linear,6,naive,53817,3817,13.099292638197538,19,0.12266576106890227,0.12667015981137017,0.004004398742467899,Threshold,True,,0.9555933979565103,0.9555718408925065,0.9558766106989457,0.050825255436206446,0.03798794865077286,,,,,,,
MIMIC-IV Ready for Discharge,Linear,6,naive,53817,3817,13.099292638197538,19,0.12266576106890227,0.12667015981137017,0.004004398742467899,SMOTE,True,,0.9641079381713388,0.9640780015513694,0.9643785751430057,0.043489651558815824,0.02829447209850668,,,,,,,
MIMIC-IV Ready for Discharge,Linear,6,naive,53817,3817,13.099292638197538,19,0.12266576106890227,0.12667015981137017,0.004004398742467899,Balanced Weights,True,,0.9647629028032486,0.9646757392139262,0.9652140178455968,0.048205396908566935,0.022268797484935814,,,,,,,
MIMIC-IV Ready for Discharge,Linear,6,naive,53817,3817,13.099292638197538,19,0.12266576106890227,0.12667015981137017,0.004004398742467899,Slacks Deltas,False,timeout,,,,,,,,,,,,300.0
MIMIC-IV Ready for Discharge,Linear,6,naive,53817,3817,13.099292638197538,19,0.12266576106890227,0.12667015981137017,0.004004398742467899,Min Deltas,True,,0.9537594969871627,0.9535856784886269,0.9545863887816802,0.06444851977993188,0.02803248624574273,,,,,,,137.791
MIMIC-IV Ready for Discharge,Linear,6,naive,53817,3817,13.099292638197538,19,0.12266576106890227,0.12667015981137017,0.004004398742467899,F Deltas,True,,0.9534975111343987,0.9534942628498148,0.953381483913329,0.04401362326434372,0.04899135446685879,,,,,,,0.054
MIMIC-IV Ready for Discharge,Linear,6,naive,53817,3817,13.099292638197538,19,0.12266576106890227,0.12667015981137017,0.004004398742467899,CP Sum,True,,0.9561173696620382,0.9560462891345544,0.9566230739349993,0.055541000785957556,0.03222425988996594,0.06125822420152765,0.043589424386086845,0.0005,0.0005,True,True,4.068
MIMIC-IV Ready for Discharge,Linear,6,naive,53817,3817,13.099292638197538,19,0.12266576106890227,0.12667015981137017,0.004004398742467899,CP Minimax,True,,0.9548074403982185,0.9547951389527913,0.9550254204145483,0.05003929787791459,0.040345821325648415,0.052979668300655494,0.0523360440746891,0.0005,0.0009997498749374687,True,True,4.063
MIMIC-IV Ready for Discharge,Linear,6,naive,53817,3817,13.099292638197538,19,0.12266576106890227,0.12667015981137017,0.004004398742467899,DKW Sum,True,,0.9555933979565103,0.9555718408925065,0.9558766106989457,0.050825255436206446,0.03798794865077286,0.05759831546776215,0.061288125706227256,0.0005,0.002498999499749875,True,True,1.798
MIMIC-IV Ready for Discharge,Linear,6,naive,53817,3817,13.099292638197538,19,0.12266576106890227,0.12667015981137017,0.004004398742467899,DKW Minimax,True,,0.9558553838092743,0.9558101356955507,0.9562621674237508,0.05344511396384595,0.03484411841760545,0.061478315467762154,0.05971621058964355,0.0005,0.002498999499749875,True,True,1.79
MIMIC-IV Ready for Discharge,Linear,6,split,18836,1336,13.099292638197538,19,0.12766976715344308,0.1303379617500655,0.0026681945966224307,Baseline,True,,0.8696620382499345,0.8620408710629868,0.8527453011691579,0.015457165313073094,0.2452187581870579,,,,,,,
MIMIC-IV Ready for Discharge,Linear,6,split,18836,1336,13.099292638197538,19,0.12766976715344308,0.1303379617500655,0.0026681945966224307,Threshold,True,,0.9562483625884203,0.9562293773977487,0.9565104166666667,0.04977731202515064,0.03772596279800891,,,,,,,
MIMIC-IV Ready for Discharge,Linear,6,split,18836,1336,13.099292638197538,19,0.12766976715344308,0.1303379617500655,0.0026681945966224307,SMOTE,True,,0.9638459523185748,0.9638094915157055,0.9641465315666407,0.04453759496987163,0.027770500392978778,,,,,,,
MIMIC-IV Ready for Discharge,Linear,6,split,18836,1336,13.099292638197538,19,0.12766976715344308,0.1303379617500655,0.0026681945966224307,Balanced Weights,True,,0.9658108462143045,0.9657129030266389,0.9662747124951544,0.047943411055802986,0.020434896515588157,,,,,,,
MIMIC-IV Ready for Discharge,Linear,6,split,18836,1336,13.099292638197538,19,0.12766976715344308,0.1303379617500655,0.0026681945966224307,Slacks Deltas,False,timeout,,,,,,,,,,,,300.0
MIMIC-IV Ready for Discharge,Linear,6,split,18836,1336,13.099292638197538,19,0.12766976715344308,0.1303379617500655,0.0026681945966224307,Min Deltas,True,,0.9562483625884203,0.9562241016729237,0.9565443663804319,0.0505632695834425,0.03694000523971706,,,,,,,47.4
MIMIC-IV Ready for Discharge,Linear,6,split,18836,1336,13.099292638197538,19,0.12766976715344308,0.1303379617500655,0.0026681945966224307,F Deltas,True,,0.9533665182080168,0.953366374220178,0.9533420707732634,0.04610951008645533,0.04715745349751113,,,,,,,0.044
MIMIC-IV Ready for Discharge,Linear,6,split,18836,1336,13.099292638197538,19,0.12766976715344308,0.1303379617500655,0.0026681945966224307,CP Sum,True,,0.9562483625884203,0.9562241016729237,0.9565443663804319,0.0505632695834425,0.03694000523971706,0.059737310657188104,0.05603705926225657,0.0005,0.0014994997498749376,True,True,2.562
MIMIC-IV Ready for Discharge,Linear,6,split,18836,1336,13.099292638197538,19,0.12766976715344308,0.1303379617500655,0.0026681945966224307,CP Minimax,True,,0.9562483625884203,0.9562241016729237,0.9565443663804319,0.0505632695834425,0.03694000523971706,0.05967541301866084,0.05804403159947887,0.0005,0.0014994997498749376,True,True,2.564
MIMIC-IV Ready for Discharge,Linear,6,split,18836,1336,13.099292638197538,19,0.12766976715344308,0.1303379617500655,0.0026681945966224307,DKW Sum,True,,0.9562483625884203,0.9562241016729237,0.9565443663804319,0.0505632695834425,0.03694000523971706,0.06427747116722016,0.07341533843359496,0.0009997498749374687,0.00449799899949975,True,True,0.604
MIMIC-IV Ready for Discharge,Linear,6,split,18836,1336,13.099292638197538,19,0.12766976715344308,0.1303379617500655,0.0026681945966224307,DKW Minimax,True,,0.9558553838092743,0.9557638172169183,0.9564318034906271,0.05737490175530521,0.030914330626146187,0.07262032831007731,0.0696728234635351,0.0009997498749374687,0.00449799899949975,True,True,0.603
MIMIC-IV Ready for Discharge,Linear,7,naive,53817,3817,13.099292638197538,19,0.11819398742467906,0.11697668325910401,-0.0012173041655750422,Baseline,True,,0.883023316740896,0.8770462324067387,0.8696540650999854,0.01440922190201729,0.21954414461619073,,,,,,,
MIMIC-IV Ready for Discharge,Linear,7,naive,53817,3817,13.099292638197538,19,0.11819398742467906,0.11697668325910401,-0.0012173041655750422,Threshold,True,,0.9569033272203301,0.9568699642376891,0.9572449642625082,0.051087241288970395,0.0351061042703694,,,,,,,
MIMIC-IV Ready for Discharge,Linear,7,naive,53817,3817,13.099292638197538,19,0.11819398742467906,0.11697668325910401,-0.0012173041655750422,SMOTE,True,,0.9676447471836521,0.9676025330963017,0.9679345709463846,0.04139376473670422,0.023316740895991617,,,,,,,
MIMIC-IV Ready for Discharge,Linear,7,naive,53817,3817,13.099292638197538,19,0.11819398742467906,0.11697668325910401,-0.0012173041655750422,Balanced Weights,True,,0.9686926905947079,0.9685795907753834,0.9691493481347618,0.04610951008645533,0.016505108724128897,,,,,,,
MIMIC-IV Ready for Discharge,Linear,7,naive,53817,3817,13.099292638197538,19,0.11819398742467906,0.11697668325910401,-0.0012173041655750422,Slacks Deltas,False,timeout,,,,,,,,,,,,300.0
MIMIC-IV Ready for Discharge,Linear,7,naive,53817,3817,13.099292638197538,19,0.11819398742467906,0.11697668325910401,-0.0012173041655750422,Min Deltas,True,,0.9421011265391669,0.9411681231309987,0.9444304752325874,0.09981660990306523,0.015981137018600995,,,,,,,138.744
MIMIC-IV Ready for Discharge,Linear,7,naive,53817,3817,13.099292638197538,19,0.11819398742467906,0.11697668325910401,-0.0012173041655750422,F Deltas,True,,0.9538904899135446,0.9538602326220517,0.9535374868004224,0.03851192035630076,0.053707099816609906,,,,,,,0.056
MIMIC-IV Ready for Discharge,Linear,7,naive,53817,3817,13.099292638197538,19,0.11819398742467906,0.11697668325910401,-0.0012173041655750422,CP Sum,True,,0.9562483625884203,0.9561586371964715,0.9568140677527799,0.056850930049777315,0.030652344773382238,0.0647150328239645,0.04664552310855441,0.0005,0.0009997498749374687,True,True,4.108
MIMIC-IV Ready for Discharge,Linear,7,naive,53817,3817,13.099292638197538,19,0.11819398742467906,0.11697668325910401,-0.0012173041655750422,CP Minimax,True,,0.9559863767356562,0.9559747456130651,0.95619295958279,0.04872936861409484,0.03929787791459261,0.05638795418617765,0.05577767530671604,0.0005,0.0009997498749374687,True,True,4.107
MIMIC-IV Ready for Discharge,Linear,7,naive,53817,3817,13.099292638197538,19,0.11819398742467906,0.11697668325910401,-0.0012173041655750422,DKW Sum,True,,0.9569033272203301,0.9568699642376891,0.9572449642625082,0.051087241288970395,0.0351061042703694,0.062158315467762154,0.06312202667557491,0.0005,0.002498999499749875,True,True,1.776
MIMIC-IV Ready for Discharge,Linear,7,naive,53817,3817,13.099292638197538,19,0.11819398742467906,0.11697668325910401,-0.0012173041655750422,DKW Minimax,True,,0.9567723342939481,0.9567149424624938,0.9572206378014001,0.053707099816609906,0.032748231595493844,0.06385831546776216,0.061812097411755154,0.0005,0.002498999499749875,True,True,1.758
MIMIC-IV Ready for Discharge,Linear,7,split,18836,1336,13.099292638197538,19,0.12376680618857161,0.12562221640031437,0.001855410211742764,Baseline,True,,0.8743777835996857,0.8672762987119044,0.8586588061901252,0.01440922190201729,0.23683521089861148,,,,,,,
MIMIC-IV Ready for Discharge,Linear,7,split,18836,1336,13.099292638197538,19,0.12376680618857161,0.12562221640031437,0.001855410211742764,Threshold,True,,0.9557243908828923,0.9557238163523408,0.9557707406438105,0.04532355252816348,0.043227665706051875,,,,,,,
MIMIC-IV Ready for Discharge,Linear,7,split,18836,1336,13.099292638197538,19,0.12376680618857161,0.12562221640031437,0.001855410211742764,SMOTE,True,,0.9676447471836521,0.9676095556052633,0.9679095751591529,0.040607807178412364,0.024102698454283467,,,,,,,
MIMIC-IV Ready for Discharge,Linear,7,split,18836,1336,13.099292638197538,19,0.12376680618857161,0.12562221640031437,0.001855410211742764,Balanced Weights,True,,0.9685616976683259,0.9684621634411592,0.9689922480620154,0.04532355252816348,0.0175530521351847,,,,,,,
MIMIC-IV Ready for Discharge,Linear,7,split,18836,1336,13.099292638197538,19,0.12376680618857161,0.12562221640031437,0.001855410211742764,Slacks Deltas,False,timeout,,,,,,,,,,,,300.0
MIMIC-IV Ready for Discharge,Linear,7,split,18836,1336,13.099292638197538,19,0.12376680618857161,0.12562221640031437,0.001855410211742764,Min Deltas,True,,0.941446161907257,0.9405183378521897,0.943794794417201,0.10034058160859313,0.01676709457689285,,,,,,,65.726
MIMIC-IV Ready for Discharge,Linear,7,split,18836,1336,13.099292638197538,19,0.12376680618857161,0.12562221640031437,0.001855410211742764,F Deltas,True,,0.9540214828399266,0.9540091712599912,0.953797551665131,0.04113177888394027,0.050825255436206446,,,,,,,0.1
MIMIC-IV Ready for Discharge,Linear,7,split,18836,1336,13.099292638197538,19,0.12376680618857161,0.12562221640031437,0.001855410211742764,CP Sum,True,,0.9561173696620382,0.9561134124076143,0.9562377531025473,0.04663348179198323,0.04113177888394027,0.056452191165089795,0.0707895910489424,0.0005,0.0014994997498749376,True,True,4.488
MIMIC-IV Ready for Discharge,Linear,7,split,18836,1336,13.099292638197538,19,0.12376680618857161,0.12562221640031437,0.001855410211742764,CP Minimax,True,,0.9563793555148022,0.9563114524426998,0.9568708716487502,0.05501702908042966,0.03222425988996594,0.06504904690470027,0.06398578853964963,0.0005,0.0014994997498749376,True,True,4.47
MIMIC-IV Ready for Discharge,Linear,7,split,18836,1336,13.099292638197538,19,0.12376680618857161,0.12562221640031437,0.001855410211742764,DKW Sum,True,,0.9561173696620382,0.9561134124076143,0.9562377531025473,0.04663348179198323,0.04113177888394027,0.061248899738648735,0.08464288334377461,0.0009997498749374687,0.00449799899949975,True,True,1.11
MIMIC-IV Ready for Discharge,Linear,7,split,18836,1336,13.099292638197538,19,0.12376680618857161,0.12562221640031437,0.001855410211742764,DKW Minimax,True,,0.9555933979565103,0.955439309480453,0.9563425627817128,0.061566675399528425,0.027246528687450876,0.07656318545293445,0.07341533843359496,0.0009997498749374687,0.00449799899949975,True,True,1.062
MIMIC-IV Ready for Discharge,Linear,8,naive,53817,3817,13.099292638197538,19,0.1250646266701598,0.12798008907518993,0.002915462405030128,Baseline,True,,0.87201991092481,0.8646612773071551,0.855708167183577,0.014933193607545192,0.2410269845428347,,,,,,,
MIMIC-IV Ready for Discharge,Linear,8,naive,53817,3817,13.099292638197538,19,0.1250646266701598,0.12798008907518993,0.002915462405030128,Threshold,True,,0.9538904899135446,0.953765245114324,0.9545923632610939,0.061566675399528425,0.030652344773382238,,,,,,,
MIMIC-IV Ready for Discharge,Linear,8,naive,53817,3817,13.099292638197538,19,0.1250646266701598,0.12798008907518993,0.002915462405030128,SMOTE,True,,0.9676447471836521,0.9675713213287054,0.9680258899676375,0.04427560911710768,0.020434896515588157,,,,,,,
MIMIC-IV Ready for Discharge,Linear,8,naive,53817,3817,13.099292638197538,19,0.1250646266701598,0.12798008907518993,0.002915462405030128,Balanced Weights,True,,0.96816871888918,0.9680023802708018,0.9687298931926392,0.04977731202515064,0.013885250196489389,,,,,,,
MIMIC-IV Ready for Discharge,Linear,8,naive,53817,3817,13.099292638197538,19,0.1250646266701598,0.12798008907518993,0.002915462405030128,Slacks Deltas,False,timeout,,,,,,,,,,,,300.001
MIMIC-IV Ready for Discharge,Linear,8,naive,53817,3817,13.099292638197538,19,0.1250646266701598,0.12798008907518993,0.002915462405030128,Min Deltas,True,,0.941839140686403,0.9410406745333554,0.9440100882723833,0.09693476552266178,0.019386953104532357,,,,,,,229.982
MIMIC-IV Ready for Discharge,Linear,8,naive,53817,3817,13.099292638197538,19,0.1250646266701598,0.12798008907518993,0.002915462405030128,F Deltas,True,,0.9500916950484674,0.9500860511202885,0.9499277171770272,0.04663348179198323,0.053183128111082,,,,,,,0.115
MIMIC-IV Ready for Discharge,Linear,8,naive,53817,3817,13.099292638197538,19,0.1250646266701598,0.12798008907518993,0.002915462405030128,CP Sum,True,,0.9538904899135446,0.953765245114324,0.9545923632610939,0.061566675399528425,0.030652344773382238,0.06620086264288313,0.054529051633429304,0.0005,0.0009997498749374687,True,True,6.702
MIMIC-IV Ready for Discharge,Linear,8,naive,53817,3817,13.099292638197538,19,0.1250646266701598,0.12798008907518993,0.002915462405030128,CP Minimax,True,,0.951794603091433,0.9517425362156935,0.9522697795071335,0.05816085931359707,0.03824993450353681,0.06259969961572125,0.061667853271938355,0.0005,0.0009997498749374687,True,True,6.755
MIMIC-IV Ready for Discharge,Linear,8,naive,53817,3817,13.099292638197538,19,0.1250646266701598,0.12798008907518993,0.002915462405030128,DKW Sum,True,,0.9538904899135446,0.953765245114324,0.9545923632610939,0.061566675399528425,0.030652344773382238,0.06875831546776215,0.06495592764492257,0.0005,0.002498999499749875,True,True,2.985
MIMIC-IV Ready for Discharge,Linear,8,naive,53817,3817,13.099292638197538,19,0.1250646266701598,0.12798008907518993,0.002915462405030128,DKW Minimax,True,,0.9541524757663086,0.9540314740783687,0.9548387096774194,0.06104270369400053,0.030652344773382238,0.06811831546776215,0.06600387105597837,0.0005,0.002498999499749875,True,True,2.936
MIMIC-IV Ready for Discharge,Linear,8,split,18836,1336,13.099292638197538,19,0.1279359005363842,0.13479172124705266,0.006855820710668453,Baseline,True,,0.8652082787529474,0.8568292874668739,0.8468066100937919,0.014671207754781241,0.25491223473932406,,,,,,,
MIMIC-IV Ready for Discharge,Linear,8,split,18836,1336,13.099292638197538,19,0.1279359005363842,0.13479172124705266,0.006855820710668453,Threshold,True,,0.9541524757663086,0.9540314740783687,0.9548387096774194,0.06104270369400053,0.030652344773382238,,,,,,,
MIMIC-IV Ready for Discharge,Linear,8,split,18836,1336,13.099292638197538,19,0.1279359005363842,0.13479172124705266,0.006855820710668453,SMOTE,True,,0.9690856693738538,0.9690074387562668,0.9694616977225673,0.043227665706051875,0.018600995546240503,,,,,,,
MIMIC-IV Ready for Discharge,Linear,8,split,18836,1336,13.099292638197538,19,0.1279359005363842,0.13479172124705266,0.006855820710668453,Balanced Weights,True,,0.9689546764474718,0.9687884727760993,0.9695019945952902,0.04899135446685879,0.013099292638197537,,,,,,,
MIMIC-IV Ready for Discharge,Linear,8,split,18836,1336,13.099292638197538,19,0.1279359005363842,0.13479172124705266,0.006855820710668453,Slacks Deltas,False,timeout,,,,,,,,,,,,300.0
MIMIC-IV Ready for Discharge,Linear,8,split,18836,1336,13.099292638197538,19,0.1279359005363842,0.13479172124705266,0.006855820710668453,Min Deltas,True,,0.9511396384595232,0.950875839023393,0.9522101217168482,0.07126015195179461,0.026460571129159026,,,,,,,71.854
MIMIC-IV Ready for Discharge,Linear,8,split,18836,1336,13.099292638197538,19,0.1279359005363842,0.13479172124705266,0.006855820710668453,F Deltas,True,,0.952187581870579,0.9521871403617826,0.9521437000131113,0.04689546764474718,0.04872936861409484,,,,,,,0.044
MIMIC-IV Ready for Discharge,Linear,8,split,18836,1336,13.099292638197538,19,0.1279359005363842,0.13479172124705266,0.006855820710668453,CP Sum,True,,0.952187581870579,0.9520184509992243,0.9530304980054047,0.06575844904375164,0.029866387215090384,0.07126087301309529,0.05603705926225657,0.0005,0.0014994997498749376,True,True,2.564
MIMIC-IV Ready for Discharge,Linear,8,split,18836,1336,13.099292638197538,19,0.1279359005363842,0.13479172124705266,0.006855820710668453,CP Minimax,True,,0.9534975111343987,0.953419684231004,0.9540572020188948,0.058684831019124965,0.034320146712077546,0.06578850658044845,0.0649656237427351,0.0005,0.0014994997498749376,True,True,3.025
MIMIC-IV Ready for Discharge,Linear,8,split,18836,1336,13.099292638197538,19,0.1279359005363842,0.13479172124705266,0.006855820710668453,DKW Sum,True,,0.9523185747969609,0.9523162684537863,0.9522184300341296,0.04558553838092743,0.04977731202515064,0.056848899738648734,0.09137941028988239,0.0009997498749374687,0.00449799899949975,True,True,1.034
MIMIC-IV Ready for Discharge,Linear,8,split,18836,1336,13.099292638197538,19,0.1279359005363842,0.13479172124705266,0.006855820710668453,DKW Minimax,True,,0.952056588944197,0.9518799447806021,0.9529199897092874,0.06628242074927954,0.029604401362326435,0.07593461402436302,0.07341533843359496,0.0009997498749374687,0.00449799899949975,True,True,1.039
MIMIC-IV Ready for Discharge,Linear,9,naive,53817,3817,13.099292638197538,19,0.12331072570081215,0.1239193083573487,0.0006085826565365438,Baseline,True,,0.8760806916426513,0.8689427397693481,0.8605131229725744,0.012313335079905684,0.23552528163479172,,,,,,,
MIMIC-IV Ready for Discharge,Linear,9,naive,53817,3817,13.099292638197538,19,0.12331072570081215,0.1239193083573487,0.0006085826565365438,Threshold,True,,0.95755829185224,0.9575168606350237,0.9579330044144378,0.051349227141734344,0.0335341891537857,,,,,,,
MIMIC-IV Ready for Discharge,Linear,9,naive,53817,3817,13.099292638197538,19,0.12331072570081215,0.1239193083573487,0.0006085826565365438,SMOTE,True,,0.972884464238931,0.9728321767788725,0.973155232784334,0.037201991092481006,0.017029080429656798,,,,,,,
MIMIC-IV Ready for Discharge,Linear,9,naive,53817,3817,13.099292638197538,19,0.12331072570081215,0.1239193083573487,0.0006085826565365438,Balanced Weights,True,,0.972884464238931,0.9727758030040714,0.9732730794060684,0.04165575058946817,0.012575320932669635,,,,,,,
MIMIC-IV Ready for Discharge,Linear,9,naive,53817,3817,13.099292638197538,19,0.12331072570081215,0.1239193083573487,0.0006085826565365438,Slacks Deltas,False,timeout,,,,,,,,,,,,300.001
MIMIC-IV Ready for Discharge,Linear,9,naive,53817,3817,13.099292638197538,19,0.12331072570081215,0.1239193083573487,0.0006085826565365438,Min Deltas,True,,0.9444589992140424,0.9435166517998014,0.9467068878833584,0.09772072308095363,0.013361278490961487,,,,,,,231.207
MIMIC-IV Ready for Discharge,Linear,9,naive,53817,3817,13.099292638197538,19,0.12331072570081215,0.1239193083573487,0.0006085826565365438,F Deltas,True,,0.9561173696620382,0.9561037211031184,0.955892034233048,0.038773906209064714,0.04899135446685879,,,,,,,0.055
MIMIC-IV Ready for Discharge,Linear,9,naive,53817,3817,13.099292638197538,19,0.12331072570081215,0.1239193083573487,0.0006085826565365438,CP Sum,True,,0.95755829185224,0.9575168606350237,0.9579330044144378,0.051349227141734344,0.0335341891537857,0.062075786294528104,0.056089337583568696,0.0005,0.0009997498749374687,True,True,4.176
MIMIC-IV Ready for Discharge,Linear,9,naive,53817,3817,13.099292638197538,19,0.12331072570081215,0.1239193083573487,0.0006085826565365438,CP Minimax,True,,0.9567723342939481,0.9567549736281276,0.9570200573065902,0.04899135446685879,0.037463976945244955,0.06044034299952718,0.05981469777708267,0.0005,0.0009997498749374687,True,True,4.132
MIMIC-IV Ready for Discharge,Linear,9,naive,53817,3817,13.099292638197538,19,0.12331072570081215,0.1239193083573487,0.0006085826565365438,DKW Sum,True,,0.95755829185224,0.9575168606350237,0.9579330044144378,0.051349227141734344,0.0335341891537857,0.06481831546776215,0.06626585690874232,0.0005,0.002498999499749875,True,True,1.892
MIMIC-IV Ready for Discharge,Linear,9,naive,53817,3817,13.099292638197538,19,0.12331072570081215,0.1239193083573487,0.0006085826565365438,DKW Minimax,True,,0.9569033272203301,0.9568501664650456,0.9573336791596421,0.053183128111082,0.03301021744825779,0.06715831546776216,0.06521791349768652,0.0005,0.002498999499749875,True,True,1.88
MIMIC-IV Ready for Discharge,Linear,9,split,18836,1336,13.099292638197538,19,0.1308034973490838,0.13230285564579514,0.0014993582967113284,Baseline,True,,0.8676971443542049,0.8594337187683145,0.8497470990776554,0.012837306785433586,0.2517684045061567,,,,,,,
MIMIC-IV Ready for Discharge,Linear,9,split,18836,1336,13.099292638197538,19,0.1308034973490838,0.13230285564579514,0.0014993582967113284,Threshold,True,,0.9567723342939481,0.9567205383175342,0.9571984435797666,0.053183128111082,0.03327220330102174,,,,,,,
MIMIC-IV Ready for Discharge,Linear,9,split,18836,1336,13.099292638197538,19,0.1308034973490838,0.13230285564579514,0.0014993582967113284,SMOTE,True,,0.9714435420487294,0.971375146354721,0.9717689717689718,0.040083835472884466,0.017029080429656798,,,,,,,
MIMIC-IV Ready for Discharge,Linear,9,split,18836,1336,13.099292638197538,19,0.1308034973490838,0.13230285564579514,0.0014993582967113284,Balanced Weights,True,,0.973539428870841,0.9734208370932544,0.9739354838709677,0.04165575058946817,0.011265391668849881,,,,,,,
MIMIC-IV Ready for Discharge,Linear,9,split,18836,1336,13.099292638197538,19,0.1308034973490838,0.13230285564579514,0.0014993582967113284,Slacks Deltas,False,timeout,,,,,,,,,,,,300.0
MIMIC-IV Ready for Discharge,Linear,9,split,18836,1336,13.099292638197538,19,0.1308034973490838,0.13230285564579514,0.0014993582967113284,Min Deltas,True,,0.9554624050301284,0.9553198358727625,0.9561855670103093,0.06104270369400053,0.02803248624574273,,,,,,,110.803
MIMIC-IV Ready for Discharge,Linear,9,split,18836,1336,13.099292638197538,19,0.1308034973490838,0.13230285564579514,0.0014993582967113284,F Deltas,True,,0.9554624050301284,0.9553863995304531,0.9549191195969239,0.032486245742729895,0.05658894419701336,,,,,,,0.101
MIMIC-IV Ready for Discharge,Linear,9,split,18836,1336,13.099292638197538,19,0.1308034973490838,0.13230285564579514,0.0014993582967113284,CP Sum,True,,0.9567723342939481,0.9566790349471328,0.9573422957600828,0.05658894419701336,0.029866387215090384,0.07230388505689743,0.055028087665939016,0.0005,0.0014994997498749376,True,True,4.437
MIMIC-IV Ready for Discharge,Linear,9,split,18836,1336,13.099292638197538,19,0.1308034973490838,0.13230285564579514,0.0014993582967113284,CP Minimax,True,,0.9561173696620382,0.956088214811596,0.956442595241191,0.051349227141734344,0.03641603353418915,0.06603490456001863,0.0649656237427351,0.0005,0.0014994997498749376,True,True,4.468
MIMIC-IV Ready for Discharge,Linear,9,split,18836,1336,13.099292638197538,19,0.1308034973490838,0.13230285564579514,0.0014993582967113284,DKW Sum,True,,0.9567723342939481,0.9567205383175342,0.9571984435797666,0.053183128111082,0.03327220330102174,0.0725060425957916,0.0756608474156309,0.0009997498749374687,0.00449799899949975,True,True,1.015
MIMIC-IV Ready for Discharge,Linear,9,split,18836,1336,13.099292638197538,19,0.1308034973490838,0.13230285564579514,0.0014993582967113284,DKW Minimax,True,,0.9567723342939481,0.9566790349471328,0.9573422957600828,0.05658894419701336,0.029866387215090384,0.07593461402436302,0.072666835439583,0.0009997498749374687,0.00449799899949975,True,True,1.011
MIMIC-IV Ready for Discharge,MLP,0,naive,53817,3817,13.099292638197538,19,0.018919009693476554,0.018731988472622477,-0.0001870212208540771,Baseline,True,,0.9812680115273775,0.9811313871132324,0.980956185910241,0.002357872674875557,0.0351061042703694,,,,,,,
MIMIC-IV Ready for Discharge,MLP,0,naive,53817,3817,13.099292638197538,19,0.018919009693476554,0.018731988472622477,-0.0001870212208540771,Threshold,True,,0.9875556719937123,0.9875542037737219,0.9875344442986485,0.01074141996332198,0.01414723604925334,,,,,,,
MIMIC-IV Ready for Discharge,MLP,0,naive,53817,3817,13.099292638197538,19,0.018919009693476554,0.018731988472622477,-0.0001870212208540771,SMOTE,True,,0.9889965941839141,0.988987710915104,0.988950276243094,0.006811632171862719,0.015195179460309143,,,,,,,
MIMIC-IV Ready for Discharge,MLP,0,naive,53817,3817,13.099292638197538,19,0.018919009693476554,0.018731988472622477,-0.0001870212208540771,Balanced Weights,False,,,,,,,,,,,,,
MIMIC-IV Ready for Discharge,MLP,0,naive,53817,3817,13.099292638197538,19,0.018919009693476554,0.018731988472622477,-0.0001870212208540771,Slacks Deltas,False,timeout,,,,,,,,,,,,300.0
MIMIC-IV Ready for Discharge,MLP,0,naive,53817,3817,13.099292638197538,19,0.018919009693476554,0.018731988472622477,-0.0001870212208540771,Min Deltas,True,,0.9765522661776264,0.9764014852810666,0.9769478428847392,0.040607807178412364,0.006287660466334818,,,,,,,171.195
MIMIC-IV Ready for Discharge,MLP,0,naive,53817,3817,13.099292638197538,19,0.018919009693476554,0.018731988472622477,-0.0001870212208540771,F Deltas,True,,0.9876866649200943,0.9876574429888486,0.9875923970432946,0.004715745349751114,0.01991092481006026,,,,,,,0.062
MIMIC-IV Ready for Discharge,MLP,0,naive,53817,3817,13.099292638197538,19,0.018919009693476554,0.018731988472622477,-0.0001870212208540771,CP Sum,True,,0.9875556719937123,0.9875542037737219,0.9875344442986485,0.01074141996332198,0.01414723604925334,0.012698899212313068,0.028638361677115556,0.0005,0.0005,True,True,4.344
MIMIC-IV Ready for Discharge,MLP,0,naive,53817,3817,13.099292638197538,19,0.018919009693476554,0.018731988472622477,-0.0001870212208540771,CP Minimax,True,,0.9845428346869269,0.9845302511987354,0.9846193952033369,0.020434896515588157,0.010479434110558029,0.022427391008245676,0.022666914671104127,0.0005,0.0005,True,True,4.342
MIMIC-IV Ready for Discharge,MLP,0,naive,53817,3817,13.099292638197538,19,0.018919009693476554,0.018731988472622477,-0.0001870212208540771,DKW Sum,True,,0.9875556719937123,0.9875542037737219,0.9875344442986485,0.01074141996332198,0.01414723604925334,0.018698315467762152,0.04373507357104256,0.0005,0.002498999499749875,True,True,1.867
MIMIC-IV Ready for Discharge,MLP,0,naive,53817,3817,13.099292638197538,19,0.018919009693476554,0.018731988472622477,-0.0001870212208540771,DKW Minimax,True,,0.9817919832329054,0.9817401701872289,0.9819738036571132,0.02829447209850668,0.008121561435682474,0.03501831546776216,0.03587549798812403,0.0005,0.002498999499749875,True,True,1.87
MIMIC-IV Ready for Discharge,MLP,0,split,18836,1336,13.099292638197538,19,0.02563148234272781,0.023316740895991617,-0.002314741446736192,Baseline,True,,0.9766832591040084,0.9765207693825644,0.9762603360896239,0.005501702908042965,0.04113177888394027,,,,,,,
MIMIC-IV Ready for Discharge,MLP,0,split,18836,1336,13.099292638197538,19,0.02563148234272781,0.023316740895991617,-0.002314741446736192,Threshold,True,,0.9834948912758711,0.9834906690653983,0.9834471886495008,0.013623264343725438,0.019386953104532357,,,,,,,
MIMIC-IV Ready for Discharge,MLP,0,split,18836,1336,13.099292638197538,19,0.02563148234272781,0.023316740895991617,-0.002314741446736192,SMOTE,True,,0.9863767356562746,0.9863566951006052,0.9862905351964144,0.007335603877390621,0.01991092481006026,,,,,,,
MIMIC-IV Ready for Discharge,MLP,0,split,18836,1336,13.099292638197538,19,0.02563148234272781,0.023316740895991617,-0.002314741446736192,Balanced Weights,False,,,,,,,,,,,,,
MIMIC-IV Ready for Discharge,MLP,0,split,18836,1336,13.099292638197538,19,0.02563148234272781,0.023316740895991617,-0.002314741446736192,Slacks Deltas,False,timeout,,,,,,,,,,,,300.0
MIMIC-IV Ready for Discharge,MLP,0,split,18836,1336,13.099292638197538,19,0.02563148234272781,0.023316740895991617,-0.002314741446736192,Min Deltas,True,,0.9529735394288709,0.9521897353493246,0.9547231681170387,0.08566937385381189,0.008383547288446425,,,,,,,52.72
MIMIC-IV Ready for Discharge,MLP,0,split,18836,1336,13.099292638197538,19,0.02563148234272781,0.023316740895991617,-0.002314741446736192,F Deltas,True,,0.9831019124967252,0.9831008565238668,0.983077528532074,0.015457165313073094,0.018339009693476554,,,,,,,0.046
MIMIC-IV Ready for Discharge,MLP,0,split,18836,1336,13.099292638197538,19,0.02563148234272781,0.023316740895991617,-0.002314741446736192,CP Sum,True,,0.9834948912758711,0.983492064839461,0.9834558823529411,0.01414723604925334,0.018862981399004455,0.02101763969618582,0.055028087665939016,0.0005,0.0014994997498749376,True,True,2.687
MIMIC-IV Ready for Discharge,MLP,0,split,18836,1336,13.099292638197538,19,0.02563148234272781,0.023316740895991617,-0.002314741446736192,CP Minimax,True,,0.9743253864291328,0.9741985767423932,0.9747227237554811,0.04139376473670422,0.00995546240503013,0.0457807530411183,0.044698282365353295,0.0005,0.0014994997498749376,True,True,2.661
MIMIC-IV Ready for Discharge,MLP,0,split,18836,1336,13.099292638197538,19,0.02563148234272781,0.023316740895991617,-0.002314741446736192,DKW Sum,True,,0.9834948912758711,0.983492064839461,0.9834558823529411,0.01414723604925334,0.018862981399004455,0.029420328310077307,0.072666835439583,0.0009997498749374687,0.00449799899949975,True,True,0.673
MIMIC-IV Ready for Discharge,MLP,0,split,18836,1336,13.099292638197538,19,0.02563148234272781,0.023316740895991617,-0.002314741446736192,DKW Minimax,True,,0.9705265915640555,0.9703250070093113,0.9710982658959537,0.04925334031962274,0.009693476552266178,0.06210604259579159,0.06218779352341533,0.0009997498749374687,0.00449799899949975,True,True,0.667
MIMIC-IV Ready for Discharge,MLP,1,naive,53817,3817,13.099292638197538,19,0.018142059208802724,0.02069688236835211,0.0025548231595493853,Baseline,True,,0.9793031176316479,0.9791595685803794,0.9789501731947775,0.0039297877914592615,0.037463976945244955,,,,,,,
MIMIC-IV Ready for Discharge,MLP,1,naive,53817,3817,13.099292638197538,19,0.018142059208802724,0.02069688236835211,0.0025548231595493853,Threshold,True,,0.9857217710243646,0.985712292487309,0.9856597816076832,0.00995546240503013,0.018600995546240503,,,,,,,
MIMIC-IV Ready for Discharge,MLP,1,naive,53817,3817,13.099292638197538,19,0.018142059208802724,0.02069688236835211,0.0025548231595493853,SMOTE,True,,0.9865077285826566,0.9864851076486578,0.986416985361994,0.006811632171862719,0.020172910662824207,,,,,,,
MIMIC-IV Ready for Discharge,MLP,1,naive,53817,3817,13.099292638197538,19,0.018142059208802724,0.02069688236835211,0.0025548231595493853,Balanced Weights,False,,,,,,,,,,,,,
MIMIC-IV Ready for Discharge,MLP,1,naive,53817,3817,13.099292638197538,19,0.018142059208802724,0.02069688236835211,0.0025548231595493853,Slacks Deltas,False,timeout,,,,,,,,,,,,300.001
MIMIC-IV Ready for Discharge,MLP,1,naive,53817,3817,13.099292638197538,19,0.018142059208802724,0.02069688236835211,0.0025548231595493853,Min Deltas,True,,0.9795651034844118,0.9795003230805868,0.9797927461139896,0.03170028818443804,0.009169504846738277,,,,,,,164.678
MIMIC-IV Ready for Discharge,MLP,1,naive,53817,3817,13.099292638197538,19,0.018142059208802724,0.02069688236835211,0.0025548231595493853,F Deltas,True,,0.983887870055017,0.9838413996921976,0.9837323105409337,0.006549646319098768,0.025674613570867172,,,,,,,0.056
MIMIC-IV Ready for Discharge,MLP,1,naive,53817,3817,13.099292638197538,19,0.018142059208802724,0.02069688236835211,0.0025548231595493853,CP Sum,True,,0.9857217710243646,0.985712292487309,0.9856597816076832,0.00995546240503013,0.018600995546240503,0.009525468329638175,0.028638361677115556,0.0005,0.0005,False,True,4.149
MIMIC-IV Ready for Discharge,MLP,1,naive,53817,3817,13.099292638197538,19,0.018142059208802724,0.02069688236835211,0.0025548231595493853,CP Minimax,True,,0.983625884202253,0.9836112217471683,0.9837133550488599,0.021744825779407912,0.01100340581608593,0.020223521460002444,0.02085423242225256,0.0005,0.0005,False,True,4.145
MIMIC-IV Ready for Discharge,MLP,1,naive,53817,3817,13.099292638197538,19,0.018142059208802724,0.02069688236835211,0.0025548231595493853,DKW Sum,True,,0.9857217710243646,0.985712292487309,0.9856597816076832,0.00995546240503013,0.018600995546240503,0.01589831546776215,0.04373507357104256,0.0005,0.002498999499749875,True,True,1.811
MIMIC-IV Ready for Discharge,MLP,1,naive,53817,3817,13.099292638197538,19,0.018142059208802724,0.02069688236835211,0.0025548231595493853,DKW Minimax,True,,0.9791721247052659,0.9791027178995686,0.9794121455392982,0.032486245742729895,0.009169504846738277,0.036058315467762156,0.034041597018776376,0.0005,0.002498999499749875,True,True,1.798
MIMIC-IV Ready for Discharge,MLP,1,split,18836,1336,13.099292638197538,19,0.02204080860695129,0.02344773382237359,0.0014069252154223014,Baseline,True,,0.9765522661776264,0.9763301327867355,0.9760535117056857,0.0026198585276395073,0.04427560911710768,,,,,,,
MIMIC-IV Ready for Discharge,MLP,1,split,18836,1336,13.099292638197538,19,0.02204080860695129,0.02344773382237359,0.0014069252154223014,Threshold,True,,0.9853287922452187,0.9853245778931878,0.9852863899106674,0.011789363374377783,0.0175530521351847,,,,,,,
MIMIC-IV Ready for Discharge,MLP,1,split,18836,1336,13.099292638197538,19,0.02204080860695129,0.02344773382237359,0.0014069252154223014,SMOTE,True,,0.9803510610427036,0.9802527239005948,0.9800743889479278,0.005763688760806916,0.0335341891537857,,,,,,,
MIMIC-IV Ready for Discharge,MLP,1,split,18836,1336,13.099292638197538,19,0.02204080860695129,0.02344773382237359,0.0014069252154223014,Balanced Weights,False,,,,,,,,,,,,,
MIMIC-IV Ready for Discharge,MLP,1,split,18836,1336,13.099292638197538,19,0.02204080860695129,0.02344773382237359,0.0014069252154223014,Slacks Deltas,False,timeout,,,,,,,,,,,,300.001
MIMIC-IV Ready for Discharge,MLP,1,split,18836,1336,13.099292638197538,19,0.02204080860695129,0.02344773382237359,0.0014069252154223014,Min Deltas,True,,0.9834948912758711,0.983493181457285,0.9835251046025104,0.018339009693476554,0.014671207754781241,,,,,,,54.825
MIMIC-IV Ready for Discharge,MLP,1,split,18836,1336,13.099292638197538,19,0.02204080860695129,0.02344773382237359,0.0014069252154223014,F Deltas,True,,0.9831019124967252,0.9830327831528387,0.9829025844930418,0.0052397170552790145,0.028556457951270632,,,,,,,0.044
MIMIC-IV Ready for Discharge,MLP,1,split,18836,1336,13.099292638197538,19,0.02204080860695129,0.02344773382237359,0.0014069252154223014,CP Sum,True,,0.983887870055017,0.983887791574363,0.98388153584065,0.015719151165837046,0.016505108724128897,0.01659957178287601,0.03822645681988994,0.0005,0.0014994997498749376,True,True,2.543
MIMIC-IV Ready for Discharge,MLP,1,split,18836,1336,13.099292638197538,19,0.02204080860695129,0.02344773382237359,0.0014069252154223014,CP Minimax,True,,0.9795651034844118,0.979526950482288,0.9797402597402597,0.029080429656798534,0.011789363374377783,0.030155077703336315,0.02951794770133015,0.0005,0.0009997498749374687,True,True,2.549
MIMIC-IV Ready for Discharge,MLP,1,split,18836,1336,13.099292638197538,19,0.02204080860695129,0.02344773382237359,0.0014069252154223014,DKW Sum,True,,0.983887870055017,0.983887791574363,0.98388153584065,0.015719151165837046,0.016505108724128897,0.025648899738648735,0.06069078753539137,0.0009997498749374687,0.00449799899949975,True,True,0.651
MIMIC-IV Ready for Discharge,MLP,1,split,18836,1336,13.099292638197538,19,0.02204080860695129,0.02344773382237359,0.0014069252154223014,DKW Minimax,True,,0.9732774430180771,0.9731046510069042,0.9737586827887831,0.045061566675399525,0.008383547288446425,0.052620328310077305,0.05021174561922371,0.0009997498749374687,0.00449799899949975,True,True,0.638
MIMIC-IV Ready for Discharge,MLP,2,naive,53817,3817,13.099292638197538,19,0.0184530521351847,0.020565889441970134,0.002112837306785433,Baseline,True,,0.9794341105580299,0.9792928147630171,0.9790861862261889,0.0039297877914592615,0.037201991092481006,,,,,,,
MIMIC-IV Ready for Discharge,MLP,2,naive,53817,3817,13.099292638197538,19,0.0184530521351847,0.020565889441970134,0.002112837306785433,Threshold,True,,0.984280848834163,0.9842405424930799,0.9841395717684377,0.006811632171862719,0.02462667015981137,,,,,,,
MIMIC-IV Ready for Discharge,MLP,2,naive,53817,3817,13.099292638197538,19,0.0184530521351847,0.020565889441970134,0.002112837306785433,SMOTE,True,,0.9879486507728583,0.9879408349348786,0.9879011046817464,0.008121561435682474,0.015981137018600995,,,,,,,
MIMIC-IV Ready for Discharge,MLP,2,naive,53817,3817,13.099292638197538,19,0.0184530521351847,0.020565889441970134,0.002112837306785433,Balanced Weights,False,,,,,,,,,,,,,
MIMIC-IV Ready for Discharge,MLP,2,naive,53817,3817,13.099292638197538,19,0.0184530521351847,0.020565889441970134,0.002112837306785433,Slacks Deltas,False,timeout,,,,,,,,,,,,300.001
MIMIC-IV Ready for Discharge,MLP,2,naive,53817,3817,13.099292638197538,19,0.0184530521351847,0.020565889441970134,0.002112837306785433,Min Deltas,True,,0.9781241812942101,0.9780121721571073,0.9784432683619465,0.03667801938695311,0.00707361802462667,,,,,,,161.847
MIMIC-IV Ready for Discharge,MLP,2,naive,53817,3817,13.099292638197538,19,0.0184530521351847,0.020565889441970134,0.002112837306785433,F Deltas,True,,0.9798270893371758,0.9796924445755145,0.9794940079893475,0.0039297877914592615,0.03641603353418915,,,,,,,0.055
MIMIC-IV Ready for Discharge,MLP,2,naive,53817,3817,13.099292638197538,19,0.0184530521351847,0.020565889441970134,0.002112837306785433,CP Sum,True,,0.984280848834163,0.9842405424930799,0.9841395717684377,0.006811632171862719,0.02462667015981137,0.007677629478750987,0.030691546714055797,0.0005,0.0005,True,True,4.077
MIMIC-IV Ready for Discharge,MLP,2,naive,53817,3817,13.099292638197538,19,0.0184530521351847,0.020565889441970134,0.002112837306785433,CP Minimax,True,,0.9845428346869269,0.9845378152538553,0.9845912770958475,0.018600995546240503,0.012313335079905684,0.020857460357810283,0.02194556481395158,0.0005,0.0005,True,True,4.078
MIMIC-IV Ready for Discharge,MLP,2,naive,53817,3817,13.099292638197538,19,0.0184530521351847,0.020565889441970134,0.002112837306785433,DKW Sum,True,,0.984280848834163,0.9842405424930799,0.9841395717684377,0.006811632171862719,0.02462667015981137,0.014298315467762153,0.04530698868762626,0.0005,0.002498999499749875,True,True,1.824
MIMIC-IV Ready for Discharge,MLP,2,naive,53817,3817,13.099292638197538,19,0.0184530521351847,0.020565889441970134,0.002112837306785433,DKW Minimax,True,,0.9798270893371758,0.9797592788876439,0.98005698005698,0.03170028818443804,0.008645533141210375,0.037418315467762156,0.035613512135360084,0.0005,0.002498999499749875,True,True,1.817
MIMIC-IV Ready for Discharge,MLP,2,split,18836,1336,13.099292638197538,19,0.019045539949772115,0.023971705527901493,0.004926165578129377,Baseline,True,,0.9760282944720985,0.9758278464487425,0.9755445676867567,0.004191773644223212,0.04375163741157977,,,,,,,
MIMIC-IV Ready for Discharge,MLP,2,split,18836,1336,13.099292638197538,19,0.019045539949772115,0.023971705527901493,0.004926165578129377,Threshold,True,,0.9821849620120513,0.9821613417711827,0.9820627802690582,0.01100340581608593,0.02462667015981137,,,,,,,
MIMIC-IV Ready for Discharge,MLP,2,split,18836,1336,13.099292638197538,19,0.019045539949772115,0.023971705527901493,0.004926165578129377,SMOTE,True,,0.984149855907781,0.9841083498200651,0.9840052875082618,0.006811632171862719,0.02488865601257532,,,,,,,
MIMIC-IV Ready for Discharge,MLP,2,split,18836,1336,13.099292638197538,19,0.019045539949772115,0.023971705527901493,0.004926165578129377,Balanced Weights,False,,,,,,,,,,,,,
MIMIC-IV Ready for Discharge,MLP,2,split,18836,1336,13.099292638197538,19,0.019045539949772115,0.023971705527901493,0.004926165578129377,Slacks Deltas,False,timeout,,,,,,,,,,,,300.0
MIMIC-IV Ready for Discharge,MLP,2,split,18836,1336,13.099292638197538,19,0.019045539949772115,0.023971705527901493,0.004926165578129377,Min Deltas,True,,0.9709195703432014,0.9707363184759122,0.9714579583440474,0.047943411055802986,0.010217448257794078,,,,,,,52.98
MIMIC-IV Ready for Discharge,MLP,2,split,18836,1336,13.099292638197538,19,0.019045539949772115,0.023971705527901493,0.004926165578129377,F Deltas,True,,0.9813990044537595,0.9813184331532098,0.9811621119660388,0.006025674613570867,0.03117631647891014,,,,,,,0.044
MIMIC-IV Ready for Discharge,MLP,2,split,18836,1336,13.099292638197538,19,0.019045539949772115,0.023971705527901493,0.004926165578129377,CP Sum,True,,0.9828399266439612,0.9828394989047375,0.9828241772649797,0.016243122871364948,0.0180770238407126,0.022273678553288986,0.043636652959227404,0.0005,0.0014994997498749376,True,True,2.567
MIMIC-IV Ready for Discharge,MLP,2,split,18836,1336,13.099292638197538,19,0.019045539949772115,0.023971705527901493,0.004926165578129377,CP Minimax,True,,0.9795651034844118,0.9795376362754933,0.9797139141742522,0.027770500392978778,0.013099292638197537,0.036111254651726106,0.03759901214953978,0.0005,0.0009997498749374687,True,True,2.571
MIMIC-IV Ready for Discharge,MLP,2,split,18836,1336,13.099292638197538,19,0.019045539949772115,0.023971705527901493,0.004926165578129377,DKW Sum,True,,0.9831019124967252,0.9830886385735996,0.9830151415404872,0.011789363374377783,0.02200681163217186,0.025248899738648738,0.0696728234635351,0.0009997498749374687,0.00449799899949975,True,True,0.647
MIMIC-IV Ready for Discharge,MLP,2,split,18836,1336,13.099292638197538,19,0.019045539949772115,0.023971705527901493,0.004926165578129377,DKW Minimax,True,,0.9707885774168195,0.970607837723781,0.9713257039989713,0.047943411055802986,0.010479434110558029,0.058906042595791595,0.056199769571319516,0.0009997498749374687,0.00449799899949975,True,True,0.647
MIMIC-IV Ready for Discharge,MLP,3,naive,53817,3817,13.099292638197538,19,0.018665037987948652,0.023054755043227664,0.004389717055279012,Baseline,True,,0.9769452449567724,0.9767259854759054,0.976457998929909,0.002357872674875557,0.04375163741157977,,,,,,,
MIMIC-IV Ready for Discharge,MLP,3,naive,53817,3817,13.099292638197538,19,0.018665037987948652,0.023054755043227664,0.004389717055279012,Threshold,True,,0.983887870055017,0.9838771879084374,0.9838136596920647,0.011527377521613832,0.02069688236835211,,,,,,,
MIMIC-IV Ready for Discharge,MLP,3,naive,53817,3817,13.099292638197538,19,0.018665037987948652,0.023054755043227664,0.004389717055279012,SMOTE,True,,0.983625884202253,0.9835819136268399,0.983472167129446,0.00707361802462667,0.025674613570867172,,,,,,,
MIMIC-IV Ready for Discharge,MLP,3,naive,53817,3817,13.099292638197538,19,0.018665037987948652,0.023054755043227664,0.004389717055279012,Balanced Weights,False,,,,,,,,,,,,,
MIMIC-IV Ready for Discharge,MLP,3,naive,53817,3817,13.099292638197538,19,0.018665037987948652,0.023054755043227664,0.004389717055279012,Slacks Deltas,False,timeout,,,,,,,,,,,,300.001
MIMIC-IV Ready for Discharge,MLP,3,naive,53817,3817,13.099292638197538,19,0.018665037987948652,0.023054755043227664,0.004389717055279012,Min Deltas,True,,0.9795651034844118,0.9795376362754933,0.9797139141742522,0.027770500392978778,0.013099292638197537,,,,,,,159.757
MIMIC-IV Ready for Discharge,MLP,3,naive,53817,3817,13.099292638197538,19,0.018665037987948652,0.023054755043227664,0.004389717055279012,F Deltas,True,,0.9770762378831543,0.9768916027764928,0.976632394178128,0.0039297877914592615,0.041917736442232116,,,,,,,0.055
MIMIC-IV Ready for Discharge,MLP,3,naive,53817,3817,13.099292638197538,19,0.018665037987948652,0.023054755043227664,0.004389717055279012,CP Sum,True,,0.983887870055017,0.9838771879084374,0.9838136596920647,0.011527377521613832,0.02069688236835211,0.011820959517443923,0.026907953436921327,0.0005,0.0005,True,True,4.091
MIMIC-IV Ready for Discharge,MLP,3,naive,53817,3817,13.099292638197538,19,0.018665037987948652,0.023054755043227664,0.004389717055279012,CP Minimax,True,,0.9821849620120513,0.9821827258005731,0.9822222222222222,0.01991092481006026,0.015719151165837046,0.022253220946482813,0.02194556481395158,0.0005,0.0005,True,True,4.086
MIMIC-IV Ready for Discharge,MLP,3,naive,53817,3817,13.099292638197538,19,0.018665037987948652,0.023054755043227664,0.004389717055279012,DKW Sum,True,,0.983887870055017,0.9838771879084374,0.9838136596920647,0.011527377521613832,0.02069688236835211,0.017918315467762153,0.0424251443072228,0.0005,0.002498999499749875,True,True,1.822
MIMIC-IV Ready for Discharge,MLP,3,naive,53817,3817,13.099292638197538,19,0.018665037987948652,0.023054755043227664,0.004389717055279012,DKW Minimax,True,,0.9794341105580299,0.9794015150792331,0.9795971410006498,0.028556457951270632,0.012575320932669635,0.03737831546776216,0.03587549798812403,0.0005,0.002498999499749875,True,True,1.813
MIMIC-IV Ready for Discharge,MLP,3,split,18836,1336,13.099292638197538,19,0.017339447493256444,0.024888656012575318,0.007549208519318874,Baseline,True,,0.9751113439874247,0.9748570325086323,0.9745444801714899,0.0026198585276395073,0.04715745349751113,,,,,,,
MIMIC-IV Ready for Discharge,MLP,3,split,18836,1336,13.099292638197538,19,0.017339447493256444,0.024888656012575318,0.007549208519318874,Threshold,True,,0.9798270893371758,0.9798015558912955,0.9796833773087071,0.013099292638197537,0.027246528687450876,,,,,,,
MIMIC-IV Ready for Discharge,MLP,3,split,18836,1336,13.099292638197538,19,0.017339447493256444,0.024888656012575318,0.007549208519318874,SMOTE,True,,0.9794341105580299,0.9793261760401093,0.9791306659577297,0.006025674613570867,0.0351061042703694,,,,,,,
MIMIC-IV Ready for Discharge,MLP,3,split,18836,1336,13.099292638197538,19,0.017339447493256444,0.024888656012575318,0.007549208519318874,Balanced Weights,False,,,,,,,,,,,,,
MIMIC-IV Ready for Discharge,MLP,3,split,18836,1336,13.099292638197538,19,0.017339447493256444,0.024888656012575318,0.007549208519318874,Slacks Deltas,False,timeout,,,,,,,,,,,,300.0
MIMIC-IV Ready for Discharge,MLP,3,split,18836,1336,13.099292638197538,19,0.017339447493256444,0.024888656012575318,0.007549208519318874,Min Deltas,True,,0.9675137542572702,0.9673773956612709,0.9680329981954112,0.04872936861409484,0.016243122871364948,,,,,,,53.647
MIMIC-IV Ready for Discharge,MLP,3,split,18836,1336,13.099292638197538,19,0.017339447493256444,0.024888656012575318,0.007549208519318874,F Deltas,True,,0.9791721247052659,0.9790718026419438,0.9788760462335592,0.006811632171862719,0.03484411841760545,,,,,,,0.044
MIMIC-IV Ready for Discharge,MLP,3,split,18836,1336,13.099292638197538,19,0.017339447493256444,0.024888656012575318,0.007549208519318874,CP Sum,True,,0.9796960964107938,0.9796519494512934,0.979505487240513,0.01100340581608593,0.029604401362326435,0.01592110397755192,0.05603705926225657,0.0005,0.0014994997498749376,True,True,2.54
MIMIC-IV Ready for Discharge,MLP,3,split,18836,1336,13.099292638197538,19,0.017339447493256444,0.024888656012575318,0.007549208519318874,CP Minimax,True,,0.9747183652082787,0.9746954706643358,0.974886141834743,0.03196227403720199,0.018600995546240503,0.04238335837471425,0.043636652959227404,0.0005,0.0014994997498749376,True,True,2.536
MIMIC-IV Ready for Discharge,MLP,3,split,18836,1336,13.099292638197538,19,0.017339447493256444,0.024888656012575318,0.007549208519318874,DKW Sum,True,,0.9796960964107938,0.9796519494512934,0.979505487240513,0.01100340581608593,0.029604401362326435,0.025077471167220165,0.07341533843359496,0.0009997498749374687,0.00449799899949975,True,True,0.633
MIMIC-IV Ready for Discharge,MLP,3,split,18836,1336,13.099292638197538,19,0.017339447493256444,0.024888656012575318,0.007549208519318874,DKW Minimax,True,,0.9664658108462143,0.9663111209964663,0.9670357970641257,0.050825255436206446,0.016243122871364948,0.06473461402436302,0.06218779352341533,0.0009997498749374687,0.00449799899949975,True,True,0.632
MIMIC-IV Ready for Discharge,MLP,4,naive,53817,3817,13.099292638197538,19,0.019954967251768405,0.02344773382237359,0.003492766570605186,Baseline,True,,0.9765522661776264,0.9763571981397956,0.9760855043420174,0.0039297877914592615,0.04296567985328792,,,,,,,
MIMIC-IV Ready for Discharge,MLP,4,naive,53817,3817,13.099292638197538,19,0.019954967251768405,0.02344773382237359,0.003492766570605186,Threshold,True,,0.9853287922452187,0.9853253093109486,0.985290254793801,0.012051349227141734,0.01729106628242075,,,,,,,
MIMIC-IV Ready for Discharge,MLP,4,naive,53817,3817,13.099292638197538,19,0.019954967251768405,0.02344773382237359,0.003492766570605186,SMOTE,True,,0.9872936861409484,0.9872776182165877,0.9872217099196416,0.00707361802462667,0.018339009693476554,,,,,,,
MIMIC-IV Ready for Discharge,MLP,4,naive,53817,3817,13.099292638197538,19,0.019954967251768405,0.02344773382237359,0.003492766570605186,Balanced Weights,False,,,,,,,,,,,,,
MIMIC-IV Ready for Discharge,MLP,4,naive,53817,3817,13.099292638197538,19,0.019954967251768405,0.02344773382237359,0.003492766570605186,Slacks Deltas,False,timeout,,,,,,,,,,,,300.001
MIMIC-IV Ready for Discharge,MLP,4,naive,53817,3817,13.099292638197538,19,0.019954967251768405,0.02344773382237359,0.003492766570605186,Min Deltas,True,,0.9642389310977207,0.9637883763771189,0.9652627560758367,0.06523447733822374,0.006287660466334818,,,,,,,157.887
MIMIC-IV Ready for Discharge,MLP,4,naive,53817,3817,13.099292638197538,19,0.019954967251768405,0.02344773382237359,0.003492766570605186,F Deltas,True,,0.9828399266439612,0.9827707788716575,0.9826375082836315,0.005501702908042965,0.02881844380403458,,,,,,,0.054
MIMIC-IV Ready for Discharge,MLP,4,naive,53817,3817,13.099292638197538,19,0.019954967251768405,0.02344773382237359,0.003492766570605186,CP Sum,True,,0.9851977993188368,0.9851952825654743,0.9851647630300643,0.012575320932669635,0.017029080429656798,0.01312518515053589,0.026907953436921327,0.0005,0.0005,True,True,4.074
MIMIC-IV Ready for Discharge,MLP,4,naive,53817,3817,13.099292638197538,19,0.019954967251768405,0.02344773382237359,0.003492766570605186,CP Minimax,True,,0.9825779407911973,0.9825534131466924,0.9826980616625471,0.02436468430704742,0.010479434110558029,0.02229676949408945,0.023740440411119536,0.0005,0.0005,False,True,4.068
MIMIC-IV Ready for Discharge,MLP,4,naive,53817,3817,13.099292638197538,19,0.019954967251768405,0.02344773382237359,0.003492766570605186,DKW Sum,True,,0.9853287922452187,0.9853253093109486,0.985290254793801,0.012051349227141734,0.01729106628242075,0.01847831546776215,0.0429491160127507,0.0005,0.002498999499749875,True,True,1.846
MIMIC-IV Ready for Discharge,MLP,4,naive,53817,3817,13.099292638197538,19,0.019954967251768405,0.02344773382237359,0.003492766570605186,DKW Minimax,True,,0.9773382237359183,0.9772450880855225,0.9776399121106372,0.0361540476814252,0.009169504846738277,0.03649831546776215,0.037185427251943785,0.0005,0.002498999499749875,True,True,1.784
MIMIC-IV Ready for Discharge,MLP,4,split,18836,1336,13.099292638197538,19,0.020302415279198835,0.02515064186533927,0.004848226586140435,Baseline,True,,0.9748493581346608,0.9746068097481072,0.9742903053026245,0.0034058160859313596,0.04689546764474718,,,,,,,
MIMIC-IV Ready for Discharge,MLP,4,split,18836,1336,13.099292638197538,19,0.020302415279198835,0.02515064186533927,0.004848226586140435,Threshold,True,,0.9831019124967252,0.9830826342681073,0.9829972321075524,0.01074141996332198,0.023054755043227664,,,,,,,
MIMIC-IV Ready for Discharge,MLP,4,split,18836,1336,13.099292638197538,19,0.020302415279198835,0.02515064186533927,0.004848226586140435,SMOTE,True,,0.983756877128635,0.9837065019944651,0.9835935432654141,0.006287660466334818,0.026198585276395073,,,,,,,
MIMIC-IV Ready for Discharge,MLP,4,split,18836,1336,13.099292638197538,19,0.020302415279198835,0.02515064186533927,0.004848226586140435,Balanced Weights,False,,,,,,,,,,,,,
MIMIC-IV Ready for Discharge,MLP,4,split,18836,1336,13.099292638197538,19,0.020302415279198835,0.02515064186533927,0.004848226586140435,Slacks Deltas,False,timeout,,,,,,,,,,,,300.0
MIMIC-IV Ready for Discharge,MLP,4,split,18836,1336,13.099292638197538,19,0.020302415279198835,0.02515064186533927,0.004848226586140435,Min Deltas,True,,0.9693476552266178,0.9691095728977338,0.9699923057194152,0.0521351847000262,0.009169504846738277,,,,,,,50.864
MIMIC-IV Ready for Discharge,MLP,4,split,18836,1336,13.099292638197538,19,0.020302415279198835,0.02515064186533927,0.004848226586140435,F Deltas,True,,0.9772072308095363,0.9770351337950468,0.9767814251401121,0.004453759496987163,0.04113177888394027,,,,,,,0.044
MIMIC-IV Ready for Discharge,MLP,4,split,18836,1336,13.099292638197538,19,0.020302415279198835,0.02515064186533927,0.004848226586140435,CP Sum,True,,0.9827089337175793,0.9827054414979275,0.9827541154951659,0.01991092481006026,0.014671207754781241,0.022866581242216234,0.04149415776508599,0.0005,0.0014994997498749376,True,True,2.559
MIMIC-IV Ready for Discharge,MLP,4,split,18836,1336,13.099292638197538,19,0.020302415279198835,0.02515064186533927,0.004848226586140435,CP Minimax,True,,0.978386167146974,0.9783228082944762,0.9786241741158181,0.032748231595493844,0.010479434110558029,0.03915994463968813,0.03822645681988994,0.0005,0.0014994997498749376,True,True,2.558
MIMIC-IV Ready for Discharge,MLP,4,split,18836,1336,13.099292638197538,19,0.020302415279198835,0.02515064186533927,0.004848226586140435,DKW Sum,True,,0.9827089337175793,0.9827054414979275,0.9827541154951659,0.01991092481006026,0.014671207754781241,0.031020328310077307,0.0629362965174273,0.0009997498749374687,0.00449799899949975,True,True,0.636
MIMIC-IV Ready for Discharge,MLP,4,split,18836,1336,13.099292638197538,19,0.020302415279198835,0.02515064186533927,0.004848226586140435,DKW Minimax,True,,0.9720985066806392,0.9719230245723944,0.972604501607717,0.046371495939219284,0.009431490699502228,0.059991756881505875,0.057696775559343466,0.0009997498749374687,0.00449799899949975,True,True,0.631
MIMIC-IV Ready for Discharge,MLP,5,naive,53817,3817,13.099292638197538,19,0.019511988472622477,0.021744825779407912,0.0022328373067854353,Baseline,True,,0.978255174220592,0.978036208404163,0.9777956126270733,0.001047943411055803,0.04244170814776002,,,,,,,
MIMIC-IV Ready for Discharge,MLP,5,naive,53817,3817,13.099292638197538,19,0.019511988472622477,0.021744825779407912,0.0022328373067854353,Threshold,True,,0.9825779407911973,0.9825339233179899,0.9824143858257305,0.008121561435682474,0.026722556981922975,,,,,,,
MIMIC-IV Ready for Discharge,MLP,5,naive,53817,3817,13.099292638197538,19,0.019511988472622477,0.021744825779407912,0.0022328373067854353,SMOTE,True,,0.9846738276133089,0.9846078758596246,0.9844971511859016,0.0039297877914592615,0.026722556981922975,,,,,,,
MIMIC-IV Ready for Discharge,MLP,5,naive,53817,3817,13.099292638197538,19,0.019511988472622477,0.021744825779407912,0.0022328373067854353,Balanced Weights,False,,,,,,,,,,,,,
MIMIC-IV Ready for Discharge,MLP,5,naive,53817,3817,13.099292638197538,19,0.019511988472622477,0.021744825779407912,0.0022328373067854353,Slacks Deltas,False,timeout,,,,,,,,,,,,300.001
MIMIC-IV Ready for Discharge,MLP,5,naive,53817,3817,13.099292638197538,19,0.019511988472622477,0.021744825779407912,0.0022328373067854353,Min Deltas,True,,0.9667277966989782,0.9665913272266862,0.9672596029904614,0.049515326172386694,0.017029080429656798,,,,,,,153.614
MIMIC-IV Ready for Discharge,MLP,5,naive,53817,3817,13.099292638197538,19,0.019511988472622477,0.021744825779407912,0.0022328373067854353,F Deltas,True,,0.9798270893371758,0.9796455037061634,0.9794392523364486,0.0013099292638197536,0.03903589206182866,,,,,,,0.056
MIMIC-IV Ready for Discharge,MLP,5,naive,53817,3817,13.099292638197538,19,0.019511988472622477,0.021744825779407912,0.0022328373067854353,CP Sum,True,,0.9823159549384334,0.9822949843174555,0.982201713909031,0.011265391668849881,0.024102698454283467,0.01555522939220111,0.024450868136578048,0.0005,0.0005,True,True,4.087
MIMIC-IV Ready for Discharge,MLP,5,naive,53817,3817,13.099292638197538,19,0.019511988472622477,0.021744825779407912,0.0022328373067854353,CP Minimax,True,,0.9806130468954677,0.9806108070993514,0.9805723286951956,0.01729106628242075,0.02148283992664396,0.022209668356320038,0.022306831751143917,0.0005,0.0005,True,True,4.076
MIMIC-IV Ready for Discharge,MLP,5,naive,53817,3817,13.099292638197538,19,0.019511988472622477,0.021744825779407912,0.0022328373067854353,DKW Sum,True,,0.9825779407911973,0.9825339233179899,0.9824143858257305,0.008121561435682474,0.026722556981922975,0.017738315467762153,0.04373507357104256,0.0005,0.002498999499749875,True,True,1.811
MIMIC-IV Ready for Discharge,MLP,5,naive,53817,3817,13.099292638197538,19,0.019511988472622477,0.021744825779407912,0.0022328373067854353,DKW Minimax,True,,0.9741943935027508,0.9741749390006884,0.9743522978778805,0.03196227403720199,0.019648938957296306,0.03953831546776215,0.03770939895747169,0.0005,0.002498999499749875,True,True,1.801
MIMIC-IV Ready for Discharge,MLP,5,split,18836,1336,13.099292638197538,19,0.019357827178867082,0.021351847000261985,0.001994019821394903,Baseline,True,,0.9786481529997381,0.9784320372725228,0.978199812759128,0.0007859575582918522,0.041917736442232116,,,,,,,
MIMIC-IV Ready for Discharge,MLP,5,split,18836,1336,13.099292638197538,19,0.019357827178867082,0.021351847000261985,0.001994019821394903,Threshold,True,,0.9825779407911973,0.9825288237649482,0.982405080037042,0.007597589730154571,0.027246528687450876,,,,,,,
MIMIC-IV Ready for Discharge,MLP,5,split,18836,1336,13.099292638197538,19,0.019357827178867082,0.021351847000261985,0.001994019821394903,SMOTE,True,,0.9806130468954677,0.9805542155530127,0.9804025423728814,0.008645533141210375,0.030128373067854337,,,,,,,
MIMIC-IV Ready for Discharge,MLP,5,split,18836,1336,13.099292638197538,19,0.019357827178867082,0.021351847000261985,0.001994019821394903,Balanced Weights,False,,,,,,,,,,,,,
MIMIC-IV Ready for Discharge,MLP,5,split,18836,1336,13.099292638197538,19,0.019357827178867082,0.021351847000261985,0.001994019821394903,Slacks Deltas,False,timeout,,,,,,,,,,,,300.002
MIMIC-IV Ready for Discharge,MLP,5,split,18836,1336,13.099292638197538,19,0.019357827178867082,0.021351847000261985,0.001994019821394903,Min Deltas,True,,0.9646319098768666,0.9644721934371311,0.9652420185375901,0.05292114225831805,0.017815037987948652,,,,,,,60.468
MIMIC-IV Ready for Discharge,MLP,5,split,18836,1336,13.099292638197538,19,0.019357827178867082,0.021351847000261985,0.001994019821394903,F Deltas,True,,0.9778621954414461,0.9776232993863059,0.9773731423215959,0.0005239717055279015,0.04375163741157977,,,,,,,0.044
MIMIC-IV Ready for Discharge,MLP,5,split,18836,1336,13.099292638197538,19,0.019357827178867082,0.021351847000261985,0.001994019821394903,CP Sum,True,,0.9820539690856693,0.9820235573584973,0.9819141914191419,0.010217448257794078,0.025674613570867172,0.015376255638749461,0.0330550618664856,0.0005,0.0009997498749374687,True,True,2.531
MIMIC-IV Ready for Discharge,MLP,5,split,18836,1336,13.099292638197538,19,0.019357827178867082,0.021351847000261985,0.001994019821394903,CP Minimax,True,,0.9781241812942101,0.9781241023511014,0.9781327746497316,0.022268797484935814,0.02148283992664396,0.027374355787251673,0.027079055864062316,0.0005,0.0009997498749374687,True,True,2.529
MIMIC-IV Ready for Discharge,MLP,5,split,18836,1336,13.099292638197538,19,0.019357827178867082,0.021351847000261985,0.001994019821394903,DKW Sum,True,,0.9828399266439612,0.9827854451356942,0.9826604897418928,0.006811632171862719,0.02750851454021483,0.02113461402436302,0.0599422845413794,0.0009997498749374687,0.00449799899949975,True,True,0.625
MIMIC-IV Ready for Discharge,MLP,5,split,18836,1336,13.099292638197538,19,0.019357827178867082,0.021351847000261985,0.001994019821394903,DKW Minimax,True,,0.9718365208278753,0.9717944888283195,0.9720887965727638,0.037201991092481006,0.019124967251768404,0.047648899738648734,0.05170875160724766,0.0009997498749374687,0.00449799899949975,True,True,0.623
MIMIC-IV Ready for Discharge,MLP,6,naive,53817,3817,13.099292638197538,19,0.019612981399004456,0.02488865601257532,0.005275674613570865,Baseline,True,,0.9751113439874247,0.9748629818670661,0.9745512992231449,0.002881844380403458,0.04689546764474718,,,,,,,
MIMIC-IV Ready for Discharge,MLP,6,naive,53817,3817,13.099292638197538,19,0.019612981399004456,0.02488865601257532,0.005275674613570865,Threshold,True,,0.9804820539690857,0.9804158202383285,0.9802570557837551,0.008121561435682474,0.030914330626146187,,,,,,,
MIMIC-IV Ready for Discharge,MLP,6,naive,53817,3817,13.099292638197538,19,0.019612981399004456,0.02488865601257532,0.005275674613570865,SMOTE,True,,0.983887870055017,0.9838463529147545,0.9837409120951751,0.00707361802462667,0.02515064186533927,,,,,,,
MIMIC-IV Ready for Discharge,MLP,6,naive,53817,3817,13.099292638197538,19,0.019612981399004456,0.02488865601257532,0.005275674613570865,Balanced Weights,False,,,,,,,,,,,,,
MIMIC-IV Ready for Discharge,MLP,6,naive,53817,3817,13.099292638197538,19,0.019612981399004456,0.02488865601257532,0.005275674613570865,Slacks Deltas,False,timeout,,,,,,,,,,,,300.001
MIMIC-IV Ready for Discharge,MLP,6,naive,53817,3817,13.099292638197538,19,0.019612981399004456,0.02488865601257532,0.005275674613570865,Min Deltas,True,,0.9773382237359183,0.9773274700019928,0.9774416481940279,0.027246528687450876,0.0180770238407126,,,,,,,152.896
MIMIC-IV Ready for Discharge,MLP,6,naive,53817,3817,13.099292638197538,19,0.019612981399004456,0.02488865601257532,0.005275674613570865,F Deltas,True,,0.9791721247052659,0.9790480371884346,0.9788423153692615,0.0052397170552790145,0.03641603353418915,,,,,,,0.056
MIMIC-IV Ready for Discharge,MLP,6,naive,53817,3817,13.099292638197538,19,0.019612981399004456,0.02488865601257532,0.005275674613570865,CP Sum,True,,0.9804820539690857,0.9804158202383285,0.9802570557837551,0.008121561435682474,0.030914330626146187,0.009089382775239857,0.032722383977961005,0.0005,0.0005,True,True,4.118
MIMIC-IV Ready for Discharge,MLP,6,naive,53817,3817,13.099292638197538,19,0.019612981399004456,0.02488865601257532,0.005275674613570865,CP Minimax,True,,0.9791721247052659,0.9791710644943847,0.9792020928711577,0.022268797484935814,0.019386953104532357,0.023253839785795368,0.02302585273368357,0.0005,0.0005,True,True,4.116
MIMIC-IV Ready for Discharge,MLP,6,naive,53817,3817,13.099292638197538,19,0.019612981399004456,0.02488865601257532,0.005275674613570865,DKW Sum,True,,0.9804820539690857,0.9804158202383285,0.9802570557837551,0.008121561435682474,0.030914330626146187,0.015518315467762153,0.04687890380420996,0.0005,0.002498999499749875,True,True,1.738
MIMIC-IV Ready for Discharge,MLP,6,naive,53817,3817,13.099292638197538,19,0.019612981399004456,0.02488865601257532,0.005275674613570865,DKW Minimax,True,,0.9752423369138067,0.9752194546707805,0.9754066363044893,0.03143830233167409,0.0180770238407126,0.03787831546776215,0.03797138481023564,0.0005,0.002498999499749875,True,True,1.724
MIMIC-IV Ready for Discharge,MLP,6,split,18836,1336,13.099292638197538,19,0.01986705112702694,0.02528163479172125,0.005414583664694307,Baseline,True,,0.9747183652082787,0.9744669358596149,0.974146014735432,0.003143830233167409,0.04741943935027509,,,,,,,
MIMIC-IV Ready for Discharge,MLP,6,split,18836,1336,13.099292638197538,19,0.01986705112702694,0.02528163479172125,0.005414583664694307,Threshold,True,,0.97877914592612,0.978714313500325,0.9785373608903021,0.00995546240503013,0.032486245742729895,,,,,,,
MIMIC-IV Ready for Discharge,MLP,6,split,18836,1336,13.099292638197538,19,0.01986705112702694,0.02528163479172125,0.005414583664694307,SMOTE,True,,0.9800890751899397,0.9800212828679515,0.9798568778160615,0.008383547288446425,0.03143830233167409,,,,,,,
MIMIC-IV Ready for Discharge,MLP,6,split,18836,1336,13.099292638197538,19,0.01986705112702694,0.02528163479172125,0.005414583664694307,Balanced Weights,False,,,,,,,,,,,,,
MIMIC-IV Ready for Discharge,MLP,6,split,18836,1336,13.099292638197538,19,0.01986705112702694,0.02528163479172125,0.005414583664694307,Slacks Deltas,False,timeout,,,,,,,,,,,,300.0
MIMIC-IV Ready for Discharge,MLP,6,split,18836,1336,13.099292638197538,19,0.01986705112702694,0.02528163479172125,0.005414583664694307,Min Deltas,True,,0.9634529735394288,0.9632390065404368,0.9641802542046476,0.056850930049777315,0.016243122871364948,,,,,,,50.827
MIMIC-IV Ready for Discharge,MLP,6,split,18836,1336,13.099292638197538,19,0.01986705112702694,0.02528163479172125,0.005414583664694307,F Deltas,True,,0.9778621954414461,0.9776975060047903,0.9774576497265572,0.004191773644223212,0.040083835472884466,,,,,,,0.044
MIMIC-IV Ready for Discharge,MLP,6,split,18836,1336,13.099292638197538,19,0.01986705112702694,0.02528163479172125,0.005414583664694307,CP Sum,True,,0.978517160073356,0.9784934512939681,0.9783698232656292,0.014671207754781241,0.02829447209850668,0.018150143795334982,0.042568729371844756,0.0005,0.0014994997498749376,True,True,2.562
MIMIC-IV Ready for Discharge,MLP,6,split,18836,1336,13.099292638197538,19,0.01986705112702694,0.02528163479172125,0.005414583664694307,CP Minimax,True,,0.9740634005763689,0.9740413802685667,0.9742321707444039,0.032486245742729895,0.019386953104532357,0.03534659073895595,0.03759901214953978,0.0005,0.0009997498749374687,True,True,2.564
MIMIC-IV Ready for Discharge,MLP,6,split,18836,1336,13.099292638197538,19,0.01986705112702694,0.02528163479172125,0.005414583664694307,DKW Sum,True,,0.978910138852502,0.9788497589447426,0.9786783207522183,0.010217448257794078,0.03196227403720199,0.023934614024363022,0.06667881148748718,0.0009997498749374687,0.00449799899949975,True,True,0.647
MIMIC-IV Ready for Discharge,MLP,6,split,18836,1336,13.099292638197538,19,0.01986705112702694,0.02528163479172125,0.005414583664694307,DKW Minimax,True,,0.9689546764474718,0.9688455744659047,0.9693996126533247,0.04558553838092743,0.016505108724128897,0.05399175688150588,0.05919378154736742,0.0009997498749374687,0.00449799899949975,True,True,0.642
MIMIC-IV Ready for Discharge,MLP,7,naive,53817,3817,13.099292638197538,19,0.02069993188367828,0.023971705527901493,0.0032717736442232116,Baseline,True,,0.9760282944720985,0.9757889494350277,0.9754987280760476,0.002357872674875557,0.04558553838092743,,,,,,,
MIMIC-IV Ready for Discharge,MLP,7,naive,53817,3817,13.099292638197538,19,0.02069993188367828,0.023971705527901493,0.0032717736442232116,Threshold,True,,0.9810060256746136,0.9810055971357703,0.9810234262531082,0.01991092481006026,0.0180770238407126,,,,,,,
MIMIC-IV Ready for Discharge,MLP,7,naive,53817,3817,13.099292638197538,19,0.02069993188367828,0.023971705527901493,0.0032717736442232116,SMOTE,True,,0.9871626932145664,0.987144302581992,0.9870848708487084,0.006811632171862719,0.018862981399004455,,,,,,,
MIMIC-IV Ready for Discharge,MLP,7,naive,53817,3817,13.099292638197538,19,0.02069993188367828,0.023971705527901493,0.0032717736442232116,Balanced Weights,False,,,,,,,,,,,,,
MIMIC-IV Ready for Discharge,MLP,7,naive,53817,3817,13.099292638197538,19,0.02069993188367828,0.023971705527901493,0.0032717736442232116,Slacks Deltas,False,timeout,,,,,,,,,,,,300.001
MIMIC-IV Ready for Discharge,MLP,7,naive,53817,3817,13.099292638197538,19,0.02069993188367828,0.023971705527901493,0.0032717736442232116,Min Deltas,True,,0.9786481529997381,0.9786087982232653,0.9788339176730295,0.030128373067854337,0.012575320932669635,,,,,,,157.022
MIMIC-IV Ready for Discharge,MLP,7,naive,53817,3817,13.099292638197538,19,0.02069993188367828,0.023971705527901493,0.0032717736442232116,F Deltas,True,,0.9765522661776264,0.97636240022559,0.976091892613864,0.004191773644223212,0.04270369400052397,,,,,,,0.059
MIMIC-IV Ready for Discharge,MLP,7,naive,53817,3817,13.099292638197538,19,0.02069993188367828,0.023971705527901493,0.0032717736442232116,CP Sum,True,,0.9810060256746136,0.9810055971357703,0.9810234262531082,0.01991092481006026,0.0180770238407126,0.01939133280927146,0.026907953436921327,0.0005,0.0005,False,True,4.096
MIMIC-IV Ready for Discharge,MLP,7,naive,53817,3817,13.099292638197538,19,0.02069993188367828,0.023971705527901493,0.0032717736442232116,CP Minimax,True,,0.9815299973801415,0.9815204783631549,0.9816094952393374,0.022792769190463715,0.01414723604925334,0.023666549243160678,0.025157381984986824,0.0005,0.0005,True,True,4.084
MIMIC-IV Ready for Discharge,MLP,7,naive,53817,3817,13.099292638197538,19,0.02069993188367828,0.023971705527901493,0.0032717736442232116,DKW Sum,True,,0.9810060256746136,0.9810055971357703,0.9810234262531082,0.01991092481006026,0.0180770238407126,0.024738315467762152,0.0424251443072228,0.0005,0.002498999499749875,True,True,1.738
MIMIC-IV Ready for Discharge,MLP,7,naive,53817,3817,13.099292638197538,19,0.02069993188367828,0.023971705527901493,0.0032717736442232116,DKW Minimax,True,,0.9772072308095363,0.9771158826789836,0.9775077559462254,0.0361540476814252,0.009431490699502228,0.03939831546776215,0.03797138481023564,0.0005,0.002498999499749875,True,True,1.731
MIMIC-IV Ready for Discharge,MLP,7,split,18836,1336,13.099292638197538,19,0.02013165286950051,0.02685354990830495,0.00672189703880444,Baseline,True,,0.9731464500916951,0.9728446646449446,0.9724795274533494,0.0026198585276395073,0.051087241288970395,,,,,,,
MIMIC-IV Ready for Discharge,MLP,7,split,18836,1336,13.099292638197538,19,0.02013165286950051,0.02685354990830495,0.00672189703880444,Threshold,True,,0.978255174220592,0.9781566263724547,0.9779489904357067,0.007859575582918523,0.035630075975897305,,,,,,,
MIMIC-IV Ready for Discharge,MLP,7,split,18836,1336,13.099292638197538,19,0.02013165286950051,0.02685354990830495,0.00672189703880444,SMOTE,True,,0.9832329054231072,0.9831851213373275,0.9830687830687831,0.00707361802462667,0.026460571129159026,,,,,,,
MIMIC-IV Ready for Discharge,MLP,7,split,18836,1336,13.099292638197538,19,0.02013165286950051,0.02685354990830495,0.00672189703880444,Balanced Weights,False,,,,,,,,,,,,,
MIMIC-IV Ready for Discharge,MLP,7,split,18836,1336,13.099292638197538,19,0.02013165286950051,0.02685354990830495,0.00672189703880444,Slacks Deltas,False,timeout,,,,,,,,,,,,300.0
MIMIC-IV Ready for Discharge,MLP,7,split,18836,1336,13.099292638197538,19,0.02013165286950051,0.02685354990830495,0.00672189703880444,Min Deltas,True,,0.9726224783861671,0.9725461819377549,0.9729519865407015,0.03955986376735656,0.015195179460309143,,,,,,,52.97
MIMIC-IV Ready for Discharge,MLP,7,split,18836,1336,13.099292638197538,19,0.02013165286950051,0.02685354990830495,0.00672189703880444,F Deltas,True,,0.9779931883678281,0.9779312867243366,0.9777483443708609,0.01100340581608593,0.03301021744825779,,,,,,,0.044
MIMIC-IV Ready for Discharge,MLP,7,split,18836,1336,13.099292638197538,19,0.02013165286950051,0.02685354990830495,0.00672189703880444,CP Sum,True,,0.9772072308095363,0.9771931832097597,0.9773260359655981,0.02803248624574273,0.0175530521351847,0.029639170536618197,0.04680392327720145,0.0005,0.0014994997498749376,True,True,2.55
MIMIC-IV Ready for Discharge,MLP,7,split,18836,1336,13.099292638197538,19,0.02013165286950051,0.02685354990830495,0.00672189703880444,CP Minimax,True,,0.9726224783861671,0.9725461819377549,0.9729519865407015,0.03955986376735656,0.015195179460309143,0.04446133039044022,0.042568729371844756,0.0005,0.0014994997498749376,True,True,2.544
MIMIC-IV Ready for Discharge,MLP,7,split,18836,1336,13.099292638197538,19,0.02013165286950051,0.02685354990830495,0.00672189703880444,DKW Sum,True,,0.9786481529997381,0.9786442868509868,0.9785892552213319,0.018600995546240503,0.024102698454283467,0.027934614024363022,0.0756608474156309,0.0009997498749374687,0.00449799899949975,True,True,0.657
MIMIC-IV Ready for Discharge,MLP,7,split,18836,1336,13.099292638197538,19,0.02013165286950051,0.02685354990830495,0.00672189703880444,DKW Minimax,True,,0.9672517684045061,0.9670521716430281,0.9678828365878726,0.05239717055279015,0.013099292638197537,0.06536318545293446,0.06218779352341533,0.0009997498749374687,0.00449799899949975,True,True,0.65
MIMIC-IV Ready for Discharge,MLP,8,naive,53817,3817,13.099292638197538,19,0.01788106628242075,0.020172910662824207,0.0022918443804034565,Baseline,True,,0.9798270893371758,0.9796698501840819,0.9794666666666667,0.0026198585276395073,0.03772596279800891,,,,,,,
MIMIC-IV Ready for Discharge,MLP,8,naive,53817,3817,13.099292638197538,19,0.01788106628242075,0.020172910662824207,0.0022918443804034565,Threshold,True,,0.9862457427298926,0.9862446901231353,0.9862258953168044,0.012313335079905684,0.015195179460309143,,,,,,,
MIMIC-IV Ready for Discharge,MLP,8,naive,53817,3817,13.099292638197538,19,0.01788106628242075,0.020172910662824207,0.0022918443804034565,SMOTE,True,,0.9869007073618025,0.9868964997223332,0.9868628481345244,0.010217448257794078,0.015981137018600995,,,,,,,
MIMIC-IV Ready for Discharge,MLP,8,naive,53817,3817,13.099292638197538,19,0.01788106628242075,0.020172910662824207,0.0022918443804034565,Balanced Weights,False,,,,,,,,,,,,,
MIMIC-IV Ready for Discharge,MLP,8,naive,53817,3817,13.099292638197538,19,0.01788106628242075,0.020172910662824207,0.0022918443804034565,Slacks Deltas,False,timeout,,,,,,,,,,,,300.001
MIMIC-IV Ready for Discharge,MLP,8,naive,53817,3817,13.099292638197538,19,0.01788106628242075,0.020172910662824207,0.0022918443804034565,Min Deltas,False,timeout,,,,,,,,,,,,300.006
MIMIC-IV Ready for Discharge,MLP,8,naive,53817,3817,13.099292638197538,19,0.01788106628242075,0.020172910662824207,0.0022918443804034565,F Deltas,True,,0.9845428346869269,0.9844951141807156,0.9843915343915344,0.005763688760806916,0.02515064186533927,,,,,,,0.126
MIMIC-IV Ready for Discharge,MLP,8,naive,53817,3817,13.099292638197538,19,0.01788106628242075,0.020172910662824207,0.0022918443804034565,CP Sum,True,,0.9861147498035107,0.9861146105974153,0.9861220214715894,0.01440922190201729,0.013361278490961487,0.015177805928246883,0.025157381984986824,0.0005,0.0005,True,True,6.824
MIMIC-IV Ready for Discharge,MLP,8,naive,53817,3817,13.099292638197538,19,0.01788106628242075,0.020172910662824207,0.0022918443804034565,CP Minimax,True,,0.9845428346869269,0.9845349918115067,0.9846033402922756,0.019386953104532357,0.011527377521613832,0.021315927707853323,0.022306831751143917,0.0005,0.0005,True,True,6.803
MIMIC-IV Ready for Discharge,MLP,8,naive,53817,3817,13.099292638197538,19,0.01788106628242075,0.020172910662824207,0.0022918443804034565,DKW Sum,True,,0.9862457427298926,0.9862446901231353,0.9862258953168044,0.012313335079905684,0.015195179460309143,0.018518315467762152,0.043211101865514655,0.0005,0.002498999499749875,True,True,2.966
MIMIC-IV Ready for Discharge,MLP,8,naive,53817,3817,13.099292638197538,19,0.01788106628242075,0.020172910662824207,0.0022918443804034565,DKW Minimax,True,,0.9804820539690857,0.9803997183514244,0.9807269434743241,0.03222425988996594,0.006811632171862719,0.036958315467762154,0.03587549798812403,0.0005,0.002498999499749875,True,True,2.95
MIMIC-IV Ready for Discharge,MLP,8,split,18836,1336,13.099292638197538,19,0.019480904101944006,0.02357872674875557,0.004097822646811564,Baseline,True,,0.9764212732512444,0.9762018960839053,0.9759229534510433,0.002881844380403458,0.04427560911710768,,,,,,,
MIMIC-IV Ready for Discharge,MLP,8,split,18836,1336,13.099292638197538,19,0.019480904101944006,0.02357872674875557,0.004097822646811564,Threshold,True,,0.9823159549384334,0.9822855513223877,0.9821782178217822,0.00995546240503013,0.025412627718103223,,,,,,,
MIMIC-IV Ready for Discharge,MLP,8,split,18836,1336,13.099292638197538,19,0.019480904101944006,0.02357872674875557,0.004097822646811564,SMOTE,True,,0.9819229761592874,0.9818776798016633,0.9817508595609628,0.008645533141210375,0.02750851454021483,,,,,,,
MIMIC-IV Ready for Discharge,MLP,8,split,18836,1336,13.099292638197538,19,0.019480904101944006,0.02357872674875557,0.004097822646811564,Balanced Weights,False,,,,,,,,,,,,,
MIMIC-IV Ready for Discharge,MLP,8,split,18836,1336,13.099292638197538,19,0.019480904101944006,0.02357872674875557,0.004097822646811564,Slacks Deltas,False,timeout,,,,,,,,,,,,300.0
MIMIC-IV Ready for Discharge,MLP,8,split,18836,1336,13.099292638197538,19,0.019480904101944006,0.02357872674875557,0.004097822646811564,Min Deltas,True,,0.9807440398218497,0.9807420715142491,0.9807818015426853,0.02122085407388001,0.01729106628242075,,,,,,,100.869
MIMIC-IV Ready for Discharge,MLP,8,split,18836,1336,13.099292638197538,19,0.019480904101944006,0.02357872674875557,0.004097822646811564,F Deltas,True,,0.9819229761592874,0.9818751283242911,0.9817460317460317,0.008383547288446425,0.027770500392978778,,,,,,,0.043
MIMIC-IV Ready for Discharge,MLP,8,split,18836,1336,13.099292638197538,19,0.019480904101944006,0.02357872674875557,0.004097822646811564,CP Sum,True,,0.9816609903065234,0.9816609553471083,0.9816561844863732,0.0180770238407126,0.018600995546240503,0.021348772470984937,0.04784850218316351,0.0005,0.0014994997498749376,True,True,2.532
MIMIC-IV Ready for Discharge,MLP,8,split,18836,1336,13.099292638197538,19,0.019480904101944006,0.02357872674875557,0.004097822646811564,CP Minimax,True,,0.9762902803248624,0.9762206686273835,0.9765635115887609,0.03536809012313335,0.012051349227141734,0.04124741662513147,0.04041254911050425,0.0005,0.0014994997498749376,True,True,2.544
MIMIC-IV Ready for Discharge,MLP,8,split,18836,1336,13.099292638197538,19,0.019480904101944006,0.02357872674875557,0.004097822646811564,DKW Sum,True,,0.9816609903065234,0.9816609553471083,0.9816561844863732,0.0180770238407126,0.018600995546240503,0.02970604259579159,0.06742731448149916,0.0009997498749374687,0.00449799899949975,True,True,0.669
MIMIC-IV Ready for Discharge,MLP,8,split,18836,1336,13.099292638197538,19,0.019480904101944006,0.02357872674875557,0.004097822646811564,DKW Minimax,True,,0.9731464500916951,0.9730215941328176,0.9735586224687218,0.04244170814776002,0.011265391668849881,0.054506042595791594,0.06218779352341533,0.0009997498749374687,0.00449799899949975,True,True,0.665
MIMIC-IV Ready for Discharge,MLP,9,naive,53817,3817,13.099292638197538,19,0.018070073356038774,0.018600995546240503,0.000530922190201729,Baseline,True,,0.9813990044537595,0.9812688771190203,0.9810969116080938,0.0026198585276395073,0.0345821325648415,,,,,,,
MIMIC-IV Ready for Discharge,MLP,9,naive,53817,3817,13.099292638197538,19,0.018070073356038774,0.018600995546240503,0.000530922190201729,Threshold,True,,0.9865077285826566,0.9865075111597698,0.9865165597591308,0.01414723604925334,0.012837306785433586,,,,,,,
MIMIC-IV Ready for Discharge,MLP,9,naive,53817,3817,13.099292638197538,19,0.018070073356038774,0.018600995546240503,0.000530922190201729,SMOTE,True,,0.9869007073618025,0.9868771999891279,0.9868108678448958,0.006287660466334818,0.01991092481006026,,,,,,,
MIMIC-IV Ready for Discharge,MLP,9,naive,53817,3817,13.099292638197538,19,0.018070073356038774,0.018600995546240503,0.000530922190201729,Balanced Weights,False,,,,,,,,,,,,,
MIMIC-IV Ready for Discharge,MLP,9,naive,53817,3817,13.099292638197538,19,0.018070073356038774,0.018600995546240503,0.000530922190201729,Slacks Deltas,False,timeout,,,,,,,,,,,,300.001
MIMIC-IV Ready for Discharge,MLP,9,naive,53817,3817,13.099292638197538,19,0.018070073356038774,0.018600995546240503,0.000530922190201729,Min Deltas,False,timeout,,,,,,,,,,,,300.001
MIMIC-IV Ready for Discharge,MLP,9,naive,53817,3817,13.099292638197538,19,0.018070073356038774,0.018600995546240503,0.000530922190201729,F Deltas,True,,0.9827089337175793,0.9826180970475908,0.9824747742963357,0.0039297877914592615,0.030652344773382238,,,,,,,0.122
MIMIC-IV Ready for Discharge,MLP,9,naive,53817,3817,13.099292638197538,19,0.018070073356038774,0.018600995546240503,0.000530922190201729,CP Sum,True,,0.9865077285826566,0.9865075111597698,0.9865165597591308,0.01414723604925334,0.012837306785433586,0.018161585603496993,0.02194556481395158,0.0005,0.0005,True,True,6.853
MIMIC-IV Ready for Discharge,MLP,9,naive,53817,3817,13.099292638197538,19,0.018070073356038774,0.018600995546240503,0.000530922190201729,CP Minimax,True,,0.9865077285826566,0.9865066762554393,0.9865271419228254,0.014933193607545192,0.012051349227141734,0.020223521460002444,0.021219310492669233,0.0005,0.0005,True,True,6.84
MIMIC-IV Ready for Discharge,MLP,9,naive,53817,3817,13.099292638197538,19,0.018070073356038774,0.018600995546240503,0.000530922190201729,DKW Sum,True,,0.9865077285826566,0.9865075111597698,0.9865165597591308,0.01414723604925334,0.012837306785433586,0.023618315467762153,0.038757342368527486,0.0005,0.002498999499749875,True,True,2.937
MIMIC-IV Ready for Discharge,MLP,9,naive,53817,3817,13.099292638197538,19,0.018070073356038774,0.018600995546240503,0.000530922190201729,DKW Minimax,True,,0.984018862981399,0.9839853469148063,0.9841476091476091,0.024102698454283467,0.007859575582918523,0.03527831546776215,0.034041597018776376,0.0005,0.002498999499749875,True,True,2.927
MIMIC-IV Ready for Discharge,MLP,9,split,18836,1336,13.099292638197538,19,0.022413102657117167,0.025150641865339274,0.002737539208222107,Baseline,True,,0.9748493581346608,0.9745704698222439,0.9742489270386266,0.0018339009693476552,0.04846738276133089,,,,,,,
MIMIC-IV Ready for Discharge,MLP,9,split,18836,1336,13.099292638197538,19,0.022413102657117167,0.025150641865339274,0.002737539208222107,Threshold,True,,0.9858527639507466,0.985835915394238,0.9857707509881423,0.008383547288446425,0.01991092481006026,,,,,,,
MIMIC-IV Ready for Discharge,MLP,9,split,18836,1336,13.099292638197538,19,0.022413102657117167,0.025150641865339274,0.002737539208222107,SMOTE,True,,0.9828399266439612,0.9827797881740664,0.982651304462985,0.006287660466334818,0.02803248624574273,,,,,,,
MIMIC-IV Ready for Discharge,MLP,9,split,18836,1336,13.099292638197538,19,0.022413102657117167,0.025150641865339274,0.002737539208222107,Balanced Weights,False,,,,,,,,,,,,,
MIMIC-IV Ready for Discharge,MLP,9,split,18836,1336,13.099292638197538,19,0.022413102657117167,0.025150641865339274,0.002737539208222107,Slacks Deltas,False,timeout,,,,,,,,,,,,300.002
MIMIC-IV Ready for Discharge,MLP,9,split,18836,1336,13.099292638197538,19,0.022413102657117167,0.025150641865339274,0.002737539208222107,Min Deltas,True,,0.9850668063924548,0.985066667038268,0.9850746268656716,0.015457165313073094,0.01440922190201729,,,,,,,68.567
MIMIC-IV Ready for Discharge,MLP,9,split,18836,1336,13.099292638197538,19,0.022413102657117167,0.025150641865339274,0.002737539208222107,F Deltas,True,,0.9850668063924548,0.9850191112707208,0.984920634920635,0.0052397170552790145,0.02462667015981137,,,,,,,0.051
MIMIC-IV Ready for Discharge,MLP,9,split,18836,1336,13.099292638197538,19,0.022413102657117167,0.025150641865339274,0.002737539208222107,CP Sum,True,,0.9858527639507466,0.9858449314964502,0.9857969489742241,0.010217448257794078,0.0180770238407126,0.014829435629078798,0.044698282365353295,0.0005,0.0014994997498749376,True,True,3.107
MIMIC-IV Ready for Discharge,MLP,9,split,18836,1336,13.099292638197538,19,0.022413102657117167,0.025150641865339274,0.002737539208222107,CP Minimax,True,,0.9827089337175793,0.982693532935601,0.982803543512246,0.022792769190463715,0.011789363374377783,0.031891810138842215,0.03071154841423621,0.0005,0.0009997498749374687,True,True,2.93
MIMIC-IV Ready for Discharge,MLP,9,split,18836,1336,13.099292638197538,19,0.022413102657117167,0.025150641865339274,0.002737539208222107,DKW Sum,True,,0.9858527639507466,0.9858449314964502,0.9857969489742241,0.010217448257794078,0.0180770238407126,0.02416318545293445,0.06518180549946323,0.0009997498749374687,0.00449799899949975,True,True,0.702
MIMIC-IV Ready for Discharge,MLP,9,split,18836,1336,13.099292638197538,19,0.022413102657117167,0.025150641865339274,0.002737539208222107,DKW Minimax,True,,0.9777312025150642,0.9776288457710933,0.978041849651253,0.03641603353418915,0.008121561435682474,0.05227747116722017,0.050960248613235684,0.0009997498749374687,0.00449799899949975,True,True,0.68
MIMIC-IV Ready for Discharge,NearestClassMean,0,naive,53817,3817,13.099292638197538,19,0.27284270631385904,0.26879748493581346,-0.004045221378045583,Baseline,True,,0.7312025150641865,0.7211590683892614,0.7601683029453016,0.3895729630599948,0.14802200681163216,,,,,,,
MIMIC-IV Ready for Discharge,NearestClassMean,0,naive,53817,3817,13.099292638197538,19,0.27284270631385904,0.26879748493581346,-0.004045221378045583,Threshold,True,,0.7518993974325386,0.7518957004105448,0.7524830109775222,0.2504584752423369,0.2457427298925858,,,,,,,
MIMIC-IV Ready for Discharge,NearestClassMean,0,naive,53817,3817,13.099292638197538,19,0.27284270631385904,0.26879748493581346,-0.004045221378045583,SMOTE,True,,0.7300235787267487,0.7202039219950481,0.758806319485079,0.3893109772072308,0.15064186533927168,,,,,,,
MIMIC-IV Ready for Discharge,NearestClassMean,0,naive,53817,3817,13.099292638197538,19,0.27284270631385904,0.26879748493581346,-0.004045221378045583,Balanced Weights,False,,,,,,,,,,,,,
MIMIC-IV Ready for Discharge,NearestClassMean,0,naive,53817,3817,13.099292638197538,19,0.27284270631385904,0.26879748493581346,-0.004045221378045583,Slacks Deltas,False,timeout,,,,,,,,,,,,300.001
MIMIC-IV Ready for Discharge,NearestClassMean,0,naive,53817,3817,13.099292638197538,19,0.27284270631385904,0.26879748493581346,-0.004045221378045583,Min Deltas,True,,0.7144354204872937,0.693455965236995,0.7563156718086296,0.457427298925858,0.11370186009955463,,,,,,,76.224
MIMIC-IV Ready for Discharge,NearestClassMean,0,naive,53817,3817,13.099292638197538,19,0.27284270631385904,0.26879748493581346,-0.004045221378045583,F Deltas,True,,0.7435158501440923,0.7398622884466806,0.7611029770619815,0.33010217448257795,0.18286612522923762,,,,,,,0.06
MIMIC-IV Ready for Discharge,NearestClassMean,0,naive,53817,3817,13.099292638197538,19,0.27284270631385904,0.26879748493581346,-0.004045221378045583,CP Sum,True,,0.7517684045061567,0.751758806513968,0.7527078167819392,0.2520303903589206,0.24443280062876604,0.25187347777151975,0.2779308262712212,0.0005,0.0019992496248124065,False,True,4.431
MIMIC-IV Ready for Discharge,NearestClassMean,0,naive,53817,3817,13.099292638197538,19,0.27284270631385904,0.26879748493581346,-0.004045221378045583,CP Minimax,True,,0.7507204610951008,0.7505121486405809,0.7550521302612949,0.2669635839664658,0.23159549384333247,0.2669036629423694,0.2658914353555541,0.0005,0.0019992496248124065,False,True,4.44
MIMIC-IV Ready for Discharge,NearestClassMean,0,naive,53817,3817,13.099292638197538,19,0.27284270631385904,0.26879748493581346,-0.004045221378045583,DKW Sum,True,,0.7518993974325386,0.7518957004105448,0.7524830109775222,0.2504584752423369,0.2457427298925858,0.24799144117186134,0.2713888266683726,0.0009997498749374687,0.003498499249624813,False,True,1.896
MIMIC-IV Ready for Discharge,NearestClassMean,0,naive,53817,3817,13.099292638197538,19,0.27284270631385904,0.26879748493581346,-0.004045221378045583,DKW Minimax,True,,0.7517684045061567,0.7516277776708871,0.7553260167850226,0.2627718103222426,0.23369138066544407,0.2616714411718613,0.2602298697737966,0.0009997498749374687,0.002998749374687344,False,True,1.896
MIMIC-IV Ready for Discharge,NearestClassMean,0,split,18836,1336,13.099292638197538,19,0.266934406101758,0.26604663348179197,-0.0008877726199660319,Baseline,True,,0.733953366518208,0.7237062219696646,0.7629275125481498,0.388263033796175,0.14383023316740895,,,,,,,
MIMIC-IV Ready for Discharge,NearestClassMean,0,split,18836,1336,13.099292638197538,19,0.266934406101758,0.26604663348179197,-0.0008877726199660319,Threshold,True,,0.7567461357086718,0.7567118391376284,0.758486149044089,0.2504584752423369,0.23604925334031962,,,,,,,
MIMIC-IV Ready for Discharge,NearestClassMean,0,split,18836,1336,13.099292638197538,19,0.266934406101758,0.26604663348179197,-0.0008877726199660319,SMOTE,True,,0.7340843594445899,0.7235943016443476,0.7633480997901608,0.3895729630599948,0.14225831805082526,,,,,,,
MIMIC-IV Ready for Discharge,NearestClassMean,0,split,18836,1336,13.099292638197538,19,0.266934406101758,0.26604663348179197,-0.0008877726199660319,Balanced Weights,False,,,,,,,,,,,,,
MIMIC-IV Ready for Discharge,NearestClassMean,0,split,18836,1336,13.099292638197538,19,0.266934406101758,0.26604663348179197,-0.0008877726199660319,Slacks Deltas,False,timeout,,,,,,,,,,,,300.0
MIMIC-IV Ready for Discharge,NearestClassMean,0,split,18836,1336,13.099292638197538,19,0.266934406101758,0.26604663348179197,-0.0008877726199660319,Min Deltas,True,,0.7149593921928216,0.6928776455835904,0.7576837416481069,0.4613570867173173,0.10872412889703956,,,,,,,24.38
MIMIC-IV Ready for Discharge,NearestClassMean,0,split,18836,1336,13.099292638197538,19,0.266934406101758,0.26604663348179197,-0.0008877726199660319,F Deltas,True,,0.7470526591564055,0.7430577414971178,0.7651708622157364,0.33010217448257795,0.17579250720461095,,,,,,,0.045
MIMIC-IV Ready for Discharge,NearestClassMean,0,split,18836,1336,13.099292638197538,19,0.266934406101758,0.26604663348179197,-0.0008877726199660319,CP Sum,True,,0.7556981922976159,0.7552925366772765,0.7616004090502365,0.2690594707885774,0.21954414461619073,0.27996578896957364,0.27005715482995335,0.0009997498749374687,0.003498499249624813,True,True,2.703
MIMIC-IV Ready for Discharge,NearestClassMean,0,split,18836,1336,13.099292638197538,19,0.266934406101758,0.26604663348179197,-0.0008877726199660319,CP Minimax,True,,0.7559601781503799,0.7556659372407448,0.7610006414368184,0.26512968299711814,0.22294996070212209,0.27658265691190836,0.2748794300293793,0.0009997498749374687,0.003498499249624813,True,True,2.659
MIMIC-IV Ready for Discharge,NearestClassMean,0,split,18836,1336,13.099292638197538,19,0.266934406101758,0.26604663348179197,-0.0008877726199660319,DKW Sum,True,,0.7556981922976159,0.7552925366772765,0.7616004090502365,0.2690594707885774,0.21954414461619073,0.27568759586982305,0.25969825686342246,0.0014994997498749376,0.005497498749374687,True,True,0.672
MIMIC-IV Ready for Discharge,NearestClassMean,0,split,18836,1336,13.099292638197538,19,0.266934406101758,0.26604663348179197,-0.0008877726199660319,DKW Minimax,True,,0.755436206444852,0.7551973854212656,0.7599948579508934,0.2635577678805345,0.2255698192297616,0.27008759586982306,0.2668127855697501,0.0014994997498749376,0.005997248624312156,True,True,0.667
MIMIC-IV Ready for Discharge,NearestClassMean,1,naive,53817,3817,13.099292638197538,19,0.2785834162955201,0.2718103222425989,-0.0067730940529212025,Baseline,True,,0.7281896777574011,0.7178602637607281,0.7577915256215711,0.3940267225569819,0.14959392192821588,,,,,,,
MIMIC-IV Ready for Discharge,NearestClassMean,1,naive,53817,3817,13.099292638197538,19,0.2785834162955201,0.2718103222425989,-0.0067730940529212025,Threshold,True,,0.7517684045061567,0.7517286764676824,0.7498349834983499,0.2405030128373068,0.25596017815037986,,,,,,,
MIMIC-IV Ready for Discharge,NearestClassMean,1,naive,53817,3817,13.099292638197538,19,0.2785834162955201,0.2718103222425989,-0.0067730940529212025,SMOTE,True,,0.7280586848310191,0.7176603574924371,0.7577596266044341,0.3945506942625098,0.14933193607545192,,,,,,,
MIMIC-IV Ready for Discharge,NearestClassMean,1,naive,53817,3817,13.099292638197538,19,0.2785834162955201,0.2718103222425989,-0.0067730940529212025,Balanced Weights,False,,,,,,,,,,,,,
MIMIC-IV Ready for Discharge,NearestClassMean,1,naive,53817,3817,13.099292638197538,19,0.2785834162955201,0.2718103222425989,-0.0067730940529212025,Slacks Deltas,False,timeout,,,,,,,,,,,,300.001
MIMIC-IV Ready for Discharge,NearestClassMean,1,naive,53817,3817,13.099292638197538,19,0.2785834162955201,0.2718103222425989,-0.0067730940529212025,Min Deltas,True,,0.7063138590516113,0.6850857414691213,0.7493852000894254,0.4655488603615405,0.12182342153523709,,,,,,,71.623
MIMIC-IV Ready for Discharge,NearestClassMean,1,naive,53817,3817,13.099292638197538,19,0.2785834162955201,0.2718103222425989,-0.0067730940529212025,F Deltas,True,,0.7346083311501179,0.7286971073857641,0.7571907957813998,0.3583966465810846,0.1723866911186796,,,,,,,0.057
MIMIC-IV Ready for Discharge,NearestClassMean,1,naive,53817,3817,13.099292638197538,19,0.2785834162955201,0.2718103222425989,-0.0067730940529212025,CP Sum,True,,0.7515064186533927,0.750978505496775,0.7583131609122181,0.276657060518732,0.22033010217448257,0.2898532596181992,0.267261270360222,0.0005,0.0019992496248124065,True,True,4.28
MIMIC-IV Ready for Discharge,NearestClassMean,1,naive,53817,3817,13.099292638197538,19,0.2785834162955201,0.2718103222425989,-0.0067730940529212025,CP Minimax,True,,0.7528163479172125,0.752542493943332,0.7577352676851971,0.2674875556719937,0.22687974849358133,0.2799933299478262,0.2790236477951377,0.0005,0.0019992496248124065,True,True,4.275
MIMIC-IV Ready for Discharge,NearestClassMean,1,naive,53817,3817,13.099292638197538,19,0.2785834162955201,0.2718103222425989,-0.0067730940529212025,DKW Sum,True,,0.7517684045061567,0.7517286764676824,0.7498349834983499,0.2405030128373068,0.25596017815037986,0.24713144117186134,0.29942131291411533,0.0009997498749374687,0.003498499249624813,True,True,1.907
MIMIC-IV Ready for Discharge,NearestClassMean,1,naive,53817,3817,13.099292638197538,19,0.2785834162955201,0.2718103222425989,-0.0067730940529212025,DKW Minimax,True,,0.7534713125491224,0.7532351603365566,0.7580354847004371,0.2653916688498821,0.2276657060518732,0.27543144117186136,0.2737466993432482,0.0009997498749374687,0.003498499249624813,True,True,1.884
MIMIC-IV Ready for Discharge,NearestClassMean,1,split,18836,1336,13.099292638197538,19,0.2750371624345022,0.2719413151689809,-0.003095847265521312,Baseline,True,,0.7280586848310191,0.7189170584047286,0.756109022556391,0.38695310453235526,0.15692952580560648,,,,,,,
MIMIC-IV Ready for Discharge,NearestClassMean,1,split,18836,1336,13.099292638197538,19,0.2750371624345022,0.2719413151689809,-0.003095847265521312,Threshold,True,,0.7495415247576631,0.749412901652369,0.7460148777895855,0.23657322504584752,0.2643437254388263,,,,,,,
MIMIC-IV Ready for Discharge,NearestClassMean,1,split,18836,1336,13.099292638197538,19,0.2750371624345022,0.2719413151689809,-0.003095847265521312,SMOTE,True,,0.728844642389311,0.7197129990816044,0.7568139097744361,0.3861671469740634,0.15614356824731465,,,,,,,
MIMIC-IV Ready for Discharge,NearestClassMean,1,split,18836,1336,13.099292638197538,19,0.2750371624345022,0.2719413151689809,-0.003095847265521312,Balanced Weights,False,,,,,,,,,,,,,
MIMIC-IV Ready for Discharge,NearestClassMean,1,split,18836,1336,13.099292638197538,19,0.2750371624345022,0.2719413151689809,-0.003095847265521312,Slacks Deltas,False,timeout,,,,,,,,,,,,300.0
MIMIC-IV Ready for Discharge,NearestClassMean,1,split,18836,1336,13.099292638197538,19,0.2750371624345022,0.2719413151689809,-0.003095847265521312,Min Deltas,True,,0.707361802462667,0.6873300580104744,0.7492704826038159,0.45978517160073357,0.1254912234739324,,,,,,,22.074
MIMIC-IV Ready for Discharge,NearestClassMean,1,split,18836,1336,13.099292638197538,19,0.2750371624345022,0.2719413151689809,-0.003095847265521312,F Deltas,True,,0.7030390358920618,0.678804788385275,0.748975750193777,0.4799580822635578,0.11396384595231858,,,,,,,0.043
MIMIC-IV Ready for Discharge,NearestClassMean,1,split,18836,1336,13.099292638197538,19,0.2750371624345022,0.2719413151689809,-0.003095847265521312,CP Sum,True,,0.7503274823159549,0.7502614340927446,0.7478168827732204,0.23971705527901493,0.25962798008907517,0.2570159995150948,0.34353073750056873,0.0009997498749374687,0.003998249124562281,True,True,2.568
MIMIC-IV Ready for Discharge,NearestClassMean,1,split,18836,1336,13.099292638197538,19,0.2750371624345022,0.2719413151689809,-0.003095847265521312,CP Minimax,True,,0.7469216662300235,0.7460838248379847,0.7555668016194332,0.28844642389310976,0.21771024364684308,0.3023325442851535,0.300095140687816,0.0009997498749374687,0.003998249124562281,True,True,2.57
MIMIC-IV Ready for Discharge,NearestClassMean,1,split,18836,1336,13.099292638197538,19,0.2750371624345022,0.2719413151689809,-0.003095847265521312,DKW Sum,True,,0.7503274823159549,0.7502614340927446,0.7478168827732204,0.23971705527901493,0.25962798008907517,0.25323045301268016,0.32859491274452135,0.0014994997498749376,0.006496998499249626,True,True,0.637
MIMIC-IV Ready for Discharge,NearestClassMean,1,split,18836,1336,13.099292638197538,19,0.2750371624345022,0.2719413151689809,-0.003095847265521312,DKW Minimax,True,,0.7475766308619335,0.7468874354455854,0.7554258154588146,0.2845166361016505,0.22033010217448257,0.294087595869823,0.29151338437214525,0.0014994997498749376,0.005997248624312156,True,True,0.628
MIMIC-IV Ready for Discharge,NearestClassMean,2,naive,53817,3817,13.099292638197538,19,0.27755164265129684,0.2794079119727535,0.0018562693214566606,Baseline,True,,0.7205920880272465,0.7109042957776947,0.7500292980194538,0.39717055279014934,0.16164527115535762,,,,,,,
MIMIC-IV Ready for Discharge,NearestClassMean,2,naive,53817,3817,13.099292638197538,19,0.27755164265129684,0.2794079119727535,0.0018562693214566606,Threshold,True,,0.7473146450091696,0.7468957061144162,0.7408303103587264,0.2276657060518732,0.2777050039297878,,,,,,,
MIMIC-IV Ready for Discharge,NearestClassMean,2,naive,53817,3817,13.099292638197538,19,0.27755164265129684,0.2794079119727535,0.0018562693214566606,SMOTE,True,,0.7203301021744826,0.7109828817340786,0.7493248796524598,0.3953366518208017,0.16400314383023318,,,,,,,
MIMIC-IV Ready for Discharge,NearestClassMean,2,naive,53817,3817,13.099292638197538,19,0.27755164265129684,0.2794079119727535,0.0018562693214566606,Balanced Weights,False,,,,,,,,,,,,,
MIMIC-IV Ready for Discharge,NearestClassMean,2,naive,53817,3817,13.099292638197538,19,0.27755164265129684,0.2794079119727535,0.0018562693214566606,Slacks Deltas,False,timeout,,,,,,,,,,,,300.0
MIMIC-IV Ready for Discharge,NearestClassMean,2,naive,53817,3817,13.099292638197538,19,0.27755164265129684,0.2794079119727535,0.0018562693214566606,Min Deltas,True,,0.7046109510086456,0.6835598996187234,0.7477346459335497,0.46633481791983233,0.12444328006287661,,,,,,,67.883
MIMIC-IV Ready for Discharge,NearestClassMean,2,naive,53817,3817,13.099292638197538,19,0.27755164265129684,0.2794079119727535,0.0018562693214566606,F Deltas,True,,0.7220330102174483,0.7142332102695654,0.7486377635631367,0.3838092742991878,0.17212470526591564,,,,,,,0.054
MIMIC-IV Ready for Discharge,NearestClassMean,2,naive,53817,3817,13.099292638197538,19,0.27755164265129684,0.2794079119727535,0.0018562693214566606,CP Sum,True,,0.7473146450091696,0.7468957061144162,0.7408303103587264,0.2276657060518732,0.2777050039297878,0.23440736727505193,0.3141269732578358,0.0005,0.0019992496248124065,True,True,4.112
MIMIC-IV Ready for Discharge,NearestClassMean,2,naive,53817,3817,13.099292638197538,19,0.27755164265129684,0.2794079119727535,0.0018562693214566606,CP Minimax,True,,0.7424679067330364,0.74226653673418,0.7468452227659027,0.27482315954938435,0.24024102698454283,0.27723862821687356,0.2757443601353474,0.0005,0.0019992496248124065,True,True,4.118
MIMIC-IV Ready for Discharge,NearestClassMean,2,naive,53817,3817,13.099292638197538,19,0.27755164265129684,0.2794079119727535,0.0018562693214566606,DKW Sum,True,,0.7473146450091696,0.7468957061144162,0.7408303103587264,0.2276657060518732,0.2777050039297878,0.23213144117186132,0.3049230158221583,0.0009997498749374687,0.003498499249624813,True,True,1.862
MIMIC-IV Ready for Discharge,NearestClassMean,2,naive,53817,3817,13.099292638197538,19,0.27755164265129684,0.2794079119727535,0.0018562693214566606,DKW Minimax,True,,0.7422059208802725,0.7420281598087225,0.7463263727764888,0.2740372019910925,0.2415509562483626,0.27297144117186134,0.27112684081560867,0.0009997498749374687,0.003498499249624813,False,True,1.85
MIMIC-IV Ready for Discharge,NearestClassMean,2,split,18836,1336,13.099292638197538,19,0.2750219142405358,0.27953890489913547,0.004516990658599673,Baseline,True,,0.7204610951008645,0.7120089153926302,0.7481708756195421,0.3895729630599948,0.16950484673827612,,,,,,,
MIMIC-IV Ready for Discharge,NearestClassMean,2,split,18836,1336,13.099292638197538,19,0.2750219142405358,0.27953890489913547,0.004516990658599673,Threshold,True,,0.744432800628766,0.7443198357255922,0.7410749834107498,0.2425988996594184,0.2685354990830495,,,,,,,
MIMIC-IV Ready for Discharge,NearestClassMean,2,split,18836,1336,13.099292638197538,19,0.2750219142405358,0.27953890489913547,0.004516990658599673,SMOTE,True,,0.7194131516898088,0.7113490511285009,0.7466288147622427,0.38800104794341106,0.17317264867697144,,,,,,,
MIMIC-IV Ready for Discharge,NearestClassMean,2,split,18836,1336,13.099292638197538,19,0.2750219142405358,0.27953890489913547,0.004516990658599673,Balanced Weights,False,,,,,,,,,,,,,
MIMIC-IV Ready for Discharge,NearestClassMean,2,split,18836,1336,13.099292638197538,19,0.2750219142405358,0.27953890489913547,0.004516990658599673,Slacks Deltas,False,timeout,,,,,,,,,,,,300.0
MIMIC-IV Ready for Discharge,NearestClassMean,2,split,18836,1336,13.099292638197538,19,0.2750219142405358,0.27953890489913547,0.004516990658599673,Min Deltas,True,,0.7012051349227142,0.6799167370265925,0.744940176674494,0.4702646057112916,0.12732512444328006,,,,,,,22.1
MIMIC-IV Ready for Discharge,NearestClassMean,2,split,18836,1336,13.099292638197538,19,0.2750219142405358,0.27953890489913547,0.004516990658599673,F Deltas,True,,0.7162693214566414,0.7040916462914459,0.7492475109979162,0.4152475766308619,0.15221378045585537,,,,,,,0.043
MIMIC-IV Ready for Discharge,NearestClassMean,2,split,18836,1336,13.099292638197538,19,0.2750219142405358,0.27953890489913547,0.004516990658599673,CP Sum,True,,0.7424679067330364,0.7424263058379553,0.7444762152326488,0.2653916688498821,0.24967251768404505,0.27302312253741823,0.31358599854390234,0.0009997498749374687,0.003998249124562281,True,True,2.574
MIMIC-IV Ready for Discharge,NearestClassMean,2,split,18836,1336,13.099292638197538,19,0.2750219142405358,0.27953890489913547,0.004516990658599673,CP Minimax,True,,0.7347393240764999,0.7339434420361081,0.7435085497150095,0.2994498297091957,0.23107152213780455,0.29855030736469745,0.2969118433997875,0.0009997498749374687,0.003998249124562281,False,True,2.577
MIMIC-IV Ready for Discharge,NearestClassMean,2,split,18836,1336,13.099292638197538,19,0.2750219142405358,0.27953890489913547,0.004516990658599673,DKW Sum,True,,0.7452187581870579,0.7451813520788282,0.7433020984558533,0.2473146450091695,0.2622478386167147,0.2502018815841087,0.31886437382236565,0.0014994997498749376,0.006496998499249626,True,True,0.657
MIMIC-IV Ready for Discharge,NearestClassMean,2,split,18836,1336,13.099292638197538,19,0.2750219142405358,0.27953890489913547,0.004516990658599673,DKW Minimax,True,,0.7347393240764999,0.7340831439489063,0.7427264642358024,0.2963059994760283,0.23421535237097196,0.2912304530126802,0.2885193723960974,0.0014994997498749376,0.005997248624312156,False,True,0.651
MIMIC-IV Ready for Discharge,NearestClassMean,3,naive,53817,3817,13.099292638197538,19,0.27490965679853285,0.28268273513230285,0.0077730783337700005,Baseline,True,,0.7173172648676971,0.7081641884660018,0.7462967317187867,0.39690856693738535,0.16845690332722033,,,,,,,
MIMIC-IV Ready for Discharge,NearestClassMean,3,naive,53817,3817,13.099292638197538,19,0.27490965679853285,0.28268273513230285,0.0077730783337700005,Threshold,True,,0.7378831543096673,0.7376955940873295,0.7334487811376049,0.24548074403982184,0.2787529473408436,,,,,,,
MIMIC-IV Ready for Discharge,NearestClassMean,3,naive,53817,3817,13.099292638197538,19,0.27490965679853285,0.28268273513230285,0.0077730783337700005,SMOTE,True,,0.7167932931621692,0.7078853863281882,0.7454673887449965,0.39586062352632956,0.17055279014933195,,,,,,,
MIMIC-IV Ready for Discharge,NearestClassMean,3,naive,53817,3817,13.099292638197538,19,0.27490965679853285,0.28268273513230285,0.0077730783337700005,Balanced Weights,False,,,,,,,,,,,,,
MIMIC-IV Ready for Discharge,NearestClassMean,3,naive,53817,3817,13.099292638197538,19,0.27490965679853285,0.28268273513230285,0.0077730783337700005,Slacks Deltas,False,timeout,,,,,,,,,,,,300.0
MIMIC-IV Ready for Discharge,NearestClassMean,3,naive,53817,3817,13.099292638197538,19,0.27490965679853285,0.28268273513230285,0.0077730783337700005,Min Deltas,True,,0.7064448519779932,0.6885245406555748,0.7465218866644044,0.4516636101650511,0.13544668587896252,,,,,,,67.638
MIMIC-IV Ready for Discharge,NearestClassMean,3,naive,53817,3817,13.099292638197538,19,0.27490965679853285,0.28268273513230285,0.0077730783337700005,F Deltas,True,,0.7263557767880534,0.7214250345265738,0.7476748399565165,0.3581346607283207,0.18915378569557245,,,,,,,0.054
MIMIC-IV Ready for Discharge,NearestClassMean,3,naive,53817,3817,13.099292638197538,19,0.27490965679853285,0.28268273513230285,0.0077730783337700005,CP Sum,True,,0.7378831543096673,0.7376955940873295,0.7334487811376049,0.24548074403982184,0.2787529473408436,0.2506962968734588,0.3002805354633105,0.0005,0.0019992496248124065,True,True,4.106
MIMIC-IV Ready for Discharge,NearestClassMean,3,naive,53817,3817,13.099292638197538,19,0.27490965679853285,0.28268273513230285,0.0077730783337700005,CP Minimax,True,,0.7416819491747446,0.7416506693847202,0.7434296122820713,0.26512968299711814,0.25150641865339274,0.2769145104054308,0.2757443601353474,0.0005,0.0019992496248124065,True,True,4.114
MIMIC-IV Ready for Discharge,NearestClassMean,3,naive,53817,3817,13.099292638197538,19,0.27490965679853285,0.28268273513230285,0.0077730783337700005,DKW Sum,True,,0.7378831543096673,0.7376955940873295,0.7334487811376049,0.24548074403982184,0.2787529473408436,0.24817144117186132,0.2915617373311968,0.0009997498749374687,0.003498499249624813,True,True,1.846
MIMIC-IV Ready for Discharge,NearestClassMean,3,naive,53817,3817,13.099292638197538,19,0.27490965679853285,0.28268273513230285,0.0077730783337700005,DKW Minimax,True,,0.7412889703955986,0.7412731256144725,0.74253682701082,0.2635577678805345,0.25386429132826827,0.27169144117186134,0.26955492569902495,0.0009997498749374687,0.003498499249624813,True,True,1.84
MIMIC-IV Ready for Discharge,NearestClassMean,3,split,18836,1336,13.099292638197538,19,0.2771696338325117,0.28477862195441445,0.007608988121902749,Baseline,True,,0.7152213780455855,0.7050398533540292,0.7457904583723106,0.40503012837306784,0.16452711553576108,,,,,,,
MIMIC-IV Ready for Discharge,NearestClassMean,3,split,18836,1336,13.099292638197538,19,0.2771696338325117,0.28477862195441445,0.007608988121902749,Threshold,True,,0.7432538642913282,0.7428282116329142,0.736629938188659,0.23159549384333247,0.281896777574011,,,,,,,
MIMIC-IV Ready for Discharge,NearestClassMean,3,split,18836,1336,13.099292638197538,19,0.2771696338325117,0.28477862195441445,0.007608988121902749,SMOTE,True,,0.7139114487817658,0.7035762140775579,0.74480018695957,0.40712601519517944,0.16505108724128897,,,,,,,
MIMIC-IV Ready for Discharge,NearestClassMean,3,split,18836,1336,13.099292638197538,19,0.2771696338325117,0.28477862195441445,0.007608988121902749,Balanced Weights,False,,,,,,,,,,,,,
MIMIC-IV Ready for Discharge,NearestClassMean,3,split,18836,1336,13.099292638197538,19,0.2771696338325117,0.28477862195441445,0.007608988121902749,Slacks Deltas,False,timeout,,,,,,,,,,,,300.0
MIMIC-IV Ready for Discharge,NearestClassMean,3,split,18836,1336,13.099292638197538,19,0.2771696338325117,0.28477862195441445,0.007608988121902749,Min Deltas,True,,0.7043489651558816,0.6840686910583297,0.7468311833987661,0.4634529735394289,0.12784909614880796,,,,,,,22.02
MIMIC-IV Ready for Discharge,NearestClassMean,3,split,18836,1336,13.099292638197538,19,0.2771696338325117,0.28477862195441445,0.007608988121902749,F Deltas,True,,0.7114225831805082,0.6979742697167638,0.7463442717328728,0.42625098244694787,0.15090385119203564,,,,,,,0.043
MIMIC-IV Ready for Discharge,NearestClassMean,3,split,18836,1336,13.099292638197538,19,0.2771696338325117,0.28477862195441445,0.007608988121902749,CP Sum,True,,0.7431228713649463,0.7427851986511387,0.7372370360444861,0.23447733822373593,0.2792769190463715,0.2463076541682057,0.3238622152556455,0.0009997498749374687,0.003998249124562281,True,True,2.583
MIMIC-IV Ready for Discharge,NearestClassMean,3,split,18836,1336,13.099292638197538,19,0.2771696338325117,0.28477862195441445,0.007608988121902749,CP Minimax,True,,0.7423369138066545,0.7420663145120078,0.7473995120071915,0.2777050039297878,0.23762116845690331,0.2908647460955157,0.2897365273070296,0.0009997498749374687,0.003998249124562281,True,True,2.586
MIMIC-IV Ready for Discharge,NearestClassMean,3,split,18836,1336,13.099292638197538,19,0.2771696338325117,0.28477862195441445,0.007608988121902749,DKW Sum,True,,0.7431228713649463,0.7427851986511387,0.7372370360444861,0.23447733822373593,0.2792769190463715,0.24277331015553733,0.31022595922244467,0.0014994997498749376,0.005997248624312156,True,True,0.663
MIMIC-IV Ready for Discharge,NearestClassMean,3,split,18836,1336,13.099292638197538,19,0.2771696338325117,0.28477862195441445,0.007608988121902749,DKW Minimax,True,,0.7428608855121823,0.7426377066573935,0.7474591534799948,0.2753471312549122,0.23893109772072307,0.28220188158410875,0.27953733646795365,0.0014994997498749376,0.005997248624312156,True,True,0.656
MIMIC-IV Ready for Discharge,NearestClassMean,4,naive,53817,3817,13.099292638197538,19,0.27081171338747706,0.276395074665968,0.005583361278490961,Baseline,True,,0.723604925334032,0.7156665195055838,0.7502958579881657,0.38328530259365995,0.16950484673827612,,,,,,,
MIMIC-IV Ready for Discharge,NearestClassMean,4,naive,53817,3817,13.099292638197538,19,0.27081171338747706,0.276395074665968,0.005583361278490961,Threshold,True,,0.7416819491747446,0.7413931162290887,0.7362225789192082,0.23762116845690331,0.27901493319360754,,,,,,,
MIMIC-IV Ready for Discharge,NearestClassMean,4,naive,53817,3817,13.099292638197538,19,0.27081171338747706,0.276395074665968,0.005583361278490961,SMOTE,True,,0.723604925334032,0.7157834671023404,0.7501184272856466,0.3824993450353681,0.17029080429656798,,,,,,,
MIMIC-IV Ready for Discharge,NearestClassMean,4,naive,53817,3817,13.099292638197538,19,0.27081171338747706,0.276395074665968,0.005583361278490961,Balanced Weights,False,,,,,,,,,,,,,
MIMIC-IV Ready for Discharge,NearestClassMean,4,naive,53817,3817,13.099292638197538,19,0.27081171338747706,0.276395074665968,0.005583361278490961,Slacks Deltas,False,timeout,,,,,,,,,,,,300.001
MIMIC-IV Ready for Discharge,NearestClassMean,4,naive,53817,3817,13.099292638197538,19,0.27081171338747706,0.276395074665968,0.005583361278490961,Min Deltas,True,,0.7050039297877915,0.6858503416356221,0.7463963963963964,0.45821325648414984,0.13177888394026724,,,,,,,69.353
MIMIC-IV Ready for Discharge,NearestClassMean,4,naive,53817,3817,13.099292638197538,19,0.27081171338747706,0.276395074665968,0.005583361278490961,F Deltas,True,,0.7245218758187058,0.7173370714136501,0.7499702770181904,0.37725962798008905,0.17369662038249933,,,,,,,0.054
MIMIC-IV Ready for Discharge,NearestClassMean,4,naive,53817,3817,13.099292638197538,19,0.27081171338747706,0.276395074665968,0.005583361278490961,CP Sum,True,,0.7416819491747446,0.7413931162290887,0.7362225789192082,0.23762116845690331,0.27901493319360754,0.24092958504853712,0.29946478235431445,0.0005,0.0019992496248124065,True,True,4.119
MIMIC-IV Ready for Discharge,NearestClassMean,4,naive,53817,3817,13.099292638197538,19,0.27081171338747706,0.276395074665968,0.005583361278490961,CP Minimax,True,,0.7407649986900707,0.740681313689595,0.7436196398497215,0.2703694000523972,0.24810060256746136,0.2729434598068834,0.27191537813710065,0.0005,0.0019992496248124065,True,True,4.114
MIMIC-IV Ready for Discharge,NearestClassMean,4,naive,53817,3817,13.099292638197538,19,0.27081171338747706,0.276395074665968,0.005583361278490961,DKW Sum,True,,0.7416819491747446,0.7413931162290887,0.7362225789192082,0.23762116845690331,0.27901493319360754,0.23855144117186133,0.290775779772905,0.0009997498749374687,0.003498499249624813,True,True,1.837
MIMIC-IV Ready for Discharge,NearestClassMean,4,naive,53817,3817,13.099292638197538,19,0.27081171338747706,0.276395074665968,0.005583361278490961,DKW Minimax,True,,0.7405030128373068,0.7404510008172812,0.7427606804311129,0.2682735132302856,0.2507204610951009,0.2683914411718613,0.2666730813186215,0.0009997498749374687,0.003498499249624813,True,True,1.824
MIMIC-IV Ready for Discharge,NearestClassMean,4,split,18836,1336,13.099292638197538,19,0.2709094905900226,0.27181032224259893,0.0009008316525763171,Baseline,True,,0.7281896777574011,0.7210043918119777,0.7533578984904314,0.37385381189415773,0.16976683259104008,,,,,,,
MIMIC-IV Ready for Discharge,NearestClassMean,4,split,18836,1336,13.099292638197538,19,0.2709094905900226,0.27181032224259893,0.0009008316525763171,Threshold,True,,0.7427298925858004,0.7421907545834705,0.7352386087894311,0.22897563531569295,0.2855645795127063,,,,,,,
MIMIC-IV Ready for Discharge,NearestClassMean,4,split,18836,1336,13.099292638197538,19,0.2709094905900226,0.27181032224259893,0.0009008316525763171,SMOTE,True,,0.7292376211684569,0.7224641695160718,0.7536646406864498,0.3699240241026985,0.17160073356038774,,,,,,,
MIMIC-IV Ready for Discharge,NearestClassMean,4,split,18836,1336,13.099292638197538,19,0.2709094905900226,0.27181032224259893,0.0009008316525763171,Balanced Weights,False,,,,,,,,,,,,,
MIMIC-IV Ready for Discharge,NearestClassMean,4,split,18836,1336,13.099292638197538,19,0.2709094905900226,0.27181032224259893,0.0009008316525763171,Slacks Deltas,False,timeout,,,,,,,,,,,,300.0
MIMIC-IV Ready for Discharge,NearestClassMean,4,split,18836,1336,13.099292638197538,19,0.2709094905900226,0.27181032224259893,0.0009008316525763171,Min Deltas,True,,0.7088027246528688,0.691714098293694,0.7478162223482699,0.44589992140424417,0.13649462929001835,,,,,,,23.934
MIMIC-IV Ready for Discharge,NearestClassMean,4,split,18836,1336,13.099292638197538,19,0.2709094905900226,0.27181032224259893,0.0009008316525763171,F Deltas,True,,0.728844642389311,0.7224748573248991,0.7526290630975143,0.36730416557505896,0.1750065496463191,,,,,,,0.043
MIMIC-IV Ready for Discharge,NearestClassMean,4,split,18836,1336,13.099292638197538,19,0.2709094905900226,0.27181032224259893,0.0009008316525763171,CP Sum,True,,0.7412889703955986,0.7400654719370567,0.7297851963332878,0.21613832853025935,0.30128373067854336,0.22537446040830564,0.32228347404068197,0.0009997498749374687,0.003998249124562281,True,True,2.563
MIMIC-IV Ready for Discharge,NearestClassMean,4,split,18836,1336,13.099292638197538,19,0.2709094905900226,0.27181032224259893,0.0009008316525763171,CP Minimax,True,,0.7435158501440923,0.7433496671837001,0.7474851689450606,0.27220330102174484,0.24076499869007073,0.278682685050625,0.27648490484427884,0.0009997498749374687,0.003498499249624813,True,True,2.559
MIMIC-IV Ready for Discharge,NearestClassMean,4,split,18836,1336,13.099292638197538,19,0.2709094905900226,0.27181032224259893,0.0009008316525763171,DKW Sum,True,,0.7412889703955986,0.7400654719370567,0.7297851963332878,0.21613832853025935,0.30128373067854336,0.22237331015553732,0.30872895323442073,0.0014994997498749376,0.005997248624312156,True,True,0.64
MIMIC-IV Ready for Discharge,NearestClassMean,4,split,18836,1336,13.099292638197538,19,0.2709094905900226,0.27181032224259893,0.0009008316525763171,DKW Minimax,True,,0.7435158501440923,0.7433957866793295,0.7468976215098242,0.26984542834686925,0.24312287136494629,0.27243045301268015,0.269058294551786,0.0014994997498749376,0.005997248624312156,True,True,0.638
MIMIC-IV Ready for Discharge,NearestClassMean,5,naive,53817,3817,13.099292638197538,19,0.27609334555933984,0.27731202515064185,0.0012186795913020076,Baseline,True,,0.7226879748493581,0.714601652163379,0.74967482558827,0.3851192035630076,0.16950484673827612,,,,,,,
MIMIC-IV Ready for Discharge,NearestClassMean,5,naive,53817,3817,13.099292638197538,19,0.27609334555933984,0.27731202515064185,0.0012186795913020076,Threshold,True,,0.7312025150641865,0.7308137508687448,0.7246376811594203,0.24495677233429394,0.292638197537333,,,,,,,
MIMIC-IV Ready for Discharge,NearestClassMean,5,naive,53817,3817,13.099292638197538,19,0.27609334555933984,0.27731202515064185,0.0012186795913020076,SMOTE,True,,0.7239979041131779,0.716582888407738,0.7498515968182358,0.3793555148022007,0.17264867697144354,,,,,,,
MIMIC-IV Ready for Discharge,NearestClassMean,5,naive,53817,3817,13.099292638197538,19,0.27609334555933984,0.27731202515064185,0.0012186795913020076,Balanced Weights,False,,,,,,,,,,,,,
MIMIC-IV Ready for Discharge,NearestClassMean,5,naive,53817,3817,13.099292638197538,19,0.27609334555933984,0.27731202515064185,0.0012186795913020076,Slacks Deltas,False,timeout,,,,,,,,,,,,300.001
MIMIC-IV Ready for Discharge,NearestClassMean,5,naive,53817,3817,13.099292638197538,19,0.27609334555933984,0.27731202515064185,0.0012186795913020076,Min Deltas,True,,0.7040869793031176,0.6865847003581708,0.7440226628895185,0.451925596017815,0.1399004453759497,,,,,,,67.894
MIMIC-IV Ready for Discharge,NearestClassMean,5,naive,53817,3817,13.099292638197538,19,0.27609334555933984,0.27731202515064185,0.0012186795913020076,F Deltas,True,,0.7253078333769977,0.7193032351711649,0.7487118034751348,0.36782813728058683,0.18155619596541786,,,,,,,0.055
MIMIC-IV Ready for Discharge,NearestClassMean,5,naive,53817,3817,13.099292638197538,19,0.27609334555933984,0.27731202515064185,0.0012186795913020076,CP Sum,True,,0.7312025150641865,0.7308137508687448,0.7246376811594203,0.24495677233429394,0.292638197537333,0.24472752872303494,0.32651399846317664,0.0005,0.002498999499749875,False,True,4.119
MIMIC-IV Ready for Discharge,NearestClassMean,5,naive,53817,3817,13.099292638197538,19,0.27609334555933984,0.27731202515064185,0.0012186795913020076,CP Minimax,True,,0.7302855645795127,0.7301078037535647,0.7345623307979889,0.28582656536547024,0.25360230547550433,0.28714092849026884,0.28584764873580565,0.0005,0.0019992496248124065,True,True,4.117
MIMIC-IV Ready for Discharge,NearestClassMean,5,naive,53817,3817,13.099292638197538,19,0.27609334555933984,0.27731202515064185,0.0012186795913020076,DKW Sum,True,,0.7312025150641865,0.7308137508687448,0.7246376811594203,0.24495677233429394,0.292638197537333,0.24229144117186133,0.317236350902064,0.0009997498749374687,0.003498499249624813,False,True,1.832
MIMIC-IV Ready for Discharge,NearestClassMean,5,naive,53817,3817,13.099292638197538,19,0.27609334555933984,0.27731202515064185,0.0012186795913020076,DKW Minimax,True,,0.7310715221378046,0.7309564923328002,0.734514418724945,0.281896777574011,0.25596017815037986,0.2817114411718613,0.27977237395681903,0.0009997498749374687,0.003498499249624813,False,True,1.816
MIMIC-IV Ready for Discharge,NearestClassMean,5,split,18836,1336,13.099292638197538,19,0.2746155830465383,0.27626408173958605,0.0016484986930477286,Baseline,True,,0.723735918260414,0.7155823092379933,0.75073868337076,0.3845952318574797,0.16793293162169243,,,,,,,
MIMIC-IV Ready for Discharge,NearestClassMean,5,split,18836,1336,13.099292638197538,19,0.2746155830465383,0.27626408173958605,0.0016484986930477286,Threshold,True,,0.7327744301807703,0.7322579102710625,0.7252155172413793,0.23971705527901493,0.2947340843594446,,,,,,,
MIMIC-IV Ready for Discharge,NearestClassMean,5,split,18836,1336,13.099292638197538,19,0.2746155830465383,0.27626408173958605,0.0016484986930477286,SMOTE,True,,0.723735918260414,0.7157008529669101,0.750561797752809,0.3838092742991878,0.1687188891799843,,,,,,,
MIMIC-IV Ready for Discharge,NearestClassMean,5,split,18836,1336,13.099292638197538,19,0.2746155830465383,0.27626408173958605,0.0016484986930477286,Balanced Weights,False,,,,,,,,,,,,,
MIMIC-IV Ready for Discharge,NearestClassMean,5,split,18836,1336,13.099292638197538,19,0.2746155830465383,0.27626408173958605,0.0016484986930477286,Slacks Deltas,False,timeout,,,,,,,,,,,,300.0
MIMIC-IV Ready for Discharge,NearestClassMean,5,split,18836,1336,13.099292638197538,19,0.2746155830465383,0.27626408173958605,0.0016484986930477286,Min Deltas,True,,0.7031700288184438,0.684768877350454,0.7440704766207364,0.4566413413675662,0.13701860099554625,,,,,,,22.317
MIMIC-IV Ready for Discharge,NearestClassMean,5,split,18836,1336,13.099292638197538,19,0.2746155830465383,0.27626408173958605,0.0016484986930477286,F Deltas,True,,0.7112915902541262,0.6982763934507951,0.7457314259344716,0.4241550956248363,0.1532617238669112,,,,,,,0.043
MIMIC-IV Ready for Discharge,NearestClassMean,5,split,18836,1336,13.099292638197538,19,0.2746155830465383,0.27626408173958605,0.0016484986930477286,CP Sum,True,,0.7332984018862981,0.733161920670438,0.7370188581761818,0.2808488341629552,0.25255436206444853,0.28993272808464493,0.3088314678527815,0.0009997498749374687,0.003998249124562281,True,True,2.559
MIMIC-IV Ready for Discharge,NearestClassMean,5,split,18836,1336,13.099292638197538,19,0.2746155830465383,0.27626408173958605,0.0016484986930477286,CP Minimax,True,,0.7330364160335342,0.7325957859445751,0.7396525293817067,0.292376211684569,0.2415509562483626,0.30291429275797693,0.3008904219261821,0.0009997498749374687,0.003998249124562281,True,True,2.561
MIMIC-IV Ready for Discharge,NearestClassMean,5,split,18836,1336,13.099292638197538,19,0.2746155830465383,0.27626408173958605,0.0016484986930477286,DKW Sum,True,,0.7317264867697144,0.7317077263535828,0.7303134053199895,0.26303379617500655,0.27351323028556457,0.2646590244412516,0.3162139831745404,0.0014994997498749376,0.005997248624312156,True,True,0.644
MIMIC-IV Ready for Discharge,NearestClassMean,5,split,18836,1336,13.099292638197538,19,0.2746155830465383,0.27626408173958605,0.0016484986930477286,DKW Minimax,True,,0.7335603877390621,0.7332302112581486,0.7392976159958985,0.28844642389310976,0.24443280062876604,0.2952304530126802,0.2922618873661572,0.0014994997498749376,0.005997248624312156,True,True,0.641
MIMIC-IV Ready for Discharge,NearestClassMean,6,naive,53817,3817,13.099292638197538,19,0.27595760020958865,0.271155357610689,-0.004802242598899664,Baseline,True,,0.728844642389311,0.7205307799676492,0.7556657223796034,0.38092742991878437,0.16138328530259366,,,,,,,
MIMIC-IV Ready for Discharge,NearestClassMean,6,naive,53817,3817,13.099292638197538,19,0.27595760020958865,0.271155357610689,-0.004802242598899664,Threshold,True,,0.7483625884202253,0.7482109555674058,0.7445138981247507,0.23657322504584752,0.26670159811370187,,,,,,,
MIMIC-IV Ready for Discharge,NearestClassMean,6,naive,53817,3817,13.099292638197538,19,0.27595760020958865,0.271155357610689,-0.004802242598899664,SMOTE,True,,0.7285826565365471,0.7201455473985207,0.7556027364944562,0.38197537332984016,0.16085931359706576,,,,,,,
MIMIC-IV Ready for Discharge,NearestClassMean,6,naive,53817,3817,13.099292638197538,19,0.27595760020958865,0.271155357610689,-0.004802242598899664,Balanced Weights,False,,,,,,,,,,,,,
MIMIC-IV Ready for Discharge,NearestClassMean,6,naive,53817,3817,13.099292638197538,19,0.27595760020958865,0.271155357610689,-0.004802242598899664,Slacks Deltas,False,timeout,,,,,,,,,,,,300.0
MIMIC-IV Ready for Discharge,NearestClassMean,6,naive,53817,3817,13.099292638197538,19,0.27595760020958865,0.271155357610689,-0.004802242598899664,Min Deltas,True,,0.7115535761068902,0.6927658966844992,0.7518593644354293,0.4508776526067592,0.1260151951794603,,,,,,,68.416
MIMIC-IV Ready for Discharge,NearestClassMean,6,naive,53817,3817,13.099292638197538,19,0.27595760020958865,0.271155357610689,-0.004802242598899664,F Deltas,True,,0.7208540738800104,0.7079393910039052,0.7542382654826433,0.414985590778098,0.14330626146188105,,,,,,,0.053
MIMIC-IV Ready for Discharge,NearestClassMean,6,naive,53817,3817,13.099292638197538,19,0.27595760020958865,0.271155357610689,-0.004802242598899664,CP Sum,True,,0.7483625884202253,0.7482109555674058,0.7445138981247507,0.23657322504584752,0.26670159811370187,0.24616922486811965,0.3005524216523243,0.0005,0.0019992496248124065,True,True,4.087
MIMIC-IV Ready for Discharge,NearestClassMean,6,naive,53817,3817,13.099292638197538,19,0.27595760020958865,0.271155357610689,-0.004802242598899664,CP Minimax,True,,0.7453497511134399,0.7452346342040509,0.7486423584173778,0.26774954152475766,0.2415509562483626,0.2772993994776094,0.27656441396879633,0.0005,0.0019992496248124065,True,True,4.084
MIMIC-IV Ready for Discharge,NearestClassMean,6,naive,53817,3817,13.099292638197538,19,0.27595760020958865,0.271155357610689,-0.004802242598899664,DKW Sum,True,,0.7483625884202253,0.7482109555674058,0.7445138981247507,0.23657322504584752,0.26670159811370187,0.24371144117186133,0.29182372318396077,0.0009997498749374687,0.003498499249624813,True,True,1.813
MIMIC-IV Ready for Discharge,NearestClassMean,6,naive,53817,3817,13.099292638197538,19,0.27595760020958865,0.271155357610689,-0.004802242598899664,DKW Minimax,True,,0.7456117369662039,0.7455143374097946,0.7486409526274916,0.26643961226093793,0.24233691380665445,0.27249144117186136,0.27060286911008075,0.0009997498749374687,0.003498499249624813,True,True,1.803
MIMIC-IV Ready for Discharge,NearestClassMean,6,split,18836,1336,13.099292638197538,19,0.2762433572070815,0.27364422321194654,-0.00259913399513495,Baseline,True,,0.7263557767880534,0.7181129237701828,0.7532774300224401,0.382761330888132,0.16452711553576108,,,,,,,
MIMIC-IV Ready for Discharge,NearestClassMean,6,split,18836,1336,13.099292638197538,19,0.2762433572070815,0.27364422321194654,-0.00259913399513495,Threshold,True,,0.7465286874508776,0.7463604049783095,0.742446426194596,0.23762116845690331,0.2693214566413414,,,,,,,
MIMIC-IV Ready for Discharge,NearestClassMean,6,split,18836,1336,13.099292638197538,19,0.2762433572070815,0.27364422321194654,-0.00259913399513495,SMOTE,True,,0.7279276919046371,0.7200951746577704,0.754113886586954,0.37856955724390884,0.16557505894681687,,,,,,,
MIMIC-IV Ready for Discharge,NearestClassMean,6,split,18836,1336,13.099292638197538,19,0.2762433572070815,0.27364422321194654,-0.00259913399513495,Balanced Weights,False,,,,,,,,,,,,,
MIMIC-IV Ready for Discharge,NearestClassMean,6,split,18836,1336,13.099292638197538,19,0.2762433572070815,0.27364422321194654,-0.00259913399513495,Slacks Deltas,False,timeout,,,,,,,,,,,,300.0
MIMIC-IV Ready for Discharge,NearestClassMean,6,split,18836,1336,13.099292638197538,19,0.2762433572070815,0.27364422321194654,-0.00259913399513495,Min Deltas,True,,0.7118155619596542,0.6939442970970564,0.7512437810945274,0.44668587896253603,0.12968299711815562,,,,,,,22.11
MIMIC-IV Ready for Discharge,NearestClassMean,6,split,18836,1336,13.099292638197538,19,0.2762433572070815,0.27364422321194654,-0.00259913399513495,F Deltas,True,,0.7246528687450877,0.7150847100963021,0.7535756154747948,0.39271679329316217,0.1579774692166623,,,,,,,0.043
MIMIC-IV Ready for Discharge,NearestClassMean,6,split,18836,1336,13.099292638197538,19,0.2762433572070815,0.27364422321194654,-0.00259913399513495,CP Sum,True,,0.7478386167146974,0.7477477375748117,0.7448641484426772,0.2405030128373068,0.2638197537332984,0.25613880465814154,0.3191235904637602,0.0009997498749374687,0.003998249124562281,True,True,2.563
MIMIC-IV Ready for Discharge,NearestClassMean,6,split,18836,1336,13.099292638197538,19,0.2762433572070815,0.27364422321194654,-0.00259913399513495,CP Minimax,True,,0.7424679067330364,0.7421793796574838,0.7476899383983573,0.2782289756353157,0.23683521089861148,0.2925537875146117,0.2897365273070296,0.0009997498749374687,0.003998249124562281,True,True,2.568
MIMIC-IV Ready for Discharge,NearestClassMean,6,split,18836,1336,13.099292638197538,19,0.2762433572070815,0.27364422321194654,-0.00259913399513495,DKW Sum,True,,0.7478386167146974,0.7477477375748117,0.7448641484426772,0.2405030128373068,0.2638197537332984,0.2523733101555373,0.30573494125837275,0.0014994997498749376,0.005997248624312156,True,True,0.64
MIMIC-IV Ready for Discharge,NearestClassMean,6,split,18836,1336,13.099292638197538,19,0.2762433572070815,0.27364422321194654,-0.00259913399513495,DKW Minimax,True,,0.7427298925858004,0.7424768275103522,0.7476227190953483,0.276657060518732,0.23788315430966728,0.28597331015553734,0.2832798514380135,0.0014994997498749376,0.005997248624312156,True,True,0.635
MIMIC-IV Ready for Discharge,NearestClassMean,7,naive,53817,3817,13.099292638197538,19,0.27571263557767883,0.2801938695310453,0.00448123395336647,Baseline,True,,0.7198061304689547,0.7104520163113651,0.7488552307150405,0.39586062352632956,0.16452711553576108,,,,,,,
MIMIC-IV Ready for Discharge,NearestClassMean,7,naive,53817,3817,13.099292638197538,19,0.27571263557767883,0.2801938695310453,0.00448123395336647,Threshold,True,,0.7425988996594184,0.7423945026926748,0.7380349286761765,0.2399790411317789,0.27482315954938435,,,,,,,
MIMIC-IV Ready for Discharge,NearestClassMean,7,naive,53817,3817,13.099292638197538,19,0.27571263557767883,0.2801938695310453,0.00448123395336647,SMOTE,True,,0.7174482577940792,0.7083179867495973,0.7463844797178131,0.3966465810846214,0.16845690332722033,,,,,,,
MIMIC-IV Ready for Discharge,NearestClassMean,7,naive,53817,3817,13.099292638197538,19,0.27571263557767883,0.2801938695310453,0.00448123395336647,Balanced Weights,False,,,,,,,,,,,,,
MIMIC-IV Ready for Discharge,NearestClassMean,7,naive,53817,3817,13.099292638197538,19,0.27571263557767883,0.2801938695310453,0.00448123395336647,Slacks Deltas,False,timeout,,,,,,,,,,,,300.0
MIMIC-IV Ready for Discharge,NearestClassMean,7,naive,53817,3817,13.099292638197538,19,0.27571263557767883,0.2801938695310453,0.00448123395336647,Min Deltas,True,,0.7044799580822636,0.6851867223784954,0.7460603331832508,0.45926119989520564,0.13177888394026724,,,,,,,68.006
MIMIC-IV Ready for Discharge,NearestClassMean,7,naive,53817,3817,13.099292638197538,19,0.27571263557767883,0.2801938695310453,0.00448123395336647,F Deltas,True,,0.7132564841498559,0.6998434121353406,0.7479562464018422,0.4244170814776002,0.14906995022268799,,,,,,,0.054
MIMIC-IV Ready for Discharge,NearestClassMean,7,naive,53817,3817,13.099292638197538,19,0.27571263557767883,0.2801938695310453,0.00448123395336647,CP Sum,True,,0.7425988996594184,0.7423945026926748,0.7380349286761765,0.2399790411317789,0.27482315954938435,0.24196550363786476,0.30490047115215424,0.0005,0.0019992496248124065,True,True,4.1
MIMIC-IV Ready for Discharge,NearestClassMean,7,naive,53817,3817,13.099292638197538,19,0.27571263557767883,0.2801938695310453,0.00448123395336647,CP Minimax,True,,0.7381451401624313,0.7379516939367692,0.7424964575550689,0.2787529473408436,0.24495677233429394,0.27819068127361124,0.2771110304078511,0.0005,0.0019992496248124065,False,True,4.092
MIMIC-IV Ready for Discharge,NearestClassMean,7,naive,53817,3817,13.099292638197538,19,0.27571263557767883,0.2801938695310453,0.00448123395336647,DKW Sum,True,,0.7425988996594184,0.7423945026926748,0.7380349286761765,0.2399790411317789,0.27482315954938435,0.23957144117186133,0.29601549682818395,0.0009997498749374687,0.003498499249624813,False,True,1.812
MIMIC-IV Ready for Discharge,NearestClassMean,7,naive,53817,3817,13.099292638197538,19,0.27571263557767883,0.2801938695310453,0.00448123395336647,DKW Minimax,True,,0.7399790411317789,0.7398309781087175,0.7437717826255325,0.27482315954938435,0.2452187581870579,0.27215144117186135,0.2708648549628447,0.0009997498749374687,0.003498499249624813,False,True,1.799
MIMIC-IV Ready for Discharge,NearestClassMean,7,split,18836,1336,13.099292638197538,19,0.2736080612656187,0.27796698978255174,0.004358928516933036,Baseline,True,,0.7220330102174483,0.7128141105162724,0.7507048872180451,0.3929787791459261,0.16295520041917735,,,,,,,
MIMIC-IV Ready for Discharge,NearestClassMean,7,split,18836,1336,13.099292638197538,19,0.2736080612656187,0.27796698978255174,0.004358928516933036,Threshold,True,,0.7469216662300235,0.7464981049524481,0.7403923676431067,0.22792769190463716,0.2782289756353157,,,,,,,
MIMIC-IV Ready for Discharge,NearestClassMean,7,split,18836,1336,13.099292638197538,19,0.2736080612656187,0.27796698978255174,0.004358928516933036,SMOTE,True,,0.723735918260414,0.71404752424444,0.7528998242530756,0.3942887084097459,0.15823945506942624,,,,,,,
MIMIC-IV Ready for Discharge,NearestClassMean,7,split,18836,1336,13.099292638197538,19,0.2736080612656187,0.27796698978255174,0.004358928516933036,Balanced Weights,False,,,,,,,,,,,,,
MIMIC-IV Ready for Discharge,NearestClassMean,7,split,18836,1336,13.099292638197538,19,0.2736080612656187,0.27796698978255174,0.004358928516933036,Slacks Deltas,False,timeout,,,,,,,,,,,,300.0
MIMIC-IV Ready for Discharge,NearestClassMean,7,split,18836,1336,13.099292638197538,19,0.2736080612656187,0.27796698978255174,0.004358928516933036,Min Deltas,True,,0.7081477600209589,0.6894519971222163,0.7487595850248083,0.45349751113439873,0.13020696882368352,,,,,,,22.012
MIMIC-IV Ready for Discharge,NearestClassMean,7,split,18836,1336,13.099292638197538,19,0.2736080612656187,0.27796698978255174,0.004358928516933036,F Deltas,True,,0.7187581870578988,0.7065990123502536,0.7514758652621831,0.4128897039559864,0.14959392192821588,,,,,,,0.043
MIMIC-IV Ready for Discharge,NearestClassMean,7,split,18836,1336,13.099292638197538,19,0.2736080612656187,0.27796698978255174,0.004358928516933036,CP Sum,True,,0.7425988996594184,0.7419714097300587,0.7502224482013474,0.2879224521875819,0.22687974849358133,0.291971394479909,0.27086148206459615,0.0009997498749374687,0.003498499249624813,True,True,2.562
MIMIC-IV Ready for Discharge,NearestClassMean,7,split,18836,1336,13.099292638197538,19,0.2736080612656187,0.27796698978255174,0.004358928516933036,CP Minimax,True,,0.7432538642913282,0.7428544062887492,0.7493606138107417,0.28111082001571913,0.2323814514016243,0.2852712066422202,0.282897238611517,0.0009997498749374687,0.003498499249624813,True,True,2.566
MIMIC-IV Ready for Discharge,NearestClassMean,7,split,18836,1336,13.099292638197538,19,0.2736080612656187,0.27796698978255174,0.004358928516933036,DKW Sum,True,,0.7436468430704742,0.7435337587569694,0.7469287469287469,0.2693214566413414,0.24338485721771025,0.26940188158410877,0.2780403304799297,0.0014994997498749376,0.005997248624312156,True,True,0.62
MIMIC-IV Ready for Discharge,NearestClassMean,7,split,18836,1336,13.099292638197538,19,0.2736080612656187,0.27796698978255174,0.004358928516933036,DKW Minimax,True,,0.7441708147760021,0.7439078947417186,0.7491329479768786,0.27560911710767616,0.23604925334031962,0.27768759586982306,0.2750463185038818,0.0014994997498749376,0.005997248624312156,True,True,0.618
MIMIC-IV Ready for Discharge,NearestClassMean,8,naive,53817,3817,13.099292638197538,19,0.28132639507466595,0.2868745087765261,0.005548113701860147,Baseline,True,,0.7131254912234739,0.703312915675099,0.7433794234825404,0.4047681425203039,0.16898087503274822,,,,,,,
MIMIC-IV Ready for Discharge,NearestClassMean,8,naive,53817,3817,13.099292638197538,19,0.28132639507466595,0.2868745087765261,0.005548113701860147,Threshold,True,,0.7329054231071522,0.7329040066496537,0.733289731850883,0.2685354990830495,0.26565365470264607,,,,,,,
MIMIC-IV Ready for Discharge,NearestClassMean,8,naive,53817,3817,13.099292638197538,19,0.28132639507466595,0.2868745087765261,0.005548113701860147,SMOTE,True,,0.7131254912234739,0.7034442112997706,0.7431988742964353,0.40398218496201205,0.16976683259104008,,,,,,,
MIMIC-IV Ready for Discharge,NearestClassMean,8,naive,53817,3817,13.099292638197538,19,0.28132639507466595,0.2868745087765261,0.005548113701860147,Balanced Weights,False,,,,,,,,,,,,,
MIMIC-IV Ready for Discharge,NearestClassMean,8,naive,53817,3817,13.099292638197538,19,0.28132639507466595,0.2868745087765261,0.005548113701860147,Slacks Deltas,False,timeout,,,,,,,,,,,,300.0
MIMIC-IV Ready for Discharge,NearestClassMean,8,naive,53817,3817,13.099292638197538,19,0.28132639507466595,0.2868745087765261,0.005548113701860147,Min Deltas,True,,0.6963583966465811,0.6760006698529567,0.7398428731762066,0.4707885774168195,0.13649462929001835,,,,,,,67.139
MIMIC-IV Ready for Discharge,NearestClassMean,8,naive,53817,3817,13.099292638197538,19,0.28132639507466595,0.2868745087765261,0.005548113701860147,F Deltas,True,,0.7224259889965942,0.7165998418298679,0.7457098283931357,0.3691380665444066,0.18600995546240504,,,,,,,0.057
MIMIC-IV Ready for Discharge,NearestClassMean,8,naive,53817,3817,13.099292638197538,19,0.28132639507466595,0.2868745087765261,0.005548113701860147,CP Sum,True,,0.7329054231071522,0.7329040066496537,0.733289731850883,0.2685354990830495,0.26565365470264607,0.26668066646837246,0.3005524216523243,0.0005,0.0019992496248124065,False,True,4.153
MIMIC-IV Ready for Discharge,NearestClassMean,8,naive,53817,3817,13.099292638197538,19,0.28132639507466595,0.2868745087765261,0.005548113701860147,CP Minimax,True,,0.7314645009169505,0.7312955793578333,0.7356203249935517,0.2842546502488866,0.25281634791721247,0.28473179360603806,0.2836651104111058,0.0005,0.0019992496248124065,True,True,4.147
MIMIC-IV Ready for Discharge,NearestClassMean,8,naive,53817,3817,13.099292638197538,19,0.28132639507466595,0.2868745087765261,0.005548113701860147,DKW Sum,True,,0.7329054231071522,0.7329040066496537,0.733289731850883,0.2685354990830495,0.26565365470264607,0.26393144117186135,0.29182372318396077,0.0009997498749374687,0.003498499249624813,False,True,1.76
MIMIC-IV Ready for Discharge,NearestClassMean,8,naive,53817,3817,13.099292638197538,19,0.28132639507466595,0.2868745087765261,0.005548113701860147,DKW Minimax,True,,0.7319884726224783,0.7318414307178877,0.7358636715724245,0.28268273513230285,0.2533403196227404,0.27953144117186135,0.2779384729874714,0.0009997498749374687,0.003498499249624813,False,True,1.777
MIMIC-IV Ready for Discharge,NearestClassMean,8,split,18836,1336,13.099292638197538,19,0.2837939354478653,0.28582656536547024,0.0020326299176049445,Baseline,True,,0.7141734346345298,0.7048517454366667,0.7436560150375939,0.40083835472884466,0.17081477600209588,,,,,,,
MIMIC-IV Ready for Discharge,NearestClassMean,8,split,18836,1336,13.099292638197538,19,0.2837939354478653,0.28582656536547024,0.0020326299176049445,Threshold,True,,0.7272727272727273,0.7271247317329584,0.7232119117256048,0.2580560649724915,0.28739848048205396,,,,,,,
MIMIC-IV Ready for Discharge,NearestClassMean,8,split,18836,1336,13.099292638197538,19,0.2837939354478653,0.28582656536547024,0.0020326299176049445,SMOTE,True,,0.7137804558553839,0.7041734293272262,0.7436950146627566,0.40293424155095625,0.16950484673827612,,,,,,,
MIMIC-IV Ready for Discharge,NearestClassMean,8,split,18836,1336,13.099292638197538,19,0.2837939354478653,0.28582656536547024,0.0020326299176049445,Balanced Weights,False,,,,,,,,,,,,,
MIMIC-IV Ready for Discharge,NearestClassMean,8,split,18836,1336,13.099292638197538,19,0.2837939354478653,0.28582656536547024,0.0020326299176049445,Slacks Deltas,False,timeout,,,,,,,,,,,,300.0
MIMIC-IV Ready for Discharge,NearestClassMean,8,split,18836,1336,13.099292638197538,19,0.2837939354478653,0.28582656536547024,0.0020326299176049445,Min Deltas,True,,0.6955724390882893,0.6767787794697919,0.7376975169300226,0.4650248886560126,0.14383023316740895,,,,,,,21.808
MIMIC-IV Ready for Discharge,NearestClassMean,8,split,18836,1336,13.099292638197538,19,0.2837939354478653,0.28582656536547024,0.0020326299176049445,F Deltas,True,,0.6981922976159287,0.6808076297232122,0.7386569872958257,0.4566413413675662,0.14697406340057637,,,,,,,0.044
MIMIC-IV Ready for Discharge,NearestClassMean,8,split,18836,1336,13.099292638197538,19,0.2837939354478653,0.28582656536547024,0.0020326299176049445,CP Sum,True,,0.7268797484935814,0.7261709103136095,0.7353725092016753,0.3052135184700026,0.2410269845428347,0.3081484354053026,0.2897365273070296,0.0009997498749374687,0.003998249124562281,True,True,2.58
MIMIC-IV Ready for Discharge,NearestClassMean,8,split,18836,1336,13.099292638197538,19,0.2837939354478653,0.28582656536547024,0.0020326299176049445,CP Minimax,True,,0.7275347131254912,0.7270533659767414,0.734558448187851,0.2989258580036678,0.24600471574534974,0.3009362023824096,0.2985039278646688,0.0009997498749374687,0.003998249124562281,True,True,2.58
MIMIC-IV Ready for Discharge,NearestClassMean,8,split,18836,1336,13.099292638197538,19,0.2837939354478653,0.28582656536547024,0.0020326299176049445,DKW Sum,True,,0.7268797484935814,0.7261709103136095,0.7353725092016753,0.3052135184700026,0.2410269845428347,0.3033447387269659,0.2780403304799297,0.0014994997498749376,0.005997248624312156,False,True,0.615
MIMIC-IV Ready for Discharge,NearestClassMean,8,split,18836,1336,13.099292638197538,19,0.2837939354478653,0.28582656536547024,0.0020326299176049445,DKW Minimax,True,,0.7279276919046371,0.7275583452429792,0.7340929458456024,0.2952580560649725,0.24888656012575322,0.29260188158410877,0.28926787539010934,0.0014994997498749376,0.005997248624312156,False,True,0.612
MIMIC-IV Ready for Discharge,NearestClassMean,9,naive,53817,3817,13.099292638197538,19,0.27802760020958867,0.27377521613832856,-0.004252384071260107,Baseline,True,,0.7262247838616714,0.7179605067200164,0.7531884742560226,0.383023316740896,0.16452711553576108,,,,,,,
MIMIC-IV Ready for Discharge,NearestClassMean,9,naive,53817,3817,13.099292638197538,19,0.27802760020958867,0.27377521613832856,-0.004252384071260107,Threshold,True,,0.7452187581870579,0.7451148476941878,0.7420082239023743,0.24233691380665445,0.26722556981922974,,,,,,,
MIMIC-IV Ready for Discharge,NearestClassMean,9,naive,53817,3817,13.099292638197538,19,0.27802760020958867,0.27377521613832856,-0.004252384071260107,SMOTE,True,,0.7238669111867959,0.7161257610539927,0.7502369668246446,0.3817133874770762,0.17055279014933195,,,,,,,
MIMIC-IV Ready for Discharge,NearestClassMean,9,naive,53817,3817,13.099292638197538,19,0.27802760020958867,0.27377521613832856,-0.004252384071260107,Balanced Weights,False,,,,,,,,,,,,,
MIMIC-IV Ready for Discharge,NearestClassMean,9,naive,53817,3817,13.099292638197538,19,0.27802760020958867,0.27377521613832856,-0.004252384071260107,Slacks Deltas,False,timeout,,,,,,,,,,,,300.0
MIMIC-IV Ready for Discharge,NearestClassMean,9,naive,53817,3817,13.099292638197538,19,0.27802760020958867,0.27377521613832856,-0.004252384071260107,Min Deltas,True,,0.7076237883154309,0.6884809264397256,0.7487052465660887,0.4558553838092743,0.12889703955986376,,,,,,,145.102
MIMIC-IV Ready for Discharge,NearestClassMean,9,naive,53817,3817,13.099292638197538,19,0.27802760020958867,0.27377521613832856,-0.004252384071260107,F Deltas,True,,0.7167932931621692,0.7038798337832056,0.7505768343331796,0.4186533927167933,0.14776002095886823,,,,,,,0.118
MIMIC-IV Ready for Discharge,NearestClassMean,9,naive,53817,3817,13.099292638197538,19,0.27802760020958867,0.27377521613832856,-0.004252384071260107,CP Sum,True,,0.7452187581870579,0.7451148476941878,0.7420082239023743,0.24233691380665445,0.26722556981922974,0.25627680556431276,0.2959282045646445,0.0005,0.0019992496248124065,True,True,6.486
MIMIC-IV Ready for Discharge,NearestClassMean,9,naive,53817,3817,13.099292638197538,19,0.27802760020958867,0.27377521613832856,-0.004252384071260107,CP Minimax,True,,0.7422059208802725,0.7421355891889517,0.7448132780082988,0.2680115273775216,0.24757663086193346,0.2777450473992712,0.27656441396879633,0.0005,0.0019992496248124065,True,True,5.503
MIMIC-IV Ready for Discharge,NearestClassMean,9,naive,53817,3817,13.099292638197538,19,0.27802760020958867,0.27377521613832856,-0.004252384071260107,DKW Sum,True,,0.7452187581870579,0.7451148476941878,0.7420082239023743,0.24233691380665445,0.26722556981922974,0.2536714411718613,0.2873699636869736,0.0009997498749374687,0.003498499249624813,True,True,1.895
MIMIC-IV Ready for Discharge,NearestClassMean,9,naive,53817,3817,13.099292638197538,19,0.27802760020958867,0.27377521613832856,-0.004252384071260107,DKW Minimax,True,,0.7415509562483625,0.7415079038875845,0.7435997400909682,0.26643961226093793,0.2504584752423369,0.27291144117186134,0.27112684081560867,0.0009997498749374687,0.003498499249624813,True,True,1.891
MIMIC-IV Ready for Discharge,NearestClassMean,9,split,18836,1336,13.099292638197538,19,0.28071568536260194,0.27993188367828137,-0.0007838016843205731,Baseline,True,,0.7200681163217186,0.7117524492093383,0.7476083618755167,0.38904899135446686,0.17081477600209588,,,,,,,
MIMIC-IV Ready for Discharge,NearestClassMean,9,split,18836,1336,13.099292638197538,19,0.28071568536260194,0.27993188367828137,-0.0007838016843205731,Threshold,True,,0.7315954938433324,0.7278688405350439,0.7102248621128553,0.1946554886036154,0.3421535237097197,,,,,,,
MIMIC-IV Ready for Discharge,NearestClassMean,9,split,18836,1336,13.099292638197538,19,0.28071568536260194,0.27993188367828137,-0.0007838016843205731,SMOTE,True,,0.7217710243646843,0.7134952266162601,0.7491141034727143,0.3872150903851192,0.1692428608855122,,,,,,,
MIMIC-IV Ready for Discharge,NearestClassMean,9,split,18836,1336,13.099292638197538,19,0.28071568536260194,0.27993188367828137,-0.0007838016843205731,Balanced Weights,False,,,,,,,,,,,,,
MIMIC-IV Ready for Discharge,NearestClassMean,9,split,18836,1336,13.099292638197538,19,0.28071568536260194,0.27993188367828137,-0.0007838016843205731,Slacks Deltas,False,timeout,,,,,,,,,,,,300.0
MIMIC-IV Ready for Discharge,NearestClassMean,9,split,18836,1336,13.099292638197538,19,0.28071568536260194,0.27993188367828137,-0.0007838016843205731,Min Deltas,True,,0.7038249934503537,0.684167013087354,0.7458122540753233,0.4613570867173173,0.13099292638197538,,,,,,,50.144
MIMIC-IV Ready for Discharge,NearestClassMean,9,split,18836,1336,13.099292638197538,19,0.28071568536260194,0.27993188367828137,-0.0007838016843205731,F Deltas,True,,0.7070998166099031,0.6903486299090923,0.7459668257214269,0.44589992140424417,0.1399004453759497,,,,,,,0.098
MIMIC-IV Ready for Discharge,NearestClassMean,9,split,18836,1336,13.099292638197538,19,0.28071568536260194,0.27993188367828137,-0.0007838016843205731,CP Sum,True,,0.7356562745611737,0.7354276545144923,0.7307179076594609,0.24600471574534974,0.28268273513230285,0.26145900726623345,0.32544016180123675,0.0009997498749374687,0.003998249124562281,True,True,4.49
MIMIC-IV Ready for Discharge,NearestClassMean,9,split,18836,1336,13.099292638197538,19,0.28071568536260194,0.27993188367828137,-0.0007838016843205731,CP Minimax,True,,0.7351323028556458,0.7348626114962259,0.7403031081428204,0.28477862195441445,0.24495677233429394,0.29662951254463715,0.29452207033271244,0.0009997498749374687,0.003998249124562281,True,True,4.482
MIMIC-IV Ready for Discharge,NearestClassMean,9,split,18836,1336,13.099292638197538,19,0.28071568536260194,0.27993188367828137,-0.0007838016843205731,DKW Sum,True,,0.7372281896777574,0.73679006644227,0.7303763440860215,0.23735918260413938,0.2881844380403458,0.25077331015553733,0.3181158708283537,0.0014994997498749376,0.006496998499249626,True,True,1.017
MIMIC-IV Ready for Discharge,NearestClassMean,9,split,18836,1336,13.099292638197538,19,0.28071568536260194,0.27993188367828137,-0.0007838016843205731,DKW Minimax,True,,0.7363112391930836,0.7361349334399844,0.7404924584246487,0.2798008907518994,0.24757663086193346,0.287687595869823,0.28402835443202545,0.0014994997498749376,0.005997248624312156,True,True,1.044
MIMIC-IV Ready for Discharge,RandomForest,0,naive,53817,3817,13.099292638197538,19,0.0,0.005632695834424941,0.005632695834424941,Baseline,True,,0.9943673041655751,0.9943513505452437,0.994335397180872,0.0,0.011265391668849881,,,,,,,
MIMIC-IV Ready for Discharge,RandomForest,0,naive,53817,3817,13.099292638197538,19,0.0,0.005632695834424941,0.005632695834424941,Threshold,True,,0.994760282944721,0.9947464832254709,0.994732683697656,0.0,0.010479434110558029,,,,,,,
MIMIC-IV Ready for Discharge,RandomForest,0,naive,53817,3817,13.099292638197538,19,0.0,0.005632695834424941,0.005632695834424941,SMOTE,True,,0.9942363112391931,0.9942196047545966,0.9942028985507246,0.0,0.011527377521613832,,,,,,,
MIMIC-IV Ready for Discharge,RandomForest,0,naive,53817,3817,13.099292638197538,19,0.0,0.005632695834424941,0.005632695834424941,Balanced Weights,True,,0.9941053183128111,0.9940908104253395,0.9940734887396286,0.0005239717055279015,0.011265391668849881,,,,,,,
MIMIC-IV Ready for Discharge,RandomForest,0,naive,53817,3817,13.099292638197538,19,0.0,0.005632695834424941,0.005632695834424941,Slacks Deltas,False,timeout,,,,,,,,,,,,300.001
MIMIC-IV Ready for Discharge,RandomForest,0,naive,53817,3817,13.099292638197538,19,0.0,0.005632695834424941,0.005632695834424941,Min Deltas,True,,0.9962012051349227,0.996201196522633,0.996200707454474,0.0036678019386953103,0.0039297877914592615,,,,,,,225.08
MIMIC-IV Ready for Discharge,RandomForest,0,naive,53817,3817,13.099292638197538,19,0.0,0.005632695834424941,0.005632695834424941,F Deltas,True,,0.9955462405030129,0.9955384843126843,0.9955286691215149,0.0005239717055279015,0.008383547288446425,,,,,,,0.057
MIMIC-IV Ready for Discharge,RandomForest,0,naive,53817,3817,13.099292638197538,19,0.0,0.005632695834424941,0.005632695834424941,CP Sum,True,,0.994760282944721,0.9947464832254709,0.994732683697656,0.0,0.010479434110558029,0.00036834615879704396,0.004143444666197933,0.0005,0.0005,True,False,4.324
MIMIC-IV Ready for Discharge,RandomForest,0,naive,53817,3817,13.099292638197538,19,0.0,0.005632695834424941,0.005632695834424941,CP Minimax,True,,0.9965941839140686,0.9965907403506434,0.9965852377199895,0.0007859575582918522,0.006025674613570867,0.0004835194497934435,0.004143444666197933,0.0005,0.0005,False,False,4.316
MIMIC-IV Ready for Discharge,RandomForest,0,naive,53817,3817,13.099292638197538,19,0.0,0.005632695834424941,0.005632695834424941,DKW Sum,True,,0.994760282944721,0.9947464832254709,0.994732683697656,0.0,0.010479434110558029,0.008718315467762153,0.02801592240520551,0.0005,0.002498999499749875,True,True,1.881
MIMIC-IV Ready for Discharge,RandomForest,0,naive,53817,3817,13.099292638197538,19,0.0,0.005632695834424941,0.005632695834424941,DKW Minimax,True,,0.9967251768404506,0.9967220694334236,0.9967170059093894,0.0007859575582918522,0.005763688760806916,0.008758315467762153,0.02801592240520551,0.0005,0.002498999499749875,True,True,1.867
MIMIC-IV Ready for Discharge,RandomForest,0,split,18836,1336,13.099292638197538,19,0.0,0.007859575582918523,0.007859575582918523,Baseline,True,,0.9921404244170815,0.9921092927869203,0.992078162133615,0.0,0.015719151165837046,,,,,,,
MIMIC-IV Ready for Discharge,RandomForest,0,split,18836,1336,13.099292638197538,19,0.0,0.007859575582918523,0.007859575582918523,Threshold,True,,0.9927953890489913,0.9927692471556433,0.9927431059506531,0.0,0.01440922190201729,,,,,,,
MIMIC-IV Ready for Discharge,RandomForest,0,split,18836,1336,13.099292638197538,19,0.0,0.007859575582918523,0.007859575582918523,SMOTE,True,,0.9925334031962274,0.9925072544023693,0.9924792188943132,0.00026198585276395077,0.014671207754781241,,,,,,,
MIMIC-IV Ready for Discharge,RandomForest,0,split,18836,1336,13.099292638197538,19,0.0,0.007859575582918523,0.007859575582918523,Balanced Weights,True,,0.9924024102698454,0.9923752983751423,0.9923462655054104,0.00026198585276395077,0.014933193607545192,,,,,,,
MIMIC-IV Ready for Discharge,RandomForest,0,split,18836,1336,13.099292638197538,19,0.0,0.007859575582918523,0.007859575582918523,Slacks Deltas,False,timeout,,,,,,,,,,,,300.001
MIMIC-IV Ready for Discharge,RandomForest,0,split,18836,1336,13.099292638197538,19,0.0,0.007859575582918523,0.007859575582918523,Min Deltas,True,,0.9959392192821588,0.9959377634212658,0.9959322923500853,0.002357872674875557,0.005763688760806916,,,,,,,74.318
MIMIC-IV Ready for Discharge,RandomForest,0,split,18836,1336,13.099292638197538,19,0.0,0.007859575582918523,0.007859575582918523,F Deltas,True,,0.9963321980613047,0.9963299936025714,0.99632449461801,0.0015719151165837044,0.005763688760806916,,,,,,,0.049
MIMIC-IV Ready for Discharge,RandomForest,0,split,18836,1336,13.099292638197538,19,0.0,0.007859575582918523,0.007859575582918523,CP Sum,True,,0.9963321980613047,0.9963299936025714,0.99632449461801,0.0015719151165837044,0.005763688760806916,0.003461433283934702,0.034207475021880596,0.0005,0.0009997498749374687,True,True,2.685
MIMIC-IV Ready for Discharge,RandomForest,0,split,18836,1336,13.099292638197538,19,0.0,0.007859575582918523,0.007859575582918523,CP Minimax,True,,0.989258580036678,0.9892273577129985,0.9893423446841695,0.018600995546240503,0.002881844380403458,0.023063935917871124,0.027079055864062316,0.0005,0.0009997498749374687,True,True,2.676
MIMIC-IV Ready for Discharge,RandomForest,0,split,18836,1336,13.099292638197538,19,0.0,0.007859575582918523,0.007859575582918523,DKW Sum,True,,0.9963321980613047,0.9963299936025714,0.99632449461801,0.0015719151165837044,0.005763688760806916,0.01536318545293445,0.057696775559343466,0.0009997498749374687,0.00449799899949975,True,True,0.669
MIMIC-IV Ready for Discharge,RandomForest,0,split,18836,1336,13.099292638197538,19,0.0,0.007859575582918523,0.007859575582918523,DKW Minimax,True,,0.9857217710243646,0.9856496918160493,0.9858899676375404,0.026198585276395073,0.002357872674875557,0.039820328310077306,0.053205757595271616,0.0009997498749374687,0.00449799899949975,True,True,0.654
MIMIC-IV Ready for Discharge,RandomForest,1,naive,53817,3817,13.099292638197538,19,0.0,0.006811632171862719,0.006811632171862719,Baseline,True,,0.9931883678281372,0.9931650092790596,0.9931416512793458,0.0,0.013623264343725438,,,,,,,
MIMIC-IV Ready for Discharge,RandomForest,1,naive,53817,3817,13.099292638197538,19,0.0,0.006811632171862719,0.006811632171862719,Threshold,True,,0.9937123395336652,0.99369407011762,0.9936742224565103,0.00026198585276395077,0.012313335079905684,,,,,,,
MIMIC-IV Ready for Discharge,RandomForest,1,naive,53817,3817,13.099292638197538,19,0.0,0.006811632171862719,0.006811632171862719,SMOTE,True,,0.9929263819753733,0.9929030172629452,0.9928778686362437,0.00026198585276395077,0.013885250196489389,,,,,,,
MIMIC-IV Ready for Discharge,RandomForest,1,naive,53817,3817,13.099292638197538,19,0.0,0.006811632171862719,0.006811632171862719,Balanced Weights,True,,0.9926643961226094,0.9926410252435771,0.9926140859931416,0.0005239717055279015,0.01414723604925334,,,,,,,
MIMIC-IV Ready for Discharge,RandomForest,1,naive,53817,3817,13.099292638197538,19,0.0,0.006811632171862719,0.006811632171862719,Slacks Deltas,True,,0.9955462405030129,0.9955384843126843,0.9955286691215149,0.0005239717055279015,0.008383547288446425,,,,,,,2.722
MIMIC-IV Ready for Discharge,RandomForest,1,naive,53817,3817,13.099292638197538,19,0.0,0.006811632171862719,0.006811632171862719,Min Deltas,True,,0.9943673041655751,0.9943672955374018,0.9943680419122463,0.005763688760806916,0.005501702908042965,,,,,,,216.003
MIMIC-IV Ready for Discharge,RandomForest,1,naive,53817,3817,13.099292638197538,19,0.0,0.006811632171862719,0.006811632171862719,F Deltas,True,,0.9951532617238669,0.9951438730197897,0.9951322194448099,0.0005239717055279015,0.009169504846738277,,,,,,,0.056
MIMIC-IV Ready for Discharge,RandomForest,1,naive,53817,3817,13.099292638197538,19,0.0,0.006811632171862719,0.006811632171862719,CP Sum,True,,0.9937123395336652,0.99369407011762,0.9936742224565103,0.00026198585276395077,0.012313335079905684,0.00036834615879704396,0.004143444666197933,0.0005,0.0005,True,False,4.264
MIMIC-IV Ready for Discharge,RandomForest,1,naive,53817,3817,13.099292638197538,19,0.0,0.006811632171862719,0.006811632171862719,CP Minimax,True,,0.9956772334293948,0.995669986655813,0.9956607495069033,0.0005239717055279015,0.008121561435682474,0.00036834615879704396,0.004143444666197933,0.0005,0.0005,False,False,4.308
MIMIC-IV Ready for Discharge,RandomForest,1,naive,53817,3817,13.099292638197538,19,0.0,0.006811632171862719,0.006811632171862719,DKW Sum,True,,0.9937123395336652,0.99369407011762,0.9936742224565103,0.00026198585276395077,0.012313335079905684,0.008718315467762153,0.02801592240520551,0.0005,0.002498999499749875,True,True,1.947
MIMIC-IV Ready for Discharge,RandomForest,1,naive,53817,3817,13.099292638197538,19,0.0,0.006811632171862719,0.006811632171862719,DKW Minimax,True,,0.9959392192821588,0.9959329392516176,0.9959248060996451,0.0005239717055279015,0.007597589730154571,0.008738315467762152,0.02801592240520551,0.0005,0.002498999499749875,True,True,1.933
MIMIC-IV Ready for Discharge,RandomForest,1,split,18836,1336,13.099292638197538,19,0.0,0.0090385119203563,0.0090385119203563,Baseline,True,,0.9909614880796437,0.9909202673067533,0.9908790482485129,0.0,0.0180770238407126,,,,,,,
MIMIC-IV Ready for Discharge,RandomForest,1,split,18836,1336,13.099292638197538,19,0.0,0.0090385119203563,0.0090385119203563,Threshold,True,,0.9925334031962274,0.9925091215787541,0.9924812030075187,0.0005239717055279015,0.01440922190201729,,,,,,,
MIMIC-IV Ready for Discharge,RandomForest,1,split,18836,1336,13.099292638197538,19,0.0,0.0090385119203563,0.0090385119203563,SMOTE,True,,0.9912234739324076,0.9911912661487331,0.9911527796117787,0.0007859575582918522,0.01676709457689285,,,,,,,
MIMIC-IV Ready for Discharge,RandomForest,1,split,18836,1336,13.099292638197538,19,0.0,0.0090385119203563,0.0090385119203563,Balanced Weights,True,,0.9910924810060256,0.9910547717777175,0.991014799154334,0.00026198585276395077,0.0175530521351847,,,,,,,
MIMIC-IV Ready for Discharge,RandomForest,1,split,18836,1336,13.099292638197538,19,0.0,0.0090385119203563,0.0090385119203563,Slacks Deltas,False,timeout,,,,,,,,,,,,300.001
MIMIC-IV Ready for Discharge,RandomForest,1,split,18836,1336,13.099292638197538,19,0.0,0.0090385119203563,0.0090385119203563,Min Deltas,True,,0.9954152475766309,0.9954114465507834,0.9954026008143965,0.0018339009693476552,0.007335603877390621,,,,,,,71.906
MIMIC-IV Ready for Discharge,RandomForest,1,split,18836,1336,13.099292638197538,19,0.0,0.0090385119203563,0.0090385119203563,F Deltas,True,,0.9956772334293948,0.9956726751201804,0.9956641702798581,0.0013099292638197536,0.007335603877390621,,,,,,,0.042
MIMIC-IV Ready for Discharge,RandomForest,1,split,18836,1336,13.099292638197538,19,0.0,0.0090385119203563,0.0090385119203563,CP Sum,True,,0.9952842546502488,0.9952837029557495,0.995279307631786,0.0036678019386953103,0.005763688760806916,0.005999030012681011,0.02055496814440956,0.0005,0.0009997498749374687,True,True,2.569
MIMIC-IV Ready for Discharge,RandomForest,1,split,18836,1336,13.099292638197538,19,0.0,0.0090385119203563,0.0090385119203563,CP Minimax,True,,0.9903065234477338,0.9902912408217336,0.9903595622720167,0.015195179460309143,0.004191773644223212,0.01741020078451808,0.016118695393927126,0.0005,0.0009997498749374687,True,True,2.564
MIMIC-IV Ready for Discharge,RandomForest,1,split,18836,1336,13.099292638197538,19,0.0,0.0090385119203563,0.0090385119203563,DKW Sum,True,,0.9956772334293948,0.9956709517464212,0.9956618903641383,0.0007859575582918522,0.007859575582918523,0.015306042595791594,0.050960248613235684,0.0009997498749374687,0.00449799899949975,True,True,0.631
MIMIC-IV Ready for Discharge,RandomForest,1,split,18836,1336,13.099292638197538,19,0.0,0.0090385119203563,0.0090385119203563,DKW Minimax,True,,0.9821849620120513,0.9820633256786953,0.9824561403508771,0.03327220330102174,0.002357872674875557,0.04250604259579159,0.04572072765515185,0.0009997498749374687,0.00449799899949975,True,True,0.632
MIMIC-IV Ready for Discharge,RandomForest,2,naive,53817,3817,13.099292638197538,19,0.0,0.006811632171862719,0.006811632171862719,Baseline,True,,0.9931883678281372,0.9931650092790596,0.9931416512793458,0.0,0.013623264343725438,,,,,,,
MIMIC-IV Ready for Discharge,RandomForest,2,naive,53817,3817,13.099292638197538,19,0.0,0.006811632171862719,0.006811632171862719,Threshold,True,,0.9939743253864292,0.9939560607858168,0.9939377965208224,0.0,0.012051349227141734,,,,,,,
MIMIC-IV Ready for Discharge,RandomForest,2,naive,53817,3817,13.099292638197538,19,0.0,0.006811632171862719,0.006811632171862719,SMOTE,True,,0.9941053183128111,0.9940878415037688,0.9940703650019765,0.0,0.011789363374377783,,,,,,,
MIMIC-IV Ready for Discharge,RandomForest,2,naive,53817,3817,13.099292638197538,19,0.0,0.006811632171862719,0.006811632171862719,Balanced Weights,True,,0.9938433324600472,0.9938242625937919,0.9938051930934493,0.0,0.012313335079905684,,,,,,,
MIMIC-IV Ready for Discharge,RandomForest,2,naive,53817,3817,13.099292638197538,19,0.0,0.006811632171862719,0.006811632171862719,Slacks Deltas,True,,0.9951532617238669,0.9951438730197897,0.9951322194448099,0.0005239717055279015,0.009169504846738277,,,,,,,2.577
MIMIC-IV Ready for Discharge,RandomForest,2,naive,53817,3817,13.099292638197538,19,0.0,0.006811632171862719,0.006811632171862719,Min Deltas,True,,0.9965941839140686,0.9965938739938477,0.9965915049816466,0.0026198585276395073,0.004191773644223212,,,,,,,208.34
MIMIC-IV Ready for Discharge,RandomForest,2,naive,53817,3817,13.099292638197538,19,0.0,0.006811632171862719,0.006811632171862719,F Deltas,True,,0.9950222687974849,0.9950123011446831,0.995,0.0005239717055279015,0.009431490699502228,,,,,,,0.054
MIMIC-IV Ready for Discharge,RandomForest,2,naive,53817,3817,13.099292638197538,19,0.0,0.006811632171862719,0.006811632171862719,CP Sum,True,,0.9939743253864292,0.9939560607858168,0.9939377965208224,0.0,0.012051349227141734,0.00036834615879704396,0.004143444666197933,0.0005,0.0005,True,False,4.104
MIMIC-IV Ready for Discharge,RandomForest,2,naive,53817,3817,13.099292638197538,19,0.0,0.006811632171862719,0.006811632171862719,CP Minimax,True,,0.9959392192821588,0.9959354202560695,0.9959280178641797,0.0013099292638197536,0.006811632171862719,0.000576496907605839,0.004143444666197933,0.0005,0.0005,False,False,4.105
MIMIC-IV Ready for Discharge,RandomForest,2,naive,53817,3817,13.099292638197538,19,0.0,0.006811632171862719,0.006811632171862719,DKW Sum,True,,0.9939743253864292,0.9939560607858168,0.9939377965208224,0.0,0.012051349227141734,0.008718315467762153,0.02801592240520551,0.0005,0.002498999499749875,True,True,1.841
MIMIC-IV Ready for Discharge,RandomForest,2,naive,53817,3817,13.099292638197538,19,0.0,0.006811632171862719,0.006811632171862719,DKW Minimax,True,,0.9959392192821588,0.9959354202560695,0.9959280178641797,0.0013099292638197536,0.006811632171862719,0.008818315467762152,0.02801592240520551,0.0005,0.002498999499749875,True,True,1.836
MIMIC-IV Ready for Discharge,RandomForest,2,split,18836,1336,13.099292638197538,19,0.0,0.008907518993974326,0.008907518993974326,Baseline,True,,0.9910924810060256,0.9910524516956968,0.9910124240021148,0.0,0.017815037987948652,,,,,,,
MIMIC-IV Ready for Discharge,RandomForest,2,split,18836,1336,13.099292638197538,19,0.0,0.008907518993974326,0.008907518993974326,Threshold,True,,0.9930573749017553,0.9930331060964235,0.9930088378841841,0.0,0.013885250196489389,,,,,,,
MIMIC-IV Ready for Discharge,RandomForest,2,split,18836,1336,13.099292638197538,19,0.0,0.008907518993974326,0.008907518993974326,SMOTE,True,,0.9927953890489913,0.9927692471556433,0.9927431059506531,0.0,0.01440922190201729,,,,,,,
MIMIC-IV Ready for Discharge,RandomForest,2,split,18836,1336,13.099292638197538,19,0.0,0.008907518993974326,0.008907518993974326,Balanced Weights,True,,0.9925334031962274,0.9925053180675935,0.9924772337336677,0.0,0.014933193607545192,,,,,,,
MIMIC-IV Ready for Discharge,RandomForest,2,split,18836,1336,13.099292638197538,19,0.0,0.008907518993974326,0.008907518993974326,Slacks Deltas,False,timeout,,,,,,,,,,,,300.001
MIMIC-IV Ready for Discharge,RandomForest,2,split,18836,1336,13.099292638197538,19,0.0,0.008907518993974326,0.008907518993974326,Min Deltas,True,,0.9962012051349227,0.9962001630473236,0.9961957234684508,0.002357872674875557,0.0052397170552790145,,,,,,,72.381
MIMIC-IV Ready for Discharge,RandomForest,2,split,18836,1336,13.099292638197538,19,0.0,0.008907518993974326,0.008907518993974326,F Deltas,True,,0.9955462405030129,0.9955384843126843,0.9955286691215149,0.0005239717055279015,0.008383547288446425,,,,,,,0.043
MIMIC-IV Ready for Discharge,RandomForest,2,split,18836,1336,13.099292638197538,19,0.0,0.008907518993974326,0.008907518993974326,CP Sum,True,,0.9962012051349227,0.9961980960934884,0.9961917268548917,0.0013099292638197536,0.006287660466334818,0.004148821916601385,0.02951794770133015,0.0005,0.0009997498749374687,True,True,2.585
MIMIC-IV Ready for Discharge,RandomForest,2,split,18836,1336,13.099292638197538,19,0.0,0.008907518993974326,0.008907518993974326,CP Minimax,True,,0.9931883678281372,0.9931783817700939,0.9932185706833594,0.011265391668849881,0.002357872674875557,0.01761229060969826,0.027079055864062316,0.0005,0.0009997498749374687,True,True,2.583
MIMIC-IV Ready for Discharge,RandomForest,2,split,18836,1336,13.099292638197538,19,0.0,0.008907518993974326,0.008907518993974326,DKW Sum,True,,0.9962012051349227,0.9961980960934884,0.9961917268548917,0.0013099292638197536,0.006287660466334818,0.015820328310077306,0.054702763583295566,0.0009997498749374687,0.00449799899949975,True,True,0.656
MIMIC-IV Ready for Discharge,RandomForest,2,split,18836,1336,13.099292638197538,19,0.0,0.008907518993974326,0.008907518993974326,DKW Minimax,True,,0.9776002095886822,0.9773838621438846,0.9780515979976896,0.04296567985328792,0.0018339009693476552,0.05319175688150588,0.05170875160724766,0.0009997498749374687,0.00449799899949975,True,True,0.647
MIMIC-IV Ready for Discharge,RandomForest,3,naive,53817,3817,13.099292638197538,19,0.0,0.007990568509300498,0.007990568509300498,Baseline,True,,0.9920094314906995,0.9919772492257063,0.9919450680047537,0.0,0.015981137018600995,,,,,,,
MIMIC-IV Ready for Discharge,RandomForest,3,naive,53817,3817,13.099292638197538,19,0.0,0.007990568509300498,0.007990568509300498,Threshold,True,,0.9922714173434635,0.9922433247994041,0.9922132770225683,0.00026198585276395077,0.015195179460309143,,,,,,,
MIMIC-IV Ready for Discharge,RandomForest,3,naive,53817,3817,13.099292638197538,19,0.0,0.007990568509300498,0.007990568509300498,SMOTE,True,,0.9912234739324076,0.9911891195029996,0.9911504424778761,0.0005239717055279015,0.017029080429656798,,,,,,,
MIMIC-IV Ready for Discharge,RandomForest,3,naive,53817,3817,13.099292638197538,19,0.0,0.007990568509300498,0.007990568509300498,Balanced Weights,True,,0.9921404244170815,0.9921113336681519,0.9920802534318902,0.00026198585276395077,0.015457165313073094,,,,,,,
MIMIC-IV Ready for Discharge,RandomForest,3,naive,53817,3817,13.099292638197538,19,0.0,0.007990568509300498,0.007990568509300498,Slacks Deltas,True,,0.9926643961226094,0.9926427884503869,0.9926160337552743,0.0007859575582918522,0.013885250196489389,,,,,,,2.601
MIMIC-IV Ready for Discharge,RandomForest,3,naive,53817,3817,13.099292638197538,19,0.0,0.007990568509300498,0.007990568509300498,Min Deltas,True,,0.9963321980613047,0.9963313369451925,0.9963273871983211,0.002357872674875557,0.004977731202515065,,,,,,,208.991
MIMIC-IV Ready for Discharge,RandomForest,3,naive,53817,3817,13.099292638197538,19,0.0,0.007990568509300498,0.007990568509300498,F Deltas,True,,0.9925334031962274,0.9925109195971381,0.9924831860741131,0.0007859575582918522,0.01414723604925334,,,,,,,0.054
MIMIC-IV Ready for Discharge,RandomForest,3,naive,53817,3817,13.099292638197538,19,0.0,0.007990568509300498,0.007990568509300498,CP Sum,True,,0.9922714173434635,0.9922433247994041,0.9922132770225683,0.00026198585276395077,0.015195179460309143,0.00036834615879704396,0.004143444666197933,0.0005,0.0005,True,False,4.132
MIMIC-IV Ready for Discharge,RandomForest,3,naive,53817,3817,13.099292638197538,19,0.0,0.007990568509300498,0.007990568509300498,CP Minimax,True,,0.9931883678281372,0.9931716437157214,0.9931488801054018,0.001047943411055803,0.012575320932669635,0.000576496907605839,0.004143444666197933,0.0005,0.0005,False,False,4.114
MIMIC-IV Ready for Discharge,RandomForest,3,naive,53817,3817,13.099292638197538,19,0.0,0.007990568509300498,0.007990568509300498,DKW Sum,True,,0.9922714173434635,0.9922433247994041,0.9922132770225683,0.00026198585276395077,0.015195179460309143,0.008718315467762153,0.02801592240520551,0.0005,0.002498999499749875,True,True,1.86
MIMIC-IV Ready for Discharge,RandomForest,3,naive,53817,3817,13.099292638197538,19,0.0,0.007990568509300498,0.007990568509300498,DKW Minimax,True,,0.9937123395336652,0.9936985252613847,0.9936792204371873,0.001047943411055803,0.011527377521613832,0.008798315467762153,0.02801592240520551,0.0005,0.002498999499749875,True,True,1.847
MIMIC-IV Ready for Discharge,RandomForest,3,split,18836,1336,13.099292638197538,19,0.0,0.010479434110558029,0.010479434110558029,Baseline,True,,0.9895205658894419,0.9894650735518076,0.9894095843261848,0.0,0.020958868221116058,,,,,,,
MIMIC-IV Ready for Discharge,RandomForest,3,split,18836,1336,13.099292638197538,19,0.0,0.010479434110558029,0.010479434110558029,Threshold,True,,0.9896515588158239,0.989597452316672,0.9895433487756453,0.0,0.02069688236835211,,,,,,,
MIMIC-IV Ready for Discharge,RandomForest,3,split,18836,1336,13.099292638197538,19,0.0,0.010479434110558029,0.010479434110558029,SMOTE,True,,0.9895205658894419,0.9894678135590166,0.9894123875066173,0.00026198585276395077,0.02069688236835211,,,,,,,
MIMIC-IV Ready for Discharge,RandomForest,3,split,18836,1336,13.099292638197538,19,0.0,0.010479434110558029,0.010479434110558029,Balanced Weights,True,,0.9899135446685879,0.9898621567355608,0.9898107714701602,0.0,0.020172910662824207,,,,,,,
MIMIC-IV Ready for Discharge,RandomForest,3,split,18836,1336,13.099292638197538,19,0.0,0.010479434110558029,0.010479434110558029,Slacks Deltas,False,timeout,,,,,,,,,,,,300.001
MIMIC-IV Ready for Discharge,RandomForest,3,split,18836,1336,13.099292638197538,19,0.0,0.010479434110558029,0.010479434110558029,Min Deltas,True,,0.9943673041655751,0.9943567345971615,0.994341360705356,0.001047943411055803,0.010217448257794078,,,,,,,71.902
MIMIC-IV Ready for Discharge,RandomForest,3,split,18836,1336,13.099292638197538,19,0.0,0.010479434110558029,0.010479434110558029,F Deltas,True,,0.9951532617238669,0.9951501494084549,0.9951411687458963,0.002357872674875557,0.007335603877390621,,,,,,,0.043
MIMIC-IV Ready for Discharge,RandomForest,3,split,18836,1336,13.099292638197538,19,0.0,0.010479434110558029,0.010479434110558029,CP Sum,True,,0.994760282944721,0.9947514511464545,0.9947382267824256,0.001047943411055803,0.009431490699502228,0.0030120897054955213,0.0283077481307017,0.0005,0.0009997498749374687,True,True,2.569
MIMIC-IV Ready for Discharge,RandomForest,3,split,18836,1336,13.099292638197538,19,0.0,0.010479434110558029,0.010479434110558029,CP Minimax,True,,0.9913544668587896,0.9913476817897006,0.9913860610806577,0.012313335079905684,0.004977731202515065,0.017948625173229392,0.021924446649011626,0.0005,0.0009997498749374687,True,True,2.567
MIMIC-IV Ready for Discharge,RandomForest,3,split,18836,1336,13.099292638197538,19,0.0,0.010479434110558029,0.010479434110558029,DKW Sum,True,,0.994760282944721,0.9947514511464545,0.9947382267824256,0.001047943411055803,0.009431490699502228,0.015077471167220165,0.05395426058928359,0.0009997498749374687,0.00449799899949975,True,True,0.655
MIMIC-IV Ready for Discharge,RandomForest,3,split,18836,1336,13.099292638197538,19,0.0,0.010479434110558029,0.010479434110558029,DKW Minimax,True,,0.9829709195703432,0.9828937941101145,0.9831780538302277,0.029342415509562483,0.004715745349751114,0.041134614024363025,0.04871473963119976,0.0009997498749374687,0.00449799899949975,True,True,0.648
MIMIC-IV Ready for Discharge,RandomForest,4,naive,53817,3817,13.099292638197538,19,0.0,0.006680639245480744,0.006680639245480744,Baseline,True,,0.9933193607545192,0.9932986224385851,0.9932762030323006,0.00026198585276395077,0.013099292638197537,,,,,,,
MIMIC-IV Ready for Discharge,RandomForest,4,naive,53817,3817,13.099292638197538,19,0.0,0.006680639245480744,0.006680639245480744,Threshold,True,,0.9948912758711029,0.9948794700527868,0.994866394629459,0.00026198585276395077,0.00995546240503013,,,,,,,
MIMIC-IV Ready for Discharge,RandomForest,4,naive,53817,3817,13.099292638197538,19,0.0,0.006680639245480744,0.006680639245480744,SMOTE,True,,0.9948912758711029,0.9948807118693415,0.9948677457560205,0.0005239717055279015,0.009693476552266178,,,,,,,
MIMIC-IV Ready for Discharge,RandomForest,4,naive,53817,3817,13.099292638197538,19,0.0,0.006680639245480744,0.006680639245480744,Balanced Weights,True,,0.994760282944721,0.9947491051868596,0.9947354566991313,0.0005239717055279015,0.00995546240503013,,,,,,,
MIMIC-IV Ready for Discharge,RandomForest,4,naive,53817,3817,13.099292638197538,19,0.0,0.006680639245480744,0.006680639245480744,Slacks Deltas,True,,0.9967251768404506,0.9967220694334236,0.9967170059093894,0.0007859575582918522,0.005763688760806916,,,,,,,2.624
MIMIC-IV Ready for Discharge,RandomForest,4,naive,53817,3817,13.099292638197538,19,0.0,0.006680639245480744,0.006680639245480744,Min Deltas,True,,0.9965941839140686,0.9965941494784932,0.9965950759559979,0.0036678019386953103,0.003143830233167409,,,,,,,210.257
MIMIC-IV Ready for Discharge,RandomForest,4,naive,53817,3817,13.099292638197538,19,0.0,0.006680639245480744,0.006680639245480744,F Deltas,True,,0.9963321980613047,0.9963280302524053,0.9963215974776668,0.0007859575582918522,0.006549646319098768,,,,,,,0.054
MIMIC-IV Ready for Discharge,RandomForest,4,naive,53817,3817,13.099292638197538,19,0.0,0.006680639245480744,0.006680639245480744,CP Sum,True,,0.9948912758711029,0.9948794700527868,0.994866394629459,0.00026198585276395077,0.00995546240503013,0.00036834615879704396,0.004143444666197933,0.0005,0.0005,True,False,4.144
MIMIC-IV Ready for Discharge,RandomForest,4,naive,53817,3817,13.099292638197538,19,0.0,0.006680639245480744,0.006680639245480744,CP Minimax,True,,0.9973801414723605,0.997378455457436,0.9973753280839895,0.0007859575582918522,0.004453759496987163,0.00043062768415629406,0.004143444666197933,0.0005,0.0005,False,False,4.147
MIMIC-IV Ready for Discharge,RandomForest,4,naive,53817,3817,13.099292638197538,19,0.0,0.006680639245480744,0.006680639245480744,DKW Sum,True,,0.9948912758711029,0.9948794700527868,0.994866394629459,0.00026198585276395077,0.00995546240503013,0.008718315467762153,0.02801592240520551,0.0005,0.002498999499749875,True,True,1.864
MIMIC-IV Ready for Discharge,RandomForest,4,naive,53817,3817,13.099292638197538,19,0.0,0.006680639245480744,0.006680639245480744,DKW Minimax,True,,0.9973801414723605,0.997378455457436,0.9973753280839895,0.0007859575582918522,0.004453759496987163,0.008758315467762153,0.02801592240520551,0.0005,0.002498999499749875,True,True,1.848
MIMIC-IV Ready for Discharge,RandomForest,4,split,18836,1336,13.099292638197538,19,0.0,0.011003405816085932,0.011003405816085932,Baseline,True,,0.9889965941839141,0.9889382615737714,0.9888771186440678,0.00026198585276395077,0.021744825779407912,,,,,,,
MIMIC-IV Ready for Discharge,RandomForest,4,split,18836,1336,13.099292638197538,19,0.0,0.011003405816085932,0.011003405816085932,Threshold,True,,0.9909614880796437,0.9909249080843371,0.9908838684106223,0.0005239717055279015,0.0175530521351847,,,,,,,
MIMIC-IV Ready for Discharge,RandomForest,4,split,18836,1336,13.099292638197538,19,0.0,0.011003405816085932,0.011003405816085932,SMOTE,True,,0.9925334031962274,0.9925091215787541,0.9924812030075187,0.0005239717055279015,0.01440922190201729,,,,,,,
MIMIC-IV Ready for Discharge,RandomForest,4,split,18836,1336,13.099292638197538,19,0.0,0.011003405816085932,0.011003405816085932,Balanced Weights,True,,0.9904375163741158,0.9903986300634264,0.9903528478921634,0.0007859575582918522,0.018339009693476554,,,,,,,
MIMIC-IV Ready for Discharge,RandomForest,4,split,18836,1336,13.099292638197538,19,0.0,0.011003405816085932,0.011003405816085932,Slacks Deltas,False,timeout,,,,,,,,,,,,300.002
MIMIC-IV Ready for Discharge,RandomForest,4,split,18836,1336,13.099292638197538,19,0.0,0.011003405816085932,0.011003405816085932,Min Deltas,True,,0.9965941839140686,0.9965919800348472,0.9965870307167235,0.0013099292638197536,0.005501702908042965,,,,,,,72.427
MIMIC-IV Ready for Discharge,RandomForest,4,split,18836,1336,13.099292638197538,19,0.0,0.011003405816085932,0.011003405816085932,F Deltas,True,,0.9964631909876867,0.9964617358923322,0.9964571578533001,0.0018339009693476552,0.0052397170552790145,,,,,,,0.043
MIMIC-IV Ready for Discharge,RandomForest,4,split,18836,1336,13.099292638197538,19,0.0,0.011003405816085932,0.011003405816085932,CP Sum,True,,0.9958082263557768,0.9958080885047529,0.9958060288335517,0.0036678019386953103,0.004715745349751114,0.007070497305834106,0.019139698250168875,0.0005,0.0009997498749374687,True,True,2.569
MIMIC-IV Ready for Discharge,RandomForest,4,split,18836,1336,13.099292638197538,19,0.0,0.011003405816085932,0.011003405816085932,CP Minimax,True,,0.9952842546502488,0.9952830133371954,0.9952916557677217,0.006287660466334818,0.003143830233167409,0.011216149858286494,0.019139698250168875,0.0005,0.0009997498749374687,True,True,2.573
MIMIC-IV Ready for Discharge,RandomForest,4,split,18836,1336,13.099292638197538,19,0.0,0.011003405816085932,0.011003405816085932,DKW Sum,True,,0.9958082263557768,0.9958080885047529,0.9958060288335517,0.0036678019386953103,0.004715745349751114,0.01793461402436302,0.04871473963119976,0.0009997498749374687,0.00449799899949975,True,True,0.642
MIMIC-IV Ready for Discharge,RandomForest,4,split,18836,1336,13.099292638197538,19,0.0,0.011003405816085932,0.011003405816085932,DKW Minimax,True,,0.9872936861409484,0.9872421618390439,0.9874205680197121,0.022792769190463715,0.0026198585276395073,0.03747747116722017,0.047966236637187784,0.0009997498749374687,0.00449799899949975,True,True,0.648
MIMIC-IV Ready for Discharge,RandomForest,5,naive,53817,3817,13.099292638197538,19,0.0,0.006811632171862719,0.006811632171862719,Baseline,True,,0.9931883678281372,0.9931650092790596,0.9931416512793458,0.0,0.013623264343725438,,,,,,,
MIMIC-IV Ready for Discharge,RandomForest,5,naive,53817,3817,13.099292638197538,19,0.0,0.006811632171862719,0.006811632171862719,Threshold,True,,0.9934503536809012,0.9934287631037277,0.9934071729957806,0.0,0.013099292638197537,,,,,,,
MIMIC-IV Ready for Discharge,RandomForest,5,naive,53817,3817,13.099292638197538,19,0.0,0.006811632171862719,0.006811632171862719,SMOTE,True,,0.9935813466072833,0.9935622717126213,0.9935415842889153,0.00026198585276395077,0.012575320932669635,,,,,,,
MIMIC-IV Ready for Discharge,RandomForest,5,naive,53817,3817,13.099292638197538,19,0.0,0.006811632171862719,0.006811632171862719,Balanced Weights,True,,0.9931883678281372,0.9931684647203511,0.9931452675982072,0.0005239717055279015,0.013099292638197537,,,,,,,
MIMIC-IV Ready for Discharge,RandomForest,5,naive,53817,3817,13.099292638197538,19,0.0,0.006811632171862719,0.006811632171862719,Slacks Deltas,True,,0.994760282944721,0.9947478287065205,0.9947340705634544,0.00026198585276395077,0.010217448257794078,,,,,,,2.606
MIMIC-IV Ready for Discharge,RandomForest,5,naive,53817,3817,13.099292638197538,19,0.0,0.006811632171862719,0.006811632171862719,Min Deltas,True,,0.9952842546502488,0.9952833926274592,0.9952780692549843,0.0034058160859313596,0.006025674613570867,,,,,,,208.897
MIMIC-IV Ready for Discharge,RandomForest,5,naive,53817,3817,13.099292638197538,19,0.0,0.006811632171862719,0.006811632171862719,F Deltas,True,,0.9943673041655751,0.9943528001005509,0.9943368892400896,0.00026198585276395077,0.01100340581608593,,,,,,,0.055
MIMIC-IV Ready for Discharge,RandomForest,5,naive,53817,3817,13.099292638197538,19,0.0,0.006811632171862719,0.006811632171862719,CP Sum,True,,0.9934503536809012,0.9934287631037277,0.9934071729957806,0.0,0.013099292638197537,0.00036834615879704396,0.004143444666197933,0.0005,0.0005,True,False,4.12
MIMIC-IV Ready for Discharge,RandomForest,5,naive,53817,3817,13.099292638197538,19,0.0,0.006811632171862719,0.006811632171862719,CP Minimax,True,,0.9954152475766309,0.9954089642403547,0.9953989746286315,0.001047943411055803,0.008121561435682474,0.000576496907605839,0.004143444666197933,0.0005,0.0005,False,False,4.127
MIMIC-IV Ready for Discharge,RandomForest,5,naive,53817,3817,13.099292638197538,19,0.0,0.006811632171862719,0.006811632171862719,DKW Sum,True,,0.9934503536809012,0.9934287631037277,0.9934071729957806,0.0,0.013099292638197537,0.008718315467762153,0.02801592240520551,0.0005,0.002498999499749875,True,True,1.84
MIMIC-IV Ready for Discharge,RandomForest,5,naive,53817,3817,13.099292638197538,19,0.0,0.006811632171862719,0.006811632171862719,DKW Minimax,True,,0.9952842546502488,0.9952784273616556,0.9952681388012619,0.0013099292638197536,0.008121561435682474,0.008798315467762153,0.02801592240520551,0.0005,0.002498999499749875,True,True,1.832
MIMIC-IV Ready for Discharge,RandomForest,5,split,18836,1336,13.099292638197538,19,0.0,0.009300497773120251,0.009300497773120251,Baseline,True,,0.9906995022268797,0.9906558456163066,0.9906121909295253,0.0,0.018600995546240503,,,,,,,
MIMIC-IV Ready for Discharge,RandomForest,5,split,18836,1336,13.099292638197538,19,0.0,0.009300497773120251,0.009300497773120251,Threshold,True,,0.9922714173434635,0.992241318776298,0.9922112211221122,0.0,0.015457165313073094,,,,,,,
MIMIC-IV Ready for Discharge,RandomForest,5,split,18836,1336,13.099292638197538,19,0.0,0.009300497773120251,0.009300497773120251,SMOTE,True,,0.9927953890489913,0.9927711138392793,0.9927450204458514,0.00026198585276395077,0.01414723604925334,,,,,,,
MIMIC-IV Ready for Discharge,RandomForest,5,split,18836,1336,13.099292638197538,19,0.0,0.009300497773120251,0.009300497773120251,Balanced Weights,True,,0.9925334031962274,0.9925072544023693,0.9924792188943132,0.00026198585276395077,0.014671207754781241,,,,,,,
MIMIC-IV Ready for Discharge,RandomForest,5,split,18836,1336,13.099292638197538,19,0.0,0.009300497773120251,0.009300497773120251,Slacks Deltas,False,timeout,,,,,,,,,,,,300.001
MIMIC-IV Ready for Discharge,RandomForest,5,split,18836,1336,13.099292638197538,19,0.0,0.009300497773120251,0.009300497773120251,Min Deltas,True,,0.9948912758711029,0.9948867139608378,0.9948758376034686,0.002095886822111606,0.008121561435682474,,,,,,,71.417
MIMIC-IV Ready for Discharge,RandomForest,5,split,18836,1336,13.099292638197538,19,0.0,0.009300497773120251,0.009300497773120251,F Deltas,True,,0.9951532617238669,0.9951460111346596,0.9951347797501644,0.001047943411055803,0.008645533141210375,,,,,,,0.042
MIMIC-IV Ready for Discharge,RandomForest,5,split,18836,1336,13.099292638197538,19,0.0,0.009300497773120251,0.009300497773120251,CP Sum,True,,0.9951532617238669,0.995153253102508,0.9951526267522599,0.004715745349751114,0.004977731202515065,0.008483584600742953,0.012645953428035234,0.0005,0.0009997498749374687,True,True,2.556
MIMIC-IV Ready for Discharge,RandomForest,5,split,18836,1336,13.099292638197538,19,0.0,0.009300497773120251,0.009300497773120251,CP Minimax,True,,0.9948912758711029,0.9948910602803516,0.9948946197146223,0.005763688760806916,0.004453759496987163,0.009934391186390277,0.012645953428035234,0.0005,0.0009997498749374687,True,True,2.565
MIMIC-IV Ready for Discharge,RandomForest,5,split,18836,1336,13.099292638197538,19,0.0,0.009300497773120251,0.009300497773120251,DKW Sum,True,,0.9952842546502488,0.9952820478704166,0.9952743502231557,0.0026198585276395073,0.006811632171862719,0.016848899738648736,0.0472177336431758,0.0009997498749374687,0.00449799899949975,True,True,0.641
MIMIC-IV Ready for Discharge,RandomForest,5,split,18836,1336,13.099292638197538,19,0.0,0.009300497773120251,0.009300497773120251,DKW Minimax,True,,0.9900445375949699,0.9900173611292843,0.9901170351105332,0.01729106628242075,0.0026198585276395073,0.03496318545293445,0.04497222466113988,0.0009997498749374687,0.00449799899949975,True,True,0.641
MIMIC-IV Ready for Discharge,RandomForest,6,naive,53817,3817,13.099292638197538,19,0.0,0.008121561435682474,0.008121561435682474,Baseline,True,,0.9918784385643176,0.9918451880856382,0.9918119387216059,0.0,0.016243122871364948,,,,,,,
MIMIC-IV Ready for Discharge,RandomForest,6,naive,53817,3817,13.099292638197538,19,0.0,0.008121561435682474,0.008121561435682474,Threshold,True,,0.9927953890489913,0.9927692471556433,0.9927431059506531,0.0,0.01440922190201729,,,,,,,
MIMIC-IV Ready for Discharge,RandomForest,6,naive,53817,3817,13.099292638197538,19,0.0,0.008121561435682474,0.008121561435682474,SMOTE,True,,0.9920094314906995,0.9919793249743777,0.9919471947194719,0.00026198585276395077,0.015719151165837046,,,,,,,
MIMIC-IV Ready for Discharge,RandomForest,6,naive,53817,3817,13.099292638197538,19,0.0,0.008121561435682474,0.008121561435682474,Balanced Weights,True,,0.9921404244170815,0.9921092927869203,0.992078162133615,0.0,0.015719151165837046,,,,,,,
MIMIC-IV Ready for Discharge,RandomForest,6,naive,53817,3817,13.099292638197538,19,0.0,0.008121561435682474,0.008121561435682474,Slacks Deltas,True,,0.9935813466072833,0.9935653803668781,0.9935449874851798,0.0007859575582918522,0.012051349227141734,,,,,,,2.584
MIMIC-IV Ready for Discharge,RandomForest,6,naive,53817,3817,13.099292638197538,19,0.0,0.008121561435682474,0.008121561435682474,Min Deltas,True,,0.9943673041655751,0.9943648106203774,0.9943547328344493,0.0034058160859313596,0.007859575582918523,,,,,,,207.868
MIMIC-IV Ready for Discharge,RandomForest,6,naive,53817,3817,13.099292638197538,19,0.0,0.008121561435682474,0.008121561435682474,F Deltas,True,,0.9935813466072833,0.9935622717126213,0.9935415842889153,0.00026198585276395077,0.012575320932669635,,,,,,,0.053
MIMIC-IV Ready for Discharge,RandomForest,6,naive,53817,3817,13.099292638197538,19,0.0,0.008121561435682474,0.008121561435682474,CP Sum,True,,0.9927953890489913,0.9927692471556433,0.9927431059506531,0.0,0.01440922190201729,0.00036834615879704396,0.004143444666197933,0.0005,0.0005,True,False,4.084
MIMIC-IV Ready for Discharge,RandomForest,6,naive,53817,3817,13.099292638197538,19,0.0,0.008121561435682474,0.008121561435682474,CP Minimax,True,,0.9939743253864292,0.9939618613002625,0.9939441811479727,0.001047943411055803,0.01100340581608593,0.00043062768415629406,0.004143444666197933,0.0005,0.0005,False,False,4.076
MIMIC-IV Ready for Discharge,RandomForest,6,naive,53817,3817,13.099292638197538,19,0.0,0.008121561435682474,0.008121561435682474,DKW Sum,True,,0.9927953890489913,0.9927692471556433,0.9927431059506531,0.0,0.01440922190201729,0.008718315467762153,0.02801592240520551,0.0005,0.002498999499749875,True,True,1.858
MIMIC-IV Ready for Discharge,RandomForest,6,naive,53817,3817,13.099292638197538,19,0.0,0.008121561435682474,0.008121561435682474,DKW Minimax,True,,0.9941053183128111,0.9940935031604915,0.9940766091878374,0.001047943411055803,0.01074141996332198,0.008758315467762153,0.02801592240520551,0.0005,0.002498999499749875,True,True,1.783
MIMIC-IV Ready for Discharge,RandomForest,6,split,18836,1336,13.099292638197538,19,0.0,0.009824469478648153,0.009824469478648153,Baseline,True,,0.9901755305213519,0.9901267903873239,0.9900780526524673,0.0,0.019648938957296306,,,,,,,
MIMIC-IV Ready for Discharge,RandomForest,6,split,18836,1336,13.099292638197538,19,0.0,0.009824469478648153,0.009824469478648153,Threshold,True,,0.9909614880796437,0.9909226223309299,0.9908814589665653,0.00026198585276395077,0.017815037987948652,,,,,,,
MIMIC-IV Ready for Discharge,RandomForest,6,split,18836,1336,13.099292638197538,19,0.0,0.009824469478648153,0.009824469478648153,SMOTE,True,,0.9908304951532617,0.9907904552583405,0.9907480835315887,0.00026198585276395077,0.0180770238407126,,,,,,,
MIMIC-IV Ready for Discharge,RandomForest,6,split,18836,1336,13.099292638197538,19,0.0,0.009824469478648153,0.009824469478648153,Balanced Weights,True,,0.9908304951532617,0.9907904552583405,0.9907480835315887,0.00026198585276395077,0.0180770238407126,,,,,,,
MIMIC-IV Ready for Discharge,RandomForest,6,split,18836,1336,13.099292638197538,19,0.0,0.009824469478648153,0.009824469478648153,Slacks Deltas,False,timeout,,,,,,,,,,,,300.001
MIMIC-IV Ready for Discharge,RandomForest,6,split,18836,1336,13.099292638197538,19,0.0,0.009824469478648153,0.009824469478648153,Min Deltas,True,,0.9930573749017553,0.9930479663822597,0.9930272332587817,0.0026198585276395073,0.011265391668849881,,,,,,,72.388
MIMIC-IV Ready for Discharge,RandomForest,6,split,18836,1336,13.099292638197538,19,0.0,0.009824469478648153,0.009824469478648153,F Deltas,True,,0.9929263819753733,0.9929163932824596,0.9928947368421053,0.0026198585276395073,0.011527377521613832,,,,,,,0.043
MIMIC-IV Ready for Discharge,RandomForest,6,split,18836,1336,13.099292638197538,19,0.0,0.009824469478648153,0.009824469478648153,CP Sum,True,,0.9929263819753733,0.9929163932824596,0.9928947368421053,0.0026198585276395073,0.011527377521613832,0.0033730049764289834,0.02055496814440956,0.0005,0.0009997498749374687,True,True,2.562
MIMIC-IV Ready for Discharge,RandomForest,6,split,18836,1336,13.099292638197538,19,0.0,0.009824469478648153,0.009824469478648153,CP Minimax,True,,0.9938433324600472,0.9938431166419691,0.993839297417748,0.005501702908042965,0.006811632171862719,0.009574603463667905,0.019139698250168875,0.0005,0.0009997498749374687,True,True,2.559
MIMIC-IV Ready for Discharge,RandomForest,6,split,18836,1336,13.099292638197538,19,0.0,0.009824469478648153,0.009824469478648153,DKW Sum,True,,0.9929263819753733,0.9929163932824596,0.9928947368421053,0.0026198585276395073,0.011527377521613832,0.015306042595791594,0.049463242625211734,0.0009997498749374687,0.00449799899949975,True,True,0.64
MIMIC-IV Ready for Discharge,RandomForest,6,split,18836,1336,13.099292638197538,19,0.0,0.009824469478648153,0.009824469478648153,DKW Minimax,True,,0.989258580036678,0.9892332900303276,0.9893340270551508,0.017815037987948652,0.0036678019386953103,0.03279175688150588,0.047966236637187784,0.0009997498749374687,0.00449799899949975,True,True,0.636
MIMIC-IV Ready for Discharge,RandomForest,7,naive,53817,3817,13.099292638197538,19,0.0,0.007335603877390621,0.007335603877390621,Baseline,True,,0.9926643961226094,0.9926372913835239,0.9926101873845342,0.0,0.014671207754781241,,,,,,,
MIMIC-IV Ready for Discharge,RandomForest,7,naive,53817,3817,13.099292638197538,19,0.0,0.007335603877390621,0.007335603877390621,Threshold,True,,0.9930573749017553,0.9930331060964235,0.9930088378841841,0.0,0.013885250196489389,,,,,,,
MIMIC-IV Ready for Discharge,RandomForest,7,naive,53817,3817,13.099292638197538,19,0.0,0.007335603877390621,0.007335603877390621,SMOTE,True,,0.9931883678281372,0.9931667715556205,0.9931434599156118,0.00026198585276395077,0.013361278490961487,,,,,,,
MIMIC-IV Ready for Discharge,RandomForest,7,naive,53817,3817,13.099292638197538,19,0.0,0.007335603877390621,0.007335603877390621,Balanced Weights,True,,0.9926643961226094,0.9926391928880838,0.9926121372031662,0.00026198585276395077,0.01440922190201729,,,,,,,
MIMIC-IV Ready for Discharge,RandomForest,7,naive,53817,3817,13.099292638197538,19,0.0,0.007335603877390621,0.007335603877390621,Slacks Deltas,False,timeout,,,,,,,,,,,,300.0
MIMIC-IV Ready for Discharge,RandomForest,7,naive,53817,3817,13.099292638197538,19,0.0,0.007335603877390621,0.007335603877390621,Min Deltas,True,,0.9959392192821588,0.995938521502943,0.9959344262295082,0.002881844380403458,0.0052397170552790145,,,,,,,209.434
MIMIC-IV Ready for Discharge,RandomForest,7,naive,53817,3817,13.099292638197538,19,0.0,0.007335603877390621,0.007335603877390621,F Deltas,True,,0.9954152475766309,0.9954069645968964,0.9953965539918453,0.0005239717055279015,0.008645533141210375,,,,,,,0.054
MIMIC-IV Ready for Discharge,RandomForest,7,naive,53817,3817,13.099292638197538,19,0.0,0.007335603877390621,0.007335603877390621,CP Sum,True,,0.9930573749017553,0.9930331060964235,0.9930088378841841,0.0,0.013885250196489389,0.00036834615879704396,0.004143444666197933,0.0005,0.0005,True,False,4.067
MIMIC-IV Ready for Discharge,RandomForest,7,naive,53817,3817,13.099292638197538,19,0.0,0.007335603877390621,0.007335603877390621,CP Minimax,True,,0.9955462405030129,0.9955384843126843,0.9955286691215149,0.0005239717055279015,0.008383547288446425,0.0004835194497934435,0.004143444666197933,0.0005,0.0005,False,False,4.068
MIMIC-IV Ready for Discharge,RandomForest,7,naive,53817,3817,13.099292638197538,19,0.0,0.007335603877390621,0.007335603877390621,DKW Sum,True,,0.9930573749017553,0.9930331060964235,0.9930088378841841,0.0,0.013885250196489389,0.008718315467762153,0.02801592240520551,0.0005,0.002498999499749875,True,True,1.802
MIMIC-IV Ready for Discharge,RandomForest,7,naive,53817,3817,13.099292638197538,19,0.0,0.007335603877390621,0.007335603877390621,DKW Minimax,True,,0.9956772334293948,0.995669986655813,0.9956607495069033,0.0005239717055279015,0.008121561435682474,0.008758315467762153,0.02801592240520551,0.0005,0.002498999499749875,True,True,1.791
MIMIC-IV Ready for Discharge,RandomForest,7,split,18836,1336,13.099292638197538,19,0.0,0.009431490699502228,0.009431490699502228,Baseline,True,,0.9905685093004978,0.9905236083006783,0.9904787093361545,0.0,0.018862981399004455,,,,,,,
MIMIC-IV Ready for Discharge,RandomForest,7,split,18836,1336,13.099292638197538,19,0.0,0.009431490699502228,0.009431490699502228,Threshold,True,,0.9908304951532617,0.9907880652826433,0.9907456372289793,0.0,0.018339009693476554,,,,,,,
MIMIC-IV Ready for Discharge,RandomForest,7,split,18836,1336,13.099292638197538,19,0.0,0.009431490699502228,0.009431490699502228,SMOTE,True,,0.9910924810060256,0.9910570225983678,0.9910171730515192,0.0005239717055279015,0.01729106628242075,,,,,,,
MIMIC-IV Ready for Discharge,RandomForest,7,split,18836,1336,13.099292638197538,19,0.0,0.009431490699502228,0.009431490699502228,Balanced Weights,True,,0.9910924810060256,0.9910547717777175,0.991014799154334,0.00026198585276395077,0.0175530521351847,,,,,,,
MIMIC-IV Ready for Discharge,RandomForest,7,split,18836,1336,13.099292638197538,19,0.0,0.009431490699502228,0.009431490699502228,Slacks Deltas,False,timeout,,,,,,,,,,,,300.001
MIMIC-IV Ready for Discharge,RandomForest,7,split,18836,1336,13.099292638197538,19,0.0,0.009431490699502228,0.009431490699502228,Min Deltas,True,,0.9950222687974849,0.9950194751055597,0.9950105042016807,0.0026198585276395073,0.007335603877390621,,,,,,,73.53
MIMIC-IV Ready for Discharge,RandomForest,7,split,18836,1336,13.099292638197538,19,0.0,0.009431490699502228,0.009431490699502228,F Deltas,True,,0.9948912758711029,0.9948881627361188,0.9948785292186474,0.0026198585276395073,0.007597589730154571,,,,,,,0.043
MIMIC-IV Ready for Discharge,RandomForest,7,split,18836,1336,13.099292638197538,19,0.0,0.009431490699502228,0.009431490699502228,CP Sum,True,,0.9950222687974849,0.9950222343075089,0.9950235725510739,0.0052397170552790145,0.004715745349751114,0.007893426697685143,0.021924446649011626,0.0005,0.0009997498749374687,True,True,2.573
MIMIC-IV Ready for Discharge,RandomForest,7,split,18836,1336,13.099292638197538,19,0.0,0.009431490699502228,0.009431490699502228,CP Minimax,True,,0.9921404244170815,0.9921304278112074,0.9921752738654147,0.012313335079905684,0.0034058160859313596,0.01612493844223074,0.019139698250168875,0.0005,0.0009997498749374687,True,True,2.563
MIMIC-IV Ready for Discharge,RandomForest,7,split,18836,1336,13.099292638197538,19,0.0,0.009431490699502228,0.009431490699502228,DKW Sum,True,,0.9948912758711029,0.9948881627361188,0.9948785292186474,0.0026198585276395073,0.007597589730154571,0.015877471167220165,0.052457254601259634,0.0009997498749374687,0.00449799899949975,True,True,0.618
MIMIC-IV Ready for Discharge,RandomForest,7,split,18836,1336,13.099292638197538,19,0.0,0.009431490699502228,0.009431490699502228,DKW Minimax,True,,0.9793031176316479,0.9791214348260414,0.979686294677295,0.03955986376735656,0.0018339009693476552,0.04982032831007731,0.047966236637187784,0.0009997498749374687,0.00449799899949975,True,True,0.642
MIMIC-IV Ready for Discharge,RandomForest,8,naive,53817,3817,13.099292638197538,19,0.0,0.006680639245480744,0.006680639245480744,Baseline,True,,0.9933193607545192,0.9933002808287982,0.9932779754843811,0.0005239717055279015,0.012837306785433586,,,,,,,
MIMIC-IV Ready for Discharge,RandomForest,8,naive,53817,3817,13.099292638197538,19,0.0,0.006680639245480744,0.006680639245480744,Threshold,True,,0.994760282944721,0.9947491051868596,0.9947354566991313,0.0005239717055279015,0.00995546240503013,,,,,,,
MIMIC-IV Ready for Discharge,RandomForest,8,naive,53817,3817,13.099292638197538,19,0.0,0.006680639245480744,0.006680639245480744,SMOTE,True,,0.9941053183128111,0.9940893604880058,0.994071927282308,0.00026198585276395077,0.011527377521613832,,,,,,,
MIMIC-IV Ready for Discharge,RandomForest,8,naive,53817,3817,13.099292638197538,19,0.0,0.006680639245480744,0.006680639245480744,Balanced Weights,True,,0.9934503536809012,0.9934304558219301,0.9934089111521224,0.00026198585276395077,0.012837306785433586,,,,,,,
MIMIC-IV Ready for Discharge,RandomForest,8,naive,53817,3817,13.099292638197538,19,0.0,0.006680639245480744,0.006680639245480744,Slacks Deltas,True,,0.9968561697668326,0.9968533812144338,0.9968487394957983,0.0007859575582918522,0.005501702908042965,,,,,,,2.553
MIMIC-IV Ready for Discharge,RandomForest,8,naive,53817,3817,13.099292638197538,19,0.0,0.006680639245480744,0.006680639245480744,Min Deltas,True,,0.9969871626932145,0.9969870852437084,0.9969883462092445,0.0034058160859313596,0.0026198585276395073,,,,,,,207.882
MIMIC-IV Ready for Discharge,RandomForest,8,naive,53817,3817,13.099292638197538,19,0.0,0.006680639245480744,0.006680639245480744,F Deltas,True,,0.9968561697668326,0.9968527271084207,0.9968479117415288,0.0005239717055279015,0.005763688760806916,,,,,,,0.054
MIMIC-IV Ready for Discharge,RandomForest,8,naive,53817,3817,13.099292638197538,19,0.0,0.006680639245480744,0.006680639245480744,CP Sum,True,,0.994760282944721,0.9947491051868596,0.9947354566991313,0.0005239717055279015,0.00995546240503013,0.00036834615879704396,0.004143444666197933,0.0005,0.0005,False,False,4.121
MIMIC-IV Ready for Discharge,RandomForest,8,naive,53817,3817,13.099292638197538,19,0.0,0.006680639245480744,0.006680639245480744,CP Minimax,True,,0.9971181556195965,0.9971159528984855,0.9971121029141506,0.0007859575582918522,0.004977731202515065,0.00043062768415629406,0.004143444666197933,0.0005,0.0005,False,False,4.116
MIMIC-IV Ready for Discharge,RandomForest,8,naive,53817,3817,13.099292638197538,19,0.0,0.006680639245480744,0.006680639245480744,DKW Sum,True,,0.994760282944721,0.9947491051868596,0.9947354566991313,0.0005239717055279015,0.00995546240503013,0.008718315467762153,0.02801592240520551,0.0005,0.002498999499749875,True,True,1.732
MIMIC-IV Ready for Discharge,RandomForest,8,naive,53817,3817,13.099292638197538,19,0.0,0.006680639245480744,0.006680639245480744,DKW Minimax,True,,0.9971181556195965,0.9971159528984855,0.9971121029141506,0.0007859575582918522,0.004977731202515065,0.008738315467762152,0.02801592240520551,0.0005,0.002498999499749875,True,True,1.729
MIMIC-IV Ready for Discharge,RandomForest,8,split,18836,1336,13.099292638197538,19,0.0,0.008645533141210375,0.008645533141210375,Baseline,True,,0.9913544668587896,0.9913167675963013,0.9912790697674418,0.0,0.01729106628242075,,,,,,,
MIMIC-IV Ready for Discharge,RandomForest,8,split,18836,1336,13.099292638197538,19,0.0,0.008645533141210375,0.008645533141210375,Threshold,True,,0.9930573749017553,0.9930366311145775,0.9930125247198418,0.0005239717055279015,0.013361278490961487,,,,,,,
MIMIC-IV Ready for Discharge,RandomForest,8,split,18836,1336,13.099292638197538,19,0.0,0.008645533141210375,0.008645533141210375,SMOTE,True,,0.9924024102698454,0.9923790332209532,0.9923503033500396,0.0007859575582918522,0.01440922190201729,,,,,,,
MIMIC-IV Ready for Discharge,RandomForest,8,split,18836,1336,13.099292638197538,19,0.0,0.008645533141210375,0.008645533141210375,Balanced Weights,True,,0.9910924810060256,0.9910547717777175,0.991014799154334,0.00026198585276395077,0.0175530521351847,,,,,,,
MIMIC-IV Ready for Discharge,RandomForest,8,split,18836,1336,13.099292638197538,19,0.0,0.008645533141210375,0.008645533141210375,Slacks Deltas,False,timeout,,,,,,,,,,,,300.001
MIMIC-IV Ready for Discharge,RandomForest,8,split,18836,1336,13.099292638197538,19,0.0,0.008645533141210375,0.008645533141210375,Min Deltas,True,,0.9959392192821588,0.9959372810053525,0.9959312245701536,0.002095886822111606,0.006025674613570867,,,,,,,74.512
MIMIC-IV Ready for Discharge,RandomForest,8,split,18836,1336,13.099292638197538,19,0.0,0.008645533141210375,0.008645533141210375,F Deltas,True,,0.9962012051349227,0.9961997496568997,0.9961947251016927,0.002095886822111606,0.005501702908042965,,,,,,,0.043
MIMIC-IV Ready for Discharge,RandomForest,8,split,18836,1336,13.099292638197538,19,0.0,0.008645533141210375,0.008645533141210375,CP Sum,True,,0.9967251768404506,0.9967251682326883,0.9967247478055811,0.003143830233167409,0.0034058160859313596,0.006994937308348554,0.021924446649011626,0.0005,0.0009997498749374687,True,True,2.549
MIMIC-IV Ready for Discharge,RandomForest,8,split,18836,1336,13.099292638197538,19,0.0,0.008645533141210375,0.008645533141210375,CP Minimax,True,,0.9952842546502488,0.9952792893887457,0.9952990336902585,0.007859575582918523,0.0015719151165837044,0.01754495175017674,0.016118695393927126,0.0005,0.0009997498749374687,True,True,2.545
MIMIC-IV Ready for Discharge,RandomForest,8,split,18836,1336,13.099292638197538,19,0.0,0.008645533141210375,0.008645533141210375,DKW Sum,True,,0.9968561697668326,0.9968561353403073,0.9968553459119497,0.002881844380403458,0.0034058160859313596,0.01696318545293445,0.050960248613235684,0.0009997498749374687,0.00449799899949975,True,True,0.603
MIMIC-IV Ready for Discharge,RandomForest,8,split,18836,1336,13.099292638197538,19,0.0,0.008645533141210375,0.008645533141210375,DKW Minimax,True,,0.9874246790673303,0.9873542969686451,0.9875712066286898,0.02436468430704742,0.0007859575582918522,0.03879175688150588,0.04572072765515185,0.0009997498749374687,0.00449799899949975,True,True,0.603
MIMIC-IV Ready for Discharge,RandomForest,9,naive,53817,3817,13.099292638197538,19,0.0,0.007859575582918523,0.007859575582918523,Baseline,True,,0.9921404244170815,0.9921092927869203,0.992078162133615,0.0,0.015719151165837046,,,,,,,
MIMIC-IV Ready for Discharge,RandomForest,9,naive,53817,3817,13.099292638197538,19,0.0,0.007859575582918523,0.007859575582918523,Threshold,True,,0.9935813466072833,0.9935622717126213,0.9935415842889153,0.00026198585276395077,0.012575320932669635,,,,,,,
MIMIC-IV Ready for Discharge,RandomForest,9,naive,53817,3817,13.099292638197538,19,0.0,0.007859575582918523,0.007859575582918523,SMOTE,True,,0.9921404244170815,0.9921133053629815,0.9920823436262867,0.0005239717055279015,0.015195179460309143,,,,,,,
MIMIC-IV Ready for Discharge,RandomForest,9,naive,53817,3817,13.099292638197538,19,0.0,0.007859575582918523,0.007859575582918523,Balanced Weights,True,,0.9916164527115536,0.991585304630873,0.9915500396091893,0.0005239717055279015,0.016243122871364948,,,,,,,
MIMIC-IV Ready for Discharge,RandomForest,9,naive,53817,3817,13.099292638197538,19,0.0,0.007859575582918523,0.007859575582918523,Slacks Deltas,False,timeout,,,,,,,,,,,,300.001
MIMIC-IV Ready for Discharge,RandomForest,9,naive,53817,3817,13.099292638197538,19,0.0,0.007859575582918523,0.007859575582918523,Min Deltas,True,,0.9955462405030129,0.995544551382266,0.9955380577427821,0.0026198585276395073,0.006287660466334818,,,,,,,256.346
MIMIC-IV Ready for Discharge,RandomForest,9,naive,53817,3817,13.099292638197538,19,0.0,0.007859575582918523,0.007859575582918523,F Deltas,True,,0.9935813466072833,0.9935653803668781,0.9935449874851798,0.0007859575582918522,0.012051349227141734,,,,,,,0.055
MIMIC-IV Ready for Discharge,RandomForest,9,naive,53817,3817,13.099292638197538,19,0.0,0.007859575582918523,0.007859575582918523,CP Sum,True,,0.9935813466072833,0.9935622717126213,0.9935415842889153,0.00026198585276395077,0.012575320932669635,0.00036834615879704396,0.004143444666197933,0.0005,0.0005,True,False,4.159
MIMIC-IV Ready for Discharge,RandomForest,9,naive,53817,3817,13.099292638197538,19,0.0,0.007859575582918523,0.007859575582918523,CP Minimax,True,,0.9941053183128111,0.9940935031604915,0.9940766091878374,0.001047943411055803,0.01074141996332198,0.00043062768415629406,0.004143444666197933,0.0005,0.0005,False,False,4.132
MIMIC-IV Ready for Discharge,RandomForest,9,naive,53817,3817,13.099292638197538,19,0.0,0.007859575582918523,0.007859575582918523,DKW Sum,True,,0.9935813466072833,0.9935622717126213,0.9935415842889153,0.00026198585276395077,0.012575320932669635,0.008718315467762153,0.02801592240520551,0.0005,0.002498999499749875,True,True,1.849
MIMIC-IV Ready for Discharge,RandomForest,9,naive,53817,3817,13.099292638197538,19,0.0,0.007859575582918523,0.007859575582918523,DKW Minimax,True,,0.9943673041655751,0.9943567345971615,0.994341360705356,0.001047943411055803,0.010217448257794078,0.008738315467762152,0.02801592240520551,0.0005,0.002498999499749875,True,True,1.853
MIMIC-IV Ready for Discharge,RandomForest,9,split,18836,1336,13.099292638197538,19,0.0,0.009431490699502228,0.009431490699502228,Baseline,True,,0.9905685093004978,0.9905236083006783,0.9904787093361545,0.0,0.018862981399004455,,,,,,,
MIMIC-IV Ready for Discharge,RandomForest,9,split,18836,1336,13.099292638197538,19,0.0,0.009431490699502228,0.009431490699502228,Threshold,True,,0.9908304951532617,0.9907927759538632,0.9907505285412262,0.0005239717055279015,0.017815037987948652,,,,,,,
MIMIC-IV Ready for Discharge,RandomForest,9,split,18836,1336,13.099292638197538,19,0.0,0.009431490699502228,0.009431490699502228,SMOTE,True,,0.9913544668587896,0.9913190178220821,0.9912813738441215,0.00026198585276395077,0.017029080429656798,,,,,,,
MIMIC-IV Ready for Discharge,RandomForest,9,split,18836,1336,13.099292638197538,19,0.0,0.009431490699502228,0.009431490699502228,Balanced Weights,True,,0.9906995022268797,0.990660626199897,0.9906171534293643,0.0005239717055279015,0.0180770238407126,,,,,,,
MIMIC-IV Ready for Discharge,RandomForest,9,split,18836,1336,13.099292638197538,19,0.0,0.009431490699502228,0.009431490699502228,Slacks Deltas,False,timeout,,,,,,,,,,,,300.001
MIMIC-IV Ready for Discharge,RandomForest,9,split,18836,1336,13.099292638197538,19,0.0,0.009431490699502228,0.009431490699502228,Min Deltas,True,,0.994498297091957,0.9944915334721262,0.9944780436497502,0.0018339009693476552,0.009169504846738277,,,,,,,127.106
MIMIC-IV Ready for Discharge,RandomForest,9,split,18836,1336,13.099292638197538,19,0.0,0.009431490699502228,0.009431490699502228,F Deltas,True,,0.994498297091957,0.9944915334721262,0.9944780436497502,0.0018339009693476552,0.009169504846738277,,,,,,,0.098
MIMIC-IV Ready for Discharge,RandomForest,9,split,18836,1336,13.099292638197538,19,0.0,0.009431490699502228,0.009431490699502228,CP Sum,True,,0.9937123395336652,0.9936985252613847,0.9936792204371873,0.001047943411055803,0.011527377521613832,0.002826527495850261,0.02055496814440956,0.0005,0.0009997498749374687,True,True,4.058
MIMIC-IV Ready for Discharge,RandomForest,9,split,18836,1336,13.099292638197538,19,0.0,0.009431490699502228,0.009431490699502228,CP Minimax,True,,0.9930573749017553,0.9930571589128676,0.9930619190993586,0.007597589730154571,0.006287660466334818,0.01135739712754265,0.016118695393927126,0.0005,0.0009997498749374687,True,True,2.995
MIMIC-IV Ready for Discharge,RandomForest,9,split,18836,1336,13.099292638197538,19,0.0,0.009431490699502228,0.009431490699502228,DKW Sum,True,,0.9937123395336652,0.9936985252613847,0.9936792204371873,0.001047943411055803,0.011527377521613832,0.01496318545293445,0.049463242625211734,0.0009997498749374687,0.00449799899949975,True,True,0.944
MIMIC-IV Ready for Discharge,RandomForest,9,split,18836,1336,13.099292638197538,19,0.0,0.009431490699502228,0.009431490699502228,DKW Minimax,True,,0.9914854597851716,0.9914781823736648,0.9915176823698291,0.012313335079905684,0.004715745349751114,0.025763185452934448,0.0472177336431758,0.0009997498749374687,0.00449799899949975,True,True,0.959
MIMIC-IV Ready for Discharge,SVM-rbf,0,naive,53817,3817,13.099292638197538,19,0.06781461881058422,0.06313859051611213,-0.004676028294472084,Baseline,True,,0.9368614094838879,0.9355658229368453,0.9335905208046293,0.013885250196489389,0.11239193083573487,,,,,,,
MIMIC-IV Ready for Discharge,SVM-rbf,0,naive,53817,3817,13.099292638197538,19,0.06781461881058422,0.06313859051611213,-0.004676028294472084,Threshold,True,,0.9696096410793817,0.969583838562777,0.9698231009365245,0.037463976945244955,0.023316740895991617,,,,,,,
MIMIC-IV Ready for Discharge,SVM-rbf,0,naive,53817,3817,13.099292638197538,19,0.06781461881058422,0.06313859051611213,-0.004676028294472084,SMOTE,True,,0.9748493581346608,0.9748255601504893,0.9750195160031225,0.03196227403720199,0.018339009693476554,,,,,,,
MIMIC-IV Ready for Discharge,SVM-rbf,0,naive,53817,3817,13.099292638197538,19,0.06781461881058422,0.06313859051611213,-0.004676028294472084,Balanced Weights,True,,0.9719675137542573,0.9718683283349722,0.9723514211886305,0.041917736442232116,0.01414723604925334,,,,,,,
MIMIC-IV Ready for Discharge,SVM-rbf,0,naive,53817,3817,13.099292638197538,19,0.06781461881058422,0.06313859051611213,-0.004676028294472084,Slacks Deltas,False,timeout,,,,,,,,,,,,300.001
MIMIC-IV Ready for Discharge,SVM-rbf,0,naive,53817,3817,13.099292638197538,19,0.06781461881058422,0.06313859051611213,-0.004676028294472084,Min Deltas,True,,0.8602305475504323,0.850419233759921,0.8762611620085817,0.2693214566413414,0.010217448257794078,,,,,,,156.817
MIMIC-IV Ready for Discharge,SVM-rbf,0,naive,53817,3817,13.099292638197538,19,0.06781461881058422,0.06313859051611213,-0.004676028294472084,F Deltas,True,,0.9690856693738538,0.9690855277215846,0.9691018591254255,0.03143830233167409,0.030390358920618286,,,,,,,0.061
MIMIC-IV Ready for Discharge,SVM-rbf,0,naive,53817,3817,13.099292638197538,19,0.06781461881058422,0.06313859051611213,-0.004676028294472084,CP Sum,True,,0.9696096410793817,0.969583838562777,0.9698231009365245,0.037463976945244955,0.023316740895991617,0.038695435171375775,0.04099425002038813,0.0005,0.0005,True,True,4.387
MIMIC-IV Ready for Discharge,SVM-rbf,0,naive,53817,3817,13.099292638197538,19,0.06781461881058422,0.06313859051611213,-0.004676028294472084,CP Minimax,True,,0.9689546764474718,0.9689172656188736,0.9692167814001819,0.03955986376735656,0.022530783337699763,0.040120413367340464,0.04034199443268876,0.0005,0.0005,True,True,4.373
MIMIC-IV Ready for Discharge,SVM-rbf,0,naive,53817,3817,13.099292638197538,19,0.06781461881058422,0.06313859051611213,-0.004676028294472084,DKW Sum,True,,0.9696096410793817,0.969583838562777,0.9698231009365245,0.037463976945244955,0.023316740895991617,0.04265831546776215,0.05342855012330873,0.0005,0.002498999499749875,True,True,1.89
MIMIC-IV Ready for Discharge,SVM-rbf,0,naive,53817,3817,13.099292638197538,19,0.06781461881058422,0.06313859051611213,-0.004676028294472084,DKW Minimax,True,,0.9663348179198323,0.9662512767972267,0.9667572112275256,0.046371495939219284,0.020958868221116058,0.04963831546776215,0.05133266330119712,0.0005,0.002498999499749875,True,True,1.91
MIMIC-IV Ready for Discharge,SVM-rbf,0,split,18836,1336,13.099292638197538,19,0.07370077822218088,0.06864029342415509,-0.005060484798025788,Baseline,True,,0.9313597065758449,0.9297947304782146,0.9274439213514262,0.014671207754781241,0.12260937909352895,,,,,,,
MIMIC-IV Ready for Discharge,SVM-rbf,0,split,18836,1336,13.099292638197538,19,0.07370077822218088,0.06864029342415509,-0.005060484798025788,Threshold,True,,0.9650248886560125,0.965005249296786,0.9652389011847415,0.04113177888394027,0.02881844380403458,,,,,,,
MIMIC-IV Ready for Discharge,SVM-rbf,0,split,18836,1336,13.099292638197538,19,0.07370077822218088,0.06864029342415509,-0.005060484798025788,SMOTE,True,,0.9745873722818967,0.9745556799295713,0.9747855471796205,0.03327220330102174,0.0175530521351847,,,,,,,
MIMIC-IV Ready for Discharge,SVM-rbf,0,split,18836,1336,13.099292638197538,19,0.07370077822218088,0.06864029342415509,-0.005060484798025788,Balanced Weights,True,,0.9718365208278753,0.9717277424091448,0.9722401549386701,0.04270369400052397,0.013623264343725438,,,,,,,
MIMIC-IV Ready for Discharge,SVM-rbf,0,split,18836,1336,13.099292638197538,19,0.07370077822218088,0.06864029342415509,-0.005060484798025788,Slacks Deltas,False,timeout,,,,,,,,,,,,300.0
MIMIC-IV Ready for Discharge,SVM-rbf,0,split,18836,1336,13.099292638197538,19,0.07370077822218088,0.06864029342415509,-0.005060484798025788,Min Deltas,True,,0.8621954414461619,0.8527812955629769,0.8777312877731288,0.2648676971443542,0.01074141996332198,,,,,,,52.641
MIMIC-IV Ready for Discharge,SVM-rbf,0,split,18836,1336,13.099292638197538,19,0.07370077822218088,0.06864029342415509,-0.005060484798025788,F Deltas,True,,0.9621430442756091,0.9621076514582128,0.961828028001585,0.029604401362326435,0.04610951008645533,,,,,,,0.046
MIMIC-IV Ready for Discharge,SVM-rbf,0,split,18836,1336,13.099292638197538,19,0.07370077822218088,0.06864029342415509,-0.005060484798025788,CP Sum,True,,0.9646319098768666,0.9646040174436583,0.9648894668400521,0.04270369400052397,0.02803248624574273,0.050725804629797304,0.0649656237427351,0.0005,0.0014994997498749376,True,True,2.712
MIMIC-IV Ready for Discharge,SVM-rbf,0,split,18836,1336,13.099292638197538,19,0.07370077822218088,0.06864029342415509,-0.005060484798025788,CP Minimax,True,,0.9616190725700812,0.9615351217291329,0.962100633811926,0.051087241288970395,0.025674613570867172,0.05986109633494812,0.05904228905938654,0.0005,0.0014994997498749376,True,True,2.672
MIMIC-IV Ready for Discharge,SVM-rbf,0,split,18836,1336,13.099292638197538,19,0.07370077822218088,0.06864029342415509,-0.005060484798025788,DKW Sum,True,,0.9646319098768666,0.9646040174436583,0.9648894668400521,0.04270369400052397,0.02803248624574273,0.05599175688150588,0.08015186537970276,0.0009997498749374687,0.00449799899949975,True,True,0.671
MIMIC-IV Ready for Discharge,SVM-rbf,0,split,18836,1336,13.099292638197538,19,0.07370077822218088,0.06864029342415509,-0.005060484798025788,DKW Minimax,True,,0.9588682211160597,0.9586826656402094,0.9596297248650039,0.059994760282944724,0.022268797484935814,0.0725060425957916,0.07191833244557101,0.0009997498749374687,0.00449799899949975,True,True,0.663
MIMIC-IV Ready for Discharge,SVM-rbf,1,naive,53817,3817,13.099292638197538,19,0.06928653392716794,0.06431752685354991,-0.004969007073618026,Baseline,True,,0.9356824731464501,0.9342652072592641,0.9321916862311835,0.012837306785433586,0.11579774692166624,,,,,,,
MIMIC-IV Ready for Discharge,SVM-rbf,1,naive,53817,3817,13.099292638197538,19,0.06928653392716794,0.06431752685354991,-0.004969007073618026,Threshold,True,,0.9652868745087765,0.9652747066130994,0.9654543084343632,0.03955986376735656,0.029866387215090384,,,,,,,
MIMIC-IV Ready for Discharge,SVM-rbf,1,naive,53817,3817,13.099292638197538,19,0.06928653392716794,0.06431752685354991,-0.004969007073618026,SMOTE,True,,0.9739324076499869,0.9738996280345313,0.9741390513320338,0.034058160859313596,0.0180770238407126,,,,,,,
MIMIC-IV Ready for Discharge,SVM-rbf,1,naive,53817,3817,13.099292638197538,19,0.06928653392716794,0.06431752685354991,-0.004969007073618026,Balanced Weights,True,,0.9705265915640555,0.970405571590001,0.9709714875499935,0.044799580822635576,0.01414723604925334,,,,,,,
MIMIC-IV Ready for Discharge,SVM-rbf,1,naive,53817,3817,13.099292638197538,19,0.06928653392716794,0.06431752685354991,-0.004969007073618026,Slacks Deltas,False,timeout,,,,,,,,,,,,300.0
MIMIC-IV Ready for Discharge,SVM-rbf,1,naive,53817,3817,13.099292638197538,19,0.06928653392716794,0.06431752685354991,-0.004969007073618026,Min Deltas,True,,0.8661252292376211,0.857514995021877,0.8806632414759458,0.2556981922976159,0.012051349227141734,,,,,,,149.345
MIMIC-IV Ready for Discharge,SVM-rbf,1,naive,53817,3817,13.099292638197538,19,0.06928653392716794,0.06431752685354991,-0.004969007073618026,F Deltas,True,,0.9647629028032486,0.9647573447031249,0.9646471284005783,0.03196227403720199,0.03851192035630076,,,,,,,0.058
MIMIC-IV Ready for Discharge,SVM-rbf,1,naive,53817,3817,13.099292638197538,19,0.06928653392716794,0.06431752685354991,-0.004969007073618026,CP Sum,True,,0.9655488603615405,0.9655339233914894,0.9657328990228013,0.03982184962012052,0.029080429656798534,0.03801418681634484,0.0419699745707257,0.0005,0.0005,False,True,4.288
MIMIC-IV Ready for Discharge,SVM-rbf,1,naive,53817,3817,13.099292638197538,19,0.06928653392716794,0.06431752685354991,-0.004969007073618026,CP Minimax,True,,0.9652868745087765,0.9652579966159784,0.9655441425042257,0.04217972229499607,0.027246528687450876,0.0405241813975918,0.04034199443268876,0.0005,0.0005,False,True,4.273
MIMIC-IV Ready for Discharge,SVM-rbf,1,naive,53817,3817,13.099292638197538,19,0.06928653392716794,0.06431752685354991,-0.004969007073618026,DKW Sum,True,,0.9652868745087765,0.9652747066130994,0.9654543084343632,0.03955986376735656,0.029866387215090384,0.04143831546776215,0.05473847938712849,0.0005,0.002498999499749875,True,True,1.862
MIMIC-IV Ready for Discharge,SVM-rbf,1,naive,53817,3817,13.099292638197538,19,0.06928653392716794,0.06431752685354991,-0.004969007073618026,DKW Minimax,True,,0.962667015981137,0.9625724607893307,0.9631640170608763,0.050825255436206446,0.023840712601519518,0.051758315467762155,0.050546705742905276,0.0005,0.002498999499749875,True,True,1.836
MIMIC-IV Ready for Discharge,SVM-rbf,1,split,18836,1336,13.099292638197538,19,0.0805528539980777,0.07545192559601782,-0.005100928402059876,Baseline,True,,0.9245480744039822,0.9224075425050038,0.9194856024601622,0.012575320932669635,0.138328530259366,,,,,,,
MIMIC-IV Ready for Discharge,SVM-rbf,1,split,18836,1336,13.099292638197538,19,0.0805528539980777,0.07545192559601782,-0.005100928402059876,Threshold,True,,0.962929001833901,0.9629234331482989,0.9630500065282674,0.040345821325648415,0.03379617500654965,,,,,,,
MIMIC-IV Ready for Discharge,SVM-rbf,1,split,18836,1336,13.099292638197538,19,0.0805528539980777,0.07545192559601782,-0.005100928402059876,SMOTE,True,,0.9718365208278753,0.9717868608981562,0.9721105201712285,0.03798794865077286,0.018339009693476554,,,,,,,
MIMIC-IV Ready for Discharge,SVM-rbf,1,split,18836,1336,13.099292638197538,19,0.0805528539980777,0.07545192559601782,-0.005100928402059876,Balanced Weights,True,,0.9693476552266178,0.969202631668317,0.9698531306364339,0.04741943935027509,0.013885250196489389,,,,,,,
MIMIC-IV Ready for Discharge,SVM-rbf,1,split,18836,1336,13.099292638197538,19,0.0805528539980777,0.07545192559601782,-0.005100928402059876,Slacks Deltas,False,timeout,,,,,,,,,,,,300.0
MIMIC-IV Ready for Discharge,SVM-rbf,1,split,18836,1336,13.099292638197538,19,0.0805528539980777,0.07545192559601782,-0.005100928402059876,Min Deltas,True,,0.9549384333246005,0.9546908263894995,0.9558974358974359,0.06680639245480743,0.023316740895991617,,,,,,,51.444
MIMIC-IV Ready for Discharge,SVM-rbf,1,split,18836,1336,13.099292638197538,19,0.0805528539980777,0.07545192559601782,-0.005100928402059876,F Deltas,True,,0.9595231857479696,0.9594941343854596,0.9592186881351459,0.03301021744825779,0.047943411055802986,,,,,,,0.044
MIMIC-IV Ready for Discharge,SVM-rbf,1,split,18836,1336,13.099292638197538,19,0.0805528539980777,0.07545192559601782,-0.005100928402059876,CP Sum,True,,0.9631909876866649,0.9631870594942039,0.9632919660352711,0.03955986376735656,0.034058160859313596,0.040994734478186134,0.06201753406413768,0.0005,0.0014994997498749376,True,True,2.585
MIMIC-IV Ready for Discharge,SVM-rbf,1,split,18836,1336,13.099292638197538,19,0.0805528539980777,0.07545192559601782,-0.005100928402059876,CP Minimax,True,,0.9607021220854074,0.9606391062411792,0.9611298263798912,0.05030128373067854,0.02829447209850668,0.05340627659639513,0.05299846809406446,0.0005,0.0014994997498749376,True,True,2.585
MIMIC-IV Ready for Discharge,SVM-rbf,1,split,18836,1336,13.099292638197538,19,0.0805528539980777,0.07545192559601782,-0.005100928402059876,DKW Sum,True,,0.9631909876866649,0.9631870594942039,0.9632919660352711,0.03955986376735656,0.034058160859313596,0.047134614024363024,0.07790635639766683,0.0009997498749374687,0.00449799899949975,True,True,0.653
MIMIC-IV Ready for Discharge,SVM-rbf,1,split,18836,1336,13.099292638197538,19,0.0805528539980777,0.07545192559601782,-0.005100928402059876,DKW Minimax,True,,0.9562483625884203,0.9560410482956487,0.9571024916516825,0.06366256222164003,0.023840712601519518,0.06884889973864874,0.06817581747551113,0.0009997498749374687,0.00449799899949975,True,True,0.67
MIMIC-IV Ready for Discharge,SVM-rbf,2,naive,53817,3817,13.099292638197538,19,0.06486476028294473,0.06929525805606497,0.00443049777312024,Baseline,True,,0.930704741943935,0.9289102156050842,0.9264562769359099,0.011527377521613832,0.1270631385905161,,,,,,,
MIMIC-IV Ready for Discharge,SVM-rbf,2,naive,53817,3817,13.099292638197538,19,0.06486476028294473,0.06929525805606497,0.00443049777312024,Threshold,True,,0.9675137542572702,0.9675137542572702,0.9675137542572702,0.032486245742729895,0.032486245742729895,,,,,,,
MIMIC-IV Ready for Discharge,SVM-rbf,2,naive,53817,3817,13.099292638197538,19,0.06486476028294473,0.06929525805606497,0.00443049777312024,SMOTE,True,,0.9757663086193346,0.9757578588443775,0.9758643183300717,0.02829447209850668,0.020172910662824207,,,,,,,
MIMIC-IV Ready for Discharge,SVM-rbf,2,naive,53817,3817,13.099292638197538,19,0.06486476028294473,0.06929525805606497,0.00443049777312024,Balanced Weights,True,,0.9730154571653131,0.9729375425287242,0.973343685300207,0.03929787791459261,0.014671207754781241,,,,,,,
MIMIC-IV Ready for Discharge,SVM-rbf,2,naive,53817,3817,13.099292638197538,19,0.06486476028294473,0.06929525805606497,0.00443049777312024,Slacks Deltas,False,timeout,,,,,,,,,,,,300.001
MIMIC-IV Ready for Discharge,SVM-rbf,2,naive,53817,3817,13.099292638197538,19,0.06486476028294473,0.06929525805606497,0.00443049777312024,Min Deltas,True,,0.8559077809798271,0.8455795008988058,0.8727735368956743,0.276657060518732,0.011527377521613832,,,,,,,143.562
MIMIC-IV Ready for Discharge,SVM-rbf,2,naive,53817,3817,13.099292638197538,19,0.06486476028294473,0.06929525805606497,0.00443049777312024,F Deltas,True,,0.9659418391406864,0.9659031480221999,0.9656448202959831,0.025412627718103223,0.04270369400052397,,,,,,,0.056
MIMIC-IV Ready for Discharge,SVM-rbf,2,naive,53817,3817,13.099292638197538,19,0.06486476028294473,0.06929525805606497,0.00443049777312024,CP Sum,True,,0.9675137542572702,0.9675137542572702,0.9675137542572702,0.032486245742729895,0.032486245742729895,0.03492152295218082,0.04791699054753629,0.0005,0.0009997498749374687,True,True,4.152
MIMIC-IV Ready for Discharge,SVM-rbf,2,naive,53817,3817,13.099292638197538,19,0.06486476028294473,0.06929525805606497,0.00443049777312024,CP Minimax,True,,0.9685616976683259,0.968523111209461,0.9688311688311688,0.040083835472884466,0.022792769190463715,0.04283785894362226,0.043266188178638025,0.0005,0.0005,True,True,4.151
MIMIC-IV Ready for Discharge,SVM-rbf,2,naive,53817,3817,13.099292638197538,19,0.06486476028294473,0.06929525805606497,0.00443049777312024,DKW Sum,True,,0.9675137542572702,0.9675137542572702,0.9675137542572702,0.032486245742729895,0.032486245742729895,0.03911831546776215,0.0594542247368796,0.0005,0.002498999499749875,True,True,1.852
MIMIC-IV Ready for Discharge,SVM-rbf,2,naive,53817,3817,13.099292638197538,19,0.06486476028294473,0.06929525805606497,0.00443049777312024,DKW Minimax,True,,0.9660728320670684,0.9659926788327943,0.9664898434467589,0.046371495939219284,0.02148283992664396,0.05119831546776215,0.05264259256501688,0.0005,0.002498999499749875,True,True,1.859
MIMIC-IV Ready for Discharge,SVM-rbf,2,split,18836,1336,13.099292638197538,19,0.07478842278237684,0.08121561435682473,0.006427191574447891,Baseline,True,,0.9187843856431752,0.916177412803207,0.9127497889107796,0.012051349227141734,0.15037987948650772,,,,,,,
MIMIC-IV Ready for Discharge,SVM-rbf,2,split,18836,1336,13.099292638197538,19,0.07478842278237684,0.08121561435682473,0.006427191574447891,Threshold,True,,0.9664658108462143,0.9664640709006543,0.9665271966527197,0.03536809012313335,0.03170028818443804,,,,,,,
MIMIC-IV Ready for Discharge,SVM-rbf,2,split,18836,1336,13.099292638197538,19,0.07478842278237684,0.08121561435682473,0.006427191574447891,SMOTE,True,,0.9730154571653131,0.972998386316489,0.9731700963792654,0.032748231595493844,0.02122085407388001,,,,,,,
MIMIC-IV Ready for Discharge,SVM-rbf,2,split,18836,1336,13.099292638197538,19,0.07478842278237684,0.08121561435682473,0.006427191574447891,Balanced Weights,True,,0.9700026198585276,0.9699325568981096,0.9703483102421339,0.04165575058946817,0.018339009693476554,,,,,,,
MIMIC-IV Ready for Discharge,SVM-rbf,2,split,18836,1336,13.099292638197538,19,0.07478842278237684,0.08121561435682473,0.006427191574447891,Slacks Deltas,False,timeout,,,,,,,,,,,,300.0
MIMIC-IV Ready for Discharge,SVM-rbf,2,split,18836,1336,13.099292638197538,19,0.07478842278237684,0.08121561435682473,0.006427191574447891,Min Deltas,True,,0.9555933979565103,0.955318398937485,0.9565885516711486,0.06733036416033535,0.02148283992664396,,,,,,,50.715
MIMIC-IV Ready for Discharge,SVM-rbf,2,split,18836,1336,13.099292638197538,19,0.07478842278237684,0.08121561435682473,0.006427191574447891,F Deltas,True,,0.9569033272203301,0.9567250580227115,0.9560923528626718,0.02462667015981137,0.061566675399528425,,,,,,,0.044
MIMIC-IV Ready for Discharge,SVM-rbf,2,split,18836,1336,13.099292638197538,19,0.07478842278237684,0.08121561435682473,0.006427191574447891,CP Sum,True,,0.9654178674351584,0.9654021908138395,0.9656070870244919,0.040083835472884466,0.029080429656798534,0.04772457190492066,0.061028932893489034,0.0005,0.0014994997498749376,True,True,2.588
MIMIC-IV Ready for Discharge,SVM-rbf,2,split,18836,1336,13.099292638197538,19,0.07478842278237684,0.08121561435682473,0.006427191574447891,CP Minimax,True,,0.9646319098768666,0.9645777963978804,0.9649896265560166,0.04558553838092743,0.02515064186533927,0.05707275076286512,0.057042329802740745,0.0005,0.0014994997498749376,True,True,2.589
MIMIC-IV Ready for Discharge,SVM-rbf,2,split,18836,1336,13.099292638197538,19,0.07478842278237684,0.08121561435682473,0.006427191574447891,DKW Sum,True,,0.9658108462143045,0.9657986849200373,0.965975752835354,0.03903589206182866,0.029342415509562483,0.051534614024363025,0.0786548593916788,0.0009997498749374687,0.00449799899949975,True,True,0.652
MIMIC-IV Ready for Discharge,SVM-rbf,2,split,18836,1336,13.099292638197538,19,0.07478842278237684,0.08121561435682473,0.006427191574447891,DKW Minimax,True,,0.9599161645271156,0.9597508360725383,0.9606177606177606,0.05789887346083312,0.022268797484935814,0.07353461402436302,0.072666835439583,0.0009997498749374687,0.00449799899949975,True,True,0.649
MIMIC-IV Ready for Discharge,SVM-rbf,3,naive,53817,3817,13.099292638197538,19,0.06279788053445114,0.06837830757139114,0.0055804270369400055,Baseline,True,,0.9316216924286088,0.9299489257404108,0.9275804661487237,0.012575320932669635,0.12418129421011265,,,,,,,
MIMIC-IV Ready for Discharge,SVM-rbf,3,naive,53817,3817,13.099292638197538,19,0.06279788053445114,0.06837830757139114,0.0055804270369400055,Threshold,True,,0.9673827613308882,0.9673816881993456,0.9674296926095487,0.034058160859313596,0.03117631647891014,,,,,,,
MIMIC-IV Ready for Discharge,SVM-rbf,3,naive,53817,3817,13.099292638197538,19,0.06279788053445114,0.06837830757139114,0.0055804270369400055,SMOTE,True,,0.9744563793555148,0.9744508765453149,0.9745397571484528,0.02881844380403458,0.022268797484935814,,,,,,,
MIMIC-IV Ready for Discharge,SVM-rbf,3,naive,53817,3817,13.099292638197538,19,0.06279788053445114,0.06837830757139114,0.0055804270369400055,Balanced Weights,True,,0.973408435944459,0.9733664718234872,0.9736466311826562,0.035630075975897305,0.0175530521351847,,,,,,,
MIMIC-IV Ready for Discharge,SVM-rbf,3,naive,53817,3817,13.099292638197538,19,0.06279788053445114,0.06837830757139114,0.0055804270369400055,Slacks Deltas,False,timeout,,,,,,,,,,,,300.001
MIMIC-IV Ready for Discharge,SVM-rbf,3,naive,53817,3817,13.099292638197538,19,0.06279788053445114,0.06837830757139114,0.0055804270369400055,Min Deltas,True,,0.8534189153785695,0.8431628724694652,0.8705010994097905,0.27849096148807967,0.014671207754781241,,,,,,,145.994
MIMIC-IV Ready for Discharge,SVM-rbf,3,naive,53817,3817,13.099292638197538,19,0.06279788053445114,0.06837830757139114,0.0055804270369400055,F Deltas,True,,0.9650248886560125,0.9650099435756309,0.964836033188463,0.029604401362326435,0.040345821325648415,,,,,,,0.056
MIMIC-IV Ready for Discharge,SVM-rbf,3,naive,53817,3817,13.099292638197538,19,0.06279788053445114,0.06837830757139114,0.0055804270369400055,CP Sum,True,,0.9673827613308882,0.9673816881993456,0.9674296926095487,0.034058160859313596,0.03117631647891014,0.03438729148794172,0.04131984084420124,0.0005,0.0005,True,True,4.154
MIMIC-IV Ready for Discharge,SVM-rbf,3,naive,53817,3817,13.099292638197538,19,0.06279788053445114,0.06837830757139114,0.0055804270369400055,CP Minimax,True,,0.9668587896253602,0.9668523207076802,0.9669755906539617,0.03667801938695311,0.029604401362326435,0.038908236139108085,0.039033033168228856,0.0005,0.0005,True,True,4.142
MIMIC-IV Ready for Discharge,SVM-rbf,3,naive,53817,3817,13.099292638197538,19,0.06279788053445114,0.06837830757139114,0.0055804270369400055,DKW Sum,True,,0.9673827613308882,0.9673816881993456,0.9674296926095487,0.034058160859313596,0.03117631647891014,0.03861831546776215,0.05369053597607268,0.0005,0.002498999499749875,True,True,1.84
MIMIC-IV Ready for Discharge,SVM-rbf,3,naive,53817,3817,13.099292638197538,19,0.06279788053445114,0.06837830757139114,0.0055804270369400055,DKW Minimax,True,,0.9651558815823945,0.9651123229624388,0.965472481827622,0.04401362326434372,0.025674613570867172,0.04949831546776215,0.04923677647908552,0.0005,0.002498999499749875,True,True,1.838
MIMIC-IV Ready for Discharge,SVM-rbf,3,split,18836,1336,13.099292638197538,19,0.07021320187269402,0.07217710243646844,0.0019639005637744206,Baseline,True,,0.9278228975635315,0.9260227865564351,0.9233977478103712,0.01440922190201729,0.12994498297091958,,,,,,,
MIMIC-IV Ready for Discharge,SVM-rbf,3,split,18836,1336,13.099292638197538,19,0.07021320187269402,0.07217710243646844,0.0019639005637744206,Threshold,True,,0.9633219806130469,0.963320234989112,0.963254593175853,0.03484411841760545,0.03851192035630076,,,,,,,
MIMIC-IV Ready for Discharge,SVM-rbf,3,split,18836,1336,13.099292638197538,19,0.07021320187269402,0.07217710243646844,0.0019639005637744206,SMOTE,True,,0.9730154571653131,0.9730094965103948,0.9731070496083551,0.030390358920618286,0.023578726748755566,,,,,,,
MIMIC-IV Ready for Discharge,SVM-rbf,3,split,18836,1336,13.099292638197538,19,0.07021320187269402,0.07217710243646844,0.0019639005637744206,Balanced Weights,True,,0.9713125491223474,0.9712680211062881,0.9715768981181051,0.03798794865077286,0.019386953104532357,,,,,,,
MIMIC-IV Ready for Discharge,SVM-rbf,3,split,18836,1336,13.099292638197538,19,0.07021320187269402,0.07217710243646844,0.0019639005637744206,Slacks Deltas,False,timeout,,,,,,,,,,,,300.0
MIMIC-IV Ready for Discharge,SVM-rbf,3,split,18836,1336,13.099292638197538,19,0.07021320187269402,0.07217710243646844,0.0019639005637744206,Min Deltas,True,,0.9400052397170553,0.9392052144727526,0.9422446406052963,0.09876866649200944,0.02122085407388001,,,,,,,50.329
MIMIC-IV Ready for Discharge,SVM-rbf,3,split,18836,1336,13.099292638197538,19,0.07021320187269402,0.07217710243646844,0.0019639005637744206,F Deltas,True,,0.9482577940791197,0.9477748755909418,0.9466432527353775,0.02148283992664396,0.08200157191511659,,,,,,,0.043
MIMIC-IV Ready for Discharge,SVM-rbf,3,split,18836,1336,13.099292638197538,19,0.07021320187269402,0.07217710243646844,0.0019639005637744206,CP Sum,True,,0.9633219806130469,0.963320234989112,0.963254593175853,0.03484411841760545,0.03851192035630076,0.04181561576591916,0.07175173869427534,0.0005,0.0014994997498749376,True,True,2.574
MIMIC-IV Ready for Discharge,SVM-rbf,3,split,18836,1336,13.099292638197538,19,0.07021320187269402,0.07217710243646844,0.0019639005637744206,CP Minimax,True,,0.9608331150117894,0.9607828863498359,0.9612141652613828,0.04899135446685879,0.029342415509562483,0.06190174704079962,0.061028932893489034,0.0005,0.0014994997498749376,True,True,2.575
MIMIC-IV Ready for Discharge,SVM-rbf,3,split,18836,1336,13.099292638197538,19,0.07021320187269402,0.07217710243646844,0.0019639005637744206,DKW Sum,True,,0.9633219806130469,0.963320234989112,0.963254593175853,0.03484411841760545,0.03851192035630076,0.047877471167220166,0.08539138633778659,0.0009997498749374687,0.00449799899949975,True,True,0.644
MIMIC-IV Ready for Discharge,SVM-rbf,3,split,18836,1336,13.099292638197538,19,0.07021320187269402,0.07217710243646844,0.0019639005637744206,DKW Minimax,True,,0.9558553838092743,0.9556869020404104,0.9566336378844421,0.062090647105056324,0.026198585276395073,0.07759175688150588,0.07491234442161893,0.0009997498749374687,0.00449799899949975,True,True,0.638
MIMIC-IV Ready for Discharge,SVM-rbf,4,naive,53817,3817,13.099292638197538,19,0.06679965417867435,0.06942625098244694,0.002626596803772585,Baseline,True,,0.9305737490175531,0.9286714853308268,0.9261838440111421,0.00995546240503013,0.12889703955986376,,,,,,,
MIMIC-IV Ready for Discharge,SVM-rbf,4,naive,53817,3817,13.099292638197538,19,0.06679965417867435,0.06942625098244694,0.002626596803772585,Threshold,True,,0.96816871888918,0.9681676466288046,0.968214519293656,0.03327220330102174,0.030390358920618286,,,,,,,
MIMIC-IV Ready for Discharge,SVM-rbf,4,naive,53817,3817,13.099292638197538,19,0.06679965417867435,0.06942625098244694,0.002626596803772585,SMOTE,True,,0.9762902803248624,0.9762782495707263,0.9764046408551689,0.028556457951270632,0.018862981399004455,,,,,,,
MIMIC-IV Ready for Discharge,SVM-rbf,4,naive,53817,3817,13.099292638197538,19,0.06679965417867435,0.06942625098244694,0.002626596803772585,Balanced Weights,True,,0.9730154571653131,0.9729440327140354,0.9733298808907301,0.038773906209064714,0.015195179460309143,,,,,,,
MIMIC-IV Ready for Discharge,SVM-rbf,4,naive,53817,3817,13.099292638197538,19,0.06679965417867435,0.06942625098244694,0.002626596803772585,Slacks Deltas,False,timeout,,,,,,,,,,,,300.001
MIMIC-IV Ready for Discharge,SVM-rbf,4,naive,53817,3817,13.099292638197538,19,0.06679965417867435,0.06942625098244694,0.002626596803772585,Min Deltas,True,,0.8738538118941577,0.8664422327492374,0.8867192095047641,0.23971705527901493,0.012575320932669635,,,,,,,145.525
MIMIC-IV Ready for Discharge,SVM-rbf,4,naive,53817,3817,13.099292638197538,19,0.06679965417867435,0.06942625098244694,0.002626596803772585,F Deltas,True,,0.9617500654964631,0.9616258443505642,0.961149547631719,0.022792769190463715,0.053707099816609906,,,,,,,0.056
MIMIC-IV Ready for Discharge,SVM-rbf,4,naive,53817,3817,13.099292638197538,19,0.06679965417867435,0.06942625098244694,0.002626596803772585,CP Sum,True,,0.96816871888918,0.9681676466288046,0.968214519293656,0.03327220330102174,0.030390358920618286,0.03737511343391327,0.0419699745707257,0.0005,0.0005,True,True,4.145
MIMIC-IV Ready for Discharge,SVM-rbf,4,naive,53817,3817,13.099292638197538,19,0.06679965417867435,0.06942625098244694,0.002626596803772585,CP Minimax,True,,0.9688236835210898,0.9688157133940835,0.968945720250522,0.0351061042703694,0.027246528687450876,0.040375441367276686,0.04034199443268876,0.0005,0.0005,True,True,4.143
MIMIC-IV Ready for Discharge,SVM-rbf,4,naive,53817,3817,13.099292638197538,19,0.06679965417867435,0.06942625098244694,0.002626596803772585,DKW Sum,True,,0.96816871888918,0.9681676466288046,0.968214519293656,0.03327220330102174,0.030390358920618286,0.04141831546776215,0.054214507681600584,0.0005,0.002498999499749875,True,True,1.831
MIMIC-IV Ready for Discharge,SVM-rbf,4,naive,53817,3817,13.099292638197538,19,0.06679965417867435,0.06942625098244694,0.002626596803772585,DKW Minimax,True,,0.9668587896253602,0.9668165412207644,0.9671556536414384,0.04217972229499607,0.024102698454283467,0.049358315467762155,0.05159464915396107,0.0005,0.002498999499749875,True,True,1.828
MIMIC-IV Ready for Discharge,SVM-rbf,4,split,18836,1336,13.099292638197538,19,0.0723254208910799,0.07518993974325386,0.002864518852173953,Baseline,True,,0.9248100602567462,0.9225433312386184,0.9196078431372549,0.010479434110558029,0.1399004453759497,,,,,,,
MIMIC-IV Ready for Discharge,SVM-rbf,4,split,18836,1336,13.099292638197538,19,0.0723254208910799,0.07518993974325386,0.002864518852173953,Threshold,True,,0.9646319098768666,0.9646239051156702,0.9644923724355602,0.03143830233167409,0.03929787791459261,,,,,,,
MIMIC-IV Ready for Discharge,SVM-rbf,4,split,18836,1336,13.099292638197538,19,0.0723254208910799,0.07518993974325386,0.002864518852173953,SMOTE,True,,0.9755043227665706,0.975495870722284,0.9756033920417482,0.028556457951270632,0.020434896515588157,,,,,,,
MIMIC-IV Ready for Discharge,SVM-rbf,4,split,18836,1336,13.099292638197538,19,0.0723254208910799,0.07518993974325386,0.002864518852173953,Balanced Weights,True,,0.9720985066806392,0.9720120008998414,0.9724557092978146,0.04086979303117631,0.014933193607545192,,,,,,,
MIMIC-IV Ready for Discharge,SVM-rbf,4,split,18836,1336,13.099292638197538,19,0.0723254208910799,0.07518993974325386,0.002864518852173953,Slacks Deltas,False,timeout,,,,,,,,,,,,300.0
MIMIC-IV Ready for Discharge,SVM-rbf,4,split,18836,1336,13.099292638197538,19,0.0723254208910799,0.07518993974325386,0.002864518852173953,Min Deltas,True,,0.9381713387477076,0.9371749195135729,0.940733299849322,0.10505632695834424,0.018600995546240503,,,,,,,50.954
MIMIC-IV Ready for Discharge,SVM-rbf,4,split,18836,1336,13.099292638197538,19,0.0723254208910799,0.07518993974325386,0.002864518852173953,F Deltas,True,,0.9599161645271156,0.9598080106170331,0.9593301435406698,0.025674613570867172,0.05449305737490175,,,,,,,0.043
MIMIC-IV Ready for Discharge,SVM-rbf,4,split,18836,1336,13.099292638197538,19,0.0723254208910799,0.07518993974325386,0.002864518852173953,CP Sum,True,,0.9645009169504847,0.9644844693078073,0.9646997525074898,0.04113177888394027,0.029866387215090384,0.05297041665020006,0.055028087665939016,0.0005,0.0014994997498749376,True,True,2.548
MIMIC-IV Ready for Discharge,SVM-rbf,4,split,18836,1336,13.099292638197538,19,0.0723254208910799,0.07518993974325386,0.002864518852173953,CP Minimax,True,,0.9635839664658108,0.963558002591451,0.9638397502601457,0.043489651558815824,0.029342415509562483,0.05496140963461969,0.055028087665939016,0.0005,0.0014994997498749376,True,True,2.549
MIMIC-IV Ready for Discharge,SVM-rbf,4,split,18836,1336,13.099292638197538,19,0.0723254208910799,0.07518993974325386,0.002864518852173953,DKW Sum,True,,0.9643699240241027,0.9643583940154458,0.9642011055540932,0.030914330626146187,0.040345821325648415,0.04473461402436302,0.08464288334377461,0.0009997498749374687,0.00449799899949975,True,True,0.636
MIMIC-IV Ready for Discharge,SVM-rbf,4,split,18836,1336,13.099292638197538,19,0.0723254208910799,0.07518993974325386,0.002864518852173953,DKW Minimax,True,,0.9583442494105319,0.95816876441559,0.9590944172883972,0.059994760282944724,0.023316740895991617,0.07182032831007731,0.0696728234635351,0.0009997498749374687,0.00449799899949975,True,True,0.636
MIMIC-IV Ready for Discharge,SVM-rbf,5,naive,53817,3817,13.099292638197538,19,0.06420880272465287,0.07099816609903065,0.0067893633743777715,Baseline,True,,0.9290018339009694,0.9269595200825187,0.9243439419318816,0.009431490699502228,0.13256484149855907,,,,,,,
MIMIC-IV Ready for Discharge,SVM-rbf,5,naive,53817,3817,13.099292638197538,19,0.06420880272465287,0.07099816609903065,0.0067893633743777715,Threshold,True,,0.9663348179198323,0.9663226632198161,0.9661708569172042,0.02881844380403458,0.03851192035630076,,,,,,,
MIMIC-IV Ready for Discharge,SVM-rbf,5,naive,53817,3817,13.099292638197538,19,0.06420880272465287,0.07099816609903065,0.0067893633743777715,SMOTE,True,,0.9744563793555148,0.9744524965758654,0.9745264532984977,0.02829447209850668,0.022792769190463715,,,,,,,
MIMIC-IV Ready for Discharge,SVM-rbf,5,naive,53817,3817,13.099292638197538,19,0.06420880272465287,0.07099816609903065,0.0067893633743777715,Balanced Weights,True,,0.9715745349751114,0.9715497295397951,0.9717705216599454,0.03536809012313335,0.02148283992664396,,,,,,,
MIMIC-IV Ready for Discharge,SVM-rbf,5,naive,53817,3817,13.099292638197538,19,0.06420880272465287,0.07099816609903065,0.0067893633743777715,Slacks Deltas,False,timeout,,,,,,,,,,,,300.0
MIMIC-IV Ready for Discharge,SVM-rbf,5,naive,53817,3817,13.099292638197538,19,0.06420880272465287,0.07099816609903065,0.0067893633743777715,Min Deltas,True,,0.9402672255698192,0.9394565740957389,0.9425113464447806,0.09876866649200944,0.02069688236835211,,,,,,,147.13
MIMIC-IV Ready for Discharge,SVM-rbf,5,naive,53817,3817,13.099292638197538,19,0.06420880272465287,0.07099816609903065,0.0067893633743777715,F Deltas,True,,0.9646319098768666,0.9645721038107327,0.9642478813559322,0.02462667015981137,0.04610951008645533,,,,,,,0.056
MIMIC-IV Ready for Discharge,SVM-rbf,5,naive,53817,3817,13.099292638197538,19,0.06420880272465287,0.07099816609903065,0.0067893633743777715,CP Sum,True,,0.9668587896253602,0.9668572899761442,0.9668022569216638,0.03143830233167409,0.03484411841760545,0.03622376434291474,0.043266188178638025,0.0005,0.0005,True,True,4.14
MIMIC-IV Ready for Discharge,SVM-rbf,5,naive,53817,3817,13.099292638197538,19,0.06420880272465287,0.07099816609903065,0.0067893633743777715,CP Minimax,True,,0.9655488603615405,0.965544941761774,0.965643370346179,0.037201991092481006,0.03170028818443804,0.041118950145463844,0.04131984084420124,0.0005,0.0005,True,True,4.139
MIMIC-IV Ready for Discharge,SVM-rbf,5,naive,53817,3817,13.099292638197538,19,0.06420880272465287,0.07099816609903065,0.0067893633743777715,DKW Sum,True,,0.9663348179198323,0.9663226632198161,0.9661708569172042,0.02881844380403458,0.03851192035630076,0.03871831546776215,0.056834366209240095,0.0005,0.002498999499749875,True,True,1.837
MIMIC-IV Ready for Discharge,SVM-rbf,5,naive,53817,3817,13.099292638197538,19,0.06420880272465287,0.07099816609903065,0.0067893633743777715,DKW Minimax,True,,0.9642389310977207,0.9642120149767476,0.9644947327350761,0.04296567985328792,0.028556457951270632,0.050238315467762154,0.051070677448433174,0.0005,0.002498999499749875,True,True,1.826
MIMIC-IV Ready for Discharge,SVM-rbf,5,split,18836,1336,13.099292638197538,19,0.07598222800979754,0.08331150117893633,0.0073292731691387975,Baseline,True,,0.9166884988210636,0.9137696992669304,0.9101187111362352,0.010217448257794078,0.1564055541000786,,,,,,,
MIMIC-IV Ready for Discharge,SVM-rbf,5,split,18836,1336,13.099292638197538,19,0.07598222800979754,0.08331150117893633,0.0073292731691387975,Threshold,True,,0.9634529735394288,0.9634444157718333,0.963303958963567,0.032486245742729895,0.040607807178412364,,,,,,,
MIMIC-IV Ready for Discharge,SVM-rbf,5,split,18836,1336,13.099292638197538,19,0.07598222800979754,0.08331150117893633,0.0073292731691387975,SMOTE,True,,0.9724914854597851,0.9724872154762482,0.9725705329153606,0.030390358920618286,0.02462667015981137,,,,,,,
MIMIC-IV Ready for Discharge,SVM-rbf,5,split,18836,1336,13.099292638197538,19,0.07598222800979754,0.08331150117893633,0.0073292731691387975,Balanced Weights,True,,0.9711815561959655,0.9711453708019616,0.9714211483502209,0.037201991092481006,0.020434896515588157,,,,,,,
MIMIC-IV Ready for Discharge,SVM-rbf,5,split,18836,1336,13.099292638197538,19,0.07598222800979754,0.08331150117893633,0.0073292731691387975,Slacks Deltas,False,timeout,,,,,,,,,,,,300.0
MIMIC-IV Ready for Discharge,SVM-rbf,5,split,18836,1336,13.099292638197538,19,0.07598222800979754,0.08331150117893633,0.0073292731691387975,Min Deltas,True,,0.9380403458213257,0.9371666436107288,0.9404507113181417,0.10243646843070474,0.02148283992664396,,,,,,,50.294
MIMIC-IV Ready for Discharge,SVM-rbf,5,split,18836,1336,13.099292638197538,19,0.07598222800979754,0.08331150117893633,0.0073292731691387975,F Deltas,True,,0.9607021220854074,0.9606017734765983,0.9601487778958555,0.025412627718103223,0.053183128111082,,,,,,,0.044
MIMIC-IV Ready for Discharge,SVM-rbf,5,split,18836,1336,13.099292638197538,19,0.07598222800979754,0.08331150117893633,0.0073292731691387975,CP Sum,True,,0.9634529735394288,0.9634333021370861,0.963226571767497,0.030390358920618286,0.04270369400052397,0.038081951788479916,0.06201753406413768,0.0005,0.0014994997498749376,True,True,2.552
MIMIC-IV Ready for Discharge,SVM-rbf,5,split,18836,1336,13.099292638197538,19,0.07598222800979754,0.08331150117893633,0.0073292731691387975,CP Minimax,True,,0.9614880796436992,0.9614789422190401,0.9616488390294808,0.04270369400052397,0.034320146712077546,0.05240974667541107,0.05197750899078137,0.0005,0.0014994997498749376,True,True,2.555
MIMIC-IV Ready for Discharge,SVM-rbf,5,split,18836,1336,13.099292638197538,19,0.07598222800979754,0.08331150117893633,0.0073292731691387975,DKW Sum,True,,0.9634529735394288,0.9634333021370861,0.963226571767497,0.030390358920618286,0.04270369400052397,0.04450604259579159,0.07790635639766683,0.0009997498749374687,0.00449799899949975,True,True,0.636
MIMIC-IV Ready for Discharge,SVM-rbf,5,split,18836,1336,13.099292638197538,19,0.07598222800979754,0.08331150117893633,0.0073292731691387975,DKW Minimax,True,,0.9565103484411842,0.9564170235374121,0.9570837642192348,0.056850930049777315,0.030128373067854337,0.0722203283100773,0.06892432046952311,0.0009997498749374687,0.00449799899949975,True,True,0.637
MIMIC-IV Ready for Discharge,SVM-rbf,6,naive,53817,3817,13.099292638197538,19,0.06413284516636102,0.06497249148545978,0.0008396463190987608,Baseline,True,,0.9350275085145402,0.9335729024533663,0.9314538419016031,0.012837306785433586,0.11710767618548598,,,,,,,
MIMIC-IV Ready for Discharge,SVM-rbf,6,naive,53817,3817,13.099292638197538,19,0.06413284516636102,0.06497249148545978,0.0008396463190987608,Threshold,True,,0.9665968037725963,0.9665833031876631,0.9667665841261567,0.03851192035630076,0.02829447209850668,,,,,,,
MIMIC-IV Ready for Discharge,SVM-rbf,6,naive,53817,3817,13.099292638197538,19,0.06413284516636102,0.06497249148545978,0.0008396463190987608,SMOTE,True,,0.972884464238931,0.9728723913677244,0.973015252248729,0.03196227403720199,0.022268797484935814,,,,,,,
MIMIC-IV Ready for Discharge,SVM-rbf,6,naive,53817,3817,13.099292638197538,19,0.06413284516636102,0.06497249148545978,0.0008396463190987608,Balanced Weights,True,,0.9698716269321457,0.9698121439872666,0.9701918092275791,0.04086979303117631,0.019386953104532357,,,,,,,
MIMIC-IV Ready for Discharge,SVM-rbf,6,naive,53817,3817,13.099292638197538,19,0.06413284516636102,0.06497249148545978,0.0008396463190987608,Slacks Deltas,False,timeout,,,,,,,,,,,,300.001
MIMIC-IV Ready for Discharge,SVM-rbf,6,naive,53817,3817,13.099292638197538,19,0.06413284516636102,0.06497249148545978,0.0008396463190987608,Min Deltas,True,,0.9385643175268535,0.9376336417817936,0.9410285426882937,0.1032224259889966,0.019648938957296306,,,,,,,147.56
MIMIC-IV Ready for Discharge,SVM-rbf,6,naive,53817,3817,13.099292638197538,19,0.06413284516636102,0.06497249148545978,0.0008396463190987608,F Deltas,True,,0.9643699240241027,0.9643129843691706,0.9639925867090283,0.02515064186533927,0.04610951008645533,,,,,,,0.055
MIMIC-IV Ready for Discharge,SVM-rbf,6,naive,53817,3817,13.099292638197538,19,0.06413284516636102,0.06497249148545978,0.0008396463190987608,CP Sum,True,,0.9665968037725963,0.9665833031876631,0.9667665841261567,0.03851192035630076,0.02829447209850668,0.03967397581253887,0.03373026589042169,0.0005,0.0005,True,True,4.107
MIMIC-IV Ready for Discharge,SVM-rbf,6,naive,53817,3817,13.099292638197538,19,0.06413284516636102,0.06497249148545978,0.0008396463190987608,CP Minimax,True,,0.9664658108462143,0.966461514240271,0.9665621734587252,0.03641603353418915,0.030652344773382238,0.03771600176034852,0.03771782241279739,0.0005,0.0005,True,True,4.116
MIMIC-IV Ready for Discharge,SVM-rbf,6,naive,53817,3817,13.099292638197538,19,0.06413284516636102,0.06497249148545978,0.0008396463190987608,DKW Sum,True,,0.9665968037725963,0.9665833031876631,0.9667665841261567,0.03851192035630076,0.02829447209850668,0.043578315467762155,0.047664861362501816,0.0005,0.002498999499749875,True,True,1.811
MIMIC-IV Ready for Discharge,SVM-rbf,6,naive,53817,3817,13.099292638197538,19,0.06413284516636102,0.06497249148545978,0.0008396463190987608,DKW Minimax,True,,0.9655488603615405,0.9655135923911018,0.9658308431856567,0.04270369400052397,0.026198585276395073,0.04839831546776215,0.04714088965697391,0.0005,0.002498999499749875,True,True,1.804
MIMIC-IV Ready for Discharge,SVM-rbf,6,split,18836,1336,13.099292638197538,19,0.07159009084426254,0.07689284778621953,0.00530275694195699,Baseline,True,,0.9231071522137805,0.9209722051593031,0.9179594689028652,0.01414723604925334,0.13963845952318574,,,,,,,
MIMIC-IV Ready for Discharge,SVM-rbf,6,split,18836,1336,13.099292638197538,19,0.07159009084426254,0.07689284778621953,0.00530275694195699,Threshold,True,,0.9648938957296306,0.9648930065564922,0.9649398220826793,0.03641603353418915,0.03379617500654965,,,,,,,
MIMIC-IV Ready for Discharge,SVM-rbf,6,split,18836,1336,13.099292638197538,19,0.07159009084426254,0.07689284778621953,0.00530275694195699,SMOTE,True,,0.9713125491223474,0.9712930368984197,0.9714880874886083,0.03484411841760545,0.022530783337699763,,,,,,,
MIMIC-IV Ready for Discharge,SVM-rbf,6,split,18836,1336,13.099292638197538,19,0.07159009084426254,0.07689284778621953,0.00530275694195699,Balanced Weights,True,,0.9686926905947079,0.9686127541551817,0.9690775003234571,0.04375163741157977,0.018862981399004455,,,,,,,
MIMIC-IV Ready for Discharge,SVM-rbf,6,split,18836,1336,13.099292638197538,19,0.07159009084426254,0.07689284778621953,0.00530275694195699,Slacks Deltas,False,timeout,,,,,,,,,,,,300.0
MIMIC-IV Ready for Discharge,SVM-rbf,6,split,18836,1336,13.099292638197538,19,0.07159009084426254,0.07689284778621953,0.00530275694195699,Min Deltas,True,,0.9506156667539953,0.9502863584441873,0.9518210862619808,0.07440398218496201,0.02436468430704742,,,,,,,51.116
MIMIC-IV Ready for Discharge,SVM-rbf,6,split,18836,1336,13.099292638197538,19,0.07159009084426254,0.07689284778621953,0.00530275694195699,F Deltas,True,,0.9569033272203301,0.9566766314988807,0.9559866220735785,0.022268797484935814,0.06392454807440398,,,,,,,0.044
MIMIC-IV Ready for Discharge,SVM-rbf,6,split,18836,1336,13.099292638197538,19,0.07159009084426254,0.07689284778621953,0.00530275694195699,CP Sum,True,,0.9642389310977207,0.964238851017814,0.9642248722316865,0.03536809012313335,0.0361540476814252,0.043265629145919034,0.061028932893489034,0.0005,0.0014994997498749376,True,True,2.562
MIMIC-IV Ready for Discharge,SVM-rbf,6,split,18836,1336,13.099292638197538,19,0.07159009084426254,0.07689284778621953,0.00530275694195699,CP Minimax,True,,0.9616190725700812,0.9615900845280763,0.9619035235990119,0.04584752423369138,0.030914330626146187,0.05377972194984106,0.05299846809406446,0.0005,0.0014994997498749376,True,True,2.562
MIMIC-IV Ready for Discharge,SVM-rbf,6,split,18836,1336,13.099292638197538,19,0.07159009084426254,0.07689284778621953,0.00530275694195699,DKW Sum,True,,0.9630599947602829,0.9630577141408011,0.9629824100813862,0.03484411841760545,0.03903589206182866,0.04747747116722016,0.0786548593916788,0.0009997498749374687,0.00449799899949975,True,True,0.649
MIMIC-IV Ready for Discharge,SVM-rbf,6,split,18836,1336,13.099292638197538,19,0.07159009084426254,0.07689284778621953,0.00530275694195699,DKW Minimax,True,,0.9561173696620382,0.9559633656431977,0.9568576947842885,0.06104270369400053,0.026722556981922975,0.07347747116722017,0.0696728234635351,0.0009997498749374687,0.00449799899949975,True,True,0.643
MIMIC-IV Ready for Discharge,SVM-rbf,7,naive,53817,3817,13.099292638197538,19,0.06307986638721509,0.0670683783075714,0.003988511920356305,Baseline,True,,0.9329316216924286,0.9312612079518096,0.9289678135405105,0.011265391668849881,0.1228713649462929,,,,,,,
MIMIC-IV Ready for Discharge,SVM-rbf,7,naive,53817,3817,13.099292638197538,19,0.06307986638721509,0.0670683783075714,0.003988511920356305,Threshold,True,,0.9656798532879225,0.9656558293270634,0.965912047879261,0.04113177888394027,0.02750851454021483,,,,,,,
MIMIC-IV Ready for Discharge,SVM-rbf,7,naive,53817,3817,13.099292638197538,19,0.06307986638721509,0.0670683783075714,0.003988511920356305,SMOTE,True,,0.9766832591040084,0.9766692039678574,0.9768047954130832,0.028556457951270632,0.0180770238407126,,,,,,,
MIMIC-IV Ready for Discharge,SVM-rbf,7,naive,53817,3817,13.099292638197538,19,0.06307986638721509,0.0670683783075714,0.003988511920356305,Balanced Weights,True,,0.9724914854597851,0.9724231634732143,0.9728049728049728,0.03903589206182866,0.015981137018600995,,,,,,,
MIMIC-IV Ready for Discharge,SVM-rbf,7,naive,53817,3817,13.099292638197538,19,0.06307986638721509,0.0670683783075714,0.003988511920356305,Slacks Deltas,False,timeout,,,,,,,,,,,,300.0
MIMIC-IV Ready for Discharge,SVM-rbf,7,naive,53817,3817,13.099292638197538,19,0.06307986638721509,0.0670683783075714,0.003988511920356305,Min Deltas,True,,0.9428870840974587,0.9420568297807285,0.9450604838709677,0.09667277966989783,0.0175530521351847,,,,,,,146.971
MIMIC-IV Ready for Discharge,SVM-rbf,7,naive,53817,3817,13.099292638197538,19,0.06307986638721509,0.0670683783075714,0.003988511920356305,F Deltas,True,,0.962667015981137,0.9625865791493764,0.9621965777954636,0.02488865601257532,0.04977731202515064,,,,,,,0.055
MIMIC-IV Ready for Discharge,SVM-rbf,7,naive,53817,3817,13.099292638197538,19,0.06307986638721509,0.0670683783075714,0.003988511920356305,CP Sum,True,,0.9656798532879225,0.9656558293270634,0.965912047879261,0.04113177888394027,0.02750851454021483,0.04186198843277499,0.03837623396667144,0.0005,0.0005,True,True,4.128
MIMIC-IV Ready for Discharge,SVM-rbf,7,naive,53817,3817,13.099292638197538,19,0.06307986638721509,0.0670683783075714,0.003988511920356305,CP Minimax,True,,0.9663348179198323,0.9663152051835664,0.9665408149980471,0.03982184962012052,0.02750851454021483,0.04043918945812189,0.04034199443268876,0.0005,0.0005,True,True,4.125
MIMIC-IV Ready for Discharge,SVM-rbf,7,naive,53817,3817,13.099292638197538,19,0.06307986638721509,0.0670683783075714,0.003988511920356305,DKW Sum,True,,0.9656798532879225,0.9656558293270634,0.965912047879261,0.04113177888394027,0.02750851454021483,0.045638315467762154,0.05133266330119712,0.0005,0.002498999499749875,True,True,1.737
MIMIC-IV Ready for Discharge,SVM-rbf,7,naive,53817,3817,13.099292638197538,19,0.06307986638721509,0.0670683783075714,0.003988511920356305,DKW Minimax,True,,0.9647629028032486,0.9647101751532415,0.9651147711062119,0.04532355252816348,0.02515064186533927,0.04977831546776215,0.050546705742905276,0.0005,0.002498999499749875,True,True,1.805
MIMIC-IV Ready for Discharge,SVM-rbf,7,split,18836,1336,13.099292638197538,19,0.07526994078070258,0.07767880534451141,0.0024088645638088296,Baseline,True,,0.9223211946554886,0.9200391112204638,0.9169351449782883,0.012837306785433586,0.14252030390358922,,,,,,,
MIMIC-IV Ready for Discharge,SVM-rbf,7,split,18836,1336,13.099292638197538,19,0.07526994078070258,0.07767880534451141,0.0024088645638088296,Threshold,True,,0.9662038249934504,0.9662037894747604,0.966212676794133,0.034058160859313596,0.0335341891537857,,,,,,,
MIMIC-IV Ready for Discharge,SVM-rbf,7,split,18836,1336,13.099292638197538,19,0.07526994078070258,0.07767880534451141,0.0024088645638088296,SMOTE,True,,0.973670421797223,0.9736583586714924,0.9737974188502151,0.03117631647891014,0.02148283992664396,,,,,,,
MIMIC-IV Ready for Discharge,SVM-rbf,7,split,18836,1336,13.099292638197538,19,0.07526994078070258,0.07767880534451141,0.0024088645638088296,Balanced Weights,True,,0.9711815561959655,0.9711067809860163,0.9715247217188714,0.04086979303117631,0.01676709457689285,,,,,,,
MIMIC-IV Ready for Discharge,SVM-rbf,7,split,18836,1336,13.099292638197538,19,0.07526994078070258,0.07767880534451141,0.0024088645638088296,Slacks Deltas,False,timeout,,,,,,,,,,,,300.0
MIMIC-IV Ready for Discharge,SVM-rbf,7,split,18836,1336,13.099292638197538,19,0.07526994078070258,0.07767880534451141,0.0024088645638088296,Min Deltas,True,,0.9321456641341368,0.9308015942358265,0.935379241516966,0.11789363374377784,0.017815037987948652,,,,,,,53.878
MIMIC-IV Ready for Discharge,SVM-rbf,7,split,18836,1336,13.099292638197538,19,0.07526994078070258,0.07767880534451141,0.0024088645638088296,F Deltas,True,,0.9642389310977207,0.9642253974990753,0.9640552995391705,0.030652344773382238,0.04086979303117631,,,,,,,0.044
MIMIC-IV Ready for Discharge,SVM-rbf,7,split,18836,1336,13.099292638197538,19,0.07526994078070258,0.07767880534451141,0.0024088645638088296,CP Sum,True,,0.9659418391406864,0.9659409509322066,0.9659863945578231,0.03536809012313335,0.032748231595493844,0.039096584243249875,0.0630031214847413,0.0005,0.0014994997498749376,True,True,2.602
MIMIC-IV Ready for Discharge,SVM-rbf,7,split,18836,1336,13.099292638197538,19,0.07526994078070258,0.07767880534451141,0.0024088645638088296,CP Minimax,True,,0.962929001833901,0.9628552163635485,0.9633656957928802,0.04899135446685879,0.02515064186533927,0.05471274419675178,0.055028087665939016,0.0005,0.0014994997498749376,True,True,2.581
MIMIC-IV Ready for Discharge,SVM-rbf,7,split,18836,1336,13.099292638197538,19,0.07526994078070258,0.07767880534451141,0.0024088645638088296,DKW Sum,True,,0.9659418391406864,0.9659409509322066,0.9659863945578231,0.03536809012313335,0.032748231595493844,0.04542032831007731,0.0786548593916788,0.0009997498749374687,0.00449799899949975,True,True,0.651
MIMIC-IV Ready for Discharge,SVM-rbf,7,split,18836,1336,13.099292638197538,19,0.07526994078070258,0.07767880534451141,0.0024088645638088296,DKW Minimax,True,,0.9570343201467121,0.9568161291194232,0.9578947368421052,0.06340057636887608,0.022530783337699763,0.07359175688150588,0.07042132645754706,0.0009997498749374687,0.00449799899949975,True,True,0.667
MIMIC-IV Ready for Discharge,SVM-rbf,8,naive,53817,3817,13.099292638197538,19,0.06728362588420225,0.07112915902541263,0.003845533141210375,Baseline,True,,0.9288708409745874,0.9270727647770668,0.924509940219658,0.013361278490961487,0.12889703955986376,,,,,,,
MIMIC-IV Ready for Discharge,SVM-rbf,8,naive,53817,3817,13.099292638197538,19,0.06728362588420225,0.07112915902541263,0.003845533141210375,Threshold,True,,0.9689546764474718,0.9689397919807595,0.9691205211726385,0.03641603353418915,0.025674613570867172,,,,,,,
MIMIC-IV Ready for Discharge,SVM-rbf,8,naive,53817,3817,13.099292638197538,19,0.06728362588420225,0.07112915902541263,0.003845533141210375,SMOTE,True,,0.9774692166623002,0.9774489934765246,0.9776099973965113,0.02881844380403458,0.016243122871364948,,,,,,,
MIMIC-IV Ready for Discharge,SVM-rbf,8,naive,53817,3817,13.099292638197538,19,0.06728362588420225,0.07112915902541263,0.003845533141210375,Balanced Weights,True,,0.9741943935027508,0.9741045507932258,0.9745313510019392,0.03903589206182866,0.012575320932669635,,,,,,,
MIMIC-IV Ready for Discharge,SVM-rbf,8,naive,53817,3817,13.099292638197538,19,0.06728362588420225,0.07112915902541263,0.003845533141210375,Slacks Deltas,False,timeout,,,,,,,,,,,,300.001
MIMIC-IV Ready for Discharge,SVM-rbf,8,naive,53817,3817,13.099292638197538,19,0.06728362588420225,0.07112915902541263,0.003845533141210375,Min Deltas,True,,0.9398742467906733,0.9388121841112258,0.9424451410658308,0.1047943411055803,0.015457165313073094,,,,,,,255.817
MIMIC-IV Ready for Discharge,SVM-rbf,8,naive,53817,3817,13.099292638197538,19,0.06728362588420225,0.07112915902541263,0.003845533141210375,F Deltas,True,,0.9633219806130469,0.9632432818927177,0.9628647214854111,0.02436468430704742,0.04899135446685879,,,,,,,0.119
MIMIC-IV Ready for Discharge,SVM-rbf,8,naive,53817,3817,13.099292638197538,19,0.06728362588420225,0.07112915902541263,0.003845533141210375,CP Sum,True,,0.9689546764474718,0.9689397919807595,0.9691205211726385,0.03641603353418915,0.025674613570867172,0.038716717160438514,0.04648473802586003,0.0005,0.0005,True,True,6.799
MIMIC-IV Ready for Discharge,SVM-rbf,8,naive,53817,3817,13.099292638197538,19,0.06728362588420225,0.07112915902541263,0.003845533141210375,CP Minimax,True,,0.9673827613308882,0.9673405358106522,0.9676749318447359,0.04165575058946817,0.023578726748755566,0.043410295399853624,0.0439123426564062,0.0005,0.0005,True,True,6.807
MIMIC-IV Ready for Discharge,SVM-rbf,8,naive,53817,3817,13.099292638197538,19,0.06728362588420225,0.07112915902541263,0.003845533141210375,DKW Sum,True,,0.9689546764474718,0.9689397919807595,0.9691205211726385,0.03641603353418915,0.025674613570867172,0.04267831546776215,0.05788230962029589,0.0005,0.002498999499749875,True,True,2.891
MIMIC-IV Ready for Discharge,SVM-rbf,8,naive,53817,3817,13.099292638197538,19,0.06728362588420225,0.07112915902541263,0.003845533141210375,DKW Minimax,True,,0.9647629028032486,0.9646792255529637,0.965205018755659,0.047943411055802986,0.022530783337699763,0.05545831546776215,0.05342855012330873,0.0005,0.002498999499749875,True,True,2.869
MIMIC-IV Ready for Discharge,SVM-rbf,8,split,18836,1336,13.099292638197538,19,0.0748499612439153,0.0808226355776788,0.0059726743337635,Baseline,True,,0.9191773644223212,0.9167559208230343,0.9134035087719298,0.01414723604925334,0.14749803510610426,,,,,,,
MIMIC-IV Ready for Discharge,SVM-rbf,8,split,18836,1336,13.099292638197538,19,0.0748499612439153,0.0808226355776788,0.0059726743337635,Threshold,True,,0.9671207754781241,0.9671086306560867,0.9672793638378308,0.03772596279800891,0.02803248624574273,,,,,,,
MIMIC-IV Ready for Discharge,SVM-rbf,8,split,18836,1336,13.099292638197538,19,0.0748499612439153,0.0808226355776788,0.0059726743337635,SMOTE,True,,0.9749803510610427,0.9749384545997658,0.9752044657925484,0.034058160859313596,0.015981137018600995,,,,,,,
MIMIC-IV Ready for Discharge,SVM-rbf,8,split,18836,1336,13.099292638197538,19,0.0748499612439153,0.0808226355776788,0.0059726743337635,Balanced Weights,True,,0.9739324076499869,0.9738315458022608,0.9742927270378504,0.040083835472884466,0.012051349227141734,,,,,,,
MIMIC-IV Ready for Discharge,SVM-rbf,8,split,18836,1336,13.099292638197538,19,0.0748499612439153,0.0808226355776788,0.0059726743337635,Slacks Deltas,False,timeout,,,,,,,,,,,,300.0
MIMIC-IV Ready for Discharge,SVM-rbf,8,split,18836,1336,13.099292638197538,19,0.0748499612439153,0.0808226355776788,0.0059726743337635,Min Deltas,True,,0.9406602043489651,0.9395486250381428,0.9432544156332205,0.10505632695834424,0.013623264343725438,,,,,,,102.97
MIMIC-IV Ready for Discharge,SVM-rbf,8,split,18836,1336,13.099292638197538,19,0.0748499612439153,0.0808226355776788,0.0059726743337635,F Deltas,True,,0.9528425465024889,0.9525822899277115,0.9517684887459807,0.02488865601257532,0.06942625098244695,,,,,,,0.101
MIMIC-IV Ready for Discharge,SVM-rbf,8,split,18836,1336,13.099292638197538,19,0.0748499612439153,0.0808226355776788,0.0059726743337635,CP Sum,True,,0.9665968037725963,0.9665921083242723,0.9666971398720126,0.03641603353418915,0.030390358920618286,0.042698577299871844,0.05904228905938654,0.0005,0.0014994997498749376,True,True,4.479
MIMIC-IV Ready for Discharge,SVM-rbf,8,split,18836,1336,13.099292638197538,19,0.0748499612439153,0.0808226355776788,0.0059726743337635,CP Minimax,True,,0.9659418391406864,0.9658791651458987,0.9663125161959056,0.045061566675399525,0.023054755043227664,0.05371749053177063,0.05401527407160515,0.0005,0.0014994997498749376,True,True,4.49
MIMIC-IV Ready for Discharge,SVM-rbf,8,split,18836,1336,13.099292638197538,19,0.0748499612439153,0.0808226355776788,0.0059726743337635,DKW Sum,True,,0.9665968037725963,0.9665921083242723,0.9666971398720126,0.03641603353418915,0.030390358920618286,0.04867747116722016,0.0756608474156309,0.0009997498749374687,0.00449799899949975,True,True,0.996
MIMIC-IV Ready for Discharge,SVM-rbf,8,split,18836,1336,13.099292638197538,19,0.0748499612439153,0.0808226355776788,0.0059726743337635,DKW Minimax,True,,0.9616190725700812,0.9614366091107643,0.9623248039089624,0.057112915902541264,0.019648938957296306,0.06844889973864873,0.06817581747551113,0.0009997498749374687,0.00449799899949975,True,True,0.991
MIMIC-IV Ready for Discharge,SVM-rbf,9,naive,53817,3817,13.099292638197538,19,0.06980050563269583,0.07060518731988473,0.0008046816871889045,Baseline,True,,0.9293948126801153,0.9274817224497095,0.9249199052792868,0.01100340581608593,0.13020696882368352,,,,,,,
MIMIC-IV Ready for Discharge,SVM-rbf,9,naive,53817,3817,13.099292638197538,19,0.06980050563269583,0.07060518731988473,0.0008046816871889045,Threshold,True,,0.9702646057112916,0.9702581595009127,0.9703694034721316,0.03327220330102174,0.026198585276395073,,,,,,,
MIMIC-IV Ready for Discharge,SVM-rbf,9,naive,53817,3817,13.099292638197538,19,0.06980050563269583,0.07060518731988473,0.0008046816871889045,SMOTE,True,,0.9769452449567724,0.9769196361890212,0.9771071800208116,0.030128373067854337,0.015981137018600995,,,,,,,
MIMIC-IV Ready for Discharge,SVM-rbf,9,naive,53817,3817,13.099292638197538,19,0.06980050563269583,0.07060518731988473,0.0008046816871889045,Balanced Weights,True,,0.9753733298401887,0.9753020780633886,0.9756602796478508,0.03641603353418915,0.012837306785433586,,,,,,,
MIMIC-IV Ready for Discharge,SVM-rbf,9,naive,53817,3817,13.099292638197538,19,0.06980050563269583,0.07060518731988473,0.0008046816871889045,Slacks Deltas,False,timeout,,,,,,,,,,,,300.001
MIMIC-IV Ready for Discharge,SVM-rbf,9,naive,53817,3817,13.099292638197538,19,0.06980050563269583,0.07060518731988473,0.0008046816871889045,Min Deltas,True,,0.8581346607283207,0.8477308412449498,0.8748121604438793,0.2750851454021483,0.008645533141210375,,,,,,,218.026
MIMIC-IV Ready for Discharge,SVM-rbf,9,naive,53817,3817,13.099292638197538,19,0.06980050563269583,0.07060518731988473,0.0008046816871889045,F Deltas,True,,0.9663348179198323,0.966276564531216,0.9659737852508937,0.023054755043227664,0.04427560911710768,,,,,,,0.122
MIMIC-IV Ready for Discharge,SVM-rbf,9,naive,53817,3817,13.099292638197538,19,0.06980050563269583,0.07060518731988473,0.0008046816871889045,CP Sum,True,,0.9702646057112916,0.9702581595009127,0.9703694034721316,0.03327220330102174,0.026198585276395073,0.03771600176034852,0.044234947279226694,0.0005,0.0005,True,True,6.691
MIMIC-IV Ready for Discharge,SVM-rbf,9,naive,53817,3817,13.099292638197538,19,0.06980050563269583,0.07060518731988473,0.0008046816871889045,CP Minimax,True,,0.9696096410793817,0.9695798743292786,0.9698387935517421,0.03798794865077286,0.022792769190463715,0.042795445852248336,0.042942629643227,0.0005,0.0005,True,True,6.639
MIMIC-IV Ready for Discharge,SVM-rbf,9,naive,53817,3817,13.099292638197538,19,0.06980050563269583,0.07060518731988473,0.0008046816871889045,DKW Sum,True,,0.9702646057112916,0.9702581595009127,0.9703694034721316,0.03327220330102174,0.026198585276395073,0.04173831546776215,0.05604840865094824,0.0005,0.002498999499749875,True,True,2.862
MIMIC-IV Ready for Discharge,SVM-rbf,9,naive,53817,3817,13.099292638197538,19,0.06980050563269583,0.07060518731988473,0.0008046816871889045,DKW Minimax,True,,0.9679067330364161,0.9678426881585002,0.9682601373234875,0.043227665706051875,0.020958868221116058,0.050398315467762154,0.053952521828836635,0.0005,0.002498999499749875,True,True,2.852
MIMIC-IV Ready for Discharge,SVM-rbf,9,split,18836,1336,13.099292638197538,19,0.0784759991318637,0.07990568509300498,0.0014296859611412777,Baseline,True,,0.920094314906995,0.9176274681951326,0.9143258426966292,0.012575320932669635,0.14723604925334033,,,,,,,
MIMIC-IV Ready for Discharge,SVM-rbf,9,split,18836,1336,13.099292638197538,19,0.0784759991318637,0.07990568509300498,0.0014296859611412777,Threshold,True,,0.9665968037725963,0.966581882996827,0.9667752442996743,0.038773906209064714,0.02803248624574273,,,,,,,
MIMIC-IV Ready for Discharge,SVM-rbf,9,split,18836,1336,13.099292638197538,19,0.0784759991318637,0.07990568509300498,0.0014296859611412777,SMOTE,True,,0.9758973015457165,0.9758635065438493,0.9760914760914761,0.03222425988996594,0.015981137018600995,,,,,,,
MIMIC-IV Ready for Discharge,SVM-rbf,9,split,18836,1336,13.099292638197538,19,0.0784759991318637,0.07990568509300498,0.0014296859611412777,Balanced Weights,True,,0.9745873722818967,0.9744884535171843,0.9749354005167958,0.03929787791459261,0.011527377521613832,,,,,,,
MIMIC-IV Ready for Discharge,SVM-rbf,9,split,18836,1336,13.099292638197538,19,0.0784759991318637,0.07990568509300498,0.0014296859611412777,Slacks Deltas,False,timeout,,,,,,,,,,,,300.0
MIMIC-IV Ready for Discharge,SVM-rbf,9,split,18836,1336,13.099292638197538,19,0.0784759991318637,0.07990568509300498,0.0014296859611412777,Min Deltas,True,,0.9393502750851453,0.9383000548851574,0.9419290104101342,0.10505632695834424,0.016243122871364948,,,,,,,67.949
MIMIC-IV Ready for Discharge,SVM-rbf,9,split,18836,1336,13.099292638197538,19,0.0784759991318637,0.07990568509300498,0.0014296859611412777,F Deltas,True,,0.9523185747969609,0.9518744646823398,0.9508904479222882,0.018600995546240503,0.07676185485983757,,,,,,,0.055
MIMIC-IV Ready for Discharge,SVM-rbf,9,split,18836,1336,13.099292638197538,19,0.0784759991318637,0.07990568509300498,0.0014296859611412777,CP Sum,True,,0.9665968037725963,0.9665659057061344,0.9668529832315091,0.04113177888394027,0.025674613570867172,0.04966400666491423,0.060037219332524705,0.0005,0.0014994997498749376,True,True,4.131
MIMIC-IV Ready for Discharge,SVM-rbf,9,split,18836,1336,13.099292638197538,19,0.0784759991318637,0.07990568509300498,0.0014296859611412777,CP Minimax,True,,0.962929001833901,0.9628381079479107,0.9634130575307046,0.05030128373067854,0.023840712601519518,0.05825087164770159,0.057042329802740745,0.0005,0.0014994997498749376,True,True,3.317
MIMIC-IV Ready for Discharge,SVM-rbf,9,split,18836,1336,13.099292638197538,19,0.0784759991318637,0.07990568509300498,0.0014296859611412777,DKW Sum,True,,0.9665968037725963,0.9665659057061344,0.9668529832315091,0.04113177888394027,0.025674613570867172,0.055020328310077304,0.07640935040964286,0.0009997498749374687,0.00449799899949975,True,True,0.852
MIMIC-IV Ready for Discharge,SVM-rbf,9,split,18836,1336,13.099292638197538,19,0.0784759991318637,0.07990568509300498,0.0014296859611412777,DKW Minimax,True,,0.9601781503798795,0.959987664553324,0.9609254498714653,0.05894681687188892,0.02069688236835211,0.0705060425957916,0.07042132645754706,0.0009997498749374687,0.00449799899949975,True,True,0.957
